patient_id,patient_name,gender,birth_date,phone,registered_at
10000001,오윤예,F,1987-05-10,010-****-0650,2017-03-11 14:41:30
10000002,이예성,M,1981-10-07,010-****-9490,2017-03-24 13:55:08
10000003,최희진,F,1957-09-18,010-****-0493,2017-03-28 09:50:48
10000004,정영동,M,1963-07-02,010-****-8347,2017-05-29 08:27:47
10000005,강서소,M,1945-10-16,010-****-2869,2017-06-21 08:28:41
10000006,이윤경,F,1982-12-27,010-****-7777,2017-07-12 08:20:15
10000007,김채성,F,1944-03-18,010-****-3267,2017-07-23 13:11:40
10000008,권예미,F,1971-02-27,010-****-2698,2017-08-07 14:12:09
10000009,송서동,M,1979-10-06,010-****-3562,2017-08-10 10:51:46
10000010,박정연,F,1975-12-23,010-****-5635,2017-08-12 12:31:01
10000011,김도유,M,1953-12-25,010-****-5697,2017-08-31 14:39:28
10000012,조윤도,F,2005-12-01,010-****-5698,2017-09-01 09:28:48
10000013,이지하,F,1994-02-26,010-****-6737,2017-09-03 08:04:29
10000014,최서태,M,1983-09-02,010-****-4653,2017-09-14 13:31:17
10000015,이동도,M,1960-09-22,010-****-4630,2017-09-29 14:11:50
10000016,김민성,F,2001-09-29,010-****-9589,2017-09-30 14:08:32
10000017,이민희,F,1954-12-12,010-****-3615,2017-10-03 13:52:25
10000018,이서성,F,1960-09-29,010-****-2241,2017-10-12 09:43:17
10000019,조경수,F,1964-04-18,010-****-3578,2017-10-18 13:41:58
10000020,김정지,M,1952-11-28,010-****-5910,2017-10-26 09:02:24
10000021,장영민,M,1937-07-14,010-****-1833,2017-10-29 10:34:12
10000022,정호지,F,1948-02-02,010-****-3403,2017-11-05 14:33:27
10000023,이민수,M,1948-10-24,010-****-0246,2017-11-17 09:58:12
10000024,임경호,M,1981-08-21,010-****-9552,2017-11-26 13:54:32
10000025,장경수,F,1941-01-20,010-****-6667,2017-12-01 13:34:02
10000026,이연성,F,1972-10-27,010-****-2253,2017-12-02 09:24:31
10000027,김연정,F,1985-05-29,010-****-7913,2017-12-12 09:03:50
10000028,안준윤,F,1975-05-10,010-****-1767,2017-12-26 09:20:11
10000029,신미소,M,1984-10-26,010-****-0929,2017-12-27 14:22:21
10000030,임채예,F,1978-03-15,010-****-9064,2017-12-28 13:58:50
10000031,김민진,M,1944-07-06,010-****-2043,2017-12-29 14:12:04
10000032,박현경,M,1984-11-14,010-****-0039,2017-12-30 14:27:56
10000033,김경혜,F,1971-10-22,010-****-6804,2018-01-02 14:53:34
10000034,김지정,F,1958-03-05,010-****-2030,2018-01-04 09:40:14
10000035,윤미예,F,1958-11-08,010-****-0478,2018-01-09 09:50:20
10000036,윤정민,F,1990-01-22,010-****-1681,2018-01-10 13:17:47
10000037,김진경,M,1971-04-02,010-****-8910,2018-01-12 12:36:11
10000038,이영경,M,1939-11-11,010-****-3111,2018-01-17 14:26:12
10000039,김시서,M,1944-07-16,010-****-6610,2018-01-18 13:49:14
10000040,최은재,F,1942-11-11,010-****-3022,2018-01-20 12:57:35
10000041,이준유,F,1964-03-12,010-****-9607,2018-01-23 13:55:06
10000042,안경하,F,1966-07-13,010-****-3661,2018-01-30 14:33:36
10000043,김성윤,F,1955-09-29,010-****-2713,2018-02-03 08:36:08
10000044,김혜하,F,1967-08-18,010-****-3143,2018-02-04 09:05:15
10000045,김재수,F,1975-01-11,010-****-6879,2018-02-06 13:21:11
10000046,서혜정,F,1968-11-04,010-****-7730,2018-02-09 13:53:04
10000047,서도재,M,1977-03-04,010-****-5200,2018-02-12 09:44:39
10000048,김혜진,M,1978-01-15,010-****-0998,2018-02-16 14:20:57
10000049,이경태,M,1973-06-15,010-****-0901,2018-02-17 13:01:07
10000050,박정동,F,1944-02-20,010-****-9921,2018-03-01 13:08:48
10000051,이연진,M,1990-09-29,010-****-3943,2018-03-03 10:47:26
10000052,정채혜,M,1960-03-15,010-****-8353,2018-03-08 09:16:24
10000053,최민연,F,1978-09-26,010-****-7866,2018-03-11 13:08:42
10000054,안정성,M,1955-01-18,010-****-2876,2018-03-15 12:53:38
10000055,박상영,F,1944-01-27,010-****-4971,2018-03-16 13:33:54
10000056,김호연,M,1957-05-02,010-****-1793,2018-03-20 09:43:42
10000057,임혜준,M,1972-11-16,010-****-1121,2018-03-22 08:23:07
10000058,김정혜,F,1956-10-17,010-****-4722,2018-03-23 14:25:42
10000059,이진성,F,1992-01-14,010-****-7952,2018-03-30 13:51:41
10000060,김혜연,M,1957-08-07,010-****-4002,2018-03-30 14:16:37
10000061,장경성,M,1949-05-29,010-****-1113,2018-04-02 13:42:44
10000062,한시진,F,1945-10-21,010-****-5480,2018-04-04 12:45:01
10000063,강성진,M,1967-09-21,010-****-1620,2018-04-04 12:57:01
10000064,정진도,M,1988-02-26,010-****-2859,2018-04-04 13:07:54
10000065,김경현,M,1956-11-12,010-****-3478,2018-04-06 08:53:11
10000066,정시성,M,1974-05-25,010-****-3097,2018-04-12 12:59:22
10000067,오도진,M,1972-11-05,010-****-4353,2018-04-13 08:26:25
10000068,김정준,F,1980-01-14,010-****-3093,2018-04-13 13:49:00
10000069,이채경,M,1950-10-02,010-****-8929,2018-04-14 13:42:53
10000070,김우윤,F,1952-01-27,010-****-3847,2018-04-15 12:45:45
10000071,한재현,M,1962-09-22,010-****-8605,2018-04-16 08:22:17
10000072,서준호,F,1955-09-23,010-****-8391,2018-04-18 10:00:12
10000073,강서준,M,1945-12-21,010-****-6970,2018-04-18 10:28:05
10000074,이시채,F,1949-12-19,010-****-8951,2018-04-18 13:14:40
10000075,이수미,M,1957-12-20,010-****-6387,2018-04-19 10:06:40
10000076,김정혜,M,1966-01-09,010-****-3340,2018-04-20 09:20:46
10000077,서희상,M,1994-04-07,010-****-3780,2018-04-23 12:56:55
10000078,김희하,M,1995-03-09,010-****-5629,2018-04-24 13:02:57
10000079,이영소,F,1961-05-20,010-****-2452,2018-04-27 09:09:15
10000080,박지민,F,1981-11-11,010-****-5964,2018-04-27 10:01:07
10000081,이지유,M,1967-06-29,010-****-3327,2018-04-30 08:17:18
10000082,김민영,F,2001-12-03,010-****-4313,2018-05-02 14:47:30
10000083,안진도,F,1994-07-24,010-****-5136,2018-05-05 09:13:17
10000084,김은혜,M,1975-03-10,010-****-6539,2018-05-05 12:37:24
10000085,김유준,M,1985-11-29,010-****-9904,2018-05-06 08:59:24
10000086,김서지,F,1964-11-29,010-****-3192,2018-05-06 10:42:14
10000087,강준예,F,1975-06-13,010-****-8670,2018-05-09 13:50:46
10000088,김은수,F,2000-09-22,010-****-5713,2018-05-09 14:48:24
10000089,이지수,M,1976-04-08,010-****-6306,2018-05-13 14:00:02
10000090,이준윤,F,1956-04-12,010-****-2166,2018-05-19 09:40:22
10000091,김은민,M,1986-05-17,010-****-4714,2018-05-20 15:04:59
10000092,김도은,M,1959-12-28,010-****-4230,2018-05-28 09:45:15
10000093,윤수동,F,1971-10-07,010-****-9082,2018-05-29 09:34:10
10000094,오영진,F,1960-07-28,010-****-4285,2018-05-30 08:31:07
10000095,송미도,F,1965-04-05,010-****-2307,2018-05-30 13:28:55
10000096,이정민,M,1975-04-26,010-****-0126,2018-06-03 12:51:19
10000097,정소하,F,1956-03-11,010-****-1027,2018-06-05 10:05:21
10000098,정예채,F,1945-01-05,010-****-3848,2018-06-06 13:33:17
10000099,조진시,M,1942-01-08,010-****-6927,2018-06-08 14:07:58
10000100,강유채,M,1943-04-01,010-****-5730,2018-06-10 08:19:09
10000101,김진혜,M,1961-05-24,010-****-8315,2018-06-10 10:46:47
10000102,김영하,F,2002-09-12,010-****-0951,2018-06-11 13:29:33
10000103,홍호동,M,1961-09-02,010-****-4698,2018-06-14 14:28:51
10000104,김시서,F,1989-03-31,010-****-7850,2018-06-16 13:00:47
10000105,윤지시,F,1993-07-08,010-****-8046,2018-06-16 14:11:50
10000106,이현우,M,1995-06-26,010-****-7030,2018-06-19 08:23:14
10000107,강예시,F,1956-04-04,010-****-8768,2018-06-19 14:18:03
10000108,김윤희,F,1959-06-21,010-****-2184,2018-06-20 13:55:07
10000109,장혜예,M,1965-01-08,010-****-2423,2018-06-22 13:50:14
10000110,윤서영,F,1959-04-09,010-****-0263,2018-06-23 12:41:46
10000111,김영하,M,1970-10-29,010-****-6208,2018-06-24 08:37:50
10000112,오지상,M,1962-06-07,010-****-3871,2018-06-27 08:11:55
10000113,김진하,F,1978-06-03,010-****-1039,2018-06-27 09:36:09
10000114,김경미,F,1954-03-05,010-****-2199,2018-06-28 08:24:07
10000115,김태우,F,1946-08-22,010-****-3569,2018-06-29 10:01:14
10000116,이희윤,F,1947-11-20,010-****-2887,2018-06-29 12:59:58
10000117,김지수,F,1974-12-30,010-****-1911,2018-06-30 13:39:12
10000118,한준태,M,1959-06-04,010-****-9590,2018-07-02 14:35:37
10000119,김윤현,M,1975-03-28,010-****-5113,2018-07-07 12:32:07
10000120,박지현,F,1988-01-27,010-****-0021,2018-07-12 09:33:59
10000121,한혜채,F,1963-02-20,010-****-9595,2018-07-12 13:07:05
10000122,김준은,F,1967-02-08,010-****-4134,2018-07-14 08:42:41
10000123,장지현,F,1947-11-04,010-****-4796,2018-07-18 12:44:15
10000124,김시성,F,1973-07-16,010-****-3579,2018-07-18 14:08:14
10000125,이호예,M,1976-03-12,010-****-1870,2018-07-19 09:21:36
10000126,박지도,M,1980-02-13,010-****-1902,2018-07-20 08:52:15
10000127,정서미,M,1947-09-26,010-****-2058,2018-07-27 09:24:17
10000128,박예정,F,1951-07-31,010-****-9590,2018-07-27 14:33:09
10000129,이정현,F,1970-07-31,010-****-5124,2018-08-01 10:04:49
10000130,이유혜,F,1994-08-03,010-****-3839,2018-08-03 14:16:38
10000131,이우성,F,1937-10-20,010-****-2073,2018-08-06 12:53:37
10000132,송희연,M,1962-07-15,010-****-9179,2018-08-06 13:41:17
10000133,이정진,F,1955-03-27,010-****-5635,2018-08-08 09:14:19
10000134,황동채,M,1953-02-23,010-****-9242,2018-08-09 14:53:47
10000135,최재진,M,1959-01-17,010-****-3959,2018-08-09 15:21:37
10000136,이윤호,M,1987-10-11,010-****-7358,2018-08-12 10:12:52
10000137,강미수,M,1958-03-12,010-****-4377,2018-08-13 15:16:39
10000138,서재동,M,1960-01-09,010-****-8236,2018-08-21 08:20:13
10000139,김성태,F,1961-10-05,010-****-4665,2018-08-22 09:01:27
10000140,김호진,M,1944-09-15,010-****-4856,2018-08-26 12:40:51
10000141,장유도,M,1951-02-11,010-****-7203,2018-08-28 13:03:11
10000142,박도연,F,1953-05-30,010-****-8476,2018-08-29 09:50:36
10000143,정재혜,M,1974-01-16,010-****-6404,2018-08-29 12:45:37
10000144,김도지,M,1985-07-18,010-****-2651,2018-08-29 13:01:19
10000145,조정유,M,1946-02-15,010-****-1841,2018-08-30 09:20:58
10000146,김재시,M,1950-10-20,010-****-6351,2018-09-09 13:04:30
10000147,서은지,M,1957-12-01,010-****-2154,2018-09-10 14:25:55
10000148,황소윤,F,1991-04-06,010-****-8522,2018-09-11 12:45:06
10000149,김영예,M,1959-05-13,010-****-5448,2018-09-11 13:03:53
10000150,조성재,F,1943-11-16,010-****-5611,2018-09-12 08:46:32
10000151,김혜채,M,1991-06-21,010-****-6542,2018-09-14 15:34:07
10000152,박수민,F,1980-03-23,010-****-9523,2018-09-17 10:11:19
10000153,이지희,M,1994-12-12,010-****-4546,2018-09-20 14:05:24
10000154,최정재,M,1979-01-26,010-****-0738,2018-09-22 08:34:34
10000155,윤희영,M,1961-05-12,010-****-0582,2018-09-23 08:48:16
10000156,임우혜,F,1994-10-23,010-****-2938,2018-09-23 15:31:32
10000157,박현채,M,1948-03-10,010-****-8815,2018-09-28 09:13:22
10000158,김혜진,F,1947-06-10,010-****-8435,2018-09-29 08:45:25
10000159,김수예,M,1968-04-28,010-****-1995,2018-10-03 12:37:20
10000160,서미소,F,1937-11-11,010-****-8320,2018-10-04 13:10:35
10000161,김준은,F,1949-09-16,010-****-0869,2018-10-06 12:38:17
10000162,김도소,M,1965-08-25,010-****-7543,2018-10-08 14:10:27
10000163,정유은,F,1949-09-03,010-****-2044,2018-10-12 09:01:34
10000164,임태경,M,1959-07-07,010-****-7531,2018-10-12 12:47:49
10000165,김서하,M,1959-11-07,010-****-3639,2018-10-15 09:16:44
10000166,박지진,M,1975-11-17,010-****-1153,2018-10-17 09:36:18
10000167,김호재,M,1983-04-17,010-****-4439,2018-10-18 14:37:20
10000168,최혜태,F,1989-03-07,010-****-0939,2018-10-25 13:28:09
10000169,조소정,M,1958-10-15,010-****-3181,2018-10-27 13:16:24
10000170,김예경,M,1982-08-24,010-****-0680,2018-10-30 10:32:30
10000171,박수서,M,1967-11-09,010-****-5416,2018-11-05 14:46:30
10000172,강상하,F,1974-04-17,010-****-4017,2018-11-06 09:32:17
10000173,정정수,M,1950-05-16,010-****-6710,2018-11-08 08:17:48
10000174,김윤채,M,1977-09-12,010-****-1605,2018-11-11 13:10:20
10000175,안태미,M,1997-01-05,010-****-2532,2018-11-11 13:19:21
10000176,김유미,F,1944-05-30,010-****-9932,2018-11-13 13:37:51
10000177,김서현,F,1967-12-05,010-****-7265,2018-11-16 10:13:01
10000178,김태소,F,1975-04-17,010-****-9315,2018-11-16 13:12:35
10000179,김시재,M,1957-08-04,010-****-4042,2018-11-18 08:45:52
10000180,장준현,F,1979-07-18,010-****-3176,2018-11-23 14:41:40
10000181,김호연,M,2003-03-10,010-****-4442,2018-11-30 09:13:25
10000182,김윤하,F,1996-01-08,010-****-0225,2018-12-04 08:01:44
10000183,박채시,F,1952-09-29,010-****-7248,2018-12-04 13:36:21
10000184,오상우,F,1940-02-02,010-****-3760,2018-12-05 13:10:22
10000185,김재현,F,1954-01-24,010-****-0397,2018-12-08 12:50:00
10000186,김성수,M,1952-12-22,010-****-0422,2018-12-08 13:19:04
10000187,송재하,M,1957-05-01,010-****-0647,2018-12-08 13:57:43
10000188,이미민,F,1971-03-10,010-****-2431,2018-12-12 08:37:47
10000189,이민우,M,1959-12-28,010-****-4851,2018-12-17 12:54:27
10000190,박민유,M,1973-07-18,010-****-8524,2018-12-20 12:48:50
10000191,이유정,F,1946-04-17,010-****-8418,2018-12-24 13:35:07
10000192,정시수,F,1994-07-07,010-****-2287,2018-12-25 12:51:27
10000193,이채유,F,2005-10-05,010-****-0264,2018-12-28 08:04:28
10000194,이서예,F,1963-05-15,010-****-2406,2018-12-31 09:22:02
10000195,김시정,M,1968-07-04,010-****-4151,2019-01-04 14:33:14
10000196,황서정,M,1937-06-07,010-****-3483,2019-01-05 13:02:08
10000197,최은하,M,1971-05-11,010-****-2581,2019-01-05 15:11:06
10000198,박도정,M,1963-07-09,010-****-3342,2019-01-07 08:19:17
10000199,정수소,M,1965-11-09,010-****-0152,2019-01-12 12:35:43
10000200,정성영,M,2001-05-03,010-****-4505,2019-01-12 13:17:06
10000201,이태정,M,1995-06-03,010-****-7241,2019-01-14 13:41:16
10000202,정도재,F,1956-03-31,010-****-5183,2019-01-15 12:40:38
10000203,이도윤,F,1957-10-11,010-****-6822,2019-01-17 12:52:36
10000204,최동경,F,1949-08-02,010-****-5332,2019-01-18 13:55:40
10000205,서미시,F,1985-08-25,010-****-6915,2019-01-18 14:55:59
10000206,김우유,M,1954-07-27,010-****-1517,2019-01-20 10:37:51
10000207,한윤예,F,1952-06-23,010-****-3287,2019-01-21 12:40:19
10000208,최시희,M,1953-07-13,010-****-9754,2019-01-24 08:38:36
10000209,장재민,F,1972-06-14,010-****-6107,2019-02-01 10:26:02
10000210,신우도,M,1939-01-11,010-****-5992,2019-02-01 13:28:05
10000211,정현도,M,1956-12-12,010-****-6164,2019-02-04 12:36:36
10000212,김혜미,F,1982-05-29,010-****-7855,2019-02-04 12:48:34
10000213,박도서,M,1982-02-03,010-****-6267,2019-02-06 13:21:25
10000214,강소희,M,1971-03-22,010-****-2952,2019-02-10 13:00:34
10000215,윤혜윤,F,1961-05-05,010-****-6319,2019-02-19 13:40:12
10000216,박예윤,M,1984-05-01,010-****-6077,2019-02-20 13:06:18
10000217,장혜소,M,1950-03-08,010-****-6733,2019-02-24 08:53:09
10000218,한미경,M,1947-07-02,010-****-9886,2019-02-26 08:29:06
10000219,이연윤,M,1971-05-05,010-****-8474,2019-02-26 13:57:25
10000220,최예준,M,1951-08-05,010-****-1623,2019-03-01 09:06:52
10000221,박영지,F,1956-06-23,010-****-1828,2019-03-02 08:55:59
10000222,김재성,F,1961-05-29,010-****-0884,2019-03-05 08:53:24
10000223,이태시,M,1998-02-09,010-****-5824,2019-03-07 09:27:44
10000224,오동우,F,1970-06-11,010-****-2032,2019-03-10 12:41:27
10000225,김민수,M,1997-10-27,010-****-6683,2019-03-23 13:34:48
10000226,김혜수,M,1989-10-09,010-****-0803,2019-03-24 09:27:41
10000227,최혜재,M,1969-01-21,010-****-0564,2019-03-25 08:11:44
10000228,황호희,M,1981-01-24,010-****-9628,2019-03-25 09:49:32
10000229,권우희,M,1979-09-18,010-****-7800,2019-03-27 08:57:30
10000230,김도수,M,1992-11-06,010-****-0336,2019-03-31 13:01:55
10000231,이채정,F,1979-08-11,010-****-3073,2019-04-02 10:42:32
10000232,이채우,M,1961-09-04,010-****-1729,2019-04-03 08:55:42
10000233,이상시,F,1951-11-24,010-****-3607,2019-04-04 12:52:06
10000234,이서희,M,1982-03-31,010-****-8972,2019-04-04 13:26:14
10000235,박상영,M,1993-12-09,010-****-6622,2019-04-05 13:07:58
10000236,최성희,F,1979-10-28,010-****-6185,2019-04-07 09:24:20
10000237,이동하,F,1971-02-05,010-****-6927,2019-04-08 10:15:17
10000238,정성영,M,1937-03-26,010-****-6159,2019-04-08 13:01:07
10000239,홍동태,F,1988-08-19,010-****-5893,2019-04-12 09:02:39
10000240,정호동,F,1986-12-30,010-****-4979,2019-04-14 08:59:26
10000241,김예서,M,1976-09-28,010-****-8208,2019-04-18 13:30:43
10000242,최희혜,F,1989-03-11,010-****-8069,2019-04-20 09:11:41
10000243,박혜시,F,1982-07-01,010-****-0590,2019-04-22 08:52:47
10000244,오호미,M,1981-11-29,010-****-2034,2019-04-23 08:22:26
10000245,박정우,M,1954-09-23,010-****-4356,2019-04-23 09:11:48
10000246,황소동,M,1961-03-10,010-****-9148,2019-04-23 14:26:35
10000247,박유호,F,1978-07-24,010-****-7260,2019-04-24 13:43:35
10000248,이민은,F,1965-06-01,010-****-6184,2019-04-25 13:07:32
10000249,이지상,M,1979-01-15,010-****-8713,2019-04-27 14:54:16
10000250,김연준,M,1958-08-19,010-****-8898,2019-05-03 13:28:59
10000251,김진준,F,1976-02-20,010-****-2197,2019-05-08 13:43:20
10000252,김하도,M,1980-06-18,010-****-2477,2019-05-10 13:19:38
10000253,김재서,F,1985-07-15,010-****-0784,2019-05-10 13:35:38
10000254,이태우,M,1946-01-14,010-****-4899,2019-05-12 09:00:53
10000255,신혜하,F,1967-09-30,010-****-4261,2019-05-12 10:42:50
10000256,이시동,F,1961-12-24,010-****-6939,2019-05-14 09:03:45
10000257,이소민,F,1938-02-16,010-****-0294,2019-05-17 13:52:00
10000258,최유지,M,1955-10-26,010-****-8955,2019-05-19 14:51:52
10000259,강현혜,F,1949-11-23,010-****-5855,2019-05-20 13:30:52
10000260,오시진,M,1966-11-09,010-****-8043,2019-05-21 08:58:31
10000261,홍연민,F,1963-10-02,010-****-6205,2019-05-27 08:11:09
10000262,정준태,F,1965-10-06,010-****-3351,2019-05-30 08:09:10
10000263,송민영,M,1957-03-06,010-****-4063,2019-06-02 10:17:59
10000264,조예시,M,1947-06-01,010-****-1050,2019-06-03 09:52:13
10000265,윤서동,F,1988-04-16,010-****-9893,2019-06-03 13:04:30
10000266,박소성,F,1967-10-16,010-****-2267,2019-06-04 08:08:49
10000267,신성준,M,1941-07-31,010-****-9833,2019-06-05 13:17:19
10000268,이유지,M,1941-01-12,010-****-4226,2019-06-11 09:09:01
10000269,김시지,F,1984-08-15,010-****-0475,2019-06-16 15:05:10
10000270,박수호,M,1968-08-25,010-****-0770,2019-06-19 08:57:34
10000271,신은시,F,1981-11-16,010-****-9946,2019-06-20 10:15:17
10000272,이서도,M,1981-05-31,010-****-6895,2019-06-21 10:07:21
10000273,김윤재,F,1977-02-03,010-****-1144,2019-06-21 13:20:05
10000274,김진윤,M,1963-07-26,010-****-7657,2019-06-22 08:35:14
10000275,박민하,F,1967-04-22,010-****-5793,2019-06-22 12:54:33
10000276,윤도경,F,1945-04-28,010-****-7502,2019-06-22 14:10:59
10000277,박상민,M,1977-11-17,010-****-7637,2019-06-24 13:44:27
10000278,이동민,M,1960-05-11,010-****-6554,2019-06-27 08:49:32
10000279,박지진,F,1970-04-02,010-****-4047,2019-07-06 13:41:13
10000280,이지경,F,1978-10-03,010-****-1895,2019-07-06 14:07:24
10000281,송미희,M,1983-09-28,010-****-5489,2019-07-12 12:44:49
10000282,김윤유,F,1945-11-01,010-****-0941,2019-07-17 08:39:02
10000283,김정은,F,1953-06-13,010-****-3846,2019-07-18 09:41:30
10000284,조성호,M,1972-06-14,010-****-6258,2019-07-18 13:48:14
10000285,최우진,M,1946-08-20,010-****-4970,2019-07-19 08:11:55
10000286,최호혜,F,1969-07-02,010-****-6996,2019-07-21 09:07:09
10000287,장미정,M,1965-10-18,010-****-4265,2019-07-22 13:10:01
10000288,박민성,F,1956-09-11,010-****-6678,2019-07-24 09:01:35
10000289,조서혜,F,1996-01-03,010-****-2691,2019-07-26 12:32:30
10000290,김하정,M,1948-06-19,010-****-6301,2019-07-26 13:54:44
10000291,윤재태,M,1943-08-15,010-****-5764,2019-07-26 15:07:48
10000292,박연시,F,1982-08-13,010-****-8217,2019-07-28 12:46:21
10000293,이미혜,M,1961-11-28,010-****-5163,2019-07-29 10:15:44
10000294,이연서,F,1974-02-18,010-****-5585,2019-07-30 12:51:32
10000295,조시혜,F,1977-01-25,010-****-0472,2019-07-30 13:36:42
10000296,김태진,M,1969-01-29,010-****-0330,2019-07-31 12:51:08
10000297,김예동,M,1984-07-06,010-****-3410,2019-08-01 08:56:39
10000298,김지영,F,2000-06-17,010-****-7885,2019-08-03 15:02:47
10000299,이도미,M,1960-09-16,010-****-5746,2019-08-04 13:28:18
10000300,강동호,M,1941-03-29,010-****-7331,2019-08-07 12:38:55
10000301,이호영,M,1965-08-29,010-****-6004,2019-08-07 14:53:30
10000302,이시성,F,1941-06-22,010-****-3069,2019-08-08 14:17:36
10000303,김희서,M,1991-04-20,010-****-4235,2019-08-10 09:47:25
10000304,홍희현,F,1943-09-18,010-****-5966,2019-08-10 13:25:56
10000305,김민희,F,1944-02-23,010-****-3511,2019-08-10 13:44:32
10000306,강상도,M,1940-04-12,010-****-5077,2019-08-10 14:26:49
10000307,장현경,F,1977-06-07,010-****-9400,2019-08-14 08:43:20
10000308,김혜채,M,1947-05-02,010-****-9498,2019-08-14 13:13:34
10000309,안영서,M,1948-07-25,010-****-7267,2019-08-17 14:06:26
10000310,서호민,F,1978-08-22,010-****-6603,2019-08-21 13:12:32
10000311,장혜상,M,1958-06-22,010-****-3240,2019-08-23 09:18:14
10000312,김우소,F,1948-10-14,010-****-6256,2019-08-25 08:12:32
10000313,안소채,M,1950-01-22,010-****-2060,2019-08-27 12:47:50
10000314,안도윤,F,1984-11-21,010-****-0995,2019-08-29 09:19:52
10000315,안수시,M,1940-04-02,010-****-4684,2019-09-02 08:45:06
10000316,김미시,F,1986-11-19,010-****-5410,2019-09-05 14:35:10
10000317,이준진,F,1979-03-30,010-****-7917,2019-09-07 14:42:06
10000318,박윤정,M,1971-05-01,010-****-0089,2019-09-12 14:32:35
10000319,황윤채,F,1949-03-12,010-****-4857,2019-09-13 08:04:02
10000320,신채도,F,1976-04-29,010-****-8923,2019-09-16 08:37:07
10000321,박하윤,F,1993-08-30,010-****-4768,2019-09-16 13:31:31
10000322,권유희,F,1961-04-16,010-****-7599,2019-09-17 13:30:12
10000323,조미경,F,1958-01-04,010-****-1587,2019-09-22 08:26:38
10000324,김채예,M,1958-03-26,010-****-6906,2019-09-22 09:35:17
10000325,최예은,F,1951-12-27,010-****-0211,2019-09-22 13:20:23
10000326,윤윤연,F,1944-12-29,010-****-9959,2019-09-24 12:59:02
10000327,윤태호,M,1941-08-17,010-****-0277,2019-09-26 08:39:35
10000328,이미서,M,1949-10-06,010-****-2249,2019-09-30 12:49:39
10000329,이소희,M,2005-01-07,010-****-9170,2019-10-03 12:57:43
10000330,송혜성,M,1982-11-15,010-****-5245,2019-10-05 12:33:37
10000331,김서연,M,1995-03-28,010-****-9761,2019-10-08 09:31:18
10000332,이예우,M,1949-10-15,010-****-6811,2019-10-09 13:21:26
10000333,김혜도,M,1991-05-07,010-****-2602,2019-10-10 12:58:21
10000334,김현유,M,1950-11-06,010-****-8476,2019-10-12 14:23:26
10000335,장지호,F,1972-07-01,010-****-5698,2019-10-16 12:47:40
10000336,이미소,M,1973-05-23,010-****-2996,2019-10-16 14:20:54
10000337,김우예,F,1974-04-18,010-****-2824,2019-10-18 08:43:00
10000338,최태도,F,1954-08-17,010-****-5968,2019-10-30 14:22:34
10000339,강채진,F,1973-10-19,010-****-4007,2019-10-31 12:56:03
10000340,김윤소,F,1983-05-05,010-****-4608,2019-11-02 15:19:12
10000341,김수호,F,1994-11-25,010-****-0486,2019-11-03 08:39:55
10000342,한현지,M,1948-06-19,010-****-9931,2019-11-05 13:04:29
10000343,이성미,M,1945-03-17,010-****-5345,2019-11-14 13:53:55
10000344,박호우,F,1998-06-04,010-****-5967,2019-11-16 09:43:08
10000345,강현희,M,1989-07-23,010-****-7855,2019-11-21 08:47:25
10000346,김우윤,F,1972-12-16,010-****-3137,2019-11-23 14:04:54
10000347,홍연민,M,1966-07-11,010-****-7132,2019-11-25 10:07:31
10000348,이지윤,F,1948-11-13,010-****-5711,2019-11-26 13:50:33
10000349,김성영,F,1949-04-01,010-****-2120,2019-11-28 08:21:35
10000350,김시은,F,1965-05-25,010-****-7558,2019-12-04 08:15:28
10000351,이연소,F,1975-05-02,010-****-7303,2019-12-04 09:10:37
10000352,김동소,M,1943-03-12,010-****-5676,2019-12-09 13:01:50
10000353,장연혜,F,1976-01-09,010-****-1050,2019-12-16 09:03:23
10000354,박우채,F,1967-09-11,010-****-3047,2019-12-21 12:44:05
10000355,최동지,F,1990-06-30,010-****-9247,2019-12-22 08:38:00
10000356,윤소도,M,1954-09-03,010-****-5072,2019-12-24 08:18:52
10000357,강호경,F,1993-11-04,010-****-3852,2019-12-25 12:46:35
10000358,홍혜지,M,1946-01-01,010-****-0831,2019-12-28 14:25:14
10000359,이상미,F,1956-05-18,010-****-7348,2019-12-29 08:19:39
10000360,이소하,F,1991-05-10,010-****-8930,2019-12-29 08:28:52
10000361,이수영,F,1963-11-12,010-****-1864,2019-12-30 10:04:11
10000362,신동태,M,1970-12-08,010-****-5727,2020-01-04 14:06:11
10000363,조서연,F,1979-05-31,010-****-1501,2020-01-08 10:20:04
10000364,윤태예,F,1948-08-10,010-****-4907,2020-01-14 13:38:14
10000365,김동채,F,1990-12-11,010-****-8056,2020-01-20 10:09:52
10000366,홍은태,F,1983-08-01,010-****-6959,2020-01-20 12:54:24
10000367,이소하,F,1952-12-23,010-****-0501,2020-01-22 14:33:07
10000368,이예채,M,1992-12-15,010-****-5404,2020-01-24 14:38:24
10000369,이시호,M,1974-01-24,010-****-3164,2020-01-27 14:11:48
10000370,김채미,F,1980-01-08,010-****-0568,2020-02-02 14:27:05
10000371,최은현,M,1995-12-03,010-****-0856,2020-02-04 12:51:04
10000372,서준연,F,1968-01-21,010-****-0408,2020-02-05 08:08:47
10000373,김정소,M,1962-01-31,010-****-8663,2020-02-05 10:08:42
10000374,박예하,M,1974-09-11,010-****-6905,2020-02-05 15:06:57
10000375,김성우,M,2004-12-25,010-****-9021,2020-02-07 08:15:55
10000376,박은예,F,1978-06-16,010-****-1487,2020-02-09 08:15:18
10000377,류도희,F,1958-06-30,010-****-5795,2020-02-09 13:13:21
10000378,신성혜,F,1983-10-27,010-****-1735,2020-02-10 08:12:17
10000379,장시도,F,1977-09-10,010-****-2712,2020-02-10 09:33:48
10000380,정도하,M,1968-04-25,010-****-1372,2020-02-11 13:20:07
10000381,김서진,F,1947-12-21,010-****-9293,2020-02-13 09:26:32
10000382,송미상,F,1994-01-06,010-****-6238,2020-02-14 08:24:11
10000383,권지유,F,1977-12-20,010-****-9310,2020-02-19 12:52:51
10000384,강진민,F,1939-07-12,010-****-3936,2020-02-19 13:38:35
10000385,김상재,M,1971-11-06,010-****-6220,2020-02-19 13:43:51
10000386,김미수,M,1956-03-23,010-****-2607,2020-02-25 10:00:38
10000387,한혜호,F,1939-08-25,010-****-8251,2020-02-26 08:42:26
10000388,윤호준,F,1948-07-31,010-****-3349,2020-02-27 08:15:36
10000389,이태연,M,1965-04-12,010-****-4856,2020-03-01 08:28:09
10000390,조정하,F,1981-04-03,010-****-6911,2020-03-02 08:08:08
10000391,윤하소,F,1948-12-11,010-****-5683,2020-03-03 14:38:52
10000392,최현소,M,1963-08-22,010-****-8963,2020-03-07 12:43:41
10000393,장미소,F,1967-10-02,010-****-7285,2020-03-11 09:12:42
10000394,신유서,F,1959-10-28,010-****-4549,2020-03-13 08:12:18
10000395,조은윤,M,1950-03-29,010-****-6497,2020-03-15 13:51:53
10000396,한동혜,F,1942-11-19,010-****-3392,2020-03-20 08:25:55
10000397,박호윤,F,1964-01-09,010-****-3961,2020-03-20 12:54:40
10000398,김정예,F,1968-06-01,010-****-0852,2020-03-23 09:04:52
10000399,최채경,F,1958-05-12,010-****-9967,2020-03-29 08:07:33
10000400,홍현민,M,1961-06-12,010-****-6339,2020-04-02 12:45:11
10000401,이호준,M,1942-01-19,010-****-6504,2020-04-05 14:42:22
10000402,이준도,F,1949-11-24,010-****-4589,2020-04-06 14:42:26
10000403,안채정,F,1955-11-18,010-****-7407,2020-04-09 13:22:51
10000404,박유정,F,1991-08-28,010-****-6589,2020-04-13 08:28:57
10000405,박하혜,F,1953-10-03,010-****-5487,2020-04-15 14:29:14
10000406,김민상,M,1982-08-20,010-****-0416,2020-04-16 08:41:28
10000407,김혜희,F,1966-11-04,010-****-1606,2020-04-18 12:49:16
10000408,김하유,M,2004-07-01,010-****-6585,2020-04-29 08:39:30
10000409,김유현,M,1955-06-18,010-****-3630,2020-05-03 13:37:25
10000410,박태소,F,1963-07-15,010-****-3092,2020-05-04 08:58:23
10000411,이수유,F,2005-09-28,010-****-6716,2020-05-07 14:11:55
10000412,정연재,F,1948-09-24,010-****-9800,2020-05-08 14:34:37
10000413,김지진,F,1970-10-16,010-****-0509,2020-05-09 13:39:47
10000414,이윤시,F,1945-11-08,010-****-2818,2020-05-12 12:41:04
10000415,이은영,M,1953-08-09,010-****-7064,2020-05-12 13:59:34
10000416,김도희,M,1962-02-28,010-****-5636,2020-05-16 08:38:16
10000417,장현윤,M,1955-11-06,010-****-5107,2020-05-17 09:13:16
10000418,박희진,M,1947-05-14,010-****-1155,2020-05-18 13:34:30
10000419,권상동,F,1965-09-14,010-****-0813,2020-05-18 14:39:58
10000420,정우채,M,1979-07-14,010-****-6531,2020-05-20 12:41:43
10000421,김시서,M,1955-08-12,010-****-8289,2020-05-20 13:27:51
10000422,황민연,M,1963-10-16,010-****-3878,2020-06-01 09:22:57
10000423,김채미,M,1984-03-19,010-****-7163,2020-06-01 13:12:53
10000424,정예혜,M,1947-08-13,010-****-0961,2020-06-04 09:08:29
10000425,최소하,F,1956-04-08,010-****-9187,2020-06-04 09:23:59
10000426,조성정,M,1963-10-14,010-****-8736,2020-06-07 09:53:19
10000427,박채지,F,1963-04-28,010-****-7275,2020-06-10 12:57:51
10000428,최소희,M,1988-05-19,010-****-3030,2020-06-12 09:16:32
10000429,한상혜,M,1969-03-10,010-****-7402,2020-06-18 12:58:25
10000430,김진연,M,1946-01-17,010-****-9505,2020-06-18 13:13:32
10000431,이지성,F,1993-08-15,010-****-8468,2020-06-20 13:42:14
10000432,김호연,M,1946-03-16,010-****-0055,2020-06-26 14:06:42
10000433,김소현,F,1955-07-30,010-****-1587,2020-06-30 08:33:26
10000434,김은영,M,1951-12-21,010-****-5219,2020-07-02 09:55:49
10000435,이호우,M,1940-07-28,010-****-6636,2020-07-04 09:09:41
10000436,신희시,M,1991-11-20,010-****-5513,2020-07-06 14:10:30
10000437,김혜준,M,1946-01-11,010-****-4638,2020-07-07 13:28:56
10000438,최희도,M,1970-04-15,010-****-6191,2020-07-11 13:20:23
10000439,이연하,F,1973-04-15,010-****-3854,2020-07-13 15:39:32
10000440,윤현예,M,1979-09-25,010-****-2845,2020-07-18 14:15:22
10000441,황소윤,M,1966-05-02,010-****-8528,2020-07-24 09:22:55
10000442,강윤혜,M,1978-02-11,010-****-3621,2020-07-25 09:33:44
10000443,임태수,F,1946-07-16,010-****-1827,2020-07-27 13:09:16
10000444,황수정,M,1946-06-04,010-****-2045,2020-07-30 10:41:09
10000445,윤하현,M,1950-12-20,010-****-2910,2020-07-30 13:49:23
10000446,강희민,F,1975-10-11,010-****-4683,2020-08-01 14:24:48
10000447,장동하,M,1966-11-18,010-****-3934,2020-08-08 13:36:32
10000448,장성수,M,1940-11-05,010-****-1197,2020-08-12 09:58:58
10000449,김윤태,M,1955-12-13,010-****-7629,2020-08-13 08:16:55
10000450,홍정동,F,1988-07-21,010-****-7121,2020-08-13 12:56:21
10000451,박유희,F,1946-11-16,010-****-6116,2020-08-16 13:59:22
10000452,박하지,F,1979-01-25,010-****-4226,2020-08-17 13:39:55
10000453,김수민,F,1980-06-17,010-****-9049,2020-08-18 15:16:46
10000454,김시경,M,1951-10-03,010-****-3442,2020-08-22 13:16:43
10000455,박채유,F,1973-04-29,010-****-2234,2020-08-30 12:46:27
10000456,김미혜,M,1976-07-02,010-****-1702,2020-09-06 08:54:26
10000457,이유태,M,1940-09-27,010-****-8568,2020-09-06 13:14:14
10000458,최채하,F,1994-04-15,010-****-1485,2020-09-07 15:29:09
10000459,박하혜,F,2001-09-09,010-****-9624,2020-09-14 08:44:52
10000460,박준혜,F,1977-06-08,010-****-4537,2020-09-14 13:51:54
10000461,최상영,F,1977-12-21,010-****-4500,2020-09-16 13:35:07
10000462,윤은정,M,1952-01-19,010-****-2466,2020-09-21 09:24:46
10000463,이유우,F,1985-08-23,010-****-2715,2020-09-24 08:19:29
10000464,김영정,M,1964-10-13,010-****-8793,2020-09-28 13:37:09
10000465,김영경,F,1980-10-09,010-****-6789,2020-09-30 14:46:48
10000466,김수정,M,1966-11-10,010-****-4741,2020-10-01 14:41:23
10000467,김진수,M,1968-12-19,010-****-3175,2020-10-02 09:43:20
10000468,오우상,F,1987-08-05,010-****-4875,2020-10-04 12:42:17
10000469,김은수,F,1975-10-25,010-****-8713,2020-10-07 10:59:09
10000470,정재호,M,1938-12-08,010-****-5121,2020-10-08 15:01:04
10000471,김호진,M,1951-05-22,010-****-9239,2020-10-09 09:41:09
10000472,정민하,F,1948-09-15,010-****-3711,2020-10-13 08:26:12
10000473,박서수,F,1983-02-22,010-****-0517,2020-10-14 08:28:56
10000474,김현예,M,1951-01-25,010-****-3032,2020-10-19 08:29:21
10000475,김윤우,F,2004-09-29,010-****-9739,2020-10-20 13:08:17
10000476,이미현,F,1967-10-02,010-****-4702,2020-10-21 13:55:02
10000477,박수서,M,2003-09-23,010-****-9198,2020-10-22 08:20:39
10000478,윤경수,F,1941-08-08,010-****-0997,2020-10-22 14:09:07
10000479,최영채,F,1976-11-11,010-****-0890,2020-10-27 09:45:08
10000480,이하예,M,1973-09-22,010-****-1009,2020-10-30 08:04:18
10000481,조연윤,M,1961-05-22,010-****-7631,2020-10-30 09:00:42
10000482,김경현,M,1960-01-23,010-****-6427,2020-10-31 13:25:26
10000483,김준동,F,1948-04-14,010-****-5451,2020-11-01 08:16:34
10000484,박하수,F,1971-12-30,010-****-5851,2020-11-05 08:05:16
10000485,김재연,M,1965-07-29,010-****-4746,2020-11-05 09:05:09
10000486,김태연,M,1993-02-19,010-****-3740,2020-11-05 13:42:44
10000487,김준경,M,1977-10-29,010-****-0253,2020-11-06 13:03:00
10000488,장시영,F,1952-10-17,010-****-9725,2020-11-06 14:09:04
10000489,김하채,F,1958-05-30,010-****-0351,2020-11-07 08:55:49
10000490,박시하,F,1978-07-11,010-****-7842,2020-11-10 14:13:53
10000491,정서민,F,1973-01-31,010-****-5410,2020-11-13 13:06:49
10000492,김진경,F,1980-06-24,010-****-0588,2020-11-14 08:18:21
10000493,이상도,F,1960-09-11,010-****-8075,2020-11-15 08:27:44
10000494,김상연,M,1973-05-08,010-****-8509,2020-11-16 09:45:35
10000495,최상성,M,1992-05-16,010-****-4397,2020-11-18 13:30:37
10000496,최경지,F,1959-05-30,010-****-2697,2020-11-18 15:06:41
10000497,정은경,F,1976-02-03,010-****-9738,2020-11-21 09:17:01
10000498,박채지,M,1947-02-25,010-****-9477,2020-11-21 12:59:02
10000499,최준성,M,1996-05-21,010-****-6304,2020-11-22 12:52:35
10000500,최채은,M,1946-03-08,010-****-3895,2020-11-24 13:11:10
10000501,김현태,F,1945-09-16,010-****-5462,2020-11-26 12:41:06
10000502,강수시,F,1984-08-06,010-****-5202,2020-12-01 08:33:06
10000503,조수하,F,1973-12-24,010-****-4974,2020-12-02 08:34:27
10000504,이윤수,F,1950-06-28,010-****-4418,2020-12-04 09:58:15
10000505,김서연,M,1970-11-21,010-****-7692,2020-12-07 09:30:21
10000506,임경서,M,1962-10-27,010-****-5504,2020-12-10 09:48:41
10000507,박진채,M,1950-07-09,010-****-8346,2020-12-14 08:33:30
10000508,최도영,M,1939-09-10,010-****-4007,2020-12-16 12:53:14
10000509,최성호,M,1997-11-11,010-****-9392,2020-12-17 13:07:16
10000510,권영은,F,1981-06-17,010-****-3306,2020-12-24 09:19:28
10000511,이호시,M,1996-04-05,010-****-4770,2020-12-26 08:11:19
10000512,김경준,F,1982-05-03,010-****-5296,2021-01-05 14:14:32
10000513,신동하,M,1979-11-20,010-****-1286,2021-01-07 12:47:58
10000514,김윤경,M,1992-07-20,010-****-8408,2021-01-08 10:44:10
10000515,김지하,M,1980-07-13,010-****-5282,2021-01-08 13:48:34
10000516,박소민,M,1988-12-10,010-****-7927,2021-01-09 09:27:04
10000517,이유혜,M,1950-11-23,010-****-5958,2021-01-09 14:40:17
10000518,박예영,M,1980-05-24,010-****-3425,2021-01-10 08:50:45
10000519,이정혜,F,1952-05-26,010-****-4301,2021-01-11 09:34:40
10000520,김하지,F,1975-09-14,010-****-2425,2021-01-14 08:35:07
10000521,김윤호,F,1992-08-12,010-****-0529,2021-01-15 09:08:30
10000522,강정태,F,1970-06-15,010-****-8879,2021-01-22 13:05:40
10000523,임재예,M,1998-05-05,010-****-8742,2021-01-28 13:09:49
10000524,김상도,M,1984-03-18,010-****-2250,2021-01-29 13:06:32
10000525,윤우준,F,1951-04-24,010-****-2295,2021-02-02 14:16:17
10000526,윤은수,M,1952-08-01,010-****-4381,2021-02-03 12:42:23
10000527,최지미,M,1952-12-14,010-****-4525,2021-02-07 14:09:29
10000528,김유소,F,1969-07-27,010-****-7227,2021-02-10 12:54:06
10000529,김우소,F,1952-04-05,010-****-6860,2021-02-11 10:13:21
10000530,이동시,M,1955-03-20,010-****-8035,2021-02-14 12:50:41
10000531,최우채,M,1937-08-22,010-****-1512,2021-02-14 13:58:02
10000532,서서준,F,1978-01-06,010-****-9850,2021-02-14 14:35:12
10000533,정상시,M,1965-11-30,010-****-7968,2021-02-17 09:18:49
10000534,이시진,F,1961-10-29,010-****-4714,2021-02-22 08:15:14
10000535,이미태,M,1949-03-20,010-****-6002,2021-02-25 09:20:44
10000536,김지채,F,1965-01-27,010-****-3653,2021-02-27 13:23:32
10000537,장혜상,M,1967-07-24,010-****-8010,2021-02-27 13:58:17
10000538,최희연,F,1961-12-05,010-****-0810,2021-02-28 13:16:07
10000539,김진하,F,1957-09-26,010-****-9111,2021-03-13 08:15:57
10000540,정시희,F,2005-09-28,010-****-7561,2021-03-17 08:09:30
10000541,박수지,M,1960-07-03,010-****-4114,2021-03-19 14:25:56
10000542,이정예,F,1985-04-28,010-****-4406,2021-03-25 10:01:32
10000543,김예연,M,1959-02-06,010-****-6490,2021-03-25 12:59:45
10000544,정은하,F,1960-07-18,010-****-8349,2021-03-29 13:17:31
10000545,박시서,M,1983-02-15,010-****-6817,2021-03-29 13:42:17
10000546,장희하,M,1949-07-11,010-****-4406,2021-03-30 12:47:30
10000547,윤재태,M,1999-06-16,010-****-8582,2021-03-30 13:57:18
10000548,김연정,F,1954-03-31,010-****-0354,2021-04-01 09:03:26
10000549,이유진,F,1971-06-16,010-****-0897,2021-04-01 14:25:41
10000550,안진미,F,1980-09-16,010-****-3719,2021-04-02 09:18:40
10000551,서유서,F,1947-06-24,010-****-2417,2021-04-12 08:04:18
10000552,황준시,M,1947-01-25,010-****-4690,2021-04-14 13:21:23
10000553,홍상성,M,1999-04-03,010-****-3305,2021-04-14 13:49:12
10000554,박성현,M,1970-07-06,010-****-5035,2021-04-16 08:54:37
10000555,박동희,F,1970-07-14,010-****-3594,2021-04-17 14:50:17
10000556,권하혜,M,1997-08-08,010-****-6817,2021-04-18 12:52:50
10000557,권하태,F,1981-04-06,010-****-0732,2021-04-18 14:04:42
10000558,김민예,F,1963-10-26,010-****-2175,2021-04-18 14:23:30
10000559,서지은,M,1965-09-18,010-****-6839,2021-04-19 13:43:26
10000560,이태은,F,2005-12-21,010-****-5896,2021-04-24 10:43:27
10000561,오유호,M,1954-03-22,010-****-7012,2021-04-27 13:23:29
10000562,이현윤,F,1949-04-09,010-****-2683,2021-04-29 13:51:45
10000563,정진태,M,1987-08-15,010-****-2146,2021-04-30 13:51:38
10000564,장도현,M,1969-02-07,010-****-7946,2021-05-01 08:19:44
10000565,김우예,M,1966-11-25,010-****-3922,2021-05-02 08:30:15
10000566,임도지,M,1974-04-01,010-****-7077,2021-05-02 13:49:23
10000567,최미은,F,1945-10-21,010-****-7578,2021-05-03 14:20:20
10000568,임동민,M,1968-09-13,010-****-9397,2021-05-06 13:20:16
10000569,강연정,F,1975-08-31,010-****-2901,2021-05-07 08:59:50
10000570,김서윤,M,1978-07-05,010-****-3204,2021-05-11 09:01:03
10000571,김민성,F,1962-03-04,010-****-8237,2021-05-12 08:08:42
10000572,한하소,F,1942-03-11,010-****-5591,2021-05-15 15:26:56
10000573,이희은,M,1945-06-04,010-****-9005,2021-05-16 08:25:56
10000574,김시채,F,1976-03-31,010-****-0916,2021-05-17 09:34:50
10000575,박하재,M,1977-05-19,010-****-6087,2021-05-17 13:24:48
10000576,김민경,F,1959-03-19,010-****-2534,2021-05-17 13:30:59
10000577,장연재,F,1967-03-15,010-****-8114,2021-05-25 09:07:34
10000578,윤미진,F,1946-12-06,010-****-8780,2021-05-26 08:28:08
10000579,임서재,M,1967-08-16,010-****-8372,2021-05-27 09:40:51
10000580,김정수,F,1952-02-18,010-****-1865,2021-05-28 09:17:55
10000581,류상준,F,1987-03-30,010-****-3231,2021-05-30 10:27:52
10000582,정동정,F,1974-04-03,010-****-9911,2021-06-02 10:41:26
10000583,이유성,F,1952-04-21,010-****-5399,2021-06-05 13:24:27
10000584,김정성,M,1941-01-28,010-****-5733,2021-06-05 14:12:56
10000585,윤동정,M,1945-09-23,010-****-7515,2021-06-06 13:47:14
10000586,윤미윤,F,1991-02-09,010-****-4739,2021-06-07 15:18:57
10000587,강태민,F,1960-10-31,010-****-4519,2021-06-09 08:15:36
10000588,박혜예,F,1953-07-25,010-****-1139,2021-06-24 13:39:26
10000589,이태수,M,1979-01-28,010-****-1448,2021-06-25 13:05:29
10000590,김희현,M,1995-11-06,010-****-2510,2021-06-26 14:05:50
10000591,김동진,F,1981-01-05,010-****-9176,2021-06-27 14:11:41
10000592,김현연,F,1940-11-01,010-****-2005,2021-06-28 14:31:04
10000593,김도진,M,2003-10-08,010-****-7602,2021-07-01 13:54:35
10000594,이시호,M,1940-02-25,010-****-0832,2021-07-03 13:54:39
10000595,한재진,M,1977-08-04,010-****-2544,2021-07-08 13:28:23
10000596,최하호,M,1965-10-17,010-****-8493,2021-07-08 13:48:33
10000597,윤재시,F,1945-03-09,010-****-4477,2021-07-10 09:35:16
10000598,박호희,F,1951-06-12,010-****-8304,2021-07-10 14:34:58
10000599,오서시,F,1980-02-10,010-****-7178,2021-07-11 08:36:47
10000600,김현영,F,1940-10-08,010-****-5726,2021-07-13 12:39:40
10000601,조시진,M,1950-06-05,010-****-1237,2021-07-17 13:19:44
10000602,김소성,M,1960-06-25,010-****-8262,2021-07-17 13:21:11
10000603,윤은상,M,1940-11-22,010-****-0216,2021-07-18 13:40:15
10000604,한도연,F,1979-07-31,010-****-9146,2021-07-18 14:43:27
10000605,박소수,M,1950-01-16,010-****-7764,2021-07-20 10:20:23
10000606,이정미,F,1949-04-08,010-****-7075,2021-07-27 15:00:32
10000607,이상미,M,1957-07-19,010-****-3149,2021-07-28 13:02:31
10000608,김상영,F,1978-08-18,010-****-4988,2021-07-31 13:04:37
10000609,한은윤,M,1970-10-20,010-****-7789,2021-08-04 08:57:07
10000610,임은서,M,1968-09-26,010-****-2985,2021-08-04 10:50:54
10000611,최시유,M,1980-05-05,010-****-9356,2021-08-05 10:43:36
10000612,김시은,M,1990-03-28,010-****-2326,2021-08-06 14:08:22
10000613,최경서,M,1953-12-14,010-****-2591,2021-08-07 10:28:19
10000614,김태윤,M,1963-05-14,010-****-1110,2021-08-07 13:49:48
10000615,이소준,M,1946-12-20,010-****-9756,2021-08-13 13:24:25
10000616,박미채,F,1965-08-07,010-****-4525,2021-08-17 08:12:25
10000617,송예서,F,1952-05-15,010-****-6253,2021-08-19 10:12:02
10000618,김성예,M,1949-10-16,010-****-4352,2021-08-23 10:22:49
10000619,김상동,M,1958-11-16,010-****-8486,2021-08-25 14:48:57
10000620,최준유,F,1967-12-30,010-****-4989,2021-08-30 09:42:51
10000621,최성서,F,1973-04-22,010-****-4679,2021-09-02 13:16:44
10000622,이윤서,M,1963-07-01,010-****-4151,2021-09-04 14:24:42
10000623,김도성,F,1959-12-12,010-****-5448,2021-09-08 09:11:10
10000624,임수지,F,1950-06-22,010-****-2286,2021-09-09 08:27:14
10000625,이은도,M,1979-12-04,010-****-5083,2021-09-12 14:45:20
10000626,정태소,M,1957-09-14,010-****-2101,2021-09-13 12:40:02
10000627,이영예,M,1981-08-16,010-****-1915,2021-09-14 10:08:19
10000628,김도희,M,1995-02-02,010-****-8875,2021-09-17 08:31:41
10000629,김수정,F,1951-04-04,010-****-2220,2021-09-22 13:57:17
10000630,이정호,F,2004-04-05,010-****-9510,2021-09-23 09:00:25
10000631,류혜채,M,1991-03-14,010-****-5361,2021-09-25 09:51:43
10000632,정상진,M,1974-10-12,010-****-3767,2021-09-25 13:09:03
10000633,최예경,F,1972-02-20,010-****-8071,2021-09-27 14:16:33
10000634,김태우,M,1961-09-20,010-****-8338,2021-09-28 15:30:13
10000635,강유수,F,1957-04-14,010-****-6116,2021-10-02 09:13:34
10000636,안동수,F,1971-09-27,010-****-2358,2021-10-04 14:00:43
10000637,김하호,M,1991-06-11,010-****-0938,2021-10-05 08:23:00
10000638,박영성,M,1991-11-13,010-****-1284,2021-10-09 09:02:35
10000639,윤서수,F,1956-01-17,010-****-0038,2021-10-09 14:41:57
10000640,황은시,M,1939-05-31,010-****-6312,2021-10-12 13:00:03
10000641,이태서,M,1981-04-27,010-****-0406,2021-10-14 08:17:59
10000642,송현호,F,1983-08-13,010-****-3314,2021-10-21 13:50:30
10000643,정하윤,M,1946-01-15,010-****-5681,2021-10-22 09:28:51
10000644,김혜유,F,1965-08-10,010-****-0785,2021-10-25 09:26:50
10000645,임윤정,F,1975-07-13,010-****-4055,2021-10-25 13:42:22
10000646,박윤정,F,1951-07-12,010-****-8300,2021-10-30 09:21:45
10000647,임연지,M,1965-03-28,010-****-7702,2021-11-01 09:48:34
10000648,최소영,F,1953-05-11,010-****-4978,2021-11-06 14:03:23
10000649,최서유,F,1986-03-24,010-****-8556,2021-11-09 08:40:49
10000650,오서성,F,1967-11-29,010-****-4872,2021-11-11 09:09:20
10000651,이태채,M,1953-06-27,010-****-6212,2021-11-13 08:31:43
10000652,윤혜연,M,1977-01-21,010-****-7193,2021-11-13 13:47:57
10000653,최영진,M,1937-05-31,010-****-6717,2021-11-20 08:06:51
10000654,최서은,F,1958-07-17,010-****-2947,2021-11-22 13:06:47
10000655,이동유,F,1982-01-24,010-****-0663,2021-11-22 13:57:04
10000656,정연서,F,1968-12-05,010-****-3582,2021-11-23 13:19:35
10000657,신미상,M,1979-10-28,010-****-7641,2021-11-28 08:41:57
10000658,김수유,F,1942-12-24,010-****-1391,2021-11-30 09:34:22
10000659,박은경,F,1963-08-10,010-****-1683,2021-12-11 13:36:19
10000660,김호서,M,1937-12-03,010-****-3678,2021-12-15 08:24:16
10000661,이미도,F,1978-08-18,010-****-8098,2021-12-15 09:46:48
10000662,홍하영,F,1962-04-18,010-****-0426,2021-12-17 08:26:42
10000663,서서진,F,1989-05-18,010-****-0233,2021-12-23 13:34:57
10000664,강성윤,F,1989-04-11,010-****-3564,2021-12-23 14:42:53
10000665,김유우,F,1961-07-10,010-****-7472,2021-12-24 08:34:31
10000666,김동우,F,1995-11-01,010-****-4036,2022-01-02 12:47:49
10000667,박경채,F,1965-08-13,010-****-2659,2022-01-02 14:02:58
10000668,박도호,M,1977-02-28,010-****-1351,2022-01-03 14:58:41
10000669,정채동,M,1976-11-15,010-****-6974,2022-01-09 08:42:30
10000670,이동현,M,1999-04-07,010-****-7833,2022-01-16 14:26:48
10000671,임혜윤,M,1959-02-06,010-****-8673,2022-01-24 09:47:47
10000672,안연미,M,1966-10-12,010-****-1730,2022-01-25 10:25:59
10000673,송윤지,F,1984-09-17,010-****-1155,2022-01-25 14:37:46
10000674,강현유,M,1953-08-22,010-****-9906,2022-01-26 13:15:10
10000675,정정민,F,1963-01-23,010-****-5050,2022-01-29 08:13:37
10000676,이희우,M,1973-08-05,010-****-6493,2022-01-31 08:41:15
10000677,정희성,M,1970-11-16,010-****-5133,2022-01-31 09:38:49
10000678,김영윤,M,1941-05-13,010-****-4914,2022-01-31 12:34:01
10000679,김하예,F,1961-12-25,010-****-1334,2022-02-02 08:16:39
10000680,김시준,F,1996-02-06,010-****-0266,2022-02-03 08:53:30
10000681,최재호,M,1960-12-05,010-****-3056,2022-02-03 08:59:09
10000682,류경도,M,1947-03-01,010-****-3467,2022-02-08 14:06:23
10000683,김채미,M,1946-01-05,010-****-9356,2022-02-10 10:39:52
10000684,조시진,F,1941-06-24,010-****-5263,2022-02-11 08:25:29
10000685,정동영,M,1968-01-12,010-****-3440,2022-02-12 12:48:41
10000686,류진유,M,1982-02-20,010-****-9709,2022-02-15 13:09:05
10000687,박시소,M,1977-08-22,010-****-2138,2022-02-18 08:06:10
10000688,강태준,F,1982-08-12,010-****-3104,2022-02-18 13:05:50
10000689,김지혜,M,1978-06-24,010-****-2600,2022-02-19 14:11:52
10000690,이준희,F,1984-09-23,010-****-2797,2022-02-21 10:06:06
10000691,박도수,M,1994-08-02,010-****-5295,2022-02-23 09:16:40
10000692,김채시,F,1972-05-12,010-****-2192,2022-02-23 09:26:04
10000693,정도우,M,1986-10-06,010-****-0741,2022-02-25 08:17:21
10000694,박도영,F,1971-07-19,010-****-6574,2022-02-25 09:56:18
10000695,정시정,M,1952-02-14,010-****-0103,2022-02-27 10:10:46
10000696,정우민,M,1965-12-29,010-****-1877,2022-02-27 13:03:37
10000697,서소지,F,1959-08-07,010-****-0153,2022-03-01 08:52:06
10000698,임동경,M,1981-01-10,010-****-8869,2022-03-02 13:14:13
10000699,이호상,M,1948-09-29,010-****-9449,2022-03-03 13:25:56
10000700,서우재,M,1977-03-05,010-****-6565,2022-03-07 08:23:11
10000701,박진은,M,2003-11-11,010-****-2667,2022-03-10 13:13:10
10000702,장소희,F,1946-06-19,010-****-7201,2022-03-10 13:23:42
10000703,김호하,F,1948-03-02,010-****-2370,2022-03-11 13:13:01
10000704,이채유,M,1971-10-20,010-****-8665,2022-03-11 15:06:19
10000705,조수정,M,1939-01-29,010-****-1426,2022-03-18 13:48:21
10000706,박유하,F,1946-02-24,010-****-5419,2022-03-21 10:00:19
10000707,조지소,F,1976-09-23,010-****-3228,2022-03-23 08:26:52
10000708,김민성,M,1945-12-19,010-****-2675,2022-03-25 12:57:54
10000709,박예호,F,1938-11-04,010-****-1185,2022-03-28 12:45:49
10000710,황시은,F,1954-12-23,010-****-3617,2022-04-02 12:54:23
10000711,김유정,M,1953-11-03,010-****-6497,2022-04-04 13:52:02
10000712,김호상,M,1973-05-29,010-****-8378,2022-04-06 14:51:59
10000713,정시채,F,1958-11-22,010-****-2770,2022-04-08 12:36:55
10000714,이정상,F,1952-12-16,010-****-7796,2022-04-08 14:04:36
10000715,김은경,F,1942-07-17,010-****-7109,2022-04-10 13:46:03
10000716,김진지,M,1970-02-08,010-****-1306,2022-04-11 10:07:45
10000717,이서준,F,1965-12-13,010-****-4570,2022-04-12 09:54:58
10000718,안경도,F,1995-11-07,010-****-3761,2022-04-14 08:28:19
10000719,김수소,F,1974-01-20,010-****-4035,2022-04-14 13:56:40
10000720,장은정,M,1972-05-11,010-****-6785,2022-04-16 13:50:50
10000721,임영혜,M,1953-05-21,010-****-0993,2022-04-17 08:45:05
10000722,최희호,M,1948-03-27,010-****-5166,2022-04-17 09:30:48
10000723,이혜경,M,1940-11-18,010-****-8961,2022-04-20 08:47:45
10000724,김진동,M,1966-09-14,010-****-9425,2022-04-24 08:47:44
10000725,조성현,F,1986-01-04,010-****-1768,2022-04-25 09:01:31
10000726,김시희,F,1966-07-01,010-****-7399,2022-04-25 13:03:05
10000727,김수혜,M,1944-07-23,010-****-6690,2022-04-26 08:30:52
10000728,박현영,M,1962-01-16,010-****-6617,2022-04-26 13:05:43
10000729,윤준희,M,1996-08-29,010-****-7792,2022-04-27 08:45:27
10000730,강상연,M,2002-07-24,010-****-0362,2022-04-28 13:40:47
10000731,박경미,M,1969-09-13,010-****-4038,2022-04-30 08:55:20
10000732,김희준,M,1961-12-12,010-****-5241,2022-05-01 12:48:09
10000733,류동서,F,1963-07-04,010-****-7431,2022-05-03 09:48:06
10000734,이은연,F,1990-03-09,010-****-6075,2022-05-07 08:21:28
10000735,박동도,M,1951-01-04,010-****-9936,2022-05-18 13:33:33
10000736,이현혜,M,1968-02-13,010-****-2415,2022-05-20 11:06:19
10000737,신혜민,M,1964-08-11,010-****-1774,2022-05-22 08:42:39
10000738,최소민,M,1943-05-05,010-****-5050,2022-05-27 13:28:06
10000739,김호성,M,1988-06-20,010-****-8667,2022-05-29 12:53:17
10000740,한연호,M,1946-10-01,010-****-4134,2022-05-30 09:26:15
10000741,박수정,F,1979-10-18,010-****-2746,2022-06-02 08:10:34
10000742,강채상,F,1987-08-21,010-****-7291,2022-06-02 08:40:12
10000743,오도소,F,1989-05-29,010-****-6298,2022-06-04 08:15:37
10000744,박우도,F,1969-06-22,010-****-1248,2022-06-08 09:57:25
10000745,조유서,F,1945-01-31,010-****-0087,2022-06-10 12:44:31
10000746,김준성,F,1949-11-03,010-****-2648,2022-06-19 09:04:16
10000747,김은경,M,1965-09-30,010-****-0784,2022-06-29 08:05:43
10000748,김호현,M,1950-12-23,010-****-9188,2022-07-07 13:10:19
10000749,김영태,M,1994-03-08,010-****-9499,2022-07-09 13:42:41
10000750,강예시,F,1946-05-29,010-****-4024,2022-07-10 08:36:11
10000751,김희유,F,1949-09-18,010-****-8620,2022-07-12 09:29:04
10000752,김채진,F,1970-02-28,010-****-5418,2022-07-13 14:00:27
10000753,김서희,F,1939-04-24,010-****-0226,2022-07-15 09:18:59
10000754,최상예,F,1953-06-17,010-****-6006,2022-07-15 12:42:07
10000755,박재서,M,1939-06-17,010-****-4698,2022-07-19 08:14:15
10000756,오상재,M,1952-01-23,010-****-1050,2022-07-19 13:35:09
10000757,박우상,M,1968-05-12,010-****-1715,2022-07-23 09:01:57
10000758,이시정,F,1940-01-30,010-****-4105,2022-07-24 13:37:20
10000759,정수연,F,1940-07-03,010-****-0920,2022-08-02 09:11:56
10000760,김성정,M,1976-01-03,010-****-8089,2022-08-02 13:38:44
10000761,김수도,M,1946-06-03,010-****-0103,2022-08-09 08:41:52
10000762,이재상,F,1939-05-04,010-****-1004,2022-08-11 12:37:23
10000763,박정미,F,1950-02-04,010-****-1165,2022-08-12 08:12:41
10000764,김혜하,F,1993-01-06,010-****-2519,2022-08-14 14:22:59
10000765,이은미,F,1977-01-21,010-****-8748,2022-08-18 13:08:48
10000766,안재소,F,1966-06-09,010-****-5066,2022-08-19 12:37:23
10000767,김지재,F,1952-04-24,010-****-6568,2022-08-19 13:39:50
10000768,김영현,M,1967-12-23,010-****-7914,2022-08-22 13:06:23
10000769,조채도,M,1974-09-29,010-****-3260,2022-08-22 13:58:01
10000770,이희준,F,1997-09-02,010-****-8271,2022-08-23 13:20:53
10000771,한하호,M,1972-04-11,010-****-6348,2022-08-27 13:46:59
10000772,최호은,F,1987-04-27,010-****-8257,2022-08-28 10:18:05
10000773,김준채,M,1978-12-11,010-****-3136,2022-08-28 13:58:59
10000774,박예준,M,2003-02-16,010-****-1651,2022-09-07 08:30:08
10000775,강혜성,F,1994-01-26,010-****-5939,2022-09-11 15:10:24
10000776,김진성,M,1995-06-12,010-****-6380,2022-09-12 14:04:02
10000777,박준정,F,1964-11-11,010-****-0887,2022-09-13 09:59:46
10000778,이소민,M,1979-07-02,010-****-1332,2022-09-14 14:09:09
10000779,최동진,F,1985-05-10,010-****-2782,2022-09-15 14:18:51
10000780,정진미,F,1991-02-04,010-****-5293,2022-09-20 09:48:42
10000781,이연하,F,1977-01-03,010-****-6041,2022-09-28 10:20:12
10000782,김재동,M,1990-03-20,010-****-7010,2022-09-30 12:49:04
10000783,오희정,F,1975-11-01,010-****-7061,2022-10-04 12:58:27
10000784,한하지,F,1974-02-21,010-****-1383,2022-10-08 09:19:36
10000785,김예연,M,1970-07-22,010-****-7852,2022-10-08 13:59:13
10000786,김준재,F,1971-08-07,010-****-9703,2022-10-09 08:32:37
10000787,이지민,F,1958-05-30,010-****-7093,2022-10-11 14:29:16
10000788,이준미,M,1941-06-08,010-****-5979,2022-10-12 09:31:41
10000789,황민혜,F,1977-05-15,010-****-5857,2022-10-18 14:41:25
10000790,강시연,M,1947-01-16,010-****-3412,2022-10-21 13:04:55
10000791,최미연,M,1988-03-30,010-****-7759,2022-10-22 09:08:11
10000792,홍희은,M,1994-12-31,010-****-4781,2022-10-22 13:34:49
10000793,박혜지,M,1996-09-11,010-****-1526,2022-10-24 13:31:23
10000794,장지하,M,1953-09-19,010-****-3230,2022-10-29 08:40:39
10000795,김미정,F,1995-02-26,010-****-9294,2022-11-01 12:57:23
10000796,이희지,F,1959-04-15,010-****-9443,2022-11-07 13:08:46
10000797,이윤동,F,1983-06-07,010-****-2462,2022-11-09 08:39:22
10000798,최소재,F,1967-03-07,010-****-9326,2022-11-11 14:02:04
10000799,이현수,M,1945-08-07,010-****-0906,2022-11-12 13:25:04
10000800,강미우,F,1978-04-17,010-****-0496,2022-11-12 13:58:57
10000801,최윤태,F,1962-08-26,010-****-7058,2022-11-18 14:17:32
10000802,이채준,F,1953-03-16,010-****-2123,2022-11-19 08:57:09
10000803,정재영,F,1975-01-19,010-****-3096,2022-11-21 10:01:20
10000804,박정채,F,1961-08-27,010-****-3808,2022-11-25 12:51:26
10000805,최소진,M,1947-10-24,010-****-1088,2022-11-26 10:24:58
10000806,윤영연,F,1947-04-11,010-****-6633,2022-11-30 08:36:13
10000807,홍수예,F,1956-06-04,010-****-0860,2022-11-30 09:05:53
10000808,서하경,M,1968-01-15,010-****-4443,2022-12-03 09:10:55
10000809,김윤경,F,1967-07-24,010-****-6408,2022-12-10 12:38:06
10000810,김성경,F,1984-05-18,010-****-4273,2022-12-11 09:01:37
10000811,김현미,M,1978-09-01,010-****-0579,2022-12-11 12:46:26
10000812,안하희,M,1969-05-06,010-****-9685,2022-12-12 08:42:37
10000813,김태미,M,1949-11-20,010-****-3652,2022-12-13 12:39:04
10000814,김민호,M,1964-06-21,010-****-2713,2022-12-13 12:55:09
10000815,김도영,F,1987-06-03,010-****-6538,2022-12-14 15:00:01
10000816,김상민,F,1976-11-17,010-****-9716,2022-12-15 09:32:12
10000817,정준희,F,1951-09-10,010-****-8652,2022-12-20 09:24:05
10000818,박영경,M,1990-10-25,010-****-1546,2022-12-23 12:41:49
10000819,박준상,M,1975-01-11,010-****-2130,2022-12-25 13:28:36
10000820,최수미,M,1971-12-27,010-****-3302,2022-12-27 12:40:06
10000821,정민경,F,1963-08-04,010-****-0985,2022-12-27 12:40:20
10000822,김서수,M,1974-08-13,010-****-3297,2022-12-28 08:12:47
10000823,윤은상,M,1987-04-12,010-****-3287,2022-12-28 09:21:03
10000824,김예서,F,1949-11-07,010-****-7071,2022-12-28 12:42:05
10000825,조도정,F,1978-12-22,010-****-3816,2022-12-29 13:33:20
10000826,김정은,M,1949-11-12,010-****-8841,2023-01-05 09:19:38
10000827,김동민,F,1967-12-09,010-****-1375,2023-01-09 10:40:22
10000828,김희유,F,1985-12-31,010-****-8824,2023-01-10 13:11:42
10000829,최동소,M,1985-07-25,010-****-9958,2023-01-12 10:06:24
10000830,정희호,F,1952-06-03,010-****-4548,2023-01-16 08:23:17
10000831,김재윤,F,1952-10-28,010-****-2689,2023-01-19 08:59:34
10000832,박도지,M,1965-12-02,010-****-6438,2023-01-20 08:12:22
10000833,오지연,F,1965-05-28,010-****-7985,2023-01-20 09:45:41
10000834,김진도,M,1973-12-15,010-****-2024,2023-01-21 08:38:36
10000835,김서미,F,1973-10-26,010-****-1308,2023-01-23 13:16:16
10000836,이재민,M,1956-01-25,010-****-8343,2023-01-23 14:09:00
10000837,박상정,F,1962-12-09,010-****-2327,2023-01-24 08:49:41
10000838,강연지,M,1948-07-08,010-****-3095,2023-01-25 09:00:42
10000839,임연동,F,1972-07-04,010-****-2611,2023-01-26 14:03:14
10000840,송유소,F,1952-03-22,010-****-9655,2023-01-27 09:20:10
10000841,박도희,F,1961-09-16,010-****-2244,2023-01-28 12:59:41
10000842,김은우,F,1965-06-24,010-****-5698,2023-02-03 13:47:09
10000843,김예하,F,1987-10-01,010-****-9908,2023-02-04 12:48:53
10000844,박준소,M,1962-07-17,010-****-0304,2023-02-06 10:01:54
10000845,황지현,F,1960-11-20,010-****-3607,2023-02-09 14:52:13
10000846,김상소,M,1972-11-02,010-****-5366,2023-02-11 13:45:11
10000847,이호우,M,1973-03-05,010-****-9562,2023-02-15 12:48:42
10000848,황하혜,M,1972-01-03,010-****-4365,2023-02-21 08:52:30
10000849,김소성,M,1942-10-05,010-****-6845,2023-02-21 13:25:30
10000850,김연동,F,1947-10-10,010-****-1927,2023-02-22 08:57:29
10000851,김상도,M,1951-03-17,010-****-0126,2023-02-26 12:49:50
10000852,김영미,M,1985-08-14,010-****-7909,2023-02-28 08:17:55
10000853,황윤채,F,1995-01-31,010-****-0489,2023-03-01 08:44:03
10000854,송현하,F,1947-10-25,010-****-8799,2023-03-04 09:50:55
10000855,김현도,M,1946-10-06,010-****-8521,2023-03-05 13:15:34
10000856,이예소,F,1968-05-14,010-****-5929,2023-03-09 13:54:33
10000857,임은준,F,1963-06-17,010-****-0380,2023-03-10 14:21:40
10000858,김유채,F,1948-05-02,010-****-5847,2023-03-13 09:42:09
10000859,최성호,M,1947-04-04,010-****-2552,2023-03-14 12:54:32
10000860,김경채,M,1971-03-02,010-****-7676,2023-03-17 12:38:30
10000861,윤시유,M,1975-08-14,010-****-8713,2023-03-21 08:50:53
10000862,김서연,F,1971-11-27,010-****-5966,2023-03-23 13:05:37
10000863,김윤미,F,1981-05-10,010-****-0164,2023-03-26 12:50:42
10000864,홍유성,F,1978-10-20,010-****-7807,2023-03-27 09:24:23
10000865,강은진,F,1957-01-19,010-****-3284,2023-03-30 08:21:30
10000866,최준희,F,1987-04-04,010-****-8001,2023-03-30 12:53:45
10000867,이성호,F,1969-05-28,010-****-9257,2023-04-01 13:20:44
10000868,박유채,F,1978-03-02,010-****-2657,2023-04-01 14:21:37
10000869,강수희,M,1966-01-08,010-****-4414,2023-04-09 13:09:34
10000870,김정예,M,1965-06-30,010-****-1902,2023-04-12 08:39:10
10000871,김소은,M,1989-03-17,010-****-8187,2023-04-16 08:14:14
10000872,김동소,M,1947-07-16,010-****-3467,2023-04-18 08:40:01
10000873,최채시,F,1951-05-21,010-****-7415,2023-04-19 13:41:17
10000874,강예윤,M,1976-09-25,010-****-8775,2023-04-21 08:16:55
10000875,김상미,F,1970-12-29,010-****-6912,2023-04-21 08:28:07
10000876,김현재,M,1952-10-07,010-****-2387,2023-04-26 13:03:03
10000877,오서진,F,1970-03-26,010-****-9753,2023-04-27 08:23:50
10000878,박윤수,M,1964-04-04,010-****-1110,2023-05-01 08:29:26
10000879,최도유,M,1941-06-03,010-****-5950,2023-05-02 09:02:21
10000880,임시태,F,1990-10-21,010-****-9338,2023-05-05 08:19:11
10000881,박성연,F,1958-02-21,010-****-7745,2023-05-06 09:55:34
10000882,임도재,M,1957-10-30,010-****-7322,2023-05-06 10:27:33
10000883,김성호,M,1959-06-06,010-****-6170,2023-05-12 13:26:07
10000884,윤현은,F,1984-03-24,010-****-1400,2023-05-13 13:57:57
10000885,오지하,M,1953-06-05,010-****-5162,2023-05-19 09:32:20
10000886,조은하,M,1971-01-23,010-****-7499,2023-05-21 09:52:26
10000887,신서성,F,1988-10-13,010-****-3639,2023-05-26 10:21:29
10000888,김현동,M,1966-10-31,010-****-4744,2023-05-28 10:31:39
10000889,이현희,F,1972-03-11,010-****-7737,2023-05-28 13:35:59
10000890,조연예,F,1949-05-06,010-****-8027,2023-05-29 14:26:07
10000891,김은지,F,1977-03-15,010-****-8566,2023-06-02 08:16:57
10000892,강태상,M,1941-11-17,010-****-9044,2023-06-11 14:08:02
10000893,최수정,F,1973-08-20,010-****-8659,2023-06-13 13:53:05
10000894,정희우,M,1973-10-10,010-****-7556,2023-06-16 08:40:20
10000895,권준태,F,1960-08-06,010-****-0436,2023-07-03 13:19:30
10000896,박미소,M,1966-08-03,010-****-2030,2023-07-07 10:23:38
10000897,이우지,F,1972-09-03,010-****-6222,2023-07-10 15:27:13
10000898,임수소,M,1981-08-02,010-****-2074,2023-07-13 09:47:56
10000899,김연상,F,1950-01-13,010-****-1653,2023-07-15 15:13:01
10000900,이채진,M,1947-11-04,010-****-5615,2023-07-16 10:21:31
10000901,박재유,M,1985-12-08,010-****-9401,2023-07-16 13:21:09
10000902,김상동,F,1964-06-15,010-****-5910,2023-07-16 13:28:04
10000903,장호동,M,1980-08-25,010-****-9323,2023-07-18 14:28:40
10000904,이진성,M,1982-04-19,010-****-5849,2023-07-21 14:04:06
10000905,이은소,F,1947-12-14,010-****-9619,2023-07-23 13:33:43
10000906,박서호,M,1963-09-30,010-****-8680,2023-07-24 15:01:08
10000907,권진은,M,1975-06-02,010-****-5764,2023-07-28 14:07:48
10000908,조소희,M,1970-12-05,010-****-2471,2023-07-30 14:14:27
10000909,임호윤,F,1964-08-18,010-****-3008,2023-07-31 08:44:49
10000910,장진수,M,1970-07-22,010-****-2364,2023-07-31 09:59:30
10000911,조희예,F,1979-03-21,010-****-1217,2023-08-02 12:54:52
10000912,이은정,M,1972-11-28,010-****-0765,2023-08-05 08:32:58
10000913,장예지,F,1985-08-31,010-****-7481,2023-08-05 09:09:25
10000914,최동예,F,1967-03-31,010-****-6881,2023-08-10 09:15:30
10000915,홍정시,M,1956-03-08,010-****-7991,2023-08-11 13:08:11
10000916,김서현,M,1956-10-11,010-****-8822,2023-08-12 12:42:19
10000917,김상채,M,1950-02-01,010-****-5573,2023-08-14 14:18:40
10000918,최경연,F,1979-01-13,010-****-4590,2023-08-17 14:46:42
10000919,이지소,F,1977-12-30,010-****-9405,2023-08-18 14:48:10
10000920,이시진,F,1965-10-02,010-****-0205,2023-08-21 09:50:22
10000921,임태예,M,1962-06-23,010-****-7461,2023-08-23 13:28:45
10000922,최연현,M,1969-06-09,010-****-8484,2023-08-25 09:05:57
10000923,권도호,M,1964-07-08,010-****-3760,2023-08-26 08:19:25
10000924,김태영,F,1946-08-09,010-****-3750,2023-09-02 15:04:32
10000925,박진태,M,1965-08-15,010-****-4216,2023-09-03 09:13:20
10000926,이태호,F,1964-02-22,010-****-7193,2023-09-06 10:16:26
10000927,박연수,F,1983-10-27,010-****-8240,2023-09-09 09:47:17
10000928,윤현하,M,1974-11-25,010-****-3307,2023-09-11 13:03:33
10000929,권민현,M,1984-07-04,010-****-9310,2023-09-12 09:39:17
10000930,이경동,F,1971-12-22,010-****-2257,2023-09-14 08:39:15
10000931,김혜진,F,1983-09-01,010-****-4412,2023-09-15 15:21:45
10000932,김서우,F,1962-02-10,010-****-6507,2023-09-20 13:36:34
10000933,최채희,F,1969-02-15,010-****-4571,2023-09-21 10:40:56
10000934,김영정,F,1963-03-14,010-****-7373,2023-09-21 13:40:36
10000935,김호동,M,1966-01-24,010-****-8871,2023-09-30 12:43:46
10000936,이영정,F,1951-12-01,010-****-0468,2023-10-03 09:58:50
10000937,박지태,M,1953-01-02,010-****-6475,2023-10-10 13:49:14
10000938,김호동,F,1969-03-14,010-****-8113,2023-10-13 08:09:51
10000939,윤윤성,F,1975-10-06,010-****-7818,2023-10-13 12:48:21
10000940,이호미,F,1978-11-13,010-****-8538,2023-10-14 09:23:31
10000941,이하소,F,1950-10-17,010-****-0017,2023-10-14 13:50:25
10000942,김연채,M,1985-02-06,010-****-8670,2023-10-16 13:19:46
10000943,김성호,M,1964-10-25,010-****-8992,2023-10-18 09:32:56
10000944,김수유,F,1973-12-21,010-****-3428,2023-10-19 08:44:55
10000945,김소도,M,1944-09-27,010-****-2742,2023-10-23 12:34:22
10000946,이재상,M,1940-12-28,010-****-4369,2023-10-27 09:41:47
10000947,김소준,F,1989-09-22,010-****-5038,2023-10-31 12:47:51
10000948,한은서,F,1982-08-06,010-****-6536,2023-11-09 13:55:25
10000949,오우성,F,1970-04-27,010-****-7544,2023-11-11 09:09:45
10000950,최하상,M,1979-05-05,010-****-9380,2023-11-12 08:44:25
10000951,조예민,F,1950-04-17,010-****-2973,2023-11-12 14:51:07
10000952,김혜은,F,1990-10-14,010-****-1802,2023-11-14 15:14:27
10000953,김상수,F,1966-09-11,010-****-2035,2023-11-15 09:23:29
10000954,서예우,F,1994-04-29,010-****-5686,2023-11-19 09:15:29
10000955,김성우,M,1982-04-06,010-****-0614,2023-11-26 08:32:54
10000956,김호은,M,1979-06-24,010-****-1914,2023-11-27 09:34:45
10000957,임시현,F,1948-08-11,010-****-7158,2023-12-10 09:21:27
10000958,장은미,F,1956-01-14,010-****-6869,2023-12-13 13:27:30
10000959,안정지,M,1950-09-28,010-****-3991,2023-12-14 09:33:34
10000960,정수정,M,1958-07-16,010-****-1150,2023-12-21 08:13:29
10000961,최도유,M,1967-08-04,010-****-5094,2023-12-21 13:12:44
10000962,이우은,F,1961-05-14,010-****-5071,2023-12-22 13:07:01
10000963,이유재,M,1948-07-30,010-****-0731,2023-12-22 14:37:28
10000964,최태수,M,1972-02-18,010-****-8654,2023-12-26 14:54:53
10000965,김미상,F,1978-08-13,010-****-3014,2023-12-27 09:21:42
10000966,김예소,M,1948-06-07,010-****-2603,2023-12-28 15:08:06
10000967,김태도,M,1971-06-28,010-****-6635,2023-12-29 13:09:16
10000968,조유연,F,1958-05-03,010-****-6756,2024-01-05 13:10:43
10000969,김유채,M,1945-04-26,010-****-6011,2024-01-14 08:52:12
10000970,김태미,M,1963-09-20,010-****-9253,2024-01-17 12:52:46
10000971,이은준,F,1970-01-31,010-****-7115,2024-01-18 12:53:05
10000972,류태소,F,1971-12-13,010-****-7404,2024-01-20 13:02:32
10000973,조예호,F,1994-02-05,010-****-2546,2024-01-22 14:33:40
10000974,김혜경,M,2005-06-23,010-****-2459,2024-01-24 14:43:28
10000975,강진동,M,1962-12-18,010-****-6176,2024-01-25 10:13:37
10000976,권지진,M,1954-04-11,010-****-4660,2024-01-26 14:43:13
10000977,김민준,F,1977-07-16,010-****-7601,2024-01-27 08:11:40
10000978,김채도,M,1950-01-01,010-****-9391,2024-01-28 12:37:40
10000979,강도소,F,1966-01-26,010-****-0151,2024-02-02 12:59:18
10000980,이태영,F,1964-12-31,010-****-1916,2024-02-03 13:10:07
10000981,조영연,M,1973-11-27,010-****-8771,2024-02-03 13:42:59
10000982,김예하,F,1994-04-23,010-****-7006,2024-02-04 12:48:30
10000983,박민우,M,1987-06-11,010-****-2117,2024-02-07 08:46:45
10000984,김진수,F,1958-04-17,010-****-8897,2024-02-10 13:47:57
10000985,정수진,M,1969-10-02,010-****-7357,2024-02-11 14:37:59
10000986,정예혜,F,1982-03-16,010-****-8865,2024-02-13 08:40:57
10000987,김재소,M,1994-08-11,010-****-4459,2024-02-27 13:31:29
10000988,장도현,F,1998-07-06,010-****-7728,2024-02-29 09:42:30
10000989,홍호미,M,1957-10-02,010-****-4412,2024-03-02 08:41:11
10000990,박윤민,M,1975-07-29,010-****-1433,2024-03-05 10:25:09
10000991,김연민,F,1976-04-02,010-****-4340,2024-03-06 13:09:56
10000992,김진경,F,1958-11-25,010-****-2899,2024-03-09 14:48:54
10000993,이정윤,F,1992-10-05,010-****-7331,2024-03-11 13:14:12
10000994,장예은,M,1965-03-10,010-****-0727,2024-03-12 08:39:17
10000995,김준연,F,1986-06-05,010-****-9728,2024-03-18 13:18:14
10000996,박미연,M,1949-07-16,010-****-4312,2024-03-19 14:58:39
10000997,최우준,F,1980-04-28,010-****-8258,2024-03-21 09:31:06
10000998,김지시,F,1965-06-15,010-****-2062,2024-03-24 08:57:40
10000999,김진우,M,1972-12-24,010-****-8248,2024-03-24 14:10:46
10001000,김소태,F,1969-11-14,010-****-1351,2024-03-25 08:36:42
10001001,박수호,M,1986-01-17,010-****-0861,2024-03-26 13:39:56
10001002,조호영,F,1953-03-08,010-****-2103,2024-03-28 13:24:06
10001003,황채하,M,1971-05-16,010-****-5992,2024-03-28 13:53:44
10001004,강현희,F,1977-02-05,010-****-9518,2024-03-29 14:14:22
10001005,김동유,M,1982-03-31,010-****-4041,2024-03-31 15:00:28
10001006,김채윤,M,1955-03-16,010-****-0154,2024-04-02 08:27:02
10001007,박영정,M,1964-08-21,010-****-7373,2024-04-02 09:16:44
10001008,김연미,F,1946-08-24,010-****-1018,2024-04-05 13:16:18
10001009,박동소,M,1986-12-17,010-****-5226,2024-04-11 10:01:31
10001010,김희소,F,1957-08-17,010-****-7329,2024-04-14 08:10:09
10001011,조우수,M,1938-07-22,010-****-7671,2024-04-16 14:00:10
10001012,이도미,M,1960-10-25,010-****-7096,2024-04-17 09:32:38
10001013,김호재,M,1970-04-13,010-****-7697,2024-04-21 14:53:11
10001014,류현하,M,1959-05-01,010-****-2941,2024-04-25 08:21:44
10001015,한수준,M,1979-11-10,010-****-1040,2024-04-25 09:16:03
10001016,박은채,F,1954-09-21,010-****-8060,2024-04-26 12:40:26
10001017,임정진,F,1961-12-19,010-****-0296,2024-04-26 13:05:56
10001018,이호태,M,1953-05-31,010-****-3498,2024-04-28 13:45:39
10001019,김재은,M,1980-07-27,010-****-9579,2024-04-30 08:10:07
10001020,박현태,M,1947-12-28,010-****-5043,2024-05-02 09:07:12
10001021,이현예,F,1949-12-11,010-****-3066,2024-05-03 09:12:56
10001022,류도지,F,1995-11-11,010-****-8370,2024-05-10 12:57:04
10001023,서미진,F,1942-01-14,010-****-0787,2024-05-12 09:21:11
10001024,박진윤,F,1951-08-13,010-****-3242,2024-05-22 08:15:00
10001025,정도수,F,1945-07-28,010-****-6379,2024-05-24 09:09:17
10001026,이지진,M,1962-01-08,010-****-2896,2024-05-24 13:41:22
10001027,이수정,F,1951-03-14,010-****-8661,2024-05-25 14:05:58
10001028,김성은,M,1954-06-16,010-****-5737,2024-05-27 13:25:56
10001029,서예지,M,1948-07-23,010-****-2717,2024-06-02 08:32:51
10001030,김예하,M,1972-11-12,010-****-4998,2024-06-06 13:17:54
10001031,김호성,M,1982-09-05,010-****-8766,2024-06-08 08:18:41
10001032,김수준,F,1969-01-03,010-****-4389,2024-06-10 08:56:07
10001033,장재호,F,1964-05-16,010-****-1977,2024-06-10 13:28:18
10001034,강예우,M,1982-10-06,010-****-3764,2024-06-11 08:22:58
10001035,이혜하,F,2002-04-10,010-****-2852,2024-06-18 08:02:42
10001036,김예정,M,1955-01-12,010-****-5517,2024-06-21 09:22:18
10001037,이우지,F,1953-09-10,010-****-4546,2024-06-27 13:45:35
10001038,이도지,M,1964-04-22,010-****-9056,2024-06-30 09:12:46
10001039,오희수,F,1951-03-07,010-****-1497,2024-06-30 09:59:57
10001040,김성유,M,1965-05-31,010-****-5260,2024-07-01 13:37:48
10001041,최은진,M,1941-11-21,010-****-3316,2024-07-04 13:07:31
10001042,송혜현,M,1964-05-15,010-****-9744,2024-07-10 13:59:51
10001043,김현하,F,1997-06-23,010-****-2908,2024-07-12 08:40:22
10001044,정동희,F,1965-02-17,010-****-1711,2024-07-14 12:40:10
10001045,최수연,F,2001-12-12,010-****-6272,2024-07-17 10:34:59
10001046,이연시,F,1942-04-29,010-****-9655,2024-07-17 12:49:00
10001047,윤영성,M,1968-07-11,010-****-0811,2024-07-18 09:27:11
10001048,이채하,M,1987-04-28,010-****-6091,2024-07-21 10:22:16
10001049,조유시,M,1955-11-24,010-****-9604,2024-07-26 13:54:16
10001050,홍소성,F,1999-03-05,010-****-2759,2024-07-28 08:09:57
10001051,서수은,M,1940-06-07,010-****-8298,2024-07-28 08:51:35
10001052,이재희,M,1979-04-18,010-****-3347,2024-07-28 13:26:22
10001053,오채서,M,1977-05-07,010-****-9290,2024-07-28 14:40:38
10001054,이상은,M,1964-09-21,010-****-8926,2024-07-29 13:08:56
10001055,김유성,F,1979-08-15,010-****-9522,2024-08-02 09:31:23
10001056,김상성,F,1974-12-02,010-****-2185,2024-08-04 09:09:09
10001057,조도하,F,1940-03-01,010-****-1767,2024-08-04 12:44:58
10001058,이상유,M,1964-01-30,010-****-9976,2024-08-07 13:55:31
10001059,이성재,F,1955-01-07,010-****-6759,2024-08-15 08:30:25
10001060,이현호,F,1945-09-05,010-****-0780,2024-08-18 08:11:21
10001061,홍진태,F,1992-05-03,010-****-9332,2024-08-18 08:28:15
10001062,이상도,F,1968-05-26,010-****-2683,2024-08-21 08:18:03
10001063,강예경,M,1955-05-21,010-****-3940,2024-08-22 08:41:35
10001064,이하민,M,1959-05-21,010-****-9510,2024-08-22 08:42:46
10001065,류태시,F,1994-07-14,010-****-2342,2024-08-23 13:41:15
10001066,안현하,M,1952-10-04,010-****-1459,2024-08-26 13:40:45
10001067,김윤도,F,1996-06-10,010-****-3710,2024-08-28 13:27:38
10001068,권서윤,M,1960-07-26,010-****-9308,2024-08-30 14:00:50
10001069,신연영,M,1990-07-25,010-****-5889,2024-09-03 13:36:51
10001070,이예서,F,1981-07-29,010-****-1121,2024-09-04 08:06:43
10001071,서영태,M,1960-08-18,010-****-1580,2024-09-06 08:10:51
10001072,최연호,F,1970-02-14,010-****-9475,2024-09-11 13:08:32
10001073,김윤서,M,1981-07-28,010-****-1182,2024-09-11 15:15:10
10001074,김성하,F,1980-11-14,010-****-6272,2024-09-13 09:10:16
10001075,홍태우,F,1983-06-04,010-****-0061,2024-09-15 14:09:25
10001076,박하채,F,1944-08-13,010-****-4055,2024-09-16 12:52:51
10001077,이하상,M,2001-12-12,010-****-4218,2024-09-23 09:37:48
10001078,김예성,F,1943-09-22,010-****-7051,2024-09-27 13:15:43
10001079,김민영,F,2002-11-23,010-****-3195,2024-09-30 09:06:24
10001080,김수윤,F,1960-06-02,010-****-3261,2024-09-30 13:56:33
10001081,이현시,F,1982-02-01,010-****-3448,2024-10-01 15:07:06
10001082,이우태,M,1963-02-02,010-****-3832,2024-10-05 09:50:05
10001083,박민동,F,1981-10-16,010-****-9694,2024-10-05 14:38:12
10001084,김현유,F,1949-05-04,010-****-8715,2024-10-09 09:31:53
10001085,박은희,M,1959-04-07,010-****-1163,2024-10-10 09:37:35
10001086,서혜지,F,1978-03-06,010-****-8211,2024-10-18 08:45:11
10001087,박시하,M,1943-04-02,010-****-2634,2024-10-20 15:23:09
10001088,최혜영,F,1972-04-27,010-****-9340,2024-10-29 14:55:09
10001089,김도상,M,1998-08-09,010-****-4444,2024-11-02 13:30:47
10001090,윤영미,M,1950-10-14,010-****-3245,2024-11-04 09:31:03
10001091,박지혜,F,1994-02-24,010-****-3734,2024-11-06 09:15:33
10001092,서동민,F,1975-05-24,010-****-1011,2024-11-06 15:08:09
10001093,김희영,F,1958-12-30,010-****-5598,2024-11-07 13:25:43
10001094,박준현,F,1981-10-19,010-****-3554,2024-11-07 14:09:13
10001095,강영정,F,1951-03-09,010-****-2175,2024-11-09 08:21:12
10001096,이호영,M,1969-08-09,010-****-7713,2024-11-10 12:57:12
10001097,박정준,M,1972-01-16,010-****-5468,2024-11-10 13:43:18
10001098,강은재,F,1951-06-26,010-****-2035,2024-11-11 09:28:52
10001099,박현성,F,1992-09-29,010-****-3706,2024-11-12 12:51:52
10001100,조혜준,F,1973-12-17,010-****-1498,2024-11-15 13:46:07
10001101,이진혜,F,1956-05-18,010-****-8862,2024-11-15 14:05:45
10001102,김동경,M,1955-11-22,010-****-8137,2024-11-16 08:55:46
10001103,정지재,M,1982-08-31,010-****-4405,2024-11-19 12:54:22
10001104,김채미,F,1985-07-11,010-****-6826,2024-11-23 08:45:57
10001105,김지시,F,1957-11-18,010-****-5463,2024-11-24 09:08:34
10001106,이시연,F,1976-10-26,010-****-2663,2024-11-28 13:33:05
10001107,박민시,F,1977-03-16,010-****-0997,2024-11-29 13:04:15
10001108,김유은,M,1955-03-23,010-****-0498,2024-11-30 08:27:45
10001109,이은수,F,1985-08-09,010-****-3636,2024-12-02 13:25:31
10001110,한유준,F,1986-08-26,010-****-3129,2024-12-03 14:26:12
10001111,박지예,M,1989-09-03,010-****-6673,2024-12-04 10:19:44
10001112,송도지,F,1971-08-06,010-****-4971,2024-12-05 08:18:49
10001113,김희도,M,1976-11-03,010-****-6547,2024-12-05 14:27:06
10001114,류미성,F,1980-06-14,010-****-2673,2024-12-06 13:45:29
10001115,이호경,M,1958-01-13,010-****-7133,2024-12-07 08:19:21
10001116,강윤민,F,1968-06-29,010-****-0954,2024-12-07 09:18:00
10001117,이윤혜,F,1946-07-10,010-****-9496,2024-12-08 13:45:33
10001118,권민예,F,1994-11-04,010-****-7558,2024-12-11 14:22:32
10001119,최성재,F,1965-07-09,010-****-3991,2024-12-23 09:17:13
10001120,조동현,F,1968-05-29,010-****-4830,2024-12-25 10:33:02
10001121,장시유,M,1954-03-12,010-****-0793,2024-12-25 12:46:51
10001122,황하지,M,1971-07-18,010-****-5052,2024-12-29 10:31:56
10001123,강재수,M,1975-09-06,010-****-1935,2025-01-01 12:38:14
10001124,박하진,M,1968-07-20,010-****-7214,2025-01-02 13:13:53
10001125,강정희,M,1964-09-25,010-****-8826,2025-01-05 13:55:00
10001126,박하도,M,1971-12-27,010-****-4099,2025-01-06 08:52:32
10001127,황연지,M,1955-03-31,010-****-4855,2025-01-06 10:09:04
10001128,송하준,M,1959-09-01,010-****-2139,2025-01-06 14:12:14
10001129,강희현,F,1981-08-09,010-****-2591,2025-01-07 08:48:02
10001130,최하현,F,1966-09-25,010-****-9735,2025-01-07 08:48:46
10001131,박하도,M,1970-10-20,010-****-0068,2025-01-07 12:57:13
10001132,신성미,F,1970-01-31,010-****-6290,2025-01-07 14:12:48
10001133,김시예,F,1969-09-22,010-****-2592,2025-01-08 08:32:34
10001134,이성시,M,1973-06-05,010-****-3373,2025-01-08 13:34:21
10001135,조정하,M,1954-08-27,010-****-0618,2025-01-09 10:06:32
10001136,이경혜,F,1967-02-21,010-****-7921,2025-01-10 12:40:47
10001137,박하우,F,1944-06-28,010-****-9893,2025-01-10 12:47:40
10001138,박수예,M,1939-01-27,010-****-5589,2025-01-10 12:59:13
10001139,서유예,M,1964-05-27,010-****-1025,2025-01-13 08:18:26
10001140,김진미,M,1974-03-25,010-****-0793,2025-01-13 13:32:42
10001141,최현예,M,1975-08-24,010-****-6632,2025-01-13 14:12:11
10001142,김미예,M,1964-02-19,010-****-2387,2025-01-13 14:44:46
10001143,정준영,M,2004-11-22,010-****-3682,2025-01-14 08:33:27
10001144,이영재,M,1977-07-28,010-****-8749,2025-01-14 09:50:55
10001145,김현진,M,1950-03-27,010-****-6897,2025-01-14 12:52:30
10001146,정미하,F,1969-05-04,010-****-8762,2025-01-14 13:05:57
10001147,이현도,F,1955-07-12,010-****-9221,2025-01-14 13:19:18
10001148,안도서,F,1954-05-31,010-****-4435,2025-01-15 09:46:02
10001149,박상정,M,1945-04-04,010-****-4884,2025-01-16 08:57:34
10001150,이호미,M,1949-07-23,010-****-5488,2025-01-16 09:45:55
10001151,오은윤,F,1983-09-01,010-****-1544,2025-01-16 12:57:17
10001152,황도서,M,1980-02-15,010-****-4990,2025-01-16 13:38:16
10001153,황진호,F,1943-08-22,010-****-6970,2025-01-17 13:18:53
10001154,이우진,F,1954-07-29,010-****-1282,2025-01-17 13:41:20
10001155,이연성,F,1970-01-12,010-****-2758,2025-01-18 13:55:36
10001156,최채서,M,1959-11-22,010-****-5912,2025-01-19 14:06:18
10001157,김태상,F,1995-01-19,010-****-3326,2025-01-20 08:33:07
10001158,박은태,F,1985-09-09,010-****-9928,2025-01-20 09:11:38
10001159,장진경,F,1982-01-27,010-****-5868,2025-01-20 12:47:19
10001160,박소우,M,1980-08-25,010-****-0373,2025-01-20 14:06:51
10001161,김채준,F,1980-12-15,010-****-8954,2025-01-20 14:58:40
10001162,박우예,F,1966-03-21,010-****-6538,2025-01-22 14:13:22
10001163,최희현,M,1982-07-27,010-****-8661,2025-01-23 12:41:20
10001164,이동호,M,1962-08-30,010-****-4665,2025-01-24 08:54:11
10001165,김수영,M,1974-11-07,010-****-8186,2025-01-24 09:23:43
10001166,이윤우,M,1958-04-07,010-****-3856,2025-01-24 09:38:28
10001167,이서영,F,1981-05-30,010-****-4999,2025-01-25 13:04:33
10001168,이현도,F,1961-06-11,010-****-3929,2025-01-25 13:19:59
10001169,임연은,M,1958-10-02,010-****-1240,2025-01-26 13:27:06
10001170,정태서,F,1961-06-04,010-****-2484,2025-01-27 08:02:40
10001171,이정혜,F,1964-04-14,010-****-0171,2025-01-27 08:35:52
10001172,김태성,M,1938-08-10,010-****-2123,2025-01-27 10:02:43
10001173,정윤상,F,1980-10-21,010-****-4398,2025-01-27 10:14:13
10001174,정지서,F,1945-03-10,010-****-6087,2025-01-27 12:56:43
10001175,윤은혜,F,1968-12-29,010-****-4626,2025-01-27 13:25:42
10001176,김상시,F,2002-10-09,010-****-1583,2025-01-27 14:03:20
10001177,서유채,F,1968-09-02,010-****-0840,2025-01-27 14:19:23
10001178,정도혜,M,1987-02-10,010-****-4456,2025-01-28 08:50:09
10001179,이진시,F,1961-08-25,010-****-6369,2025-01-28 12:46:00
10001180,신준동,M,1952-09-30,010-****-3873,2025-01-28 13:47:07
10001181,최성재,M,1973-12-11,010-****-1912,2025-01-30 08:53:21
10001182,김동채,F,1996-08-14,010-****-2767,2025-01-30 10:32:33
10001183,김하상,M,1970-05-10,010-****-0089,2025-01-30 14:26:48
10001184,박유민,M,1972-11-10,010-****-1079,2025-01-31 09:16:30
10001185,안재현,F,1969-12-10,010-****-7800,2025-01-31 10:56:08
10001186,최미도,F,1983-11-19,010-****-4264,2025-02-03 08:06:51
10001187,송진태,M,1937-06-02,010-****-9038,2025-02-03 08:18:57
10001188,강서미,F,1960-03-02,010-****-4751,2025-02-03 08:38:30
10001189,김윤도,M,1991-02-10,010-****-4656,2025-02-03 10:55:01
10001190,정정성,M,1998-07-16,010-****-2687,2025-02-03 12:41:34
10001191,이도희,M,1959-10-01,010-****-5357,2025-02-04 09:27:21
10001192,김연윤,M,1943-05-28,010-****-9589,2025-02-04 13:50:48
10001193,김정경,M,1966-01-16,010-****-1528,2025-02-05 08:22:59
10001194,정희태,F,1952-10-19,010-****-9321,2025-02-05 10:10:36
10001195,장현민,M,1988-07-30,010-****-4390,2025-02-05 12:44:47
10001196,서우경,F,2011-03-29,010-****-5399,2025-02-06 12:50:02
10001197,송정채,F,1983-12-22,010-****-3382,2025-02-06 14:25:20
10001198,김윤우,F,1940-07-11,010-****-0004,2025-02-07 13:24:02
10001199,박영수,F,1970-10-04,010-****-3237,2025-02-07 13:45:40
10001200,이혜태,M,1981-10-25,010-****-0255,2025-02-10 13:04:09
10001201,최서진,F,1976-08-26,010-****-5599,2025-02-10 13:14:30
10001202,김태진,F,1964-09-30,010-****-0943,2025-02-10 13:19:48
10001203,박호은,M,2001-04-29,010-****-9985,2025-02-13 08:27:28
10001204,임진시,F,1971-01-15,010-****-3031,2025-02-14 09:44:06
10001205,권하혜,M,1948-10-11,010-****-2204,2025-02-14 13:24:37
10001206,이수정,M,1937-06-12,010-****-7903,2025-02-16 08:15:52
10001207,김현연,F,1952-11-24,010-****-7893,2025-02-17 09:38:37
10001208,이혜우,F,1950-07-15,010-****-3819,2025-02-17 12:41:12
10001209,권도우,F,1944-05-30,010-****-3128,2025-02-17 14:16:39
10001210,박재경,M,1984-09-07,010-****-8271,2025-02-18 08:55:36
10001211,신영성,M,2010-04-11,010-****-3364,2025-02-18 10:33:05
10001212,이채윤,M,1985-01-26,010-****-5731,2025-02-18 13:08:13
10001213,김하진,M,1988-11-02,010-****-1777,2025-02-18 13:20:22
10001214,김서혜,F,1990-10-23,010-****-0665,2025-02-19 14:17:07
10001215,이동현,M,1950-11-05,010-****-3966,2025-02-20 09:22:48
10001216,이동혜,M,1994-03-17,010-****-1015,2025-02-20 14:06:13
10001217,이재예,M,1980-05-01,010-****-2029,2025-02-20 14:21:52
10001218,박수서,F,1963-01-29,010-****-8392,2025-02-20 14:40:05
10001219,류윤지,F,1989-10-01,010-****-5855,2025-02-21 13:08:44
10001220,김동소,M,2009-08-26,010-****-2036,2025-02-24 09:45:39
10001221,김태현,F,1960-07-12,010-****-2723,2025-02-25 09:43:01
10001222,박예호,F,2011-12-05,010-****-3763,2025-02-25 10:35:01
10001223,이지민,F,1984-12-21,010-****-1512,2025-02-27 10:18:13
10001224,이태희,M,1971-12-26,010-****-5665,2025-02-27 13:03:17
10001225,김경연,M,1944-02-05,010-****-9377,2025-02-27 13:46:34
10001226,조도예,F,1986-02-09,010-****-6796,2025-02-27 14:50:03
10001227,윤은현,F,1940-03-25,010-****-4718,2025-02-28 13:46:01
10001228,김진연,M,1969-12-22,010-****-0694,2025-02-28 15:00:20
10001229,이은희,M,1970-04-24,010-****-8263,2025-03-03 08:23:05
10001230,조현동,M,1991-02-08,010-****-1090,2025-03-03 13:12:57
10001231,김희우,F,1947-06-16,010-****-4790,2025-03-03 13:15:55
10001232,김영성,F,1995-12-03,010-****-1953,2025-03-04 10:02:50
10001233,윤수재,M,1961-08-27,010-****-3005,2025-03-04 14:04:18
10001234,이혜상,M,2012-08-23,010-****-8157,2025-03-04 14:25:01
10001235,안시도,F,1980-10-16,010-****-5229,2025-03-05 14:32:35
10001236,류미도,M,1952-04-27,010-****-2599,2025-03-06 08:38:49
10001237,김호동,M,2012-10-21,010-****-9737,2025-03-06 08:46:39
10001238,김태유,F,1985-01-29,010-****-9006,2025-03-06 10:38:34
10001239,오우성,M,1950-05-19,010-****-8583,2025-03-06 14:54:37
10001240,윤연상,F,1951-05-13,010-****-9671,2025-03-07 08:16:29
10001241,오희동,F,1941-03-05,010-****-1633,2025-03-07 10:08:23
10001242,김유예,F,1979-01-12,010-****-9845,2025-03-10 08:31:49
10001243,김지희,M,1954-07-24,010-****-9504,2025-03-10 09:46:03
10001244,임유혜,M,2013-12-30,010-****-2136,2025-03-10 13:11:03
10001245,박민연,F,1974-07-07,010-****-3757,2025-03-10 14:39:46
10001246,김미진,F,1949-07-20,010-****-0357,2025-03-11 08:51:02
10001247,이현동,F,1983-03-09,010-****-9769,2025-03-11 14:15:40
10001248,조지재,M,1958-02-16,010-****-1718,2025-03-12 08:29:50
10001249,송유채,M,2008-01-16,010-****-1438,2025-03-12 10:20:47
10001250,김소동,M,1959-03-14,010-****-0041,2025-03-13 14:22:48
10001251,이지유,M,1963-08-09,010-****-5394,2025-03-14 13:42:30
10001252,이윤하,F,1976-01-08,010-****-4288,2025-03-17 09:28:13
10001253,신시상,M,2011-05-20,010-****-9045,2025-03-17 12:43:01
10001254,김준하,F,1995-10-09,010-****-8500,2025-03-17 13:12:01
10001255,박진하,M,1950-04-23,010-****-5230,2025-03-18 08:15:54
10001256,이미지,M,1944-08-28,010-****-2074,2025-03-20 08:48:14
10001257,김예희,M,1968-07-25,010-****-7236,2025-03-20 09:03:45
10001258,서소시,F,1942-09-11,010-****-4083,2025-03-20 09:12:28
10001259,최진윤,M,1975-02-12,010-****-2679,2025-03-20 09:13:26
10001260,서상정,F,1959-12-09,010-****-7948,2025-03-20 12:47:29
10001261,강지동,M,1984-12-07,010-****-9091,2025-03-21 08:24:53
10001262,김유윤,F,1981-05-22,010-****-7919,2025-03-23 08:09:33
10001263,한희성,M,1963-10-16,010-****-2643,2025-03-24 13:11:55
10001264,신윤동,F,1981-03-28,010-****-1301,2025-03-24 13:24:51
10001265,신재지,F,1964-12-22,010-****-7322,2025-03-25 08:34:28
10001266,강채서,F,1987-07-05,010-****-1770,2025-03-25 12:51:06
10001267,조하은,F,1945-02-07,010-****-6449,2025-03-26 13:28:43
10001268,송호태,M,1959-07-10,010-****-3284,2025-03-27 08:40:21
10001269,류민경,M,1949-12-02,010-****-5790,2025-03-31 08:01:45
10001270,한우윤,F,1987-10-07,010-****-2965,2025-03-31 09:56:16
10001271,신현윤,M,1954-01-30,010-****-6123,2025-03-31 12:33:56
10001272,장태희,M,1951-05-05,010-****-7548,2025-03-31 12:41:08
10001273,정서성,M,1990-03-09,010-****-8339,2025-03-31 12:49:58
10001274,이성시,F,1957-07-20,010-****-5277,2025-03-31 12:52:00
10001275,이영지,F,1984-02-07,010-****-7615,2025-03-31 13:32:04
10001276,황재혜,M,1955-04-29,010-****-7005,2025-03-31 14:26:44
10001277,이정시,M,1964-06-06,010-****-5021,2025-04-01 14:03:34
10001278,정동민,M,1947-02-13,010-****-6794,2025-04-02 13:27:47
10001279,조우소,F,1951-01-12,010-****-0810,2025-04-03 08:38:21
10001280,정도유,F,1980-11-10,010-****-2418,2025-04-03 08:54:19
10001281,김경도,M,1941-01-19,010-****-1632,2025-04-03 13:25:53
10001282,김경예,F,1975-12-13,010-****-0062,2025-04-04 10:17:05
10001283,윤동서,M,1953-06-14,010-****-3204,2025-04-06 09:02:33
10001284,장준태,M,1960-01-27,010-****-5666,2025-04-07 08:41:30
10001285,조희경,M,1960-05-13,010-****-8011,2025-04-07 09:30:11
10001286,김채영,M,1961-01-05,010-****-1855,2025-04-07 09:33:50
10001287,서동은,F,1964-07-18,010-****-2091,2025-04-09 08:38:17
10001288,이연성,F,1946-12-06,010-****-3273,2025-04-09 09:28:11
10001289,김영희,F,1982-02-20,010-****-5888,2025-04-09 14:05:02
10001290,정우지,M,1956-01-25,010-****-9767,2025-04-10 08:09:00
10001291,김민희,M,2003-06-27,010-****-1851,2025-04-10 08:25:47
10001292,한영시,M,1939-07-16,010-****-4575,2025-04-10 09:19:34
10001293,최동재,M,1977-07-21,010-****-0323,2025-04-10 10:44:48
10001294,조유재,F,1940-04-29,010-****-6763,2025-04-11 14:09:41
10001295,이도예,M,1977-01-18,010-****-5219,2025-04-12 08:24:01
10001296,김경현,F,1959-11-06,010-****-4491,2025-04-12 13:22:33
10001297,이시하,M,1944-05-26,010-****-1664,2025-04-12 13:24:25
10001298,송채정,M,1948-06-26,010-****-4408,2025-04-13 09:07:03
10001299,홍동시,M,1991-01-10,010-****-8203,2025-04-14 08:35:13
10001300,이태재,F,1960-09-02,010-****-9049,2025-04-14 09:36:22
10001301,이서우,M,1989-03-14,010-****-1947,2025-04-14 13:43:23
10001302,최영태,M,2008-06-30,010-****-6916,2025-04-16 09:02:37
10001303,이은채,M,1977-07-07,010-****-6508,2025-04-16 12:35:50
10001304,이준시,M,1979-12-09,010-****-5127,2025-04-17 08:36:22
10001305,김희영,M,1979-10-22,010-****-2471,2025-04-17 09:26:13
10001306,강혜소,F,1986-02-06,010-****-4466,2025-04-17 14:41:32
10001307,최성은,F,1994-01-13,010-****-4897,2025-04-17 14:53:25
10001308,강연예,F,1978-05-18,010-****-0115,2025-04-18 14:06:26
10001309,강예도,M,1988-07-03,010-****-7449,2025-04-21 08:02:12
10001310,박미유,M,1977-07-27,010-****-1833,2025-04-21 12:45:34
10001311,윤하성,F,1980-11-12,010-****-0982,2025-04-21 13:26:40
10001312,오유시,F,2012-03-11,010-****-6695,2025-04-21 13:29:56
10001313,최태준,M,1960-01-27,010-****-4278,2025-04-22 09:28:29
10001314,강지진,F,1968-06-24,010-****-7723,2025-04-22 09:44:46
10001315,정준경,M,1977-12-10,010-****-5529,2025-04-23 08:26:10
10001316,박태소,M,1974-06-18,010-****-5077,2025-04-23 12:54:09
10001317,정연채,M,1962-07-18,010-****-3661,2025-04-23 14:51:01
10001318,김성희,F,1959-04-09,010-****-7855,2025-04-24 09:06:53
10001319,정혜성,F,1951-08-30,010-****-8270,2025-04-24 10:04:12
10001320,박소상,M,1946-03-30,010-****-6629,2025-04-24 13:23:44
10001321,윤하희,M,1997-02-03,010-****-6039,2025-04-24 13:24:13
10001322,김민유,M,1952-06-04,010-****-7258,2025-04-25 08:37:00
10001323,강성서,M,1962-06-05,010-****-5257,2025-04-26 13:21:42
10001324,김상진,F,2000-10-25,010-****-3366,2025-04-26 14:56:15
10001325,김정하,M,1981-04-10,010-****-5102,2025-04-27 13:31:08
10001326,신혜진,F,1991-04-28,010-****-3414,2025-04-28 08:24:57
10001327,장예동,M,1961-03-03,010-****-0986,2025-04-28 13:11:17
10001328,박수정,M,1993-05-16,010-****-4060,2025-04-28 15:15:32
10001329,정채하,F,1951-03-29,010-****-9337,2025-04-29 08:35:21
10001330,장경상,M,1967-03-16,010-****-3560,2025-04-29 13:20:21
10001331,강예혜,F,1986-12-10,010-****-9604,2025-05-01 08:28:43
10001332,박소성,M,1985-10-06,010-****-3391,2025-05-01 09:46:40
10001333,김소연,M,1949-09-26,010-****-0520,2025-05-02 09:07:54
10001334,김현정,F,1954-02-09,010-****-9494,2025-05-03 09:29:42
10001335,오우상,F,1980-09-24,010-****-6424,2025-05-03 13:10:43
10001336,최지미,M,1959-09-23,010-****-6017,2025-05-05 08:07:55
10001337,권우희,M,1977-09-05,010-****-4311,2025-05-05 08:21:05
10001338,윤서하,M,1954-05-01,010-****-4628,2025-05-05 09:05:14
10001339,박동호,F,1947-02-22,010-****-7793,2025-05-05 09:44:37
10001340,박현미,M,1978-10-04,010-****-8440,2025-05-05 10:27:59
10001341,이하정,F,1950-07-04,010-****-6556,2025-05-05 14:09:17
10001342,박소윤,F,1960-05-14,010-****-3933,2025-05-05 14:18:18
10001343,조희시,M,1966-01-17,010-****-8810,2025-05-05 15:02:09
10001344,김서상,F,1991-01-20,010-****-9716,2025-05-06 08:29:42
10001345,정서윤,F,2011-03-07,010-****-7947,2025-05-06 09:07:09
10001346,최연서,F,1966-05-16,010-****-3483,2025-05-06 13:55:59
10001347,오유상,M,1945-04-16,010-****-8549,2025-05-06 14:18:21
10001348,최지정,M,1982-04-30,010-****-3536,2025-05-06 15:01:21
10001349,송재윤,M,1946-10-01,010-****-0786,2025-05-06 15:13:46
10001350,장은경,F,1951-12-23,010-****-3900,2025-05-07 13:47:22
10001351,오시유,F,1997-09-25,010-****-3248,2025-05-08 08:10:49
10001352,오태예,F,2004-11-12,010-****-0204,2025-05-08 09:14:07
10001353,이연시,M,1988-02-25,010-****-1224,2025-05-09 13:53:44
10001354,신동예,M,1985-01-22,010-****-4131,2025-05-12 09:07:30
10001355,신서소,F,2003-12-03,010-****-4582,2025-05-12 12:43:47
10001356,김연진,M,1956-12-30,010-****-2034,2025-05-12 12:55:04
10001357,박혜수,M,1957-08-31,010-****-2266,2025-05-12 14:48:29
10001358,이지예,M,1947-10-14,010-****-6087,2025-05-13 13:41:58
10001359,최호소,M,1973-03-04,010-****-1063,2025-05-14 13:10:03
10001360,김소준,F,1953-10-23,010-****-3360,2025-05-15 13:05:36
10001361,강경유,F,1953-02-23,010-****-4753,2025-05-15 14:08:06
10001362,임서미,F,1961-07-06,010-****-2435,2025-05-16 09:57:30
10001363,안희민,F,1985-02-24,010-****-7200,2025-05-16 10:14:40
10001364,윤정윤,M,1987-04-07,010-****-9863,2025-05-19 08:54:42
10001365,강예시,M,2005-10-08,010-****-3912,2025-05-19 09:13:47
10001366,이우준,M,1994-04-22,010-****-1710,2025-05-19 11:06:37
10001367,김시지,F,1944-09-28,010-****-9675,2025-05-19 12:36:58
10001368,김경하,M,1995-11-24,010-****-1428,2025-05-19 12:59:01
10001369,임민준,M,1966-06-23,010-****-5403,2025-05-19 13:18:08
10001370,박현예,F,1964-08-17,010-****-3883,2025-05-19 14:01:56
10001371,권서현,F,2008-11-17,010-****-1185,2025-05-20 09:15:59
10001372,서하경,F,1954-11-23,010-****-8615,2025-05-20 09:25:00
10001373,강혜진,M,1982-10-07,010-****-2857,2025-05-20 14:10:56
10001374,박혜영,M,2000-06-01,010-****-3260,2025-05-22 08:45:39
10001375,박도지,F,1964-05-23,010-****-8744,2025-05-22 09:01:53
10001376,이도우,F,1969-02-20,010-****-6288,2025-05-22 09:37:27
10001377,황지도,M,1968-02-14,010-****-0826,2025-05-22 12:35:27
10001378,이정서,F,1978-10-22,010-****-1298,2025-05-22 14:38:12
10001379,이태우,M,1969-11-26,010-****-8536,2025-05-23 13:20:48
10001380,강동혜,M,1943-10-12,010-****-8343,2025-05-24 12:42:20
10001381,황미혜,M,1975-12-14,010-****-6897,2025-05-25 13:16:05
10001382,박소미,M,1957-11-14,010-****-7172,2025-05-26 08:29:52
10001383,김태하,F,1974-06-04,010-****-5699,2025-05-26 09:30:19
10001384,류유동,M,1966-10-30,010-****-1143,2025-05-26 09:36:10
10001385,이호소,F,1962-03-15,010-****-4162,2025-05-26 10:38:52
10001386,김은연,F,1945-08-09,010-****-7163,2025-05-28 08:44:21
10001387,조태미,M,1953-06-04,010-****-4792,2025-05-28 13:00:26
10001388,김준성,M,1953-12-23,010-****-1521,2025-05-29 08:25:36
10001389,정경시,M,1999-01-12,010-****-0666,2025-05-29 08:28:43
10001390,이시우,F,1945-02-17,010-****-7071,2025-05-29 13:43:16
10001391,김준서,M,1959-06-10,010-****-3215,2025-05-30 13:01:47
10001392,김재우,M,1974-12-04,010-****-9364,2025-05-30 14:04:10
10001393,김연재,F,1965-03-04,010-****-4870,2025-06-01 09:19:33
10001394,임연도,M,2003-02-27,010-****-2315,2025-06-02 08:48:13
10001395,이지수,M,1980-04-14,010-****-2318,2025-06-02 12:54:17
10001396,김연진,M,1955-08-16,010-****-0383,2025-06-02 13:06:05
10001397,장정희,M,1957-04-28,010-****-6137,2025-06-03 12:48:44
10001398,안민도,M,1952-04-12,010-****-0879,2025-06-03 13:04:15
10001399,김경윤,M,1973-03-08,010-****-2179,2025-06-04 10:18:34
10001400,김희서,M,1948-05-08,010-****-4170,2025-06-05 09:30:43
10001401,이미은,F,1979-05-10,010-****-1369,2025-06-05 13:00:26
10001402,김도시,M,1980-07-09,010-****-3914,2025-06-05 14:12:30
10001403,임동시,F,1978-09-28,010-****-2004,2025-06-09 08:13:35
10001404,임지경,F,1964-03-16,010-****-8191,2025-06-09 08:18:08
10001405,박윤현,F,1978-10-25,010-****-1791,2025-06-09 08:32:27
10001406,박혜상,M,1975-11-21,010-****-6598,2025-06-09 08:40:08
10001407,정상은,M,1995-08-19,010-****-2653,2025-06-09 12:35:20
10001408,한재지,M,1968-08-23,010-****-9957,2025-06-10 09:58:31
10001409,오혜희,F,2012-04-16,010-****-3435,2025-06-10 13:02:59
10001410,이하현,M,1972-04-16,010-****-0973,2025-06-10 14:11:45
10001411,김희예,F,1973-07-29,010-****-8132,2025-06-11 12:54:07
10001412,최혜채,M,1955-01-13,010-****-5754,2025-06-12 13:06:26
10001413,임유예,M,1995-01-27,010-****-8927,2025-06-13 12:45:45
10001414,정민현,M,1993-02-16,010-****-1993,2025-06-16 09:21:37
10001415,장하채,F,1969-11-06,010-****-2860,2025-06-17 08:29:41
10001416,이호채,F,1983-02-28,010-****-6104,2025-06-17 09:50:39
10001417,이민연,F,1961-05-13,010-****-7828,2025-06-17 10:43:39
10001418,이은하,F,1969-05-08,010-****-6231,2025-06-17 14:14:33
10001419,임서지,M,2018-04-26,010-****-7839,2025-06-18 08:29:45
10001420,윤정시,M,1962-03-01,010-****-8332,2025-06-19 08:58:21
10001421,최미소,F,1962-02-16,010-****-5590,2025-06-19 09:11:45
10001422,이하서,M,1954-06-29,010-****-6022,2025-06-19 09:11:51
10001423,김태연,F,1985-07-04,010-****-3716,2025-06-19 12:50:19
10001424,김우현,F,1982-04-24,010-****-3625,2025-06-20 08:13:47
10001425,정윤유,F,1948-12-01,010-****-1361,2025-06-20 09:20:14
10001426,최태재,M,1968-09-02,010-****-8757,2025-06-20 10:07:33
10001427,김상재,M,1965-07-10,010-****-8516,2025-06-23 10:12:47
10001428,강예윤,M,1974-09-13,010-****-4688,2025-06-23 12:46:18
10001429,장수준,M,1953-07-07,010-****-1807,2025-06-23 14:25:14
10001430,이윤준,M,1952-06-13,010-****-0184,2025-06-24 12:47:47
10001431,이태경,M,1948-11-27,010-****-3881,2025-06-24 14:07:02
10001432,안준호,M,1948-05-24,010-****-0719,2025-06-25 13:31:31
10001433,김호시,F,1972-10-02,010-****-9932,2025-06-25 13:47:45
10001434,박현은,M,1976-10-22,010-****-9706,2025-06-26 08:05:07
10001435,강현윤,F,1971-05-11,010-****-1329,2025-06-26 08:49:25
10001436,박혜연,F,1969-12-04,010-****-1874,2025-06-26 08:57:28
10001437,송윤하,F,1966-06-29,010-****-8216,2025-06-26 09:13:03
10001438,강하도,M,1978-05-22,010-****-4348,2025-06-26 09:54:52
10001439,김연지,M,1961-11-26,010-****-1652,2025-06-27 15:17:31
10001440,이미진,F,1970-11-14,010-****-4849,2025-06-30 09:21:39
10001441,이경서,F,1972-09-16,010-****-8070,2025-06-30 09:51:18
10001442,임예현,M,1980-04-30,010-****-7256,2025-06-30 13:02:59
10001443,이은희,F,1968-03-14,010-****-2384,2025-06-30 14:21:34
10001444,박진예,M,1956-04-18,010-****-6782,2025-06-30 14:28:18
10001445,이정지,F,1959-01-20,010-****-9052,2025-07-01 08:06:20
10001446,김시영,F,1964-03-21,010-****-8807,2025-07-01 08:44:34
10001447,김진희,F,1955-10-17,010-****-1924,2025-07-01 09:34:48
10001448,이태지,F,1989-02-18,010-****-9335,2025-07-01 14:38:24
10001449,최시준,M,1961-11-20,010-****-0433,2025-07-02 08:59:57
10001450,오수연,F,1963-07-30,010-****-2816,2025-07-02 12:52:29
10001451,조재상,M,1956-04-30,010-****-8433,2025-07-02 13:11:23
10001452,임영채,F,1965-08-29,010-****-6456,2025-07-03 13:39:49
10001453,강진연,F,1970-03-10,010-****-5480,2025-07-03 14:52:56
10001454,정은호,M,1956-04-19,010-****-8020,2025-07-05 08:14:00
10001455,서혜정,F,1981-07-20,010-****-8713,2025-07-07 08:08:57
10001456,김채상,F,1966-09-26,010-****-6570,2025-07-07 10:21:20
10001457,김채수,F,1967-07-14,010-****-6327,2025-07-07 12:52:20
10001458,김현예,F,1959-01-16,010-****-8520,2025-07-07 13:15:11
10001459,김채동,F,1997-03-23,010-****-9654,2025-07-07 13:38:27
10001460,김미진,M,1994-12-21,010-****-9707,2025-07-08 08:12:53
10001461,김영현,M,2008-12-23,010-****-7438,2025-07-08 08:28:19
10001462,박호우,M,1986-02-19,010-****-5124,2025-07-08 08:42:13
10001463,이동은,M,1964-09-18,010-****-7363,2025-07-08 09:42:35
10001464,박윤수,M,1938-11-07,010-****-4949,2025-07-08 13:11:56
10001465,최현수,M,1970-03-15,010-****-5457,2025-07-08 13:16:33
10001466,최영유,F,1952-08-08,010-****-5787,2025-07-08 13:36:46
10001467,김재정,M,1966-11-01,010-****-9726,2025-07-08 14:47:07
10001468,김시동,M,1988-01-27,010-****-7213,2025-07-08 14:58:09
10001469,조혜미,F,1974-06-02,010-****-4761,2025-07-09 12:46:26
10001470,김준윤,F,1956-08-31,010-****-6388,2025-07-09 13:59:01
10001471,김호상,F,1979-04-20,010-****-9683,2025-07-10 08:07:11
10001472,서연재,M,1963-12-25,010-****-0014,2025-07-10 08:12:24
10001473,이시희,M,1983-07-22,010-****-7287,2025-07-10 12:56:01
10001474,김미진,M,1993-03-10,010-****-3468,2025-07-10 13:05:26
10001475,이시수,F,1954-11-08,010-****-7645,2025-07-10 14:29:52
10001476,강윤재,F,1960-03-04,010-****-0099,2025-07-11 08:45:01
10001477,오태현,M,1950-11-13,010-****-1608,2025-07-11 08:49:15
10001478,이연동,M,1975-09-17,010-****-1969,2025-07-11 09:08:48
10001479,박현소,M,1971-02-09,010-****-7938,2025-07-11 13:07:10
10001480,권지서,F,1974-01-19,010-****-1196,2025-07-11 14:57:02
10001481,정현미,M,1952-04-07,010-****-3253,2025-07-14 08:09:15
10001482,김경수,F,1980-12-17,010-****-7321,2025-07-14 08:29:13
10001483,이정진,M,1988-11-06,010-****-5871,2025-07-14 08:52:31
10001484,정영정,M,1973-02-26,010-****-8106,2025-07-14 09:18:05
10001485,강수도,M,1940-05-03,010-****-7767,2025-07-14 09:21:50
10001486,강소동,F,1962-04-28,010-****-4810,2025-07-14 09:40:03
10001487,장유서,F,1973-11-14,010-****-5303,2025-07-14 13:04:46
10001488,김진현,F,1995-10-28,010-****-1941,2025-07-14 13:09:20
10001489,이채정,M,1957-12-24,010-****-3173,2025-07-14 13:17:42
10001490,김상호,M,1979-08-26,010-****-2766,2025-07-14 13:24:19
10001491,김호미,M,1973-03-25,010-****-7549,2025-07-14 13:33:02
10001492,장현영,M,1977-09-25,010-****-0101,2025-07-15 08:55:05
10001493,김연준,M,2010-11-21,010-****-8722,2025-07-15 09:02:06
10001494,김우미,M,1945-06-18,010-****-3343,2025-07-15 12:35:44
10001495,임희혜,F,2009-12-13,010-****-2843,2025-07-15 13:20:11
10001496,박수민,M,1947-07-06,010-****-7931,2025-07-15 15:08:09
10001497,김윤동,F,1962-07-22,010-****-3690,2025-07-15 15:08:22
10001498,임채혜,M,1939-08-23,010-****-2767,2025-07-16 08:10:46
10001499,김동하,M,1947-10-13,010-****-9923,2025-07-16 08:14:42
10001500,정미우,F,1983-02-03,010-****-3012,2025-07-16 08:46:41
10001501,홍윤경,F,1945-04-21,010-****-4142,2025-07-16 12:48:46
10001502,박하윤,F,1964-08-01,010-****-3604,2025-07-16 13:14:45
10001503,정경준,M,1968-10-16,010-****-0113,2025-07-16 14:28:25
10001504,김예동,F,1972-09-10,010-****-4160,2025-07-17 08:20:35
10001505,정태재,M,1982-01-12,010-****-5035,2025-07-17 08:25:43
10001506,김서진,F,1952-08-29,010-****-7113,2025-07-17 08:46:45
10001507,이혜진,M,1971-03-16,010-****-8090,2025-07-17 08:59:01
10001508,김은상,M,1947-09-27,010-****-9710,2025-07-17 13:53:12
10001509,이영상,M,1981-05-06,010-****-1476,2025-07-17 14:31:45
10001510,송지윤,F,1968-10-08,010-****-9209,2025-07-17 15:05:14
10001511,이소동,F,1937-07-25,010-****-9673,2025-07-18 08:39:37
10001512,조연수,F,1971-02-12,010-****-7679,2025-07-18 14:13:30
10001513,서혜미,M,1939-03-12,010-****-3884,2025-07-20 10:13:13
10001514,박소현,F,1943-04-05,010-****-1865,2025-07-21 12:39:27
10001515,강현태,M,1945-09-10,010-****-2764,2025-07-21 12:57:56
10001516,김은도,M,1949-06-23,010-****-4345,2025-07-21 14:34:02
10001517,김지태,F,1977-09-14,010-****-3338,2025-07-21 14:36:47
10001518,송수은,M,1976-10-15,010-****-0032,2025-07-21 15:20:19
10001519,권하연,M,2000-05-20,010-****-5497,2025-07-22 08:19:33
10001520,이민미,F,1972-11-26,010-****-6384,2025-07-22 08:32:51
10001521,신동지,F,1953-10-15,010-****-9918,2025-07-22 09:01:47
10001522,이우경,M,1961-04-19,010-****-8332,2025-07-22 09:03:38
10001523,김채연,F,1959-12-30,010-****-9693,2025-07-22 09:33:14
10001524,이하준,F,1986-10-19,010-****-1394,2025-07-22 09:43:08
10001525,김현준,M,1977-07-05,010-****-1751,2025-07-22 12:42:05
10001526,류현태,M,1968-09-10,010-****-4864,2025-07-22 13:10:40
10001527,정경태,F,1947-10-26,010-****-4080,2025-07-22 13:43:36
10001528,김준서,M,1963-07-01,010-****-1357,2025-07-22 14:06:50
10001529,김지현,M,1948-06-11,010-****-5261,2025-07-23 10:43:34
10001530,이서시,F,1942-03-08,010-****-3630,2025-07-23 13:31:17
10001531,황서현,F,1970-09-01,010-****-6180,2025-07-24 08:23:32
10001532,김영시,M,1985-12-21,010-****-5062,2025-07-24 09:22:27
10001533,김예동,M,1960-08-12,010-****-3733,2025-07-24 09:44:30
10001534,한희상,M,1980-08-28,010-****-6834,2025-07-24 13:04:49
10001535,오준유,M,1956-06-22,010-****-4393,2025-07-24 13:10:24
10001536,이정민,F,1975-06-28,010-****-8214,2025-07-24 13:35:07
10001537,김재정,M,1962-04-27,010-****-1601,2025-07-25 08:22:48
10001538,오수상,M,1947-05-03,010-****-6803,2025-07-25 10:04:14
10001539,송혜유,M,1949-06-28,010-****-0460,2025-07-25 12:47:19
10001540,서서준,F,1961-10-24,010-****-8091,2025-07-26 13:13:58
10001541,서영윤,F,1945-12-17,010-****-1269,2025-07-28 08:01:21
10001542,김현동,M,1992-01-14,010-****-0137,2025-07-28 08:13:49
10001543,장예태,F,1976-03-12,010-****-1349,2025-07-28 08:57:01
10001544,박윤지,F,1944-06-19,010-****-5805,2025-07-28 09:42:09
10001545,이소진,F,1945-07-31,010-****-0687,2025-07-28 10:07:18
10001546,이하서,F,1947-04-15,010-****-1713,2025-07-28 10:10:59
10001547,조동서,M,1996-02-01,010-****-5489,2025-07-28 12:46:14
10001548,이윤채,F,1954-05-27,010-****-3742,2025-07-28 12:48:15
10001549,김정희,F,1970-07-26,010-****-7926,2025-07-28 14:33:16
10001550,이현준,M,1958-05-14,010-****-0913,2025-07-28 14:44:16
10001551,이상현,F,2013-06-24,010-****-4448,2025-07-29 08:53:43
10001552,임윤태,F,1962-01-08,010-****-0529,2025-07-29 08:58:16
10001553,권정윤,F,1947-07-05,010-****-0822,2025-07-29 12:43:06
10001554,홍태미,M,1984-08-22,010-****-9094,2025-07-29 13:23:28
10001555,이윤민,F,1959-06-22,010-****-3587,2025-07-29 13:26:21
10001556,이영혜,F,1980-12-31,010-****-8214,2025-07-29 13:26:38
10001557,이성정,M,1952-02-13,010-****-5959,2025-07-29 13:28:16
10001558,조윤소,F,1978-07-07,010-****-8953,2025-07-29 13:33:38
10001559,김경미,M,2004-07-02,010-****-6366,2025-07-29 14:10:35
10001560,김예지,F,2021-08-10,010-****-9078,2025-07-30 08:13:46
10001561,정우윤,M,1985-09-01,010-****-9612,2025-07-30 08:57:11
10001562,박연채,F,1946-11-27,010-****-4554,2025-07-30 13:08:41
10001563,김진준,M,1938-10-31,010-****-4043,2025-07-30 13:09:48
10001564,김도태,M,1970-04-03,010-****-2010,2025-07-31 08:13:28
10001565,한윤도,F,1971-02-22,010-****-3452,2025-07-31 08:24:01
10001566,장예하,M,2005-09-26,010-****-3851,2025-07-31 09:03:40
10001567,김유하,F,1960-05-30,010-****-1263,2025-07-31 09:22:41
10001568,신경호,M,1971-01-29,010-****-4139,2025-07-31 12:33:32
10001569,임연유,F,1952-04-25,010-****-2046,2025-07-31 12:55:29
10001570,김수우,F,1951-05-28,010-****-7046,2025-07-31 13:04:21
10001571,이경호,F,1966-07-16,010-****-9253,2025-07-31 13:07:50
10001572,김하채,F,1943-07-29,010-****-2477,2025-07-31 13:12:41
10001573,이성우,F,1986-02-14,010-****-4877,2025-07-31 15:12:45
10001574,이우현,M,1959-03-26,010-****-0771,2025-08-01 08:29:35
10001575,이희재,M,1949-12-18,010-****-3577,2025-08-01 08:36:23
10001576,이동진,M,1985-08-23,010-****-4660,2025-08-01 12:52:20
10001577,김도서,F,1955-08-30,010-****-1882,2025-08-01 13:18:36
10001578,최정진,M,1952-09-13,010-****-5947,2025-08-01 13:27:45
10001579,정연도,F,1967-01-27,010-****-3209,2025-08-01 14:40:34
10001580,이민도,F,1978-01-22,010-****-5954,2025-08-04 08:04:02
10001581,송미재,M,1979-02-02,010-****-0147,2025-08-04 08:09:19
10001582,윤혜미,M,1999-05-25,010-****-8038,2025-08-04 08:16:42
10001583,박성호,M,1953-10-26,010-****-4972,2025-08-04 13:15:35
10001584,박유희,M,1971-10-30,010-****-0157,2025-08-04 15:01:28
10001585,김현연,F,1957-08-25,010-****-6450,2025-08-05 08:40:30
10001586,서경윤,F,1992-02-16,010-****-9699,2025-08-05 09:32:32
10001587,박경우,F,1967-03-04,010-****-9281,2025-08-05 12:48:41
10001588,이희우,F,1993-09-15,010-****-9099,2025-08-05 13:39:48
10001589,신성미,M,2010-02-27,010-****-7013,2025-08-05 14:00:38
10001590,최동성,F,1975-03-17,010-****-4427,2025-08-05 14:00:46
10001591,박혜시,M,1975-10-27,010-****-3685,2025-08-05 14:00:54
10001592,장은수,F,1956-02-16,010-****-1668,2025-08-05 15:17:28
10001593,김태예,F,1975-10-11,010-****-6634,2025-08-06 08:22:48
10001594,김예하,M,2008-01-31,010-****-0840,2025-08-06 08:47:54
10001595,최시호,M,1972-10-14,010-****-8292,2025-08-06 13:59:49
10001596,이채시,F,1956-06-06,010-****-3687,2025-08-06 15:02:57
10001597,김미수,F,1946-05-23,010-****-2421,2025-08-07 08:48:38
10001598,강하상,F,1982-07-19,010-****-9811,2025-08-07 08:51:02
10001599,김희예,F,1951-06-08,010-****-3585,2025-08-07 12:42:00
10001600,김정영,F,1945-10-31,010-****-9410,2025-08-07 13:36:31
10001601,이하상,M,1995-07-25,010-****-6821,2025-08-07 14:06:18
10001602,홍채영,F,1937-05-14,010-****-3820,2025-08-08 08:04:40
10001603,김희우,M,1952-03-25,010-****-8692,2025-08-08 12:44:56
10001604,조도호,M,1969-05-05,010-****-5804,2025-08-09 08:45:26
10001605,이도혜,M,1973-10-03,010-****-4509,2025-08-09 14:38:17
10001606,김미은,F,1978-12-26,010-****-8108,2025-08-11 08:03:19
10001607,박예희,M,1946-04-28,010-****-2915,2025-08-11 10:02:49
10001608,정현우,M,1951-06-15,010-****-7594,2025-08-11 10:20:35
10001609,정시혜,F,2010-09-18,010-****-4201,2025-08-11 12:41:27
10001610,송도희,F,1958-03-04,010-****-2432,2025-08-11 12:43:53
10001611,박희하,F,1996-09-21,010-****-9686,2025-08-11 12:57:45
10001612,김재채,M,1957-11-13,010-****-9891,2025-08-11 13:07:24
10001613,송유진,F,1976-02-12,010-****-3246,2025-08-11 13:15:43
10001614,김재도,M,1966-12-19,010-****-6544,2025-08-11 13:18:38
10001615,이재호,F,2004-05-28,010-****-0046,2025-08-11 13:56:46
10001616,정민영,F,1973-02-21,010-****-3200,2025-08-11 14:52:33
10001617,이현연,M,1976-08-13,010-****-5301,2025-08-12 08:16:14
10001618,김준성,F,2014-03-07,010-****-6488,2025-08-12 08:20:04
10001619,송유영,F,2013-11-13,010-****-4491,2025-08-12 08:39:53
10001620,박동우,F,1949-10-07,010-****-0519,2025-08-12 08:43:54
10001621,장은정,M,1977-04-13,010-****-0913,2025-08-12 09:41:35
10001622,김은수,M,1977-03-18,010-****-2681,2025-08-12 12:40:43
10001623,이민재,M,1947-08-09,010-****-4947,2025-08-12 13:21:32
10001624,박하유,F,1954-03-26,010-****-1258,2025-08-12 13:27:15
10001625,김정하,M,1945-08-16,010-****-7337,2025-08-12 13:48:47
10001626,김시서,F,1952-04-18,010-****-9939,2025-08-12 14:14:47
10001627,정민서,M,1976-11-29,010-****-9582,2025-08-13 08:10:08
10001628,김태정,F,2009-12-08,010-****-0196,2025-08-13 08:28:26
10001629,김재호,F,2009-09-26,010-****-7271,2025-08-13 09:51:38
10001630,황호은,M,1957-01-24,010-****-0538,2025-08-13 14:13:17
10001631,김재진,F,1972-04-05,010-****-3420,2025-08-14 08:22:45
10001632,이진태,M,1952-10-17,010-****-7030,2025-08-14 08:43:54
10001633,윤경시,F,1973-04-08,010-****-5632,2025-08-14 09:01:54
10001634,박성예,M,1967-01-29,010-****-5440,2025-08-14 10:51:44
10001635,김우정,M,1962-02-08,010-****-7734,2025-08-14 12:58:33
10001636,김호우,F,1959-04-01,010-****-2813,2025-08-14 12:59:07
10001637,김호성,M,1966-10-24,010-****-1735,2025-08-14 14:00:06
10001638,김시미,F,1979-02-15,010-****-9196,2025-08-14 14:51:59
10001639,김은동,F,1943-11-12,010-****-7087,2025-08-15 08:13:43
10001640,안수도,F,1962-06-16,010-****-1384,2025-08-15 08:57:35
10001641,권현우,F,1940-02-08,010-****-5455,2025-08-15 13:20:26
10001642,안지현,M,1962-04-09,010-****-9787,2025-08-15 13:45:42
10001643,조정호,F,1971-04-13,010-****-6067,2025-08-18 08:52:05
10001644,임경지,F,1983-01-05,010-****-8882,2025-08-18 08:55:27
10001645,이정도,F,1949-07-26,010-****-7991,2025-08-18 10:05:28
10001646,김영도,F,1973-06-29,010-****-1555,2025-08-18 13:16:30
10001647,김지혜,F,2004-09-12,010-****-8745,2025-08-18 13:32:09
10001648,김희태,M,1974-06-08,010-****-4310,2025-08-19 08:07:28
10001649,이진정,M,1958-08-06,010-****-1757,2025-08-19 08:09:48
10001650,이진도,M,2022-12-24,010-****-4399,2025-08-19 10:10:42
10001651,김도정,F,1944-06-30,010-****-8943,2025-08-19 13:09:28
10001652,최경준,F,1945-07-27,010-****-4372,2025-08-19 13:26:39
10001653,이재도,M,1972-04-24,010-****-2308,2025-08-19 13:38:56
10001654,이미영,F,1971-07-18,010-****-4921,2025-08-19 14:15:53
10001655,서도성,F,1942-02-09,010-****-1932,2025-08-19 15:03:52
10001656,정서경,M,1950-02-09,010-****-0671,2025-08-20 08:08:02
10001657,조동윤,F,1966-10-20,010-****-2182,2025-08-20 12:59:43
10001658,박성미,M,1970-02-19,010-****-0848,2025-08-21 08:47:45
10001659,정경연,F,1979-06-18,010-****-9010,2025-08-21 10:10:32
10001660,김하재,M,1981-02-21,010-****-2074,2025-08-21 10:25:28
10001661,조준경,F,1945-12-24,010-****-5596,2025-08-21 12:45:28
10001662,강서현,M,1959-11-21,010-****-8023,2025-08-21 13:43:21
10001663,박민희,F,1972-04-25,010-****-6824,2025-08-22 09:48:01
10001664,이진미,F,1968-06-13,010-****-0634,2025-08-22 12:54:29
10001665,이영태,F,1952-06-09,010-****-4210,2025-08-22 13:14:52
10001666,김희영,F,1960-08-18,010-****-4602,2025-08-22 14:24:06
10001667,조혜유,M,1954-01-07,010-****-8675,2025-08-25 08:06:42
10001668,안동성,M,2010-12-27,010-****-1222,2025-08-25 12:45:29
10001669,송수연,F,1957-10-22,010-****-1984,2025-08-25 12:53:04
10001670,조태동,M,1973-08-01,010-****-1356,2025-08-25 13:02:08
10001671,김유도,F,1958-12-16,010-****-4557,2025-08-25 13:03:46
10001672,이시재,F,1990-06-19,010-****-9559,2025-08-25 13:21:56
10001673,이은현,F,1974-11-25,010-****-9557,2025-08-25 13:21:59
10001674,이하재,M,2002-08-05,010-****-7285,2025-08-25 14:10:45
10001675,김우준,M,1949-12-15,010-****-2579,2025-08-26 08:30:16
10001676,한유영,F,1963-07-04,010-****-8558,2025-08-26 08:43:18
10001677,박윤정,M,1986-04-19,010-****-9444,2025-08-26 08:50:22
10001678,최수서,F,1952-08-21,010-****-5144,2025-08-26 09:05:50
10001679,정상준,F,1950-02-28,010-****-4602,2025-08-26 09:36:44
10001680,이지소,M,1983-11-19,010-****-4142,2025-08-26 13:10:01
10001681,송우상,F,1967-08-26,010-****-0149,2025-08-26 13:49:09
10001682,정혜성,F,1973-09-05,010-****-9620,2025-08-26 13:49:46
10001683,최준은,M,1980-12-17,010-****-8712,2025-08-26 14:04:18
10001684,황미희,F,1945-10-29,010-****-2924,2025-08-26 14:32:21
10001685,최시채,M,1965-02-04,010-****-1753,2025-08-26 15:31:23
10001686,권시재,M,1964-04-08,010-****-7070,2025-08-27 09:18:59
10001687,김민혜,M,1969-05-26,010-****-4296,2025-08-27 13:37:14
10001688,정지진,M,1963-08-10,010-****-8595,2025-08-27 13:58:17
10001689,이동재,M,1970-03-02,010-****-9350,2025-08-27 14:02:43
10001690,이수동,M,1990-05-07,010-****-0659,2025-08-27 14:08:55
10001691,임서현,M,1944-02-25,010-****-4040,2025-08-27 14:13:35
10001692,박서상,M,1982-09-27,010-****-8252,2025-08-28 08:41:49
10001693,윤성미,F,1947-03-25,010-****-6100,2025-08-28 09:33:12
10001694,윤준하,F,1999-10-20,010-****-8671,2025-08-28 09:58:31
10001695,한우영,F,1943-03-30,010-****-2768,2025-08-28 10:05:48
10001696,김우지,F,1986-11-28,010-****-7379,2025-08-28 13:09:10
10001697,이태미,M,1963-11-01,010-****-7463,2025-08-28 13:44:42
10001698,정지민,M,1977-01-16,010-****-9344,2025-08-28 14:25:41
10001699,이미도,F,1951-10-16,010-****-1577,2025-08-29 09:19:02
10001700,김혜윤,M,1937-01-19,010-****-6247,2025-08-29 09:38:10
10001701,임수영,M,1966-12-10,010-****-1511,2025-08-29 10:20:01
10001702,이민재,M,1957-10-24,010-****-4490,2025-08-29 12:46:01
10001703,최희동,F,1956-11-05,010-****-4290,2025-08-29 13:32:56
10001704,박영희,M,1980-11-28,010-****-7597,2025-08-29 13:58:33
10001705,이유경,M,1984-03-06,010-****-3064,2025-08-30 10:22:36
10001706,김상영,M,1941-03-27,010-****-9132,2025-09-01 08:18:07
10001707,안혜유,M,1981-01-25,010-****-0931,2025-09-01 09:16:37
10001708,김예재,F,1977-07-31,010-****-3792,2025-09-01 09:31:10
10001709,서현채,F,1985-10-26,010-****-0699,2025-09-01 09:44:15
10001710,이은채,M,1979-02-17,010-****-3827,2025-09-01 09:54:26
10001711,정지유,M,1970-09-23,010-****-0855,2025-09-01 12:45:50
10001712,박채정,F,1983-09-22,010-****-0597,2025-09-01 12:52:35
10001713,김유성,M,1957-03-29,010-****-8032,2025-09-01 13:01:07
10001714,김우미,M,1969-06-03,010-****-9241,2025-09-01 13:13:50
10001715,권호진,F,2013-09-14,010-****-3225,2025-09-01 13:31:31
10001716,김경상,M,1966-10-10,010-****-8059,2025-09-01 13:35:19
10001717,이진민,M,1973-09-26,010-****-9273,2025-09-01 13:45:07
10001718,홍하채,M,1941-04-03,010-****-3484,2025-09-02 09:48:07
10001719,김진현,F,1973-09-11,010-****-9724,2025-09-02 09:53:36
10001720,이유민,F,1975-05-20,010-****-0263,2025-09-02 12:59:52
10001721,안영재,F,2017-07-15,010-****-8956,2025-09-02 13:19:12
10001722,김은민,F,1980-03-22,010-****-8803,2025-09-02 13:48:28
10001723,이호성,M,2017-12-20,010-****-9922,2025-09-03 08:16:09
10001724,박희성,F,1955-08-22,010-****-4316,2025-09-03 13:34:49
10001725,김민경,F,1983-08-26,010-****-0221,2025-09-03 13:48:49
10001726,최시민,M,2015-11-18,010-****-4258,2025-09-04 08:21:27
10001727,윤혜하,M,1972-01-13,010-****-2750,2025-09-04 08:39:29
10001728,최하정,M,1945-11-29,010-****-1333,2025-09-04 09:05:52
10001729,임정지,F,1948-08-06,010-****-8226,2025-09-04 09:14:17
10001730,조시재,M,1957-02-04,010-****-2617,2025-09-04 09:24:19
10001731,김혜소,M,1989-02-03,010-****-7849,2025-09-04 09:30:20
10001732,김민예,F,1985-08-10,010-****-2249,2025-09-04 09:44:37
10001733,이혜연,M,2012-07-27,010-****-6539,2025-09-04 12:44:51
10001734,황성예,M,1969-02-19,010-****-8857,2025-09-04 12:57:39
10001735,이민은,M,2015-09-25,010-****-5254,2025-09-04 13:32:47
10001736,김하유,M,1975-05-01,010-****-8927,2025-09-04 14:30:57
10001737,윤상진,F,1949-04-06,010-****-5620,2025-09-05 13:48:14
10001738,최하진,F,1990-05-26,010-****-6014,2025-09-05 14:05:15
10001739,권우서,M,1950-04-11,010-****-6739,2025-09-08 08:50:14
10001740,안우현,F,1973-04-26,010-****-5873,2025-09-08 09:30:29
10001741,박미연,F,1951-07-10,010-****-2505,2025-09-08 09:30:48
10001742,정은민,M,1978-03-04,010-****-1782,2025-09-08 10:39:08
10001743,박도상,M,1953-12-15,010-****-6708,2025-09-08 12:48:01
10001744,이태지,F,1948-02-21,010-****-5458,2025-09-08 13:39:01
10001745,김시우,M,1946-02-10,010-****-0394,2025-09-08 13:42:52
10001746,이정민,F,1984-01-08,010-****-3487,2025-09-08 13:48:15
10001747,최상태,F,1964-10-22,010-****-8661,2025-09-08 13:51:02
10001748,정하진,F,1985-01-15,010-****-9525,2025-09-09 08:13:03
10001749,윤채우,F,2009-09-17,010-****-5989,2025-09-09 08:34:31
10001750,김지연,M,2013-06-13,010-****-9454,2025-09-09 09:19:32
10001751,최은채,M,2015-08-02,010-****-5875,2025-09-09 09:38:57
10001752,윤윤상,F,1952-06-11,010-****-8070,2025-09-09 13:05:09
10001753,오소시,M,1950-08-15,010-****-6184,2025-09-10 09:03:47
10001754,서진유,F,1947-05-02,010-****-4534,2025-09-10 09:16:41
10001755,김정민,F,1983-01-08,010-****-4590,2025-09-10 09:34:54
10001756,박호우,M,1986-11-17,010-****-6542,2025-09-10 09:50:38
10001757,김예호,M,1977-06-02,010-****-1695,2025-09-11 08:13:54
10001758,박경연,F,1964-11-08,010-****-4306,2025-09-11 08:21:28
10001759,김유영,M,1975-10-22,010-****-8207,2025-09-11 08:28:34
10001760,김민하,M,2002-01-07,010-****-4123,2025-09-11 08:48:34
10001761,조미하,F,1981-04-10,010-****-7117,2025-09-11 09:02:18
10001762,김우희,M,1989-01-10,010-****-9161,2025-09-11 13:04:33
10001763,강태준,F,1949-09-29,010-****-6078,2025-09-12 08:30:46
10001764,최유예,M,1965-05-23,010-****-7016,2025-09-12 08:35:43
10001765,임도혜,F,1944-11-06,010-****-8503,2025-09-12 12:44:12
10001766,김준우,M,1954-08-18,010-****-6530,2025-09-12 13:45:40
10001767,이하희,M,1945-02-06,010-****-1487,2025-09-12 14:42:24
10001768,김진우,M,1998-10-31,010-****-2101,2025-09-12 15:13:01
10001769,최지시,F,1949-12-11,010-****-0497,2025-09-13 13:13:56
10001770,최민현,F,1980-12-04,010-****-0452,2025-09-15 08:24:30
10001771,박태유,F,1945-07-21,010-****-7113,2025-09-15 08:32:00
10001772,정도우,M,1979-01-04,010-****-7061,2025-09-15 09:30:59
10001773,이준채,F,1995-01-08,010-****-4922,2025-09-15 10:12:15
10001774,이하미,F,1972-04-25,010-****-7003,2025-09-15 14:45:06
10001775,김소민,F,1939-04-14,010-****-9936,2025-09-15 14:47:11
10001776,임희예,M,1984-08-07,010-****-7217,2025-09-16 08:08:28
10001777,김채경,M,2010-10-18,010-****-9750,2025-09-16 08:25:12
10001778,박민채,M,1947-12-24,010-****-8398,2025-09-16 09:11:18
10001779,이수소,F,1967-03-01,010-****-1329,2025-09-16 09:21:29
10001780,최서은,F,1958-12-25,010-****-4996,2025-09-16 09:21:58
10001781,송재경,M,1967-05-02,010-****-0770,2025-09-16 09:32:51
10001782,김민지,F,1985-06-22,010-****-3660,2025-09-16 12:44:47
10001783,김시미,M,1969-10-13,010-****-4988,2025-09-16 13:22:18
10001784,이경희,F,1956-10-12,010-****-6415,2025-09-16 13:37:59
10001785,임성도,F,2014-10-30,010-****-5645,2025-09-16 14:04:35
10001786,이하민,F,1950-09-26,010-****-1639,2025-09-16 14:27:27
10001787,김상준,F,1978-07-24,010-****-7736,2025-09-16 15:11:17
10001788,정진호,F,2004-08-31,010-****-5224,2025-09-17 08:16:22
10001789,장수지,M,1983-04-17,010-****-3421,2025-09-17 09:19:20
10001790,이민영,M,2018-12-11,010-****-3932,2025-09-17 09:24:18
10001791,김상동,F,1982-02-26,010-****-9359,2025-09-17 09:52:27
10001792,이정채,M,2010-03-25,010-****-4081,2025-09-17 10:11:39
10001793,신도경,F,1968-08-28,010-****-7028,2025-09-17 12:35:52
10001794,임예우,F,1972-06-20,010-****-5265,2025-09-17 12:54:33
10001795,강경호,M,1972-12-31,010-****-6844,2025-09-17 14:47:22
10001796,강현미,M,1951-09-01,010-****-0011,2025-09-18 08:34:54
10001797,임재수,F,1958-05-14,010-****-3545,2025-09-18 08:40:03
10001798,정정희,M,1974-06-03,010-****-9645,2025-09-18 08:48:52
10001799,오호민,M,1954-05-04,010-****-2754,2025-09-18 09:19:54
10001800,이정재,F,1988-08-13,010-****-3469,2025-09-18 09:29:08
10001801,김정혜,F,1959-12-08,010-****-1968,2025-09-18 10:04:30
10001802,김소희,F,1954-12-21,010-****-3697,2025-09-18 10:35:40
10001803,김미정,F,1947-08-26,010-****-2880,2025-09-18 13:52:49
10001804,임은경,F,1970-08-22,010-****-3486,2025-09-18 13:59:29
10001805,서은지,M,2023-02-09,010-****-6658,2025-09-18 14:24:09
10001806,장하호,F,1950-04-17,010-****-5040,2025-09-19 08:39:28
10001807,정하은,M,1956-02-24,010-****-2954,2025-09-19 09:37:44
10001808,박경지,F,1964-11-14,010-****-3054,2025-09-19 13:26:51
10001809,김채수,F,1962-03-20,010-****-0043,2025-09-19 13:35:31
10001810,임예영,M,1941-03-05,010-****-2229,2025-09-20 12:55:56
10001811,최미태,M,1976-11-04,010-****-2702,2025-09-22 08:08:17
10001812,이현진,F,1945-07-30,010-****-2544,2025-09-22 08:09:42
10001813,김지정,M,1976-09-15,010-****-3044,2025-09-22 08:35:01
10001814,김지윤,F,1949-01-18,010-****-2275,2025-09-22 09:15:01
10001815,이미호,F,1980-11-12,010-****-7672,2025-09-22 09:23:13
10001816,윤수예,M,1973-03-15,010-****-3867,2025-09-22 09:54:02
10001817,이재예,M,1964-06-26,010-****-6481,2025-09-22 10:05:39
10001818,서연지,M,1966-07-25,010-****-9775,2025-09-22 13:06:01
10001819,이호희,M,1941-02-27,010-****-7076,2025-09-22 13:25:09
10001820,정호예,F,1992-03-13,010-****-2435,2025-09-22 13:29:50
10001821,김현준,M,1991-03-31,010-****-2947,2025-09-22 14:24:59
10001822,이수서,F,1987-10-14,010-****-3987,2025-09-22 14:56:00
10001823,송태영,M,1997-02-18,010-****-3921,2025-09-23 08:12:16
10001824,박윤소,M,1970-06-14,010-****-5800,2025-09-23 08:14:26
10001825,이민은,M,2018-06-04,010-****-6113,2025-09-23 08:25:14
10001826,조상소,M,1998-04-17,010-****-9004,2025-09-23 08:44:22
10001827,김서태,F,1989-08-26,010-****-7571,2025-09-23 09:15:43
10001828,김은시,M,1990-02-28,010-****-1954,2025-09-23 10:01:58
10001829,조호재,M,1960-11-25,010-****-8055,2025-09-23 12:50:06
10001830,신미상,F,1953-06-09,010-****-9939,2025-09-23 13:20:44
10001831,김도상,F,2018-03-31,010-****-4126,2025-09-23 13:48:45
10001832,박혜희,F,1956-02-22,010-****-0440,2025-09-24 08:12:35
10001833,이성지,F,1950-11-30,010-****-9468,2025-09-24 08:22:18
10001834,이영서,M,1954-06-20,010-****-6351,2025-09-24 08:37:02
10001835,김호재,F,1978-09-11,010-****-4546,2025-09-24 08:38:56
10001836,박미채,F,1953-07-28,010-****-4010,2025-09-24 09:32:32
10001837,홍현도,F,1952-06-03,010-****-2091,2025-09-24 09:51:57
10001838,김민시,M,1939-01-10,010-****-3028,2025-09-24 13:01:37
10001839,김상은,M,1977-05-11,010-****-4155,2025-09-24 13:27:10
10001840,김진소,M,1954-04-15,010-****-4559,2025-09-24 14:15:18
10001841,정혜미,F,1944-04-09,010-****-1636,2025-09-25 09:03:44
10001842,김유경,F,1984-09-04,010-****-7867,2025-09-25 09:33:44
10001843,권하채,F,1963-02-26,010-****-0154,2025-09-25 09:44:21
10001844,이예재,F,1967-03-26,010-****-4704,2025-09-25 13:38:35
10001845,이성예,F,2016-11-15,010-****-6256,2025-09-25 14:03:17
10001846,이동시,M,1964-10-25,010-****-8927,2025-09-26 12:46:51
10001847,최수혜,F,1950-11-29,010-****-4591,2025-09-26 13:31:22
10001848,장정유,F,1945-05-12,010-****-0761,2025-09-26 13:32:54
10001849,김서상,F,1980-10-29,010-****-2705,2025-09-26 14:18:52
10001850,윤시경,F,1951-05-31,010-****-3168,2025-09-26 14:54:33
10001851,이재윤,M,1969-05-28,010-****-2656,2025-09-28 13:34:30
10001852,박서유,M,1946-02-06,010-****-8392,2025-09-29 08:34:13
10001853,김준미,M,1978-07-21,010-****-2437,2025-09-29 10:16:28
10001854,임정희,M,1969-01-13,010-****-7446,2025-09-29 12:56:34
10001855,최지영,M,1963-06-05,010-****-5179,2025-09-29 13:22:49
10001856,김민시,M,1968-01-12,010-****-4421,2025-09-29 13:56:08
10001857,이지예,F,1950-01-04,010-****-4089,2025-09-29 14:30:33
10001858,박재상,M,1980-10-09,010-****-1307,2025-09-29 14:49:56
10001859,정하동,F,1981-09-22,010-****-3012,2025-09-30 08:10:00
10001860,김동정,M,2016-11-20,010-****-2545,2025-09-30 08:32:42
10001861,최미정,M,1979-04-02,010-****-2754,2025-09-30 08:33:36
10001862,장서호,F,1973-11-12,010-****-0781,2025-09-30 08:42:33
10001863,박태혜,M,1983-08-22,010-****-5484,2025-09-30 12:40:25
10001864,박서상,M,1955-12-05,010-****-9231,2025-09-30 12:51:08
10001865,정시유,F,1994-11-25,010-****-4825,2025-09-30 13:03:57
10001866,이희서,M,1975-09-18,010-****-7075,2025-09-30 13:39:54
10001867,김성연,F,1970-10-02,010-****-3707,2025-09-30 14:11:53
10001868,김지예,M,1982-01-26,010-****-4104,2025-09-30 14:21:35
10001869,김진시,F,2012-07-07,010-****-1852,2025-10-01 09:09:53
10001870,정연상,M,1978-12-27,010-****-8100,2025-10-01 12:45:54
10001871,김진혜,M,1954-03-06,010-****-2960,2025-10-01 12:52:50
10001872,김수영,F,1988-08-12,010-****-9527,2025-10-01 12:58:49
10001873,오지재,F,1973-01-30,010-****-3136,2025-10-01 14:13:07
10001874,조미태,F,1951-02-03,010-****-2681,2025-10-02 08:28:29
10001875,송진예,F,2012-11-19,010-****-7704,2025-10-02 09:23:19
10001876,김진유,F,1990-12-11,010-****-7157,2025-10-02 10:34:45
10001877,임진도,M,2002-07-30,010-****-0555,2025-10-02 13:39:24
10001878,권하정,F,1958-03-01,010-****-7390,2025-10-02 13:56:24
10001879,황진지,F,1994-03-11,010-****-9928,2025-10-02 14:53:57
10001880,정시예,F,1985-11-09,010-****-3533,2025-10-02 15:01:32
10001881,김지유,F,1976-11-16,010-****-6906,2025-10-02 15:23:42
10001882,황태지,F,1949-09-08,010-****-5638,2025-10-03 08:43:33
10001883,임진서,M,1952-01-29,010-****-0025,2025-10-03 08:47:25
10001884,김시준,M,1982-10-31,010-****-8129,2025-10-03 10:23:36
10001885,안도정,M,1937-07-10,010-****-4712,2025-10-03 12:45:08
10001886,류현영,M,1968-09-19,010-****-5778,2025-10-03 13:35:09
10001887,송호태,F,1964-09-17,010-****-0664,2025-10-03 15:09:37
10001888,조진우,M,1970-07-03,010-****-2950,2025-10-06 08:29:01
10001889,김지진,M,1950-04-12,010-****-5132,2025-10-06 09:03:39
10001890,이유혜,F,1986-01-15,010-****-2258,2025-10-06 09:44:59
10001891,김민예,M,1985-10-03,010-****-9638,2025-10-06 10:08:40
10001892,장호서,M,1984-03-31,010-****-2583,2025-10-06 10:45:06
10001893,김성현,F,1971-05-13,010-****-4925,2025-10-06 12:40:11
10001894,권은미,M,1991-10-15,010-****-6574,2025-10-06 12:53:48
10001895,김동수,F,1976-07-14,010-****-6035,2025-10-06 13:07:17
10001896,이동혜,M,1943-05-23,010-****-0232,2025-10-06 13:09:50
10001897,박도태,M,1960-08-02,010-****-0566,2025-10-06 13:17:49
10001898,오현우,F,2002-01-06,010-****-6466,2025-10-06 13:36:35
10001899,한미수,F,1962-01-15,010-****-8834,2025-10-06 13:46:17
10001900,박유호,F,1962-11-08,010-****-9819,2025-10-07 08:37:14
10001901,김준동,M,2009-09-15,010-****-7750,2025-10-07 09:37:54
10001902,임은민,F,1965-05-14,010-****-4011,2025-10-07 09:59:13
10001903,이시민,F,1976-03-13,010-****-6831,2025-10-07 12:37:13
10001904,최수미,F,1952-06-29,010-****-7330,2025-10-07 12:42:00
10001905,윤민우,M,1964-02-19,010-****-9867,2025-10-07 12:44:19
10001906,이하경,F,1980-05-03,010-****-9462,2025-10-07 12:49:33
10001907,이소준,M,2014-01-06,010-****-0265,2025-10-07 12:58:56
10001908,신희영,M,1962-07-17,010-****-7460,2025-10-07 13:03:48
10001909,김호시,M,1976-01-05,010-****-3541,2025-10-07 13:07:53
10001910,김민희,M,1996-08-16,010-****-9200,2025-10-07 13:19:13
10001911,김경도,F,1990-04-08,010-****-2653,2025-10-07 14:32:33
10001912,안서미,F,1960-03-29,010-****-3314,2025-10-07 14:49:11
10001913,윤상예,M,1945-06-17,010-****-4744,2025-10-08 09:02:13
10001914,장동미,M,1973-04-27,010-****-0303,2025-10-08 09:44:24
10001915,김상정,F,1967-07-21,010-****-6823,2025-10-08 10:31:22
10001916,권우윤,M,1947-12-06,010-****-7416,2025-10-08 13:21:47
10001917,정혜재,M,1982-10-11,010-****-7172,2025-10-09 08:25:39
10001918,오재혜,F,1953-08-13,010-****-5829,2025-10-09 08:31:56
10001919,황준재,M,1950-09-04,010-****-4697,2025-10-09 08:57:12
10001920,윤재상,M,1973-04-01,010-****-4983,2025-10-09 09:03:11
10001921,류채성,M,2010-06-27,010-****-5868,2025-10-09 09:35:14
10001922,이영상,M,1990-11-30,010-****-8756,2025-10-09 09:42:45
10001923,이경미,F,1986-07-04,010-****-0422,2025-10-09 09:48:55
10001924,박하도,M,1988-05-11,010-****-3515,2025-10-09 10:07:52
10001925,이유도,M,2015-07-12,010-****-3062,2025-10-09 13:00:20
10001926,이정도,M,1951-08-06,010-****-2473,2025-10-09 13:18:06
10001927,임호진,M,1976-10-31,010-****-9040,2025-10-09 13:40:22
10001928,이윤준,F,1984-07-06,010-****-9557,2025-10-09 13:59:08
10001929,강희소,F,1943-05-10,010-****-4199,2025-10-09 14:16:47
10001930,조민상,F,1958-12-16,010-****-9964,2025-10-10 09:19:44
10001931,김소호,F,1957-03-07,010-****-1049,2025-10-10 09:59:59
10001932,이예하,M,1958-04-26,010-****-5041,2025-10-10 12:37:27
10001933,최도미,F,1983-10-12,010-****-3544,2025-10-10 13:54:36
10001934,박희소,F,1946-05-21,010-****-6052,2025-10-10 14:41:53
10001935,이혜동,M,1976-12-24,010-****-3001,2025-10-10 15:13:37
10001936,김동호,M,1940-01-08,010-****-0020,2025-10-10 15:16:17
10001937,이수호,F,1965-06-10,010-****-8815,2025-10-11 12:53:20
10001938,박소유,F,1949-03-30,010-****-1483,2025-10-13 08:30:07
10001939,김소예,M,1985-07-22,010-****-0914,2025-10-13 09:23:47
10001940,김채수,M,1967-11-14,010-****-7270,2025-10-13 10:30:55
10001941,이지호,M,1994-05-10,010-****-0228,2025-10-13 13:00:46
10001942,장예동,M,1988-10-20,010-****-5298,2025-10-13 13:59:49
10001943,이윤태,F,1962-05-13,010-****-6292,2025-10-13 14:03:43
10001944,박성하,M,2012-05-04,010-****-2141,2025-10-13 14:18:39
10001945,김시지,M,1987-08-24,010-****-5569,2025-10-13 14:32:56
10001946,장상윤,M,1963-02-01,010-****-3409,2025-10-13 14:37:03
10001947,김성진,M,1958-09-23,010-****-5109,2025-10-14 08:20:32
10001948,김은경,M,1979-10-30,010-****-6707,2025-10-14 08:22:45
10001949,송연준,M,1949-07-03,010-****-1624,2025-10-14 08:30:27
10001950,박서영,M,1941-08-30,010-****-8403,2025-10-14 08:49:56
10001951,이호소,M,1981-04-27,010-****-6639,2025-10-14 09:22:10
10001952,이동연,M,1946-12-24,010-****-4325,2025-10-14 12:35:10
10001953,이도윤,F,1989-07-03,010-****-3963,2025-10-14 12:36:50
10001954,오채현,F,1965-10-26,010-****-4435,2025-10-14 12:42:16
10001955,정호윤,F,2010-04-23,010-****-6948,2025-10-14 12:53:40
10001956,서도우,F,1943-09-28,010-****-2644,2025-10-14 13:25:06
10001957,박채영,M,1962-12-15,010-****-5999,2025-10-14 13:45:33
10001958,한지재,F,1989-03-01,010-****-9483,2025-10-14 14:10:07
10001959,김서혜,M,1941-05-25,010-****-3953,2025-10-14 14:19:07
10001960,권유도,M,2023-07-14,010-****-5992,2025-10-15 08:07:32
10001961,김영은,F,1978-10-04,010-****-8059,2025-10-15 08:34:38
10001962,강경민,F,2017-04-07,010-****-5358,2025-10-15 08:39:55
10001963,홍영진,F,1958-09-07,010-****-6910,2025-10-16 08:43:29
10001964,송경태,M,1953-05-28,010-****-9700,2025-10-16 08:47:23
10001965,권우상,F,1948-01-20,010-****-4376,2025-10-16 09:01:02
10001966,김호하,M,1963-08-04,010-****-9954,2025-10-16 09:22:13
10001967,장진영,F,1979-09-15,010-****-1464,2025-10-16 10:12:01
10001968,임진은,F,1961-06-10,010-****-9321,2025-10-16 10:23:05
10001969,이동윤,F,1979-01-19,010-****-8382,2025-10-16 13:19:38
10001970,최진은,M,1959-08-07,010-****-4231,2025-10-17 08:12:58
10001971,이상소,F,1995-12-01,010-****-8177,2025-10-17 12:42:38
10001972,이연정,M,1966-11-28,010-****-8665,2025-10-17 12:45:24
10001973,김미시,M,1954-01-06,010-****-9083,2025-10-17 13:03:21
10001974,한소서,M,1937-10-23,010-****-0942,2025-10-17 13:16:42
10001975,김동서,F,1960-08-07,010-****-3455,2025-10-19 13:41:57
10001976,김경호,F,1951-09-10,010-****-9382,2025-10-20 08:27:05
10001977,이수상,M,1950-04-21,010-****-6054,2025-10-20 08:43:26
10001978,이하영,F,1986-08-02,010-****-7681,2025-10-20 09:04:04
10001979,안시상,F,1947-04-26,010-****-1040,2025-10-20 09:30:27
10001980,송지성,M,1979-05-17,010-****-6261,2025-10-20 09:52:59
10001981,김우성,F,1979-11-26,010-****-7593,2025-10-20 10:52:19
10001982,류영윤,M,1974-05-18,010-****-0370,2025-10-20 12:44:08
10001983,윤준연,F,1962-01-11,010-****-0444,2025-10-20 13:01:12
10001984,김성지,M,1943-04-30,010-****-0856,2025-10-20 13:19:32
10001985,이채동,F,1995-08-13,010-****-5995,2025-10-20 13:21:25
10001986,정성동,M,1951-01-20,010-****-1435,2025-10-20 13:36:37
10001987,김수성,F,1951-01-20,010-****-1748,2025-10-20 13:39:21
10001988,정동도,M,1979-10-09,010-****-3186,2025-10-20 13:57:35
10001989,정지미,F,1961-06-08,010-****-5713,2025-10-21 08:26:27
10001990,김은민,M,1958-12-07,010-****-7558,2025-10-21 08:33:43
10001991,윤민도,F,1961-08-12,010-****-1782,2025-10-21 08:37:43
10001992,김희연,M,1966-06-08,010-****-4489,2025-10-21 08:47:07
10001993,김호동,F,1972-01-03,010-****-3105,2025-10-21 09:34:21
10001994,이연수,M,1969-01-10,010-****-6273,2025-10-21 09:56:55
10001995,안태지,F,1973-05-02,010-****-2267,2025-10-21 12:36:13
10001996,안진상,M,1939-01-20,010-****-4952,2025-10-21 12:54:31
10001997,강미민,F,1971-11-19,010-****-2927,2025-10-21 13:03:46
10001998,조경희,M,1948-03-20,010-****-2014,2025-10-21 13:13:23
10001999,이준채,F,1979-08-29,010-****-4109,2025-10-21 13:22:04
10002000,최예지,M,1952-06-08,010-****-3618,2025-10-21 13:27:28
10002001,김은호,M,1963-04-18,010-****-7896,2025-10-21 14:39:41
10002002,김희하,F,1962-11-07,010-****-6581,2025-10-23 08:18:50
10002003,장동도,M,1997-02-14,010-****-2449,2025-10-23 08:55:56
10002004,김희채,M,1940-10-30,010-****-0430,2025-10-23 09:01:48
10002005,조소현,M,2009-05-23,010-****-4866,2025-10-23 09:27:09
10002006,장진정,M,1954-01-27,010-****-7585,2025-10-23 12:45:17
10002007,조도예,F,2020-07-15,010-****-7703,2025-10-23 13:00:36
10002008,장서동,F,1945-07-29,010-****-8386,2025-10-23 13:25:32
10002009,김윤재,F,1980-09-03,010-****-4688,2025-10-23 13:51:45
10002010,이성수,F,1951-01-30,010-****-7223,2025-10-23 13:59:32
10002011,박희민,M,2013-02-10,010-****-9780,2025-10-23 14:30:21
10002012,권소미,F,1985-11-10,010-****-0392,2025-10-23 14:49:40
10002013,장성채,F,1976-02-09,010-****-0835,2025-10-24 09:09:59
10002014,김성진,F,1959-01-24,010-****-6769,2025-10-24 09:10:23
10002015,권수희,F,1973-08-04,010-****-0939,2025-10-24 13:23:14
10002016,권채소,M,1944-12-19,010-****-7757,2025-10-25 08:38:12
10002017,최연수,F,1984-01-10,010-****-9548,2025-10-25 10:21:44
10002018,신도민,M,1951-06-25,010-****-7269,2025-10-27 08:15:45
10002019,이혜동,M,1941-02-27,010-****-3072,2025-10-27 08:20:54
10002020,강동미,F,1960-01-08,010-****-8652,2025-10-27 08:23:27
10002021,김윤서,F,1991-10-06,010-****-1236,2025-10-27 08:39:35
10002022,김예소,F,1960-06-05,010-****-6714,2025-10-27 08:45:52
10002023,강소성,F,1960-04-29,010-****-6600,2025-10-27 09:17:07
10002024,이진미,M,1977-03-24,010-****-2570,2025-10-27 09:21:35
10002025,최윤희,M,1944-04-01,010-****-3405,2025-10-27 12:36:50
10002026,조호연,F,1976-02-06,010-****-2649,2025-10-27 12:49:29
10002027,박수진,M,1945-07-10,010-****-7503,2025-10-27 12:51:41
10002028,송미연,M,1980-03-23,010-****-4277,2025-10-27 13:06:21
10002029,정연수,F,1955-03-01,010-****-9739,2025-10-27 13:20:22
10002030,이도경,M,1976-01-11,010-****-1604,2025-10-27 13:34:28
10002031,서하윤,M,1955-10-28,010-****-3801,2025-10-27 13:36:29
10002032,이채준,F,1962-05-31,010-****-1886,2025-10-27 14:55:51
10002033,김영수,M,1987-02-03,010-****-0147,2025-10-28 08:10:43
10002034,김소수,F,1968-09-22,010-****-3279,2025-10-28 08:15:51
10002035,임지채,F,1981-08-21,010-****-7262,2025-10-28 08:19:25
10002036,김서경,F,1975-08-10,010-****-4467,2025-10-28 08:57:53
10002037,최호미,M,1984-04-01,010-****-3313,2025-10-28 09:12:19
10002038,강수소,M,1998-03-10,010-****-2454,2025-10-28 09:19:00
10002039,정민희,M,1981-05-10,010-****-0930,2025-10-28 10:25:52
10002040,강수동,M,2021-06-19,010-****-9200,2025-10-28 10:27:07
10002041,박재윤,F,1941-05-31,010-****-9986,2025-10-28 12:46:45
10002042,김희미,F,1977-08-21,010-****-0909,2025-10-28 12:52:27
10002043,최유태,M,2018-12-22,010-****-5340,2025-10-28 13:46:43
10002044,김성정,M,1964-11-21,010-****-9547,2025-10-28 13:47:08
10002045,이하동,F,1988-04-16,010-****-4276,2025-10-28 13:50:01
10002046,최윤연,F,1999-09-05,010-****-5838,2025-10-28 13:55:55
10002047,조정예,F,2023-07-19,010-****-9014,2025-10-28 14:23:06
10002048,이상윤,M,2010-10-31,010-****-7299,2025-10-29 08:12:29
10002049,박현연,F,2021-10-24,010-****-8000,2025-10-29 09:02:53
10002050,정예시,M,1975-06-02,010-****-9660,2025-10-29 12:51:20
10002051,김호준,F,1967-07-31,010-****-1369,2025-10-29 15:07:45
10002052,임성미,M,1971-12-03,010-****-4648,2025-10-30 08:10:37
10002053,박경성,F,1965-10-22,010-****-7705,2025-10-30 08:20:28
10002054,김서연,F,1966-07-13,010-****-6223,2025-10-30 08:21:17
10002055,안소영,M,1948-05-15,010-****-7049,2025-10-30 09:04:35
10002056,김재예,M,1975-09-10,010-****-2278,2025-10-30 09:05:20
10002057,김진지,M,1950-07-28,010-****-9078,2025-10-30 10:19:46
10002058,김성현,M,1972-11-07,010-****-7810,2025-10-30 12:57:31
10002059,김하소,M,1945-09-15,010-****-8885,2025-10-30 13:05:10
10002060,서도소,F,1956-01-11,010-****-7420,2025-10-30 13:26:05
10002061,김동희,F,1969-01-21,010-****-8631,2025-10-30 13:30:18
10002062,임지소,M,1962-09-14,010-****-9146,2025-10-30 13:32:36
10002063,이하영,F,1949-06-27,010-****-3966,2025-10-30 14:25:42
10002064,김재하,M,1944-03-29,010-****-1149,2025-10-31 08:41:12
10002065,조시태,F,1950-07-05,010-****-5687,2025-10-31 08:49:31
10002066,김경성,M,1956-06-28,010-****-6228,2025-11-02 09:10:58
10002067,박미준,F,2006-09-21,010-****-7643,2025-11-03 08:13:06
10002068,최현혜,M,1962-09-11,010-****-7429,2025-11-03 08:26:15
10002069,김경우,M,2009-03-31,010-****-5669,2025-11-03 08:45:33
10002070,최혜민,F,1979-01-13,010-****-3353,2025-11-03 08:54:54
10002071,임준미,F,1960-09-27,010-****-4069,2025-11-03 08:54:55
10002072,이상은,F,1954-10-30,010-****-4604,2025-11-03 09:28:03
10002073,윤연영,M,1966-02-27,010-****-8741,2025-11-03 09:54:04
10002074,최도진,F,1992-03-11,010-****-2097,2025-11-03 10:23:32
10002075,이상은,F,1981-07-09,010-****-1457,2025-11-03 12:43:43
10002076,박경성,M,1966-11-29,010-****-6840,2025-11-03 13:34:01
10002077,강진태,M,1959-08-20,010-****-6154,2025-11-03 13:54:12
10002078,김우경,M,1991-04-26,010-****-9218,2025-11-03 14:14:40
10002079,윤미정,F,1981-09-17,010-****-5328,2025-11-03 15:19:38
10002080,임하예,M,2012-07-23,010-****-7750,2025-11-04 08:52:43
10002081,박진준,M,1950-10-22,010-****-0627,2025-11-04 08:58:53
10002082,김은준,F,1947-02-12,010-****-4231,2025-11-04 09:19:12
10002083,이민재,F,1976-01-01,010-****-4547,2025-11-04 10:00:47
10002084,박정은,F,1960-05-15,010-****-6171,2025-11-04 10:36:54
10002085,강희민,F,1943-10-12,010-****-0514,2025-11-04 12:55:33
10002086,최하예,M,1945-10-19,010-****-2065,2025-11-04 13:06:42
10002087,김윤하,F,1963-08-19,010-****-6915,2025-11-04 13:10:12
10002088,홍진경,F,1969-08-25,010-****-2076,2025-11-04 13:31:56
10002089,강진영,M,2023-11-02,010-****-9740,2025-11-04 13:32:21
10002090,박진태,M,2010-09-06,010-****-5674,2025-11-04 13:53:03
10002091,조성하,M,2005-12-30,010-****-1937,2025-11-04 14:03:47
10002092,한하소,M,2009-07-15,010-****-8817,2025-11-05 08:31:57
10002093,이재예,F,2008-10-25,010-****-5712,2025-11-05 09:03:28
10002094,최연도,M,2022-09-17,010-****-4566,2025-11-05 09:49:45
10002095,박우채,F,2008-08-12,010-****-9595,2025-11-05 10:26:32
10002096,정성수,F,1974-02-28,010-****-2587,2025-11-05 14:55:49
10002097,이소지,F,1985-03-19,010-****-2904,2025-11-06 08:07:04
10002098,이미혜,M,1990-12-19,010-****-4218,2025-11-06 08:27:09
10002099,장민수,M,1958-08-02,010-****-7008,2025-11-06 08:53:20
10002100,강채상,F,1966-02-25,010-****-0648,2025-11-06 09:07:06
10002101,박연상,F,1955-12-25,010-****-8661,2025-11-06 09:09:41
10002102,조혜하,M,1979-10-26,010-****-7420,2025-11-06 12:43:16
10002103,정상우,M,1990-01-07,010-****-0305,2025-11-06 13:07:54
10002104,김윤수,M,1961-06-02,010-****-5448,2025-11-06 13:43:01
10002105,최민경,F,1958-06-25,010-****-1803,2025-11-06 13:54:55
10002106,권미진,M,2011-11-06,010-****-9635,2025-11-06 13:59:27
10002107,최하유,M,1977-04-12,010-****-7001,2025-11-06 14:01:51
10002108,안호태,M,2015-05-25,010-****-1937,2025-11-06 14:37:30
10002109,이혜채,M,1949-11-26,010-****-3911,2025-11-07 08:20:21
10002110,최소미,M,1979-03-18,010-****-9750,2025-11-07 08:40:13
10002111,조정혜,F,1965-04-15,010-****-4194,2025-11-07 10:23:08
10002112,김소지,F,1958-06-04,010-****-0422,2025-11-07 13:38:54
10002113,이정도,F,1955-01-17,010-****-4776,2025-11-10 08:24:18
10002114,정하재,F,1985-05-10,010-****-6783,2025-11-10 08:44:08
10002115,윤준하,F,1987-12-24,010-****-1729,2025-11-10 09:11:17
10002116,이은미,M,1949-04-21,010-****-9610,2025-11-10 09:30:38
10002117,송지민,F,1964-04-06,010-****-8832,2025-11-10 09:30:41
10002118,김연소,M,1978-04-06,010-****-2860,2025-11-10 10:03:18
10002119,황채진,M,1980-12-10,010-****-3720,2025-11-10 12:34:46
10002120,김미현,F,1964-09-11,010-****-5791,2025-11-10 13:10:32
10002121,안소민,F,1976-02-09,010-****-1872,2025-11-10 13:24:22
10002122,이서은,F,1947-08-08,010-****-1442,2025-11-10 13:29:13
10002123,윤호시,M,1978-03-09,010-****-1700,2025-11-10 13:38:46
10002124,윤현혜,F,1950-12-26,010-****-1942,2025-11-10 13:43:49
10002125,황현준,M,1977-06-09,010-****-7032,2025-11-10 13:48:10
10002126,정경민,M,1981-12-19,010-****-2169,2025-11-10 14:56:18
10002127,이성윤,F,1958-12-16,010-****-6418,2025-11-10 15:09:41
10002128,황성경,F,2001-12-22,010-****-3972,2025-11-11 08:13:16
10002129,박재우,F,2011-11-03,010-****-0254,2025-11-11 08:13:27
10002130,윤혜소,M,1959-10-01,010-****-5144,2025-11-11 08:49:48
10002131,이준정,M,1979-10-03,010-****-8497,2025-11-11 10:09:31
10002132,강은경,M,2023-06-25,010-****-9980,2025-11-11 10:09:51
10002133,이지서,F,2014-04-17,010-****-6271,2025-11-11 12:42:05
10002134,박민서,F,2012-07-20,010-****-7495,2025-11-11 12:45:20
10002135,이도희,F,1965-04-20,010-****-8342,2025-11-11 13:19:27
10002136,김재서,F,2015-01-12,010-****-0616,2025-11-11 13:20:15
10002137,김소상,M,1963-06-11,010-****-1204,2025-11-11 13:22:42
10002138,김채유,M,1977-12-20,010-****-5695,2025-11-11 14:03:57
10002139,박희시,M,1979-04-10,010-****-9462,2025-11-11 14:06:38
10002140,최영희,F,1949-05-28,010-****-0452,2025-11-11 14:12:42
10002141,류영준,F,1941-12-24,010-****-2252,2025-11-11 14:31:29
10002142,김진영,F,1969-10-29,010-****-8757,2025-11-12 08:30:57
10002143,이재은,M,2011-03-04,010-****-5398,2025-11-12 08:42:40
10002144,이태호,F,1962-02-08,010-****-9896,2025-11-12 08:53:08
10002145,김미상,F,2012-11-03,010-****-6384,2025-11-12 08:58:49
10002146,이도현,M,1959-04-26,010-****-5699,2025-11-12 09:23:34
10002147,이도수,F,1965-11-04,010-****-6185,2025-11-12 09:51:07
10002148,송수예,M,2014-04-11,010-****-7574,2025-11-12 12:46:55
10002149,이태서,M,2022-06-08,010-****-0022,2025-11-12 13:01:20
10002150,이동은,F,1952-04-11,010-****-8667,2025-11-12 13:26:15
10002151,김도미,F,1953-04-29,010-****-1312,2025-11-12 13:27:15
10002152,이윤희,M,1969-10-30,010-****-2891,2025-11-12 14:12:43
10002153,김준은,M,2020-08-10,010-****-4783,2025-11-13 08:26:28
10002154,이시은,M,1953-07-04,010-****-6687,2025-11-13 08:33:26
10002155,김하민,F,1986-10-19,010-****-1365,2025-11-13 08:42:17
10002156,박상태,M,1984-07-29,010-****-3587,2025-11-13 09:05:13
10002157,류정유,F,1944-07-20,010-****-0889,2025-11-13 09:32:33
10002158,강희연,M,1954-03-10,010-****-7531,2025-11-13 09:36:54
10002159,서희영,M,1985-10-15,010-****-3652,2025-11-13 10:07:20
10002160,정진동,F,1954-03-07,010-****-6129,2025-11-13 13:12:22
10002161,이영혜,M,1994-08-05,010-****-3966,2025-11-13 13:34:39
10002162,안은재,M,1968-07-26,010-****-4245,2025-11-13 14:22:56
10002163,김윤도,F,1998-12-17,010-****-0144,2025-11-14 08:11:46
10002164,이경도,F,1983-08-27,010-****-2890,2025-11-14 09:20:53
10002165,이민호,M,1941-08-07,010-****-2582,2025-11-14 09:26:17
10002166,김채경,M,1959-12-14,010-****-5738,2025-11-14 09:54:08
10002167,서유재,M,1981-05-27,010-****-4541,2025-11-14 10:32:04
10002168,정현윤,M,1969-12-05,010-****-8893,2025-11-14 12:42:09
10002169,이하현,M,1976-09-03,010-****-3527,2025-11-14 12:52:02
10002170,김은경,M,1954-03-20,010-****-3843,2025-11-14 15:00:38
10002171,조은성,M,1946-09-28,010-****-5129,2025-11-17 08:44:14
10002172,이진경,M,1983-12-11,010-****-8825,2025-11-17 08:59:27
10002173,조유정,M,1971-02-15,010-****-3126,2025-11-17 09:03:52
10002174,김상도,M,1941-03-19,010-****-9089,2025-11-17 09:06:59
10002175,박시소,F,1955-06-09,010-****-0137,2025-11-17 09:32:02
10002176,최유정,F,1959-01-23,010-****-8875,2025-11-17 10:14:37
10002177,최지성,F,1978-05-01,010-****-5934,2025-11-17 10:22:59
10002178,김경예,F,1983-08-10,010-****-3463,2025-11-17 10:35:20
10002179,김성준,M,1979-01-27,010-****-2566,2025-11-17 12:50:07
10002180,이동상,M,1957-08-26,010-****-1417,2025-11-17 13:01:49
10002181,권준희,M,1946-03-10,010-****-6481,2025-11-17 13:15:12
10002182,윤서진,M,1947-04-10,010-****-1871,2025-11-17 13:49:57
10002183,김우윤,F,1958-07-26,010-****-1764,2025-11-17 14:11:39
10002184,김윤진,F,1964-04-05,010-****-8000,2025-11-17 14:32:38
10002185,김하지,M,1959-09-08,010-****-4112,2025-11-17 14:40:01
10002186,김우태,F,1958-04-11,010-****-7357,2025-11-17 14:41:55
10002187,안서채,F,1988-12-19,010-****-1577,2025-11-17 14:52:52
10002188,윤지예,F,1943-05-10,010-****-8277,2025-11-17 15:08:11
10002189,박도시,M,1969-10-13,010-****-9927,2025-11-17 15:12:19
10002190,강서윤,F,2000-03-14,010-****-7743,2025-11-18 08:23:33
10002191,김하채,M,2017-04-12,010-****-0651,2025-11-18 08:33:58
10002192,이수현,F,1951-04-15,010-****-8591,2025-11-18 08:55:31
10002193,이채영,F,2020-09-30,010-****-8988,2025-11-18 09:10:28
10002194,권예도,M,1948-08-22,010-****-0757,2025-11-18 09:14:47
10002195,이미준,F,2010-08-18,010-****-0429,2025-11-18 09:33:13
10002196,정경서,M,1994-02-07,010-****-3194,2025-11-18 12:44:14
10002197,김영진,M,1986-10-07,010-****-7845,2025-11-18 13:01:30
10002198,이성유,M,1941-01-07,010-****-2116,2025-11-18 13:06:45
10002199,이수우,F,2022-10-03,010-****-2927,2025-11-18 13:07:27
10002200,황소윤,F,1979-07-03,010-****-1506,2025-11-18 13:11:26
10002201,윤도소,M,1950-12-09,010-****-8711,2025-11-18 13:26:26
10002202,서수우,M,1954-04-20,010-****-2214,2025-11-19 13:17:26
10002203,김성호,M,1966-05-17,010-****-1559,2025-11-19 13:29:06
10002204,강미현,M,1978-01-12,010-****-9947,2025-11-19 13:32:18
10002205,윤혜미,M,1981-02-14,010-****-2574,2025-11-20 08:12:22
10002206,오소시,F,2016-07-05,010-****-3681,2025-11-20 08:35:35
10002207,박미진,M,1952-07-26,010-****-2827,2025-11-20 08:38:47
10002208,김예시,M,1970-06-25,010-****-8677,2025-11-20 10:20:43
10002209,이미정,F,2018-09-24,010-****-4704,2025-11-20 12:44:17
10002210,오정지,M,1948-06-03,010-****-5595,2025-11-20 12:57:57
10002211,정우서,M,1991-10-21,010-****-3520,2025-11-20 13:34:13
10002212,송하소,M,1969-05-26,010-****-2417,2025-11-20 13:41:13
10002213,김예혜,F,1953-11-01,010-****-9965,2025-11-20 13:47:59
10002214,송영유,M,2005-08-18,010-****-1749,2025-11-20 14:33:36
10002215,이진태,F,1951-11-18,010-****-5942,2025-11-20 14:39:41
10002216,황채정,F,1951-07-05,010-****-1376,2025-11-20 14:40:42
10002217,김서동,F,1970-07-20,010-****-5054,2025-11-20 14:44:04
10002218,안현태,F,1958-08-05,010-****-5793,2025-11-21 08:26:02
10002219,정서연,F,1963-05-31,010-****-6712,2025-11-21 08:30:19
10002220,장경하,F,1937-10-02,010-****-4940,2025-11-21 08:53:44
10002221,이진현,F,1981-11-25,010-****-6807,2025-11-21 13:00:45
10002222,김호하,M,1968-12-06,010-****-7621,2025-11-21 13:05:05
10002223,오경재,F,1959-05-06,010-****-7265,2025-11-21 14:34:33
10002224,이지혜,M,1939-03-04,010-****-2261,2025-11-21 14:54:28
10002225,최연경,F,1974-12-05,010-****-7595,2025-11-21 15:14:40
10002226,박준희,F,1948-03-02,010-****-8843,2025-11-24 08:12:57
10002227,황유시,F,1965-05-03,010-****-6921,2025-11-24 08:20:42
10002228,이은하,M,1968-07-28,010-****-4109,2025-11-24 08:22:57
10002229,박준태,F,1972-02-06,010-****-4416,2025-11-24 08:44:52
10002230,이미서,F,1967-02-06,010-****-5432,2025-11-24 09:02:25
10002231,박미하,F,1953-08-29,010-****-9262,2025-11-24 09:14:47
10002232,박혜호,M,1937-11-25,010-****-1556,2025-11-24 09:30:48
10002233,김동태,F,1987-12-09,010-****-1163,2025-11-24 10:05:04
10002234,김도상,F,1959-02-15,010-****-2786,2025-11-24 10:09:32
10002235,김태정,F,1966-03-08,010-****-6177,2025-11-24 10:12:36
10002236,홍태민,M,1985-11-02,010-****-4987,2025-11-24 12:43:08
10002237,김우채,F,1953-06-27,010-****-0191,2025-11-24 13:20:58
10002238,박희도,F,1982-10-09,010-****-7850,2025-11-24 13:24:05
10002239,이수소,M,2003-12-24,010-****-8111,2025-11-24 13:27:15
10002240,김상호,M,1973-11-10,010-****-5767,2025-11-24 13:37:26
10002241,최민상,M,1985-05-18,010-****-2095,2025-11-24 13:37:47
10002242,김수영,F,1971-12-20,010-****-4850,2025-11-24 13:54:22
10002243,이민진,F,1938-09-28,010-****-3129,2025-11-24 14:43:23
10002244,신도경,F,1980-06-29,010-****-8657,2025-11-24 14:44:25
10002245,김태우,M,1947-08-11,010-****-1884,2025-11-24 14:44:30
10002246,신민상,F,1978-07-30,010-****-0880,2025-11-25 08:10:32
10002247,정현미,M,1981-11-01,010-****-8791,2025-11-25 08:16:59
10002248,박소태,M,1981-08-17,010-****-7517,2025-11-25 10:00:51
10002249,이서정,M,1952-11-10,010-****-0257,2025-11-25 10:04:17
10002250,류서민,M,1952-10-30,010-****-0073,2025-11-25 12:51:28
10002251,최준동,M,1954-06-24,010-****-6862,2025-11-25 13:06:59
10002252,정상예,M,1989-05-20,010-****-5085,2025-11-25 13:12:29
10002253,이시민,F,2009-10-20,010-****-8487,2025-11-25 13:16:49
10002254,안정준,M,1970-04-04,010-****-3279,2025-11-25 13:20:01
10002255,장예민,F,1966-01-19,010-****-1025,2025-11-25 13:25:11
10002256,이은동,F,1949-01-10,010-****-0402,2025-11-25 13:33:27
10002257,정동현,F,1987-07-14,010-****-9826,2025-11-25 13:40:28
10002258,윤지채,F,1995-06-23,010-****-9223,2025-11-25 13:44:29
10002259,이유동,F,2019-10-17,010-****-0432,2025-11-25 14:27:17
10002260,임진예,F,1965-07-25,010-****-6917,2025-11-25 14:37:52
10002261,최희정,F,1969-11-13,010-****-8779,2025-11-25 15:22:20
10002262,한상혜,M,2022-03-24,010-****-2636,2025-11-26 08:06:28
10002263,김미민,F,2023-04-25,010-****-4688,2025-11-26 08:06:41
10002264,김미정,F,1972-12-14,010-****-9832,2025-11-26 09:13:01
10002265,조혜하,F,2008-09-19,010-****-9360,2025-11-26 10:16:46
10002266,이하상,M,2008-07-04,010-****-5945,2025-11-26 10:23:39
10002267,홍진현,F,1973-04-04,010-****-7286,2025-11-26 12:32:23
10002268,김동예,F,1972-01-14,010-****-5527,2025-11-26 13:20:59
10002269,이준수,M,1970-07-18,010-****-1860,2025-11-26 14:21:40
10002270,한호정,M,2001-11-25,010-****-5606,2025-11-27 08:12:27
10002271,최성혜,M,2012-05-12,010-****-9849,2025-11-27 08:17:05
10002272,김동수,F,1946-02-22,010-****-8977,2025-11-27 08:58:55
10002273,최우재,M,2002-10-03,010-****-6083,2025-11-27 10:22:48
10002274,김서혜,M,1940-02-10,010-****-5677,2025-11-27 12:51:12
10002275,김재우,M,1968-10-24,010-****-1550,2025-11-27 13:29:30
10002276,김도소,M,1971-05-09,010-****-2499,2025-11-27 13:50:51
10002277,박준연,M,1966-10-26,010-****-3229,2025-11-27 14:02:40
10002278,이영수,M,1981-10-01,010-****-1492,2025-11-27 14:06:04
10002279,김소윤,M,2020-10-31,010-****-6040,2025-11-27 14:14:42
10002280,최우연,M,1944-11-02,010-****-5667,2025-11-27 14:18:12
10002281,이윤예,M,2018-06-28,010-****-4215,2025-11-27 14:21:01
10002282,강연민,M,1938-12-24,010-****-5892,2025-11-27 14:23:42
10002283,김미영,F,1983-01-01,010-****-2451,2025-11-27 14:35:38
10002284,박정호,F,1964-09-02,010-****-7286,2025-11-27 15:09:51
10002285,김호도,F,1957-01-17,010-****-6976,2025-11-28 08:13:13
10002286,김희유,M,1965-03-09,010-****-8930,2025-11-28 08:34:59
10002287,이채민,F,1944-08-25,010-****-2804,2025-11-28 08:35:48
10002288,김은경,F,1978-01-13,010-****-1214,2025-11-28 09:08:12
10002289,윤채시,F,1950-09-06,010-****-9818,2025-11-28 10:33:11
10002290,임재희,M,1944-08-11,010-****-6931,2025-11-28 10:34:32
10002291,김태윤,F,1961-01-16,010-****-8568,2025-11-28 12:32:36
10002292,최유소,M,1959-11-11,010-****-2632,2025-11-28 12:37:36
10002293,한호희,M,2005-11-17,010-****-3715,2025-11-28 13:21:41
10002294,김성유,F,1946-01-08,010-****-8218,2025-11-28 13:46:30
10002295,최태준,F,1977-08-28,010-****-2891,2025-11-28 15:00:05
10002296,임소예,M,1955-08-23,010-****-8956,2025-11-28 15:13:21
10002297,김성민,M,1944-11-07,010-****-1464,2025-12-01 08:04:33
10002298,김미서,F,1998-01-10,010-****-7800,2025-12-01 08:15:15
10002299,김시진,M,1967-02-17,010-****-0846,2025-12-01 08:20:12
10002300,이현지,F,1967-07-15,010-****-8639,2025-12-01 08:32:13
10002301,최정진,F,1953-11-11,010-****-3602,2025-12-01 08:48:11
10002302,장하수,F,1967-04-22,010-****-6859,2025-12-01 08:48:54
10002303,김소진,F,1978-02-28,010-****-1578,2025-12-01 08:54:29
10002304,오채은,M,1970-06-03,010-****-7026,2025-12-01 08:55:53
10002305,김하정,F,1973-11-18,010-****-6113,2025-12-01 09:06:01
10002306,김지민,M,1945-09-10,010-****-9268,2025-12-01 09:25:53
10002307,권미경,M,1962-03-27,010-****-9677,2025-12-01 09:44:47
10002308,박민지,M,1960-10-22,010-****-1630,2025-12-01 09:59:35
10002309,김현예,M,1964-11-02,010-****-7401,2025-12-01 10:08:11
10002310,송미윤,M,2005-07-31,010-****-8331,2025-12-01 10:16:57
10002311,이호진,M,1954-05-10,010-****-5874,2025-12-01 10:51:42
10002312,김현진,M,2000-07-09,010-****-9372,2025-12-01 12:37:14
10002313,서경상,M,1992-07-14,010-****-4643,2025-12-01 12:48:00
10002314,이정영,F,1964-04-15,010-****-4629,2025-12-01 12:57:25
10002315,박은예,F,1988-03-12,010-****-9923,2025-12-01 13:13:31
10002316,이민채,M,1955-12-24,010-****-5737,2025-12-01 13:28:04
10002317,황도수,F,1980-07-01,010-****-1098,2025-12-01 13:36:27
10002318,이준윤,F,1956-04-02,010-****-4832,2025-12-01 13:52:01
10002319,정지정,M,2005-07-30,010-****-1708,2025-12-01 14:03:02
10002320,박호소,F,1971-06-30,010-****-4527,2025-12-01 14:20:55
10002321,김현재,F,1980-03-09,010-****-6039,2025-12-01 14:27:42
10002322,오예호,F,1940-06-01,010-****-8399,2025-12-01 14:45:43
10002323,이윤은,M,1982-01-15,010-****-8535,2025-12-02 08:15:50
10002324,이정민,M,2011-02-20,010-****-5048,2025-12-02 08:58:27
10002325,김예윤,F,1970-05-28,010-****-1787,2025-12-02 09:03:12
10002326,이도유,M,2010-11-24,010-****-7868,2025-12-02 09:19:30
10002327,김시정,M,1957-07-08,010-****-7056,2025-12-02 09:25:20
10002328,박은민,M,1984-04-18,010-****-4589,2025-12-02 09:45:21
10002329,이미예,F,1940-11-12,010-****-4155,2025-12-02 10:01:06
10002330,김재은,F,1989-08-01,010-****-0490,2025-12-02 10:18:51
10002331,이서도,F,2010-02-21,010-****-3390,2025-12-02 10:36:21
10002332,정수준,F,2017-02-03,010-****-3335,2025-12-02 10:54:04
10002333,김수진,M,1965-11-30,010-****-5543,2025-12-02 12:38:35
10002334,박혜상,F,1949-10-06,010-****-8577,2025-12-02 12:56:09
10002335,정하채,M,1983-09-09,010-****-2732,2025-12-02 12:59:18
10002336,최경은,F,2003-04-29,010-****-1088,2025-12-02 13:08:20
10002337,한미민,M,1973-06-21,010-****-5075,2025-12-02 13:23:08
10002338,신영민,M,1948-06-20,010-****-7738,2025-12-02 13:25:29
10002339,김하민,M,1989-10-10,010-****-0396,2025-12-02 13:33:59
10002340,이재진,F,1950-10-16,010-****-1039,2025-12-02 14:05:51
10002341,이우희,M,2011-11-05,010-****-3219,2025-12-02 15:12:41
10002342,김연시,M,1952-10-25,010-****-2367,2025-12-03 08:17:50
10002343,김재현,M,2009-03-25,010-****-0245,2025-12-03 08:44:47
10002344,이연하,F,2017-07-17,010-****-7190,2025-12-03 08:44:52
10002345,김지혜,M,2019-05-25,010-****-7400,2025-12-03 09:04:48
10002346,김수도,F,1946-03-06,010-****-6738,2025-12-03 09:27:24
10002347,강희채,F,1965-09-26,010-****-4540,2025-12-03 10:13:54
10002348,박시윤,F,1971-01-11,010-****-6144,2025-12-03 13:11:34
10002349,류미수,F,1969-03-26,010-****-0160,2025-12-03 13:20:20
10002350,서상희,M,1957-05-22,010-****-3400,2025-12-03 13:55:08
10002351,조상수,F,1939-02-15,010-****-9575,2025-12-03 14:12:19
10002352,조혜호,F,1971-09-02,010-****-7651,2025-12-03 14:44:47
10002353,김윤우,M,1981-10-09,010-****-8768,2025-12-03 15:18:16
10002354,김경희,F,1980-12-22,010-****-7218,2025-12-04 08:27:37
10002355,권진도,F,1946-11-22,010-****-9166,2025-12-04 08:33:09
10002356,김동정,M,1979-04-30,010-****-2845,2025-12-04 08:36:34
10002357,이준영,M,1967-02-01,010-****-8951,2025-12-04 08:45:42
10002358,조은준,F,1954-04-09,010-****-7616,2025-12-04 08:52:47
10002359,한지재,M,1952-11-18,010-****-0788,2025-12-04 08:52:54
10002360,김태준,F,1969-09-12,010-****-1740,2025-12-04 08:58:30
10002361,이시희,F,1988-06-20,010-****-6834,2025-12-04 09:17:31
10002362,김민준,F,1975-10-25,010-****-5089,2025-12-04 09:50:32
10002363,박재민,M,1986-10-26,010-****-7477,2025-12-04 10:01:47
10002364,이희우,F,1951-07-30,010-****-2860,2025-12-04 12:40:25
10002365,정민영,M,1979-08-06,010-****-0237,2025-12-04 13:29:53
10002366,김소채,F,1955-10-10,010-****-9240,2025-12-04 13:45:59
10002367,신도수,F,1954-06-02,010-****-1524,2025-12-04 13:58:03
10002368,조영태,F,1959-06-27,010-****-7665,2025-12-05 08:19:54
10002369,이준혜,F,1963-06-19,010-****-3240,2025-12-05 08:37:35
10002370,서윤지,M,1969-04-10,010-****-0351,2025-12-05 09:02:08
10002371,김연유,M,1955-04-17,010-****-0481,2025-12-05 12:51:16
10002372,서미성,F,1975-08-21,010-****-4617,2025-12-05 13:45:06
10002373,김채서,M,1991-07-05,010-****-7136,2025-12-05 14:08:24
10002374,윤예지,F,1983-11-16,010-****-4210,2025-12-05 14:29:39
10002375,조민서,M,1978-09-18,010-****-9851,2025-12-05 14:35:46
10002376,박성지,F,1967-07-19,010-****-1215,2025-12-05 14:43:06
10002377,김동연,F,1939-09-09,010-****-4474,2025-12-05 14:44:40
10002378,조정수,F,1946-02-21,010-****-2121,2025-12-07 14:00:42
10002379,이민혜,F,1977-08-04,010-****-4405,2025-12-08 08:10:58
10002380,박경지,M,1957-10-06,010-****-6717,2025-12-08 08:11:51
10002381,이하지,M,1956-12-24,010-****-4231,2025-12-08 08:13:43
10002382,최재민,M,1992-04-18,010-****-9056,2025-12-08 08:16:37
10002383,김영우,M,1965-11-30,010-****-9726,2025-12-08 08:22:17
10002384,최혜도,M,1966-11-23,010-****-6191,2025-12-08 08:40:12
10002385,송유우,M,1964-03-10,010-****-3690,2025-12-08 08:56:07
10002386,서재준,F,1975-08-04,010-****-8744,2025-12-08 10:15:26
10002387,박미준,F,1969-02-18,010-****-9631,2025-12-08 12:46:18
10002388,김정준,M,1995-10-29,010-****-0657,2025-12-08 12:55:26
10002389,김호혜,M,1957-11-13,010-****-8174,2025-12-08 12:58:16
10002390,이영소,M,2002-01-21,010-****-2867,2025-12-08 13:25:51
10002391,박지동,M,1981-08-21,010-****-4870,2025-12-08 13:41:54
10002392,김영우,F,1986-08-18,010-****-7510,2025-12-08 13:44:37
10002393,김태상,F,1959-11-26,010-****-0457,2025-12-08 13:47:58
10002394,김호재,F,1990-11-06,010-****-5081,2025-12-08 13:48:40
10002395,김영예,M,1980-11-26,010-****-9312,2025-12-08 14:17:06
10002396,김준정,F,1957-02-19,010-****-1352,2025-12-08 14:31:24
10002397,이채수,F,2023-12-29,010-****-3050,2025-12-09 08:16:29
10002398,김예재,F,1974-03-05,010-****-8645,2025-12-09 08:23:27
10002399,이은윤,F,2020-11-13,010-****-4462,2025-12-09 08:30:08
10002400,이성하,F,1950-05-16,010-****-4681,2025-12-09 08:31:40
10002401,최민윤,F,1953-05-08,010-****-4816,2025-12-09 08:34:55
10002402,김미태,F,1983-02-19,010-****-9495,2025-12-09 08:47:10
10002403,안상혜,F,1989-06-01,010-****-9024,2025-12-09 09:09:04
10002404,한하소,M,2011-03-07,010-****-0494,2025-12-09 09:41:29
10002405,김하성,F,1952-10-23,010-****-4388,2025-12-09 09:48:16
10002406,안도정,F,2015-07-04,010-****-6736,2025-12-09 09:50:16
10002407,박상윤,F,1985-04-15,010-****-8314,2025-12-09 12:54:42
10002408,이동정,M,1966-03-02,010-****-7859,2025-12-09 13:03:08
10002409,송영혜,F,1968-11-04,010-****-5007,2025-12-09 13:05:13
10002410,이하태,F,1980-06-20,010-****-9584,2025-12-09 13:08:22
10002411,정유예,F,1959-03-25,010-****-4185,2025-12-09 13:16:44
10002412,신하예,F,1997-04-20,010-****-1953,2025-12-09 13:19:01
10002413,이하희,F,1952-05-15,010-****-3998,2025-12-09 13:29:53
10002414,이예성,M,1986-12-26,010-****-4734,2025-12-09 13:39:25
10002415,김진연,F,1949-07-04,010-****-9805,2025-12-09 13:44:44
10002416,박시호,M,2011-06-29,010-****-1422,2025-12-09 13:56:19
10002417,이수하,F,2019-01-07,010-****-9424,2025-12-09 13:59:01
10002418,최상동,F,1967-02-27,010-****-5684,2025-12-09 14:00:31
10002419,김진유,F,2024-07-25,010-****-6305,2025-12-09 14:17:59
10002420,김미시,F,1960-05-22,010-****-3812,2025-12-09 14:22:34
10002421,이민성,M,1966-06-19,010-****-1864,2025-12-09 14:36:33
10002422,김유상,M,1961-12-05,010-****-3137,2025-12-09 14:51:05
10002423,박현서,F,2013-06-04,010-****-4725,2025-12-10 08:09:05
10002424,정혜경,M,1968-10-31,010-****-7515,2025-12-10 09:48:24
10002425,정시민,M,2020-09-11,010-****-2975,2025-12-10 12:36:22
10002426,박성은,M,2012-04-21,010-****-8050,2025-12-10 12:49:21
10002427,최서도,F,1969-09-15,010-****-9141,2025-12-10 12:50:48
10002428,김채소,M,1968-04-11,010-****-7275,2025-12-10 13:12:38
10002429,한우연,F,2017-05-03,010-****-8266,2025-12-10 14:03:13
10002430,조연상,F,1958-11-15,010-****-0148,2025-12-10 15:08:18
10002431,김지하,F,1976-08-03,010-****-5788,2025-12-11 09:11:03
10002432,김경정,F,1989-10-29,010-****-0098,2025-12-11 09:11:40
10002433,박혜예,F,1943-07-12,010-****-5640,2025-12-11 09:34:18
10002434,윤영윤,F,1958-04-14,010-****-9842,2025-12-11 10:47:47
10002435,정민혜,F,1963-03-06,010-****-0416,2025-12-11 11:04:55
10002436,김수민,F,1987-12-14,010-****-4463,2025-12-11 13:12:52
10002437,박희은,F,1980-05-12,010-****-8351,2025-12-11 13:55:02
10002438,이시성,M,1956-06-07,010-****-8755,2025-12-11 15:11:50
10002439,이우시,F,1963-09-28,010-****-3960,2025-12-11 15:18:52
10002440,김하은,M,1985-04-11,010-****-1206,2025-12-11 15:26:37
10002441,이미시,M,1957-11-27,010-****-3894,2025-12-12 09:13:01
10002442,박서혜,M,1960-11-10,010-****-1140,2025-12-12 09:29:14
10002443,정소예,M,1947-11-22,010-****-7852,2025-12-12 12:43:47
10002444,조미경,F,1964-02-05,010-****-1954,2025-12-12 12:49:50
10002445,권소성,F,1949-08-21,010-****-3669,2025-12-12 12:56:00
10002446,이민준,F,1977-06-26,010-****-9847,2025-12-12 13:23:15
10002447,이소재,M,1966-01-27,010-****-3266,2025-12-15 08:26:52
10002448,김우서,F,1955-03-25,010-****-9510,2025-12-15 08:43:25
10002449,박도호,F,1963-03-07,010-****-9631,2025-12-15 08:47:25
10002450,박재연,M,1940-12-30,010-****-2030,2025-12-15 08:55:47
10002451,권미준,M,1952-01-17,010-****-4691,2025-12-15 09:34:22
10002452,김윤지,M,1949-09-23,010-****-7000,2025-12-15 10:13:13
10002453,박지동,M,1980-02-27,010-****-2362,2025-12-15 10:24:41
10002454,최영시,M,1968-10-06,010-****-3145,2025-12-15 12:37:47
10002455,류윤준,M,1973-08-18,010-****-5958,2025-12-15 12:56:09
10002456,이은하,F,1956-03-20,010-****-1172,2025-12-15 13:07:34
10002457,최희진,M,1945-10-24,010-****-6308,2025-12-15 13:14:31
10002458,황도진,M,1987-03-26,010-****-0876,2025-12-15 13:17:59
10002459,정정도,F,1968-06-02,010-****-4407,2025-12-15 13:21:33
10002460,권정혜,M,1967-03-27,010-****-0449,2025-12-15 13:26:28
10002461,김정윤,M,1974-11-19,010-****-0258,2025-12-15 13:26:28
10002462,김도수,F,1953-09-11,010-****-8170,2025-12-15 13:28:30
10002463,한도재,F,1975-03-26,010-****-0517,2025-12-15 14:31:26
10002464,강민영,M,1982-11-16,010-****-8622,2025-12-15 14:32:27
10002465,김재희,M,2004-10-05,010-****-4625,2025-12-15 15:04:33
10002466,최하호,M,1962-11-13,010-****-2727,2025-12-16 08:05:58
10002467,윤소현,F,1967-09-20,010-****-0104,2025-12-16 08:12:54
10002468,최현미,F,1988-04-11,010-****-4180,2025-12-16 08:15:24
10002469,김경민,M,2020-04-15,010-****-7988,2025-12-16 08:27:04
10002470,박수하,F,1969-05-04,010-****-7577,2025-12-16 08:44:46
10002471,오영혜,M,1949-07-06,010-****-0319,2025-12-16 08:48:10
10002472,김하우,M,1977-11-21,010-****-9679,2025-12-16 08:55:16
10002473,오유동,F,1952-07-30,010-****-7571,2025-12-16 09:02:46
10002474,박연은,M,1992-11-12,010-****-7111,2025-12-16 09:07:32
10002475,이은도,F,2012-05-26,010-****-0288,2025-12-16 09:13:45
10002476,박미지,F,2011-10-25,010-****-9838,2025-12-16 09:53:56
10002477,조소우,M,1987-07-18,010-****-5185,2025-12-16 10:04:07
10002478,임예유,M,1940-05-11,010-****-3558,2025-12-16 12:37:16
10002479,김우윤,F,1997-09-24,010-****-6560,2025-12-16 12:39:17
10002480,최채현,M,1940-12-28,010-****-0739,2025-12-16 12:42:33
10002481,김수성,M,1978-07-28,010-****-6785,2025-12-16 12:48:13
10002482,이진재,M,2009-12-08,010-****-4471,2025-12-16 12:54:15
10002483,정윤은,M,1954-10-22,010-****-9559,2025-12-16 12:54:19
10002484,최우수,F,2008-03-16,010-****-8214,2025-12-16 13:04:39
10002485,정준진,M,2017-09-01,010-****-3594,2025-12-16 13:20:36
10002486,김영재,F,1967-01-09,010-****-5150,2025-12-16 13:29:45
10002487,황영진,M,2011-05-29,010-****-3542,2025-12-16 13:31:26
10002488,신미윤,F,2024-06-09,010-****-4637,2025-12-16 14:28:36
10002489,신지미,F,1954-10-18,010-****-7860,2025-12-16 15:03:15
10002490,정경채,F,1954-11-07,010-****-3700,2025-12-17 08:15:46
10002491,이진호,F,1947-02-17,010-****-0692,2025-12-17 09:21:47
10002492,황수정,M,1986-03-08,010-****-2481,2025-12-17 09:51:21
10002493,정윤도,F,1990-10-09,010-****-4705,2025-12-17 10:55:01
10002494,장소민,M,1957-07-17,010-****-5714,2025-12-17 12:44:51
10002495,이도성,F,1990-12-12,010-****-1224,2025-12-17 13:08:26
10002496,정재희,F,1944-03-05,010-****-0971,2025-12-17 13:38:33
10002497,박은소,F,1948-10-06,010-****-7210,2025-12-17 14:01:32
10002498,강수지,F,1952-12-12,010-****-1128,2025-12-18 08:23:38
10002499,이수윤,M,1957-09-26,010-****-4784,2025-12-18 08:59:59
10002500,이동준,M,1971-06-13,010-****-2261,2025-12-18 09:01:20
10002501,조우지,M,1992-07-17,010-****-3637,2025-12-18 09:24:29
10002502,김태상,M,1954-10-06,010-****-8034,2025-12-18 12:41:29
10002503,박재윤,F,1967-04-12,010-****-8657,2025-12-18 12:49:53
10002504,이성상,F,2019-10-29,010-****-2231,2025-12-18 12:56:24
10002505,김연도,F,1953-06-12,010-****-8761,2025-12-18 13:09:21
10002506,이희정,F,1964-04-09,010-****-4259,2025-12-18 13:21:40
10002507,이지하,F,1971-03-17,010-****-9953,2025-12-18 13:27:59
10002508,권윤현,F,1980-06-10,010-****-4225,2025-12-18 13:43:24
10002509,김채경,M,1984-06-04,010-****-5672,2025-12-18 15:04:56
10002510,김호윤,M,1965-09-16,010-****-1076,2025-12-19 09:04:26
10002511,김성정,F,1983-04-22,010-****-2571,2025-12-19 09:19:07
10002512,박현민,F,1938-07-19,010-****-3194,2025-12-19 09:29:00
10002513,김경진,M,1983-11-03,010-****-4301,2025-12-19 10:05:07
10002514,정상우,F,1957-12-11,010-****-4313,2025-12-19 12:45:08
10002515,이윤도,F,1957-06-03,010-****-8786,2025-12-19 12:54:59
10002516,박유현,F,1976-11-28,010-****-8749,2025-12-19 13:12:05
10002517,신희윤,F,1942-07-26,010-****-9989,2025-12-19 13:24:10
10002518,이진윤,F,1972-11-13,010-****-6108,2025-12-19 13:38:08
10002519,조상하,F,1967-08-30,010-****-3732,2025-12-19 13:39:47
10002520,정태시,F,1961-10-13,010-****-6811,2025-12-19 15:23:22
10002521,윤우서,M,1972-03-07,010-****-9415,2025-12-22 08:05:20
10002522,김연성,F,2003-04-03,010-****-5801,2025-12-22 08:12:56
10002523,이희우,F,1995-01-18,010-****-1430,2025-12-22 08:13:05
10002524,김예희,M,1973-01-16,010-****-9393,2025-12-22 08:16:41
10002525,최유성,F,2007-04-04,010-****-5134,2025-12-22 08:22:24
10002526,이영소,F,1950-01-16,010-****-9725,2025-12-22 08:29:00
10002527,김경현,F,1995-08-23,010-****-1216,2025-12-22 08:37:46
10002528,윤준시,F,1953-05-03,010-****-5849,2025-12-22 09:10:35
10002529,정정현,F,1957-09-25,010-****-1134,2025-12-22 09:30:47
10002530,황경성,F,1972-09-04,010-****-2401,2025-12-22 09:34:14
10002531,박수동,M,1965-09-05,010-****-9522,2025-12-22 12:45:45
10002532,이정경,M,2002-11-27,010-****-4732,2025-12-22 12:51:50
10002533,김우지,F,1992-05-02,010-****-9171,2025-12-22 12:56:48
10002534,이경영,M,1971-05-01,010-****-3997,2025-12-22 13:05:44
10002535,서채정,M,1981-12-13,010-****-4441,2025-12-22 13:21:50
10002536,김현재,F,1961-01-06,010-****-5046,2025-12-22 13:43:31
10002537,김진지,F,1983-06-10,010-****-3817,2025-12-22 14:10:32
10002538,김소서,F,1955-10-02,010-****-6130,2025-12-22 14:21:25
10002539,김미호,M,2010-01-08,010-****-9002,2025-12-22 14:39:25
10002540,강유경,M,1951-09-30,010-****-3394,2025-12-22 15:08:27
10002541,이민정,M,1981-03-15,010-****-7247,2025-12-23 09:12:10
10002542,이재상,F,2013-08-08,010-****-5344,2025-12-23 09:21:53
10002543,김유서,M,1943-07-22,010-****-1239,2025-12-23 09:25:44
10002544,박유동,M,2015-04-01,010-****-0264,2025-12-23 09:30:32
10002545,류진경,M,1958-10-02,010-****-8654,2025-12-23 09:37:16
10002546,조희지,F,1944-02-15,010-****-9193,2025-12-23 12:38:20
10002547,이동시,F,2018-12-16,010-****-2898,2025-12-23 12:44:30
10002548,권준소,F,1957-07-29,010-****-8546,2025-12-23 12:49:27
10002549,박서예,F,1957-10-15,010-****-7854,2025-12-23 12:51:46
10002550,최태성,M,1972-07-19,010-****-6478,2025-12-23 12:54:27
10002551,안미민,F,2015-12-29,010-****-7431,2025-12-23 13:03:38
10002552,송영예,F,1966-12-23,010-****-5581,2025-12-23 13:04:38
10002553,이하재,M,1973-01-23,010-****-1992,2025-12-23 13:44:35
10002554,김우하,F,1988-09-18,010-****-4048,2025-12-23 14:41:57
10002555,이호동,F,1991-01-29,010-****-3719,2025-12-23 14:47:02
10002556,김예은,M,1955-12-03,010-****-3545,2025-12-23 14:52:50
10002557,정미준,F,2020-03-18,010-****-4602,2025-12-23 15:02:06
10002558,강희은,F,2018-07-13,010-****-1712,2025-12-24 08:16:28
10002559,최성경,M,1967-01-16,010-****-6131,2025-12-24 08:31:25
10002560,이동지,M,2015-11-29,010-****-2158,2025-12-24 08:33:36
10002561,정성예,F,2018-12-24,010-****-1670,2025-12-24 08:47:24
10002562,한영유,F,1959-03-15,010-****-0795,2025-12-24 08:50:12
10002563,이도영,M,2011-12-10,010-****-4443,2025-12-24 08:55:01
10002564,안영시,M,1986-10-21,010-****-4791,2025-12-24 09:00:14
10002565,장윤혜,F,2023-06-29,010-****-0183,2025-12-24 09:07:11
10002566,박정재,M,1999-11-26,010-****-8109,2025-12-24 09:44:59
10002567,장재윤,F,1978-04-28,010-****-8660,2025-12-24 10:12:09
10002568,강진영,M,1986-08-14,010-****-7400,2025-12-24 10:23:39
10002569,최영소,M,1954-09-07,010-****-3270,2025-12-24 12:43:53
10002570,정서도,M,1937-12-03,010-****-2046,2025-12-24 12:45:18
10002571,박영진,F,1951-04-29,010-****-9674,2025-12-24 13:14:58
10002572,이연희,F,2019-09-09,010-****-5399,2025-12-24 13:16:40
10002573,안희윤,F,1942-10-21,010-****-5063,2025-12-24 13:17:01
10002574,이상정,F,1967-08-31,010-****-7842,2025-12-24 13:58:26
10002575,정성채,F,1974-08-26,010-****-1170,2025-12-25 08:10:25
10002576,정유상,M,1973-01-27,010-****-3732,2025-12-25 08:25:08
10002577,김동혜,M,1961-05-28,010-****-7660,2025-12-25 08:31:19
10002578,김동예,M,2020-02-06,010-****-9440,2025-12-25 08:44:01
10002579,황지호,M,1956-08-13,010-****-6607,2025-12-25 08:55:06
10002580,이시채,M,1972-11-20,010-****-4601,2025-12-25 08:57:07
10002581,이하은,F,1984-09-10,010-****-6478,2025-12-25 09:07:51
10002582,송영서,F,1970-04-30,010-****-3065,2025-12-25 09:24:40
10002583,최우준,F,1941-09-24,010-****-1255,2025-12-25 09:34:57
10002584,최채유,F,1962-07-23,010-****-3978,2025-12-25 10:23:24
10002585,이경재,M,1952-12-26,010-****-9088,2025-12-25 10:28:58
10002586,신수채,M,1979-10-22,010-****-9077,2025-12-25 12:55:49
10002587,임도소,F,1950-08-10,010-****-5325,2025-12-25 12:56:23
10002588,이호서,M,1957-11-05,010-****-5225,2025-12-25 15:19:43
10002589,김미영,M,1968-01-23,010-****-0295,2025-12-26 08:41:13
10002590,김민하,F,1973-12-31,010-****-5309,2025-12-26 08:53:26
10002591,김시재,F,1972-03-23,010-****-0478,2025-12-26 09:49:02
10002592,최우희,M,1975-09-08,010-****-4840,2025-12-26 12:46:21
10002593,박소민,M,1980-06-27,010-****-9311,2025-12-26 12:56:13
10002594,임희서,M,1968-12-14,010-****-6308,2025-12-26 13:39:14
10002595,박혜소,F,1938-03-19,010-****-0363,2025-12-26 13:41:31
10002596,김수우,F,1996-11-03,010-****-8768,2025-12-26 14:36:09
10002597,박상영,F,1983-08-22,010-****-6868,2025-12-29 08:34:11
10002598,홍재동,M,1977-10-05,010-****-2759,2025-12-29 08:37:25
10002599,김진민,F,1984-04-19,010-****-0297,2025-12-29 08:51:05
10002600,김채성,F,1966-09-29,010-****-5992,2025-12-29 09:07:48
10002601,김희준,M,1982-08-13,010-****-3282,2025-12-29 09:13:04
10002602,김채윤,M,1985-11-19,010-****-1601,2025-12-29 09:31:46
10002603,김윤현,M,1977-07-05,010-****-9744,2025-12-29 10:11:11
10002604,송진상,M,1947-11-04,010-****-1679,2025-12-29 12:37:10
10002605,홍윤영,M,1983-03-15,010-****-0840,2025-12-29 12:43:10
10002606,박경소,F,1953-11-27,010-****-1431,2025-12-29 13:09:10
10002607,김채예,F,1980-11-25,010-****-7765,2025-12-29 13:22:58
10002608,박은영,M,1959-11-01,010-****-7806,2025-12-29 13:33:07
10002609,정영혜,M,2003-02-03,010-****-9674,2025-12-29 13:34:13
10002610,강상진,M,1958-07-14,010-****-1080,2025-12-29 13:34:27
10002611,김희연,M,1972-02-07,010-****-1077,2025-12-29 13:36:46
10002612,강희상,F,1939-04-09,010-****-2106,2025-12-29 13:40:56
10002613,이시재,M,1988-04-22,010-****-2000,2025-12-29 14:12:32
10002614,서윤서,M,1954-11-17,010-****-1890,2025-12-29 14:15:40
10002615,송호하,F,1941-03-30,010-****-0721,2025-12-29 14:20:02
10002616,박민동,F,2002-08-24,010-****-5021,2025-12-30 08:30:26
10002617,박상영,F,2021-05-24,010-****-8224,2025-12-30 09:20:43
10002618,최민혜,M,2009-02-06,010-****-5946,2025-12-30 09:23:47
10002619,장우경,M,1986-01-15,010-****-9968,2025-12-30 09:28:17
10002620,박진민,F,2012-04-16,010-****-8511,2025-12-30 09:59:32
10002621,김태지,M,2013-08-02,010-****-4549,2025-12-30 10:18:28
10002622,김미경,M,2014-11-11,010-****-1847,2025-12-30 10:37:27
10002623,김소재,M,1991-08-29,010-****-3211,2025-12-30 12:59:13
10002624,한연채,M,1982-10-03,010-****-5651,2025-12-30 13:02:20
10002625,정하유,F,1980-09-19,010-****-0630,2025-12-30 13:13:35
10002626,홍연예,F,2010-12-25,010-****-1050,2025-12-30 13:19:12
10002627,김유은,M,2008-06-29,010-****-6676,2025-12-30 13:35:50
10002628,박준유,F,1977-12-20,010-****-1893,2025-12-30 13:49:30
10002629,이예정,F,1978-05-27,010-****-2835,2025-12-31 08:17:06
10002630,김유현,F,1983-09-22,010-****-5220,2025-12-31 08:29:42
10002631,이시지,F,2015-08-01,010-****-4472,2025-12-31 08:35:37
10002632,한은태,M,2015-01-14,010-****-6302,2025-12-31 14:06:11
10002633,김민유,M,1967-10-02,010-****-5472,2025-12-31 14:19:11
10002634,김재우,F,1976-08-15,010-****-4440,2025-12-31 14:30:50
10002635,강도현,M,1980-02-02,010-****-9555,2025-12-31 15:07:03
10002636,이채연,F,1964-01-27,010-****-5785,2026-01-02 08:41:09
10002637,김현영,M,1987-05-20,010-****-8985,2026-01-02 08:42:38
10002638,박유채,M,1958-08-03,010-****-7591,2026-01-02 08:50:25
10002639,김민지,M,1968-12-31,010-****-8724,2026-01-02 08:50:55
10002640,신영상,F,1983-10-16,010-****-9292,2026-01-02 08:55:59
10002641,최소미,M,1966-08-27,010-****-6371,2026-01-02 09:11:02
10002642,서미진,M,1960-01-12,010-****-0122,2026-01-02 09:16:20
10002643,김준진,M,1948-02-11,010-****-5973,2026-01-02 09:24:17
10002644,홍현재,M,1973-11-07,010-****-1635,2026-01-02 12:39:58
10002645,최영연,M,1947-07-25,010-****-5254,2026-01-02 12:47:48
10002646,강지하,M,1966-06-28,010-****-5070,2026-01-02 12:50:21
10002647,이영준,F,1986-10-10,010-****-0786,2026-01-02 13:33:57
10002648,김정연,M,1960-03-17,010-****-0662,2026-01-02 13:38:44
10002649,김호도,F,1949-09-23,010-****-5771,2026-01-02 13:49:46
10002650,박서동,M,1960-03-04,010-****-9756,2026-01-02 13:56:13
10002651,최상수,M,1942-05-30,010-****-7115,2026-01-02 14:07:38
10002652,장연시,F,1978-06-05,010-****-4540,2026-01-02 14:29:35
10002653,김미재,F,1955-05-11,010-****-7288,2026-01-02 14:44:37
10002654,김연채,F,1980-11-10,010-****-1769,2026-01-02 15:06:46
10002655,신채호,M,1955-03-27,010-****-8011,2026-01-05 08:06:17
10002656,박유지,M,1941-04-22,010-****-9437,2026-01-05 08:11:49
10002657,한상미,F,1990-02-11,010-****-9158,2026-01-05 08:15:23
10002658,안유성,F,1948-10-18,010-****-9625,2026-01-05 08:16:19
10002659,김경우,M,1985-08-15,010-****-2788,2026-01-05 08:29:50
10002660,정정현,F,1956-09-26,010-****-1353,2026-01-05 08:40:07
10002661,강지희,M,1974-10-31,010-****-7660,2026-01-05 08:44:15
10002662,박현호,F,1987-01-23,010-****-9734,2026-01-05 09:02:09
10002663,정수유,F,1969-08-24,010-****-5637,2026-01-05 09:16:15
10002664,임호진,M,1977-09-17,010-****-0390,2026-01-05 09:17:14
10002665,박은희,F,1970-11-11,010-****-4940,2026-01-05 09:20:32
10002666,신혜은,M,1957-05-26,010-****-0960,2026-01-05 09:39:59
10002667,이지진,F,1959-12-09,010-****-8057,2026-01-05 10:11:47
10002668,최윤소,F,1972-08-28,010-****-6978,2026-01-05 10:12:58
10002669,강은민,F,1994-09-15,010-****-3022,2026-01-05 12:37:40
10002670,정예소,F,1965-08-18,010-****-6029,2026-01-05 12:46:28
10002671,장수현,F,1994-04-09,010-****-7983,2026-01-05 13:06:30
10002672,박희은,F,1969-09-11,010-****-6154,2026-01-05 13:13:46
10002673,김수연,F,1963-04-27,010-****-9006,2026-01-05 13:14:04
10002674,조진수,F,1954-09-07,010-****-2104,2026-01-05 13:16:40
10002675,송재시,M,1958-05-13,010-****-5812,2026-01-05 13:17:09
10002676,김태성,M,1960-11-24,010-****-5208,2026-01-05 13:18:18
10002677,한수서,M,2002-04-10,010-****-6094,2026-01-05 13:19:38
10002678,서지정,M,1966-04-24,010-****-2457,2026-01-05 13:21:57
10002679,김영정,F,1961-08-13,010-****-1111,2026-01-05 13:27:24
10002680,김성윤,F,1984-12-11,010-****-8033,2026-01-05 13:44:15
10002681,이서예,M,2004-06-06,010-****-6495,2026-01-05 13:56:21
10002682,정영동,F,1978-05-07,010-****-7103,2026-01-05 13:57:54
10002683,정도하,F,2003-01-25,010-****-4650,2026-01-05 14:12:58
10002684,조혜태,F,1982-06-09,010-****-5077,2026-01-05 14:30:15
10002685,오유재,M,1964-05-25,010-****-3105,2026-01-05 14:56:32
10002686,박예희,M,1994-11-17,010-****-9497,2026-01-06 08:14:32
10002687,김예영,M,1960-11-27,010-****-3747,2026-01-06 08:16:02
10002688,강시경,M,1966-09-01,010-****-8220,2026-01-06 08:16:41
10002689,강우유,F,1984-03-19,010-****-3733,2026-01-06 08:21:00
10002690,이소진,M,1963-03-07,010-****-0666,2026-01-06 08:24:13
10002691,최민호,F,1969-04-06,010-****-3938,2026-01-06 08:26:51
10002692,김은소,M,1977-02-23,010-****-5765,2026-01-06 08:26:57
10002693,김혜정,M,1981-09-17,010-****-3794,2026-01-06 08:27:53
10002694,이영연,M,1954-04-23,010-****-8456,2026-01-06 08:33:31
10002695,이경현,M,1993-12-22,010-****-5779,2026-01-06 08:37:24
10002696,윤시상,F,1967-04-01,010-****-1600,2026-01-06 08:45:08
10002697,권민연,M,2022-04-18,010-****-4266,2026-01-06 08:47:55
10002698,이경유,M,1979-08-04,010-****-7759,2026-01-06 09:17:54
10002699,김현정,F,1974-09-20,010-****-0447,2026-01-06 12:46:44
10002700,최채하,M,1962-09-15,010-****-2352,2026-01-06 12:57:15
10002701,김우서,M,2021-03-03,010-****-4468,2026-01-06 13:04:28
10002702,최윤호,F,2022-05-21,010-****-1657,2026-01-06 13:10:31
10002703,임혜미,M,1946-10-03,010-****-7127,2026-01-06 13:15:32
10002704,김현준,F,2023-06-03,010-****-5065,2026-01-06 13:16:39
10002705,박동성,F,1944-10-24,010-****-4762,2026-01-06 13:33:01
10002706,조경은,M,1974-12-14,010-****-8816,2026-01-06 13:34:50
10002707,이성수,F,2016-08-17,010-****-6760,2026-01-06 13:38:55
10002708,김예미,M,1948-06-22,010-****-2246,2026-01-06 13:53:01
10002709,조혜재,F,1976-12-21,010-****-1592,2026-01-06 13:56:23
10002710,이우상,M,2017-07-20,010-****-7915,2026-01-06 14:08:20
10002711,안준수,F,2000-12-15,010-****-3390,2026-01-06 14:09:01
10002712,안태시,F,1942-10-26,010-****-3413,2026-01-06 14:15:33
10002713,강예성,M,1942-06-21,010-****-4813,2026-01-06 14:57:10
10002714,이소채,F,2017-08-25,010-****-7439,2026-01-07 08:06:50
10002715,장동희,M,2020-10-21,010-****-3292,2026-01-07 08:14:24
10002716,김시정,M,2024-11-17,010-****-8104,2026-01-07 08:20:21
10002717,김호희,M,2016-10-06,010-****-0741,2026-01-07 08:23:48
10002718,김진재,F,2021-12-23,010-****-1803,2026-01-07 08:26:41
10002719,이재호,M,2009-05-16,010-****-4020,2026-01-07 09:04:33
10002720,이희영,F,1953-03-23,010-****-5102,2026-01-07 09:05:39
10002721,김현희,M,2016-05-04,010-****-4933,2026-01-07 09:10:35
10002722,윤은재,F,2009-07-25,010-****-0080,2026-01-07 09:14:51
10002723,김채정,F,2011-02-02,010-****-8852,2026-01-07 09:51:44
10002724,조은재,F,1967-12-24,010-****-3207,2026-01-07 10:02:13
10002725,김시도,F,2018-02-19,010-****-4243,2026-01-07 10:11:27
10002726,이지희,F,1979-09-04,010-****-6385,2026-01-07 12:49:46
10002727,김유준,F,1968-03-03,010-****-7212,2026-01-07 13:00:37
10002728,김혜채,M,1947-06-11,010-****-7034,2026-01-07 13:22:36
10002729,신정재,F,1937-03-18,010-****-2544,2026-01-07 13:39:26
10002730,권하태,F,1960-01-08,010-****-0437,2026-01-08 08:15:26
10002731,박정유,M,1990-12-15,010-****-9030,2026-01-08 08:28:51
10002732,윤은태,F,1962-06-13,010-****-8629,2026-01-08 08:31:01
10002733,김채예,M,1983-07-30,010-****-8625,2026-01-08 08:31:41
10002734,송희우,F,1944-02-24,010-****-4517,2026-01-08 08:31:42
10002735,박예태,F,1967-10-27,010-****-5597,2026-01-08 08:34:28
10002736,이진은,M,2003-01-19,010-****-0665,2026-01-08 08:35:52
10002737,정혜연,M,1996-04-28,010-****-9783,2026-01-08 08:53:00
10002738,정유시,M,1937-07-10,010-****-3943,2026-01-08 08:55:03
10002739,이민동,F,1967-02-22,010-****-1133,2026-01-08 08:57:38
10002740,정하연,M,1970-12-07,010-****-7182,2026-01-08 09:34:09
10002741,장진준,F,2011-01-18,010-****-9852,2026-01-08 09:52:32
10002742,강경희,F,1950-09-23,010-****-2422,2026-01-08 12:44:36
10002743,정윤은,M,1962-06-30,010-****-8189,2026-01-08 12:47:00
10002744,송도시,F,1991-04-30,010-****-9242,2026-01-08 12:53:44
10002745,김성미,F,1975-04-29,010-****-8158,2026-01-08 12:56:39
10002746,이미태,M,1969-11-09,010-****-1184,2026-01-08 13:02:04
10002747,박지도,M,1948-06-16,010-****-0265,2026-01-08 13:35:21
10002748,류경상,F,1980-09-21,010-****-4310,2026-01-08 13:51:36
10002749,송도동,M,1978-07-03,010-****-2325,2026-01-08 13:51:56
10002750,김상진,F,1978-11-06,010-****-8162,2026-01-08 14:01:46
10002751,서하영,F,1965-07-15,010-****-4715,2026-01-08 14:02:21
10002752,박은희,F,1964-02-09,010-****-1534,2026-01-08 14:15:32
10002753,박영연,M,1952-04-10,010-****-7692,2026-01-08 14:26:23
10002754,김성경,M,1950-10-13,010-****-0732,2026-01-08 14:36:43
10002755,신성호,M,1962-07-27,010-****-0240,2026-01-08 14:54:01
10002756,이윤우,M,1959-11-30,010-****-9073,2026-01-09 08:23:33
10002757,김연민,F,1976-03-30,010-****-7593,2026-01-09 08:43:54
10002758,최상성,M,1983-07-06,010-****-9863,2026-01-09 08:49:00
10002759,김동진,M,1990-10-17,010-****-6698,2026-01-09 12:49:41
10002760,안태지,M,1954-05-22,010-****-3006,2026-01-09 12:58:28
10002761,박시소,M,1955-12-05,010-****-2496,2026-01-09 12:59:32
10002762,이지우,M,1945-10-27,010-****-2549,2026-01-09 13:04:46
10002763,윤예재,F,1969-11-19,010-****-5245,2026-01-09 13:39:06
10002764,박영현,F,1963-05-26,010-****-7063,2026-01-09 13:54:12
10002765,최성시,M,1954-06-15,010-****-9893,2026-01-09 13:55:55
10002766,이민동,M,1980-05-18,010-****-0419,2026-01-09 14:12:05
10002767,김서미,M,1982-05-08,010-****-7978,2026-01-09 14:38:55
10002768,박연성,M,1971-05-13,010-****-9362,2026-01-09 14:53:04
10002769,이성동,F,1987-01-01,010-****-1550,2026-01-12 08:04:39
10002770,서희현,F,1948-12-28,010-****-0428,2026-01-12 08:08:52
10002771,최지채,F,1964-07-14,010-****-6957,2026-01-12 08:12:11
10002772,윤상호,M,1955-08-07,010-****-2830,2026-01-12 08:13:16
10002773,김은수,M,1966-02-18,010-****-7529,2026-01-12 08:27:44
10002774,조연영,F,1947-03-25,010-****-5892,2026-01-12 08:36:09
10002775,김준소,F,1972-04-24,010-****-6225,2026-01-12 08:39:56
10002776,안수소,M,1937-10-03,010-****-8246,2026-01-12 08:40:41
10002777,임정소,F,1976-01-17,010-****-8431,2026-01-12 08:42:57
10002778,이현희,M,1971-12-19,010-****-7818,2026-01-12 08:44:38
10002779,황유호,M,1964-12-21,010-****-7106,2026-01-12 09:38:48
10002780,박민윤,F,1958-02-06,010-****-7995,2026-01-12 09:48:49
10002781,김우윤,M,1971-08-15,010-****-6463,2026-01-12 09:52:49
10002782,김채민,M,1970-02-24,010-****-3961,2026-01-12 10:58:37
10002783,김태혜,M,1955-09-13,010-****-5469,2026-01-12 12:38:17
10002784,김수태,M,1979-03-11,010-****-0198,2026-01-12 12:44:20
10002785,이수윤,M,1993-08-19,010-****-3328,2026-01-12 12:54:51
10002786,김재민,F,1974-09-10,010-****-2537,2026-01-12 12:55:33
10002787,박경수,F,1961-02-16,010-****-6529,2026-01-12 12:55:51
10002788,김윤우,M,1975-01-23,010-****-4795,2026-01-12 13:07:33
10002789,최성태,M,1984-05-05,010-****-6615,2026-01-12 13:08:44
10002790,이지태,M,1991-08-09,010-****-6186,2026-01-12 13:30:05
10002791,김상혜,F,1977-08-08,010-****-9175,2026-01-12 13:45:50
10002792,최상소,M,1993-06-30,010-****-5316,2026-01-12 13:59:30
10002793,이혜지,M,1997-05-02,010-****-3035,2026-01-12 14:10:48
10002794,안시하,F,1991-04-01,010-****-7507,2026-01-12 14:18:17
10002795,장호태,M,1941-12-08,010-****-8238,2026-01-12 14:28:45
10002796,김지상,F,1970-08-21,010-****-3595,2026-01-12 14:47:58
10002797,김도윤,F,2011-05-01,010-****-1916,2026-01-12 15:06:29
10002798,김연영,M,1982-09-02,010-****-7220,2026-01-13 08:16:05
10002799,김영연,F,1951-09-26,010-****-5210,2026-01-13 08:26:06
10002800,박성도,M,2022-03-04,010-****-7644,2026-01-13 08:28:58
10002801,이시성,M,2011-02-11,010-****-6642,2026-01-13 08:33:22
10002802,홍동서,F,2022-05-04,010-****-8269,2026-01-13 08:43:20
10002803,홍윤현,M,1959-08-08,010-****-9308,2026-01-13 08:47:34
10002804,박소민,F,1998-04-05,010-****-4929,2026-01-13 08:52:35
10002805,황윤예,F,1953-12-03,010-****-9584,2026-01-13 08:55:38
10002806,이수성,M,1983-12-21,010-****-4681,2026-01-13 09:01:21
10002807,김호우,F,1963-09-14,010-****-1218,2026-01-13 09:05:43
10002808,오정희,F,2007-12-11,010-****-3655,2026-01-13 09:31:19
10002809,이수희,M,1990-12-29,010-****-6959,2026-01-13 09:42:25
10002810,이유윤,M,2002-09-20,010-****-6058,2026-01-13 10:15:36
10002811,이준예,F,2023-09-23,010-****-6979,2026-01-13 10:36:36
10002812,이재경,M,1966-03-01,010-****-4226,2026-01-13 12:48:45
10002813,김서지,F,1961-08-26,010-****-5406,2026-01-13 13:04:49
10002814,이예혜,F,1975-12-11,010-****-0437,2026-01-13 13:07:17
10002815,박서재,F,2020-09-22,010-****-0822,2026-01-13 13:28:57
10002816,이성예,F,1980-04-30,010-****-4000,2026-01-13 13:45:10
10002817,김수희,M,1975-06-19,010-****-0664,2026-01-13 14:35:18
10002818,이시상,M,2020-10-01,010-****-1363,2026-01-14 08:03:16
10002819,김은도,F,2022-02-06,010-****-6740,2026-01-14 08:15:47
10002820,박희예,M,2017-11-05,010-****-7567,2026-01-14 08:17:18
10002821,박동영,F,2021-03-21,010-****-5786,2026-01-14 08:20:19
10002822,홍윤호,M,1986-05-09,010-****-6531,2026-01-14 08:34:25
10002823,조영도,M,2023-02-19,010-****-7274,2026-01-14 08:53:21
10002824,안연성,F,2023-03-03,010-****-2271,2026-01-14 09:51:17
10002825,최재진,F,2011-01-15,010-****-7051,2026-01-14 09:59:24
10002826,이혜호,F,1974-01-28,010-****-0882,2026-01-14 12:56:37
10002827,김정경,F,1989-04-08,010-****-0394,2026-01-14 13:03:08
10002828,김현경,M,1972-02-04,010-****-3334,2026-01-14 13:05:40
10002829,박성하,M,1940-02-25,010-****-3315,2026-01-14 13:13:44
10002830,조현진,F,1987-03-08,010-****-8910,2026-01-14 14:09:53
10002831,이지미,M,1954-02-09,010-****-5642,2026-01-15 08:13:06
10002832,이동혜,F,1956-03-09,010-****-1110,2026-01-15 08:15:18
10002833,박경은,M,2022-11-01,010-****-6159,2026-01-15 08:19:06
10002834,김예서,F,2018-09-04,010-****-7762,2026-01-15 08:47:58
10002835,김우준,M,1964-07-29,010-****-1411,2026-01-15 08:56:22
10002836,장희윤,F,1946-07-05,010-****-1715,2026-01-15 08:57:44
10002837,윤혜소,F,1980-01-03,010-****-4356,2026-01-15 09:17:50
10002838,강현지,F,1945-01-18,010-****-4585,2026-01-15 09:20:28
10002839,윤영유,M,2005-10-25,010-****-2425,2026-01-15 09:31:30
10002840,박현윤,F,1948-07-10,010-****-8013,2026-01-15 09:31:51
10002841,황연경,M,1960-12-13,010-****-0493,2026-01-15 09:35:38
10002842,김시성,M,1960-05-04,010-****-8348,2026-01-15 09:36:46
10002843,권미지,M,1997-09-21,010-****-3742,2026-01-15 10:23:24
10002844,조우채,F,1970-05-01,010-****-0049,2026-01-15 10:27:45
10002845,서재도,M,1961-06-28,010-****-3709,2026-01-15 10:29:11
10002846,박상시,M,1955-09-14,010-****-4755,2026-01-15 10:34:57
10002847,김소정,F,1947-04-25,010-****-2138,2026-01-15 12:35:55
10002848,이은소,M,2008-12-09,010-****-0261,2026-01-15 12:58:14
10002849,오도은,M,1987-09-01,010-****-5430,2026-01-15 13:02:38
10002850,장태호,F,1966-03-14,010-****-7515,2026-01-15 13:06:35
10002851,김진우,F,1950-01-11,010-****-9211,2026-01-15 13:15:11
10002852,김상도,F,1984-03-07,010-****-2865,2026-01-15 13:19:35
10002853,임서수,F,1961-01-31,010-****-9328,2026-01-15 13:25:33
10002854,신지서,M,1945-02-16,010-****-9338,2026-01-15 13:43:52
10002855,황윤준,M,1953-07-26,010-****-6359,2026-01-15 13:55:28
10002856,박희현,F,1950-11-16,010-****-0881,2026-01-15 14:12:22
10002857,윤민지,M,1962-09-26,010-****-4029,2026-01-15 14:19:45
10002858,김준은,F,2019-02-22,010-****-4064,2026-01-15 14:30:38
10002859,김준시,M,1986-08-03,010-****-4435,2026-01-15 14:40:27
10002860,김소준,F,1979-07-08,010-****-8530,2026-01-16 08:20:52
10002861,박재태,F,1977-03-16,010-****-1521,2026-01-16 08:31:33
10002862,김정호,F,1966-07-02,010-****-7048,2026-01-16 08:54:51
10002863,정성상,F,1978-10-30,010-****-1138,2026-01-16 12:43:48
10002864,박수연,F,1969-05-15,010-****-8870,2026-01-16 12:55:05
10002865,최태은,M,1969-10-17,010-****-6565,2026-01-16 13:01:44
10002866,김희연,M,1980-06-01,010-****-2985,2026-01-16 13:02:06
10002867,박성소,F,1966-06-25,010-****-2969,2026-01-16 13:03:48
10002868,장소우,M,1952-01-16,010-****-7924,2026-01-16 13:04:37
10002869,이채호,M,1984-07-26,010-****-1513,2026-01-16 13:10:00
10002870,임준미,M,1954-10-17,010-****-2447,2026-01-16 13:10:26
10002871,송지하,M,1971-09-26,010-****-8733,2026-01-16 13:22:03
10002872,김태미,F,1951-12-27,010-****-3084,2026-01-16 13:29:48
10002873,김우윤,F,1965-07-21,010-****-3447,2026-01-16 13:32:54
10002874,김미호,M,1957-01-03,010-****-2713,2026-01-16 13:33:17
10002875,이희재,M,1952-05-11,010-****-3859,2026-01-16 14:52:24
10002876,강소성,M,1966-08-01,010-****-1395,2026-01-18 14:57:00
10002877,이재진,M,1945-11-17,010-****-3496,2026-01-19 08:14:59
10002878,이현연,F,1973-08-02,010-****-1138,2026-01-19 08:18:21
10002879,서태연,F,1946-12-26,010-****-2272,2026-01-19 08:25:17
10002880,이연시,F,1955-04-24,010-****-1226,2026-01-19 09:22:21
10002881,한하서,M,1975-12-16,010-****-2907,2026-01-19 09:49:12
10002882,조동상,F,1999-06-20,010-****-1213,2026-01-19 12:40:45
10002883,김동현,M,1988-03-01,010-****-3661,2026-01-19 12:47:24
10002884,오유동,M,2012-02-28,010-****-7182,2026-01-19 12:52:12
10002885,안수영,M,2010-05-22,010-****-6829,2026-01-19 12:52:20
10002886,황우은,M,1945-07-03,010-****-5998,2026-01-19 12:56:54
10002887,오태윤,F,1988-05-07,010-****-7584,2026-01-19 13:02:57
10002888,김채연,M,1959-01-26,010-****-7106,2026-01-19 13:10:46
10002889,이소혜,M,1997-04-21,010-****-8783,2026-01-19 13:20:20
10002890,김지민,F,1972-07-15,010-****-1950,2026-01-19 13:24:47
10002891,서하채,F,1960-07-03,010-****-9208,2026-01-19 13:31:10
10002892,오희서,M,1975-07-20,010-****-5965,2026-01-19 13:39:17
10002893,김도예,M,1947-08-09,010-****-7013,2026-01-19 13:54:15
10002894,최도영,F,1988-02-13,010-****-1486,2026-01-19 14:11:58
10002895,이재지,M,1971-10-16,010-****-8793,2026-01-19 14:24:53
10002896,최수채,M,1943-03-12,010-****-0666,2026-01-19 14:33:14
10002897,김수서,F,1952-04-23,010-****-5346,2026-01-19 14:43:16
10002898,김시지,F,1996-03-24,010-****-3225,2026-01-19 14:43:21
10002899,서연도,M,1959-08-23,010-****-7656,2026-01-20 08:04:08
10002900,이성재,F,1941-02-02,010-****-2385,2026-01-20 08:11:26
10002901,정윤예,F,1970-12-28,010-****-5496,2026-01-20 08:22:51
10002902,김윤희,M,1986-12-22,010-****-0876,2026-01-20 08:24:25
10002903,이준채,M,2008-08-08,010-****-2219,2026-01-20 08:39:17
10002904,황동진,F,2004-09-19,010-****-1260,2026-01-20 09:02:24
10002905,김진채,M,1958-11-25,010-****-0453,2026-01-20 09:07:45
10002906,장지민,F,1978-05-20,010-****-9353,2026-01-20 09:16:26
10002907,김호서,M,2011-12-25,010-****-9156,2026-01-20 09:24:15
10002908,최호서,F,1954-12-21,010-****-9064,2026-01-20 09:32:47
10002909,류은윤,F,1962-01-12,010-****-0542,2026-01-20 09:53:37
10002910,윤진동,M,1981-01-28,010-****-9574,2026-01-20 12:34:17
10002911,이하수,M,1942-12-02,010-****-8837,2026-01-20 12:52:51
10002912,안호상,M,1947-03-21,010-****-6507,2026-01-20 12:53:46
10002913,이희성,F,1973-05-11,010-****-1366,2026-01-20 12:53:58
10002914,류민서,F,1946-11-02,010-****-3712,2026-01-20 13:04:29
10002915,서채현,F,1943-09-24,010-****-5652,2026-01-20 13:14:33
10002916,장지유,M,1952-01-20,010-****-5444,2026-01-20 13:26:30
10002917,오하미,M,1943-09-24,010-****-5388,2026-01-20 13:27:10
10002918,김미경,M,1991-09-30,010-****-4542,2026-01-20 13:53:31
10002919,황민예,F,1966-03-06,010-****-6282,2026-01-20 14:11:23
10002920,강수경,M,1972-03-24,010-****-2311,2026-01-20 14:29:32
10002921,정우미,M,2015-07-12,010-****-1334,2026-01-20 14:31:40
10002922,황수은,M,2009-07-25,010-****-5921,2026-01-20 14:48:25
10002923,최민시,M,1976-05-22,010-****-0235,2026-01-20 14:55:36
10002924,황유서,F,1983-11-28,010-****-1215,2026-01-21 08:26:44
10002925,장시희,F,1961-08-14,010-****-2138,2026-01-21 08:33:39
10002926,박하성,F,2022-03-24,010-****-1957,2026-01-21 09:07:43
10002927,이하희,F,1959-05-17,010-****-6097,2026-01-21 12:33:39
10002928,박윤재,F,1979-02-06,010-****-7461,2026-01-21 13:18:32
10002929,김수상,M,1938-03-03,010-****-5825,2026-01-21 13:21:52
10002930,정우정,M,1978-09-21,010-****-9016,2026-01-21 13:25:19
10002931,강소정,M,1985-10-18,010-****-2756,2026-01-21 13:39:17
10002932,조수서,F,1953-03-01,010-****-2298,2026-01-21 13:49:39
10002933,강재희,F,1969-09-14,010-****-8138,2026-01-21 14:17:42
10002934,박재상,F,2019-10-14,010-****-9605,2026-01-22 08:21:43
10002935,김하채,F,1960-12-09,010-****-9372,2026-01-22 08:53:22
10002936,한민미,M,1955-01-15,010-****-0874,2026-01-22 09:11:20
10002937,김유성,M,2004-03-24,010-****-2932,2026-01-22 09:23:46
10002938,정준서,M,1955-02-11,010-****-2247,2026-01-22 09:48:28
10002939,오태도,F,2004-07-27,010-****-1169,2026-01-22 12:39:49
10002940,이도준,M,1989-03-02,010-****-6432,2026-01-22 13:00:18
10002941,정준시,M,1969-02-20,010-****-2791,2026-01-22 13:03:32
10002942,김예수,F,2008-10-14,010-****-0364,2026-01-22 13:36:19
10002943,박동미,M,1937-04-21,010-****-9192,2026-01-22 13:47:09
10002944,이상영,F,1995-08-20,010-****-5226,2026-01-22 14:02:43
10002945,박성태,F,1979-07-27,010-****-4265,2026-01-23 08:23:23
10002946,류성영,F,1985-11-02,010-****-6060,2026-01-23 09:30:48
10002947,윤희민,F,1966-07-07,010-****-8080,2026-01-23 09:35:17
10002948,김도지,F,1946-03-15,010-****-9411,2026-01-23 13:39:10
10002949,정유진,F,1971-02-05,010-****-6876,2026-01-23 14:48:10
10002950,최호동,M,1980-10-18,010-****-0543,2026-01-26 08:15:47
10002951,이현소,M,1963-10-04,010-****-0704,2026-01-26 08:19:01
10002952,박윤준,F,1969-11-18,010-****-2898,2026-01-26 08:23:30
10002953,김연성,M,1938-12-01,010-****-0991,2026-01-26 08:25:40
10002954,김도지,F,1945-10-24,010-****-7092,2026-01-26 08:31:56
10002955,임지채,F,1968-08-17,010-****-8891,2026-01-26 08:41:33
10002956,임은하,M,1957-06-23,010-****-1886,2026-01-26 08:42:10
10002957,윤현수,F,1957-09-30,010-****-0892,2026-01-26 08:50:51
10002958,박시유,M,1941-05-03,010-****-3725,2026-01-26 08:51:39
10002959,이수은,F,1950-03-17,010-****-5049,2026-01-26 09:00:32
10002960,오경영,F,1973-05-02,010-****-6886,2026-01-26 09:07:28
10002961,임태우,M,1950-05-05,010-****-3997,2026-01-26 09:09:24
10002962,안채서,M,1968-01-29,010-****-0338,2026-01-26 09:52:18
10002963,김희현,F,1947-01-31,010-****-3132,2026-01-26 12:35:07
10002964,신희우,F,1946-08-21,010-****-8916,2026-01-26 12:42:48
10002965,정서정,M,1995-03-14,010-****-5188,2026-01-26 12:48:12
10002966,이미상,F,1987-10-08,010-****-6448,2026-01-26 12:55:10
10002967,임소진,F,1995-09-03,010-****-7316,2026-01-26 12:57:40
10002968,조우도,M,1952-06-27,010-****-4515,2026-01-26 12:59:14
10002969,최하유,F,1978-12-08,010-****-4432,2026-01-26 13:01:44
10002970,김호민,F,1962-04-19,010-****-2450,2026-01-26 13:03:35
10002971,최성수,M,1993-04-05,010-****-5137,2026-01-26 13:05:44
10002972,장현진,F,1992-09-12,010-****-9039,2026-01-26 13:14:41
10002973,김민미,M,1950-10-21,010-****-8224,2026-01-26 13:20:21
10002974,김연태,F,1948-03-17,010-****-0887,2026-01-26 13:54:18
10002975,조도연,F,1951-02-06,010-****-4211,2026-01-26 14:08:44
10002976,송현소,F,1988-07-08,010-****-3372,2026-01-26 14:15:58
10002977,권미희,M,2007-03-16,010-****-0830,2026-01-26 14:25:03
10002978,송진동,F,1964-05-04,010-****-5740,2026-01-27 08:18:34
10002979,최미재,F,1956-10-08,010-****-4452,2026-01-27 08:33:02
10002980,이호진,M,2016-04-19,010-****-4396,2026-01-27 08:36:30
10002981,김정재,F,2022-03-11,010-****-4152,2026-01-27 08:50:22
10002982,한우동,M,1975-07-14,010-****-4279,2026-01-27 08:55:17
10002983,최상하,F,1957-11-16,010-****-3386,2026-01-27 09:17:23
10002984,김미수,M,2023-02-25,010-****-0135,2026-01-27 09:59:51
10002985,김희우,F,2008-06-02,010-****-7588,2026-01-27 10:27:51
10002986,김채진,F,1958-02-17,010-****-5611,2026-01-27 12:48:47
10002987,이상성,F,1963-04-28,010-****-4774,2026-01-27 12:49:52
10002988,최수윤,M,2015-10-11,010-****-2257,2026-01-27 12:52:35
10002989,서윤혜,M,1999-03-28,010-****-7023,2026-01-27 12:54:07
10002990,이준채,M,1943-12-14,010-****-4371,2026-01-27 12:54:58
10002991,김상경,M,1991-01-03,010-****-8680,2026-01-27 13:08:32
10002992,서희유,F,1986-09-19,010-****-2014,2026-01-27 13:28:36
10002993,최태서,F,1975-11-30,010-****-2099,2026-01-27 13:40:41
10002994,김민서,F,2022-05-13,010-****-5509,2026-01-27 14:08:19
10002995,최윤지,F,2016-08-19,010-****-0098,2026-01-27 14:34:01
10002996,서민은,F,2015-07-18,010-****-5955,2026-01-27 15:01:35
10002997,김지경,F,2023-07-26,010-****-3091,2026-01-27 15:25:13
10002998,윤미소,M,2017-08-28,010-****-6706,2026-01-28 08:17:49
10002999,김영동,F,1979-04-30,010-****-1264,2026-01-28 08:29:36
10003000,이하서,M,1958-10-08,010-****-5912,2026-01-28 08:48:26
10003001,윤우민,F,1967-11-20,010-****-5502,2026-01-28 08:51:38
10003002,윤채영,M,2008-03-05,010-****-6670,2026-01-28 09:07:10
10003003,이도현,M,2010-01-13,010-****-5221,2026-01-28 09:08:06
10003004,이미성,M,2016-06-20,010-****-2869,2026-01-28 09:50:21
10003005,강도하,M,1988-03-08,010-****-5524,2026-01-28 10:34:18
10003006,김혜수,M,1977-08-03,010-****-1132,2026-01-28 12:49:41
10003007,김채서,M,1967-01-04,010-****-3429,2026-01-28 13:11:03
10003008,김우정,M,1939-05-26,010-****-4830,2026-01-28 13:34:19
10003009,박서시,M,1988-04-22,010-****-7127,2026-01-28 13:40:41
10003010,김재정,M,1974-08-09,010-****-2665,2026-01-28 14:20:50
10003011,이영경,F,1950-08-17,010-****-3846,2026-01-29 08:10:56
10003012,김도동,M,1988-10-05,010-****-7496,2026-01-29 08:12:07
10003013,강윤성,M,1953-01-31,010-****-2265,2026-01-29 08:18:56
10003014,김윤현,F,1962-05-30,010-****-8332,2026-01-29 08:23:45
10003015,송지소,F,1942-08-25,010-****-5019,2026-01-29 08:30:54
10003016,신예재,F,1951-08-09,010-****-2591,2026-01-29 08:36:57
10003017,임연진,M,1968-02-14,010-****-3992,2026-01-29 08:58:21
10003018,이현지,M,1953-05-23,010-****-4106,2026-01-29 10:00:43
10003019,김예민,F,2021-08-24,010-****-4332,2026-01-29 10:18:20
10003020,김준태,F,2017-01-28,010-****-9705,2026-01-29 12:50:10
10003021,김호정,F,1986-09-27,010-****-1214,2026-01-29 12:52:25
10003022,정준영,M,1952-03-16,010-****-8477,2026-01-29 13:01:17
10003023,이수경,M,1945-03-24,010-****-0181,2026-01-29 13:01:46
10003024,이진호,M,1947-05-05,010-****-2252,2026-01-29 13:02:37
10003025,김유도,F,1947-01-15,010-****-2254,2026-01-29 13:06:31
10003026,송경재,F,1964-09-06,010-****-6860,2026-01-29 13:06:34
10003027,김채미,M,1945-03-27,010-****-4443,2026-01-29 13:14:46
10003028,최상민,M,1954-03-27,010-****-4795,2026-01-29 13:17:06
10003029,장혜진,F,2014-03-01,010-****-1755,2026-01-29 13:21:37
10003030,정서상,F,2017-04-14,010-****-6737,2026-01-29 13:35:54
10003031,서현미,M,1960-06-21,010-****-4139,2026-01-29 13:38:31
10003032,박태영,M,1995-07-25,010-****-2215,2026-01-29 13:50:15
10003033,한준경,F,1982-12-06,010-****-2964,2026-01-29 14:00:38
10003034,이민진,M,1980-05-20,010-****-3861,2026-01-29 14:00:56
10003035,이호지,F,1978-01-26,010-****-9017,2026-01-29 14:22:38
10003036,이도소,F,1980-06-17,010-****-4773,2026-01-29 14:28:32
10003037,박민혜,F,1943-11-13,010-****-7243,2026-01-30 08:31:59
10003038,김희하,M,1978-05-07,010-****-2720,2026-01-30 08:40:30
10003039,김경서,M,1982-08-04,010-****-3921,2026-01-30 09:05:31
10003040,임도채,M,1958-09-29,010-****-1383,2026-01-30 12:59:01
10003041,김성지,F,1977-05-05,010-****-5247,2026-01-30 13:01:39
10003042,박윤유,M,1980-12-21,010-****-8205,2026-01-30 13:22:06
10003043,최은현,F,1974-01-26,010-****-6232,2026-01-30 14:18:16
10003044,이채윤,F,1981-08-13,010-****-9780,2026-02-02 08:05:05
10003045,김수은,M,1968-05-20,010-****-2936,2026-02-02 08:16:16
10003046,안진동,M,1967-09-22,010-****-9810,2026-02-02 08:16:38
10003047,최소혜,M,1961-02-15,010-****-5943,2026-02-02 08:22:03
10003048,김은재,M,2003-05-23,010-****-4474,2026-02-02 08:25:40
10003049,윤태경,F,1984-05-04,010-****-7745,2026-02-02 08:29:16
10003050,이유시,M,1966-03-08,010-****-1116,2026-02-02 08:30:18
10003051,김준상,F,2010-01-20,010-****-5899,2026-02-02 08:38:37
10003052,황희지,M,1957-10-16,010-****-7774,2026-02-02 08:40:00
10003053,조혜민,M,1972-05-10,010-****-4038,2026-02-02 08:41:10
10003054,오윤소,M,1974-12-06,010-****-1810,2026-02-02 08:42:17
10003055,박채준,F,1950-01-23,010-****-1061,2026-02-02 08:45:44
10003056,서영윤,F,1954-02-14,010-****-5031,2026-02-02 09:46:52
10003057,이지영,M,1953-06-03,010-****-9155,2026-02-02 09:48:59
10003058,이경혜,F,1937-01-16,010-****-5276,2026-02-02 09:50:13
10003059,김동영,M,1976-04-02,010-****-4979,2026-02-02 12:39:01
10003060,김경소,M,1977-02-16,010-****-0953,2026-02-02 12:46:56
10003061,김우진,F,1993-04-21,010-****-0824,2026-02-02 12:53:35
10003062,김진재,M,1953-11-26,010-****-5931,2026-02-02 13:11:44
10003063,한하도,M,1968-07-14,010-****-0806,2026-02-02 13:21:30
10003064,김성연,F,1962-06-06,010-****-7847,2026-02-02 13:26:07
10003065,김시상,F,2012-09-09,010-****-5712,2026-02-02 13:40:44
10003066,이하지,F,1952-10-11,010-****-1296,2026-02-02 14:01:03
10003067,이혜윤,F,1961-07-15,010-****-4550,2026-02-02 14:01:37
10003068,김윤수,M,1967-09-23,010-****-8100,2026-02-02 14:37:42
10003069,박희민,F,1949-03-27,010-****-2933,2026-02-02 14:45:09
10003070,김소희,F,1984-07-04,010-****-7682,2026-02-02 14:47:58
10003071,박소영,F,1990-11-16,010-****-0575,2026-02-03 08:13:58
10003072,서진성,F,1997-11-09,010-****-7364,2026-02-03 08:24:35
10003073,김소준,M,1943-08-03,010-****-6119,2026-02-03 08:47:43
10003074,이희지,F,1981-05-19,010-****-5530,2026-02-03 08:48:36
10003075,최준우,F,1987-09-20,010-****-1300,2026-02-03 09:10:00
10003076,김준은,F,1985-07-02,010-****-4674,2026-02-03 09:10:30
10003077,박성윤,F,2011-05-12,010-****-4201,2026-02-03 09:21:54
10003078,김경정,F,1989-06-24,010-****-4337,2026-02-03 09:28:00
10003079,윤태경,M,2023-06-16,010-****-1129,2026-02-03 09:28:21
10003080,이영민,F,2002-06-30,010-****-6101,2026-02-03 09:44:20
10003081,장현정,M,1976-11-15,010-****-4072,2026-02-03 10:28:50
10003082,박우현,F,2011-02-21,010-****-3466,2026-02-03 10:53:15
10003083,최재진,F,2012-10-02,010-****-2650,2026-02-03 11:00:46
10003084,이시서,M,1969-01-17,010-****-0712,2026-02-03 12:35:22
10003085,최도상,F,1984-10-14,010-****-9409,2026-02-03 12:37:26
10003086,김현민,M,2008-05-19,010-****-2182,2026-02-03 12:44:38
10003087,최하태,F,2013-04-03,010-****-4885,2026-02-03 12:45:18
10003088,이연상,F,1962-10-29,010-****-7636,2026-02-03 12:51:13
10003089,김윤정,F,2021-01-31,010-****-6082,2026-02-03 12:52:44
10003090,조연영,F,1941-04-21,010-****-3109,2026-02-03 12:55:18
10003091,김유호,F,2010-03-17,010-****-2935,2026-02-03 13:10:30
10003092,이시성,F,1993-12-16,010-****-4894,2026-02-03 13:19:01
10003093,조우채,F,1982-08-20,010-****-5465,2026-02-03 13:28:52
10003094,조동민,M,1973-10-03,010-****-1253,2026-02-03 13:41:07
10003095,이동현,F,1972-06-12,010-****-2569,2026-02-03 13:44:33
10003096,최진경,M,1979-04-16,010-****-5851,2026-02-03 14:14:36
10003097,이진경,F,2018-01-05,010-****-3378,2026-02-04 08:06:20
10003098,김성채,F,2010-04-13,010-****-6211,2026-02-04 08:28:59
10003099,이채유,F,2012-08-09,010-****-3879,2026-02-04 09:09:31
10003100,서경성,F,1990-11-15,010-****-3725,2026-02-04 10:48:23
10003101,류정혜,M,1947-05-27,010-****-8662,2026-02-04 12:36:55
10003102,김준서,F,1965-03-28,010-****-6363,2026-02-04 12:53:26
10003103,최준수,M,1974-08-04,010-****-9585,2026-02-04 13:29:36
10003104,김도연,F,1947-12-15,010-****-9951,2026-02-04 14:06:46
10003105,황연민,F,1973-04-02,010-****-8036,2026-02-04 14:47:39
10003106,이정시,F,1976-07-28,010-****-3559,2026-02-05 08:14:47
10003107,김은유,F,1963-12-01,010-****-9015,2026-02-05 08:35:58
10003108,김도정,F,1947-12-16,010-****-3770,2026-02-05 08:46:21
10003109,류경준,F,1971-12-26,010-****-7012,2026-02-05 08:52:11
10003110,정재정,M,1962-05-13,010-****-0024,2026-02-05 08:54:45
10003111,김영호,M,2001-05-05,010-****-4780,2026-02-05 09:53:51
10003112,최수희,F,1957-08-13,010-****-6933,2026-02-05 09:57:49
10003113,박민윤,M,1963-08-02,010-****-6479,2026-02-05 10:30:34
10003114,박동하,M,1965-06-16,010-****-4723,2026-02-05 10:43:19
10003115,임예하,M,2009-08-13,010-****-5004,2026-02-05 12:37:28
10003116,이진연,F,1956-11-13,010-****-6603,2026-02-05 12:48:30
10003117,김시유,M,1956-10-17,010-****-4819,2026-02-05 12:52:20
10003118,김수정,F,1955-09-09,010-****-1488,2026-02-05 13:02:16
10003119,김하희,F,1957-11-24,010-****-6389,2026-02-05 13:20:41
10003120,이경유,M,1967-02-26,010-****-3006,2026-02-05 13:21:00
10003121,조지예,M,1979-03-20,010-****-3799,2026-02-05 13:25:19
10003122,윤은미,M,1945-05-26,010-****-1823,2026-02-05 13:38:06
10003123,김정미,F,1962-09-22,010-****-7029,2026-02-05 13:59:09
10003124,김수혜,F,1944-01-26,010-****-0470,2026-02-05 14:01:54
10003125,송상지,F,1951-10-25,010-****-6227,2026-02-05 14:11:32
10003126,김정연,M,1969-03-27,010-****-0246,2026-02-06 08:50:08
10003127,신시우,F,1952-08-04,010-****-4537,2026-02-06 09:15:05
10003128,이수민,M,1948-02-20,010-****-7496,2026-02-06 09:24:56
10003129,서재연,M,1961-04-12,010-****-8224,2026-02-06 09:25:34
10003130,이지재,M,1942-02-15,010-****-1712,2026-02-06 13:38:12
10003131,김우정,F,1954-05-18,010-****-1423,2026-02-06 14:30:36
10003132,정정준,F,1945-10-24,010-****-2057,2026-02-06 14:37:02
10003133,김호희,F,1953-01-20,010-****-5440,2026-02-06 14:37:45
10003134,김시정,F,1982-10-11,010-****-7832,2026-02-07 14:39:55
10003135,안도유,F,1945-02-22,010-****-1219,2026-02-09 08:37:16
10003136,이동연,M,1953-02-16,010-****-4606,2026-02-09 08:37:28
10003137,정현은,M,1995-10-22,010-****-7686,2026-02-09 08:46:00
10003138,임하혜,F,1954-11-13,010-****-7888,2026-02-09 08:47:28
10003139,박혜상,F,1987-07-11,010-****-5095,2026-02-09 09:15:52
10003140,김혜소,F,1954-05-06,010-****-0969,2026-02-09 10:03:21
10003141,장유정,F,1962-08-10,010-****-5672,2026-02-09 10:28:07
10003142,이도시,F,1982-09-02,010-****-7337,2026-02-09 10:30:06
10003143,장연성,M,1986-11-10,010-****-9641,2026-02-09 10:35:21
10003144,김우정,F,2002-06-17,010-****-9399,2026-02-09 12:42:46
10003145,김정호,F,1973-08-19,010-****-5972,2026-02-09 12:45:55
10003146,최재정,F,1978-12-27,010-****-8569,2026-02-09 12:53:29
10003147,박희하,F,1968-03-13,010-****-3491,2026-02-09 13:11:30
10003148,김유동,M,1984-05-30,010-****-5613,2026-02-09 13:19:38
10003149,최재유,F,1981-11-22,010-****-0058,2026-02-09 13:28:02
10003150,윤은희,M,1992-04-19,010-****-2587,2026-02-09 13:32:18
10003151,김시수,M,1971-06-27,010-****-8297,2026-02-09 13:42:08
10003152,이채도,M,1949-09-03,010-****-3330,2026-02-09 14:29:13
10003153,정상도,M,2022-07-19,010-****-4776,2026-02-10 08:14:56
10003154,김경수,F,1958-12-28,010-****-6097,2026-02-10 08:38:26
10003155,한은호,F,1954-11-16,010-****-0926,2026-02-10 08:42:40
10003156,최서영,M,1967-11-29,010-****-1783,2026-02-10 08:44:44
10003157,한소경,M,2018-01-16,010-****-9524,2026-02-10 08:48:32
10003158,정준희,M,1993-04-15,010-****-8333,2026-02-10 08:48:59
10003159,이민태,M,2013-05-20,010-****-5622,2026-02-10 08:52:07
10003160,김유경,F,2024-03-14,010-****-2621,2026-02-10 09:27:08
10003161,이소채,F,2024-05-10,010-****-7871,2026-02-10 09:43:25
10003162,김우경,F,2020-12-14,010-****-7290,2026-02-10 09:44:30
10003163,서채우,F,1978-07-02,010-****-0955,2026-02-10 10:01:22
10003164,송윤은,M,2022-09-26,010-****-6057,2026-02-10 12:37:36
10003165,이채수,F,1942-03-28,010-****-1885,2026-02-10 12:49:35
10003166,조미희,F,1958-11-04,010-****-2496,2026-02-10 13:10:42
10003167,박시동,F,1972-11-30,010-****-9766,2026-02-10 13:18:41
10003168,이진준,M,1981-12-25,010-****-5299,2026-02-10 13:48:15
10003169,김현우,F,1969-09-29,010-****-1546,2026-02-10 13:59:50
10003170,김윤도,F,1979-07-18,010-****-8951,2026-02-10 14:02:06
10003171,김상혜,M,1989-01-09,010-****-7464,2026-02-10 14:13:38
10003172,윤서혜,F,2020-06-13,010-****-3274,2026-02-10 15:13:13
10003173,김영우,F,2020-05-22,010-****-9784,2026-02-10 15:26:01
10003174,이소채,F,2014-03-15,010-****-6979,2026-02-11 09:30:14
10003175,이유도,F,2011-09-30,010-****-9333,2026-02-11 09:38:08
10003176,홍현성,F,2018-08-14,010-****-5578,2026-02-11 10:51:15
10003177,권상준,M,1971-02-05,010-****-0043,2026-02-11 12:32:36
10003178,황경수,F,1943-08-13,010-****-1728,2026-02-11 12:43:25
10003179,정은우,M,2018-07-22,010-****-4269,2026-02-11 12:57:57
10003180,김수상,M,1965-04-22,010-****-5383,2026-02-11 13:01:07
10003181,안영현,F,1963-01-08,010-****-6814,2026-02-11 13:08:27
10003182,윤태상,M,1966-08-03,010-****-7342,2026-02-11 13:15:26
10003183,장서영,M,1966-10-03,010-****-5500,2026-02-11 13:28:49
10003184,이시상,F,1939-09-22,010-****-6643,2026-02-11 13:38:20
10003185,신도우,M,1988-08-30,010-****-1609,2026-02-11 14:20:14
10003186,최민현,M,1976-11-08,010-****-4133,2026-02-11 14:24:52
10003187,김희예,M,1953-11-26,010-****-8850,2026-02-11 14:42:53
10003188,장준성,F,2015-09-22,010-****-5154,2026-02-12 08:11:39
10003189,박지도,F,2011-02-02,010-****-5335,2026-02-12 08:12:49
10003190,황윤미,M,2007-12-29,010-****-7364,2026-02-12 08:15:23
10003191,오태예,M,1985-10-13,010-****-6368,2026-02-12 08:23:25
10003192,이정재,F,1977-04-30,010-****-5818,2026-02-12 08:26:27
10003193,이준수,F,1956-03-07,010-****-4586,2026-02-12 08:28:46
10003194,김수진,M,1981-04-15,010-****-6413,2026-02-12 08:47:02
10003195,박지시,F,1954-06-08,010-****-3624,2026-02-12 08:54:43
10003196,김재현,M,1967-01-31,010-****-5895,2026-02-12 09:03:41
10003197,최준우,F,1939-09-01,010-****-5126,2026-02-12 09:15:16
10003198,이유수,F,1997-12-07,010-****-6030,2026-02-12 10:16:27
10003199,이하도,M,1995-08-02,010-****-3328,2026-02-12 10:16:36
10003200,이호미,F,1975-03-15,010-****-6683,2026-02-12 10:16:42
10003201,김유성,M,2008-07-20,010-****-5512,2026-02-12 10:35:44
10003202,김서재,F,2019-03-30,010-****-0762,2026-02-12 12:49:39
10003203,정서호,M,1957-09-05,010-****-4657,2026-02-12 13:04:31
10003204,박재연,F,1958-01-16,010-****-4269,2026-02-12 13:05:06
10003205,이윤채,F,1980-10-29,010-****-4129,2026-02-12 13:05:39
10003206,최시예,F,1971-02-22,010-****-8664,2026-02-12 13:11:06
10003207,최영서,F,2019-12-01,010-****-3775,2026-02-12 14:28:47
10003208,김현지,M,1944-02-24,010-****-0416,2026-02-12 14:55:26
10003209,윤경우,F,1949-09-03,010-****-7367,2026-02-13 08:56:32
10003210,임소은,M,1958-04-16,010-****-4925,2026-02-13 09:01:12
10003211,김호은,M,1969-01-24,010-****-9640,2026-02-13 09:11:14
10003212,김희태,M,1976-10-16,010-****-5544,2026-02-13 09:46:45
10003213,강소도,F,1978-01-02,010-****-4079,2026-02-13 09:50:27
10003214,홍예도,M,1971-02-26,010-****-3390,2026-02-13 13:06:36
10003215,박유미,M,1953-10-07,010-****-0529,2026-02-13 13:19:29
10003216,이연소,M,1997-01-23,010-****-2884,2026-02-13 13:23:15
10003217,김진연,M,1941-09-19,010-****-9354,2026-02-13 13:31:49
10003218,윤소성,F,1937-10-29,010-****-2483,2026-02-13 13:42:58
10003219,윤수태,M,1951-09-17,010-****-2530,2026-02-13 13:48:15
10003220,한진윤,F,1943-10-22,010-****-1493,2026-02-13 14:05:42
10003221,한채도,M,1989-09-28,010-****-8848,2026-02-19 08:15:00
10003222,임하서,F,2008-01-21,010-****-8665,2026-02-19 08:21:25
10003223,임준경,F,1944-09-14,010-****-6438,2026-02-19 08:23:33
10003224,김도미,M,2024-07-07,010-****-8983,2026-02-19 08:24:18
10003225,조동수,F,1948-08-01,010-****-8072,2026-02-19 08:29:50
10003226,김진경,M,2016-05-01,010-****-4488,2026-02-19 08:33:21
10003227,정희미,M,2016-12-01,010-****-7426,2026-02-19 08:41:07
10003228,박태하,F,1975-04-11,010-****-9008,2026-02-19 08:51:40
10003229,서영정,F,1997-11-26,010-****-7592,2026-02-19 08:56:42
10003230,김미진,F,1958-03-01,010-****-6174,2026-02-19 09:07:49
10003231,이서예,F,1971-09-25,010-****-0570,2026-02-19 09:47:25
10003232,장동소,M,2012-03-30,010-****-5496,2026-02-19 10:43:18
10003233,황진우,F,2016-06-12,010-****-7205,2026-02-19 11:01:54
10003234,김도현,M,1946-04-05,010-****-0614,2026-02-19 12:34:59
10003235,강경태,M,2008-11-05,010-****-9554,2026-02-19 12:50:42
10003236,서윤우,F,2015-01-11,010-****-8513,2026-02-19 12:53:42
10003237,김희상,M,1962-09-04,010-****-3562,2026-02-19 13:11:23
10003238,이연수,F,1951-05-08,010-****-3307,2026-02-19 13:17:15
10003239,강희하,F,1964-02-05,010-****-1756,2026-02-19 13:33:18
10003240,황예은,M,1973-03-07,010-****-9949,2026-02-19 13:38:16
10003241,이수재,F,2019-10-02,010-****-1956,2026-02-19 13:53:46
10003242,장연미,F,1990-09-21,010-****-4154,2026-02-19 13:57:25
10003243,이채윤,M,1940-12-28,010-****-2397,2026-02-19 14:01:36
10003244,이시경,F,1967-07-25,010-****-6159,2026-02-19 14:02:21
10003245,김도지,M,1957-02-04,010-****-2609,2026-02-19 14:05:35
10003246,황정소,F,1957-12-12,010-****-8030,2026-02-19 15:01:56
10003247,정유재,M,1954-12-17,010-****-1923,2026-02-19 15:10:51
10003248,이시소,F,1962-09-18,010-****-3307,2026-02-20 08:00:57
10003249,안재도,F,1944-12-19,010-****-7685,2026-02-20 08:41:06
10003250,박윤연,M,1964-05-14,010-****-5788,2026-02-20 08:47:02
10003251,최윤준,F,1951-09-06,010-****-7974,2026-02-20 09:09:05
10003252,박상동,F,1967-09-07,010-****-1065,2026-02-20 09:39:05
10003253,강예경,M,1952-01-28,010-****-9868,2026-02-20 09:52:07
10003254,김윤서,F,1977-09-09,010-****-1367,2026-02-20 10:02:05
10003255,이동우,M,1957-12-08,010-****-6596,2026-02-20 10:02:48
10003256,김성연,M,1957-12-16,010-****-8373,2026-02-20 10:15:44
10003257,최성미,M,1961-09-05,010-****-9460,2026-02-20 12:43:06
10003258,김서미,F,1957-09-29,010-****-2776,2026-02-20 13:00:58
10003259,김미민,M,1985-12-07,010-****-5887,2026-02-20 13:09:55
10003260,임동민,M,1981-06-26,010-****-0150,2026-02-20 13:23:45
10003261,박연재,M,1940-10-25,010-****-6578,2026-02-20 13:56:39
10003262,김시소,F,1969-11-25,010-****-2299,2026-02-20 13:57:23
10003263,김동재,M,1992-04-19,010-****-3031,2026-02-20 14:03:12
10003264,이연미,F,1989-08-05,010-****-3573,2026-02-20 14:05:38
10003265,김정시,M,1954-07-17,010-****-4488,2026-02-21 13:34:58
10003266,류소예,M,1965-09-09,010-****-3579,2026-02-23 08:07:51
10003267,김상서,F,1985-02-19,010-****-7411,2026-02-23 08:11:30
10003268,이동성,M,1958-03-08,010-****-7124,2026-02-23 08:23:10
10003269,최정상,F,1953-11-08,010-****-5894,2026-02-23 08:23:23
10003270,강진시,M,1952-12-15,010-****-0329,2026-02-23 08:23:37
10003271,조현미,F,1966-03-06,010-****-5619,2026-02-23 08:35:22
10003272,임연시,F,1967-11-07,010-****-9857,2026-02-23 08:38:49
10003273,최하시,M,1955-09-07,010-****-9139,2026-02-23 08:56:11
10003274,김미윤,F,1955-12-11,010-****-0004,2026-02-23 09:03:12
10003275,박진태,M,1967-08-31,010-****-6122,2026-02-23 09:03:53
10003276,김지진,M,1951-02-10,010-****-2119,2026-02-23 09:06:34
10003277,서은태,M,2013-03-27,010-****-5648,2026-02-23 09:13:12
10003278,김하시,M,1974-07-23,010-****-7222,2026-02-23 09:24:41
10003279,김예연,M,1943-04-10,010-****-1177,2026-02-23 09:25:17
10003280,김재지,F,1996-10-24,010-****-8577,2026-02-23 09:28:33
10003281,이희우,M,1972-12-16,010-****-7709,2026-02-23 09:42:28
10003282,김성태,M,1941-06-04,010-****-9051,2026-02-23 10:02:35
10003283,신연혜,F,1937-10-08,010-****-7205,2026-02-23 10:14:24
10003284,김태우,M,1991-09-29,010-****-9518,2026-02-23 10:23:52
10003285,황유현,F,1967-09-29,010-****-2870,2026-02-23 12:54:09
10003286,최유재,M,1976-09-14,010-****-9409,2026-02-23 12:55:57
10003287,이지영,M,1985-05-06,010-****-5429,2026-02-23 13:02:36
10003288,이현성,F,2007-03-23,010-****-7644,2026-02-23 13:05:40
10003289,박준동,F,1970-05-30,010-****-9810,2026-02-23 13:11:52
10003290,강정수,F,1991-03-23,010-****-6271,2026-02-23 13:23:17
10003291,황예태,F,1966-12-31,010-****-7069,2026-02-23 13:49:51
10003292,김영정,F,1982-05-09,010-****-0243,2026-02-23 14:03:30
10003293,이태상,M,1965-09-27,010-****-5791,2026-02-23 14:04:24
10003294,황준연,F,1968-10-06,010-****-6954,2026-02-23 14:34:04
10003295,김수성,M,1942-09-22,010-****-9759,2026-02-23 14:35:24
10003296,이혜준,F,1998-10-28,010-****-2580,2026-02-23 14:47:29
10003297,이윤준,F,1987-12-10,010-****-2235,2026-02-24 08:06:02
10003298,이동서,F,1974-04-19,010-****-5931,2026-02-24 08:10:36
10003299,김현도,F,1955-03-17,010-****-0548,2026-02-24 08:11:20
10003300,박민예,F,2024-05-01,010-****-9358,2026-02-24 08:12:23
10003301,이호상,F,1969-12-03,010-****-4669,2026-02-24 08:12:29
10003302,최희하,F,1974-11-24,010-****-1160,2026-02-24 08:19:23
10003303,이연지,F,1995-01-21,010-****-8038,2026-02-24 08:30:58
10003304,이미호,M,1986-11-17,010-****-2613,2026-02-24 08:34:20
10003305,정하희,F,2024-02-17,010-****-8067,2026-02-24 08:48:54
10003306,김서태,M,2019-04-26,010-****-3601,2026-02-24 08:54:38
10003307,이미성,M,1960-07-12,010-****-4403,2026-02-24 08:57:15
10003308,송연준,M,2012-01-24,010-****-8053,2026-02-24 09:06:31
10003309,한시유,M,2014-07-12,010-****-0937,2026-02-24 09:07:31
10003310,조수예,F,1956-10-12,010-****-0451,2026-02-24 09:19:38
10003311,김유채,M,1976-08-25,010-****-4893,2026-02-24 09:30:52
10003312,박시준,M,2015-03-11,010-****-7996,2026-02-24 09:38:27
10003313,안유서,F,2024-01-23,010-****-2650,2026-02-24 10:42:55
10003314,이성하,F,1965-09-09,010-****-5260,2026-02-24 10:59:31
10003315,송성준,M,1971-05-01,010-****-8963,2026-02-24 12:39:57
10003316,이미준,F,1966-11-22,010-****-2726,2026-02-24 12:40:40
10003317,이미동,F,1974-03-22,010-****-4774,2026-02-24 12:51:40
10003318,오서예,F,2012-01-24,010-****-1110,2026-02-24 12:57:17
10003319,최정수,F,2005-10-14,010-****-6073,2026-02-24 13:17:24
10003320,김예재,M,2002-09-14,010-****-1268,2026-02-24 13:18:30
10003321,한미민,F,1982-10-29,010-****-8635,2026-02-24 13:22:58
10003322,박시태,M,1949-07-11,010-****-5181,2026-02-24 13:26:53
10003323,이동상,M,1969-09-12,010-****-8668,2026-02-24 13:32:40
10003324,정우윤,F,1979-11-14,010-****-8645,2026-02-24 13:34:47
10003325,홍서경,M,1943-05-06,010-****-1696,2026-02-24 13:35:12
10003326,윤재윤,M,1976-03-21,010-****-2576,2026-02-24 13:39:23
10003327,김예소,M,1960-11-09,010-****-2261,2026-02-24 13:39:51
10003328,류현태,F,1978-01-03,010-****-6403,2026-02-24 13:40:51
10003329,김윤진,F,1954-05-30,010-****-5032,2026-02-24 13:42:02
10003330,이채영,M,1961-03-30,010-****-2175,2026-02-24 13:55:17
10003331,안우은,M,1980-06-01,010-****-0011,2026-02-24 14:11:02
10003332,김수소,F,1937-10-03,010-****-2575,2026-02-24 15:12:45
10003333,김현준,M,1990-09-15,010-****-3630,2026-02-25 08:13:30
10003334,최미윤,F,1986-10-09,010-****-1305,2026-02-25 08:29:45
10003335,박혜호,F,1986-04-10,010-****-4571,2026-02-25 08:29:58
10003336,김성호,M,1976-04-07,010-****-5601,2026-02-25 08:31:25
10003337,장상영,F,2015-04-05,010-****-7580,2026-02-25 08:35:08
10003338,이상혜,M,2017-07-01,010-****-0421,2026-02-25 08:44:37
10003339,이진유,M,2011-12-06,010-****-0553,2026-02-25 09:04:23
10003340,권태성,F,2007-09-23,010-****-2763,2026-02-25 09:15:25
10003341,김진하,F,1971-08-03,010-****-4862,2026-02-25 09:20:16
10003342,김영호,F,2012-12-18,010-****-4602,2026-02-25 09:48:02
10003343,이은경,F,1965-03-04,010-****-1917,2026-02-25 10:01:01
10003344,홍채시,F,1960-05-04,010-****-7990,2026-02-25 13:14:09
10003345,박영혜,F,1942-05-30,010-****-7756,2026-02-25 13:22:25
10003346,최은정,F,1945-11-20,010-****-0107,2026-02-25 13:24:39
10003347,장시우,F,1966-09-22,010-****-0471,2026-02-25 13:26:01
10003348,김준경,M,1970-10-30,010-****-1994,2026-02-25 13:27:44
10003349,정유연,M,1972-05-18,010-****-5355,2026-02-25 13:50:36
10003350,김도소,F,1961-04-10,010-****-6819,2026-02-25 13:52:14
10003351,윤시민,F,1957-04-03,010-****-4997,2026-02-25 13:54:27
10003352,강소호,F,1974-08-22,010-****-7711,2026-02-25 14:12:49
10003353,박지성,F,1987-09-05,010-****-4852,2026-02-25 14:46:53
10003354,임진유,M,2024-02-13,010-****-2684,2026-02-25 15:12:27
10003355,이은미,F,1970-03-08,010-****-8419,2026-02-26 08:26:51
10003356,김은준,F,1952-08-24,010-****-3532,2026-02-26 08:27:37
10003357,박희태,M,1996-12-30,010-****-0814,2026-02-26 08:35:27
10003358,이윤진,F,1967-06-27,010-****-3131,2026-02-26 08:38:18
10003359,이동재,F,2004-07-19,010-****-2022,2026-02-26 08:42:51
10003360,김현윤,F,2008-06-29,010-****-9101,2026-02-26 08:51:53
10003361,장태준,M,2022-06-15,010-****-3054,2026-02-26 09:02:03
10003362,김호서,M,1972-03-06,010-****-3953,2026-02-26 09:06:08
10003363,정영상,M,1988-08-04,010-****-8272,2026-02-26 09:13:13
10003364,서현예,M,1987-10-10,010-****-3790,2026-02-26 09:16:43
10003365,김동채,M,1951-03-25,010-****-9666,2026-02-26 09:17:12
10003366,김동정,F,1977-01-14,010-****-0221,2026-02-26 09:20:16
10003367,이윤혜,M,2024-01-07,010-****-5017,2026-02-26 09:44:44
10003368,이경현,F,1974-10-18,010-****-0976,2026-02-26 13:08:32
10003369,오태윤,F,2005-06-24,010-****-8861,2026-02-26 13:21:09
10003370,이시연,M,2008-02-10,010-****-9996,2026-02-26 13:32:16
10003371,한채민,M,1964-05-14,010-****-0587,2026-02-26 14:00:32
10003372,김혜미,M,1973-06-06,010-****-9232,2026-02-26 14:29:04
10003373,권예희,M,1973-07-15,010-****-1728,2026-02-26 14:48:45
10003374,강현연,M,1960-03-09,010-****-8646,2026-02-26 14:51:11
10003375,이하민,M,1965-07-16,010-****-4969,2026-02-27 08:13:59
10003376,김연경,M,1937-10-02,010-****-2960,2026-02-27 08:54:24
10003377,이예현,M,1973-04-04,010-****-1052,2026-02-27 12:47:20
10003378,권연도,F,1971-06-02,010-****-9310,2026-02-27 12:47:55
10003379,이유수,M,2004-05-03,010-****-6095,2026-02-27 12:48:44
10003380,이민정,M,1953-12-01,010-****-1860,2026-02-27 12:59:54
10003381,김동유,F,1986-07-04,010-****-8443,2026-02-27 13:31:52
10003382,정지태,M,1969-04-03,010-****-9510,2026-02-27 14:18:39
10003383,박지하,M,1942-05-28,010-****-3845,2026-02-27 14:29:08
10003384,정지유,M,1948-09-07,010-****-3974,2026-02-27 14:33:58
10003385,김서진,M,1955-01-12,010-****-7164,2026-02-27 14:41:09
10003386,김민은,M,1959-05-12,010-****-1592,2026-02-28 09:10:18
10003387,권소미,M,1988-04-12,010-****-2793,2026-02-28 09:28:49
10003388,송도성,F,1967-05-25,010-****-4179,2026-03-03 08:18:15
10003389,이경민,M,1957-11-08,010-****-7599,2026-03-03 08:19:41
10003390,최동채,F,1964-01-09,010-****-7461,2026-03-03 08:26:46
10003391,김경도,M,1960-09-05,010-****-3265,2026-03-03 08:27:18
10003392,최예준,F,1950-09-24,010-****-6911,2026-03-03 08:29:09
10003393,안혜미,M,1995-04-12,010-****-2744,2026-03-03 08:50:22
10003394,김지하,M,2012-04-05,010-****-0633,2026-03-03 08:55:45
10003395,윤정경,M,1967-02-12,010-****-3620,2026-03-03 09:03:41
10003396,김윤예,M,2013-11-01,010-****-0593,2026-03-03 09:27:21
10003397,김상하,M,1983-12-06,010-****-6393,2026-03-03 09:39:47
10003398,이혜서,F,1973-11-05,010-****-4762,2026-03-03 09:46:42
10003399,이시예,M,1967-12-09,010-****-1325,2026-03-03 09:52:32
10003400,김호정,F,2011-07-28,010-****-5253,2026-03-03 09:56:22
10003401,김연수,F,2013-02-18,010-****-2542,2026-03-03 10:05:20
10003402,조유현,F,1951-02-15,010-****-6169,2026-03-03 10:05:44
10003403,이재채,F,1953-10-12,010-****-2986,2026-03-03 10:12:09
10003404,김경민,M,1981-07-09,010-****-9926,2026-03-03 10:29:57
10003405,정호태,M,1962-08-11,010-****-6718,2026-03-03 10:35:30
10003406,이하우,M,1962-12-25,010-****-0207,2026-03-03 10:35:43
10003407,박윤경,M,1952-07-30,010-****-3871,2026-03-03 12:38:36
10003408,이도희,F,1982-02-28,010-****-7120,2026-03-03 12:42:12
10003409,박시도,M,2008-05-04,010-****-4137,2026-03-03 12:47:13
10003410,정민미,F,1960-08-13,010-****-3730,2026-03-03 12:54:14
10003411,김재진,F,1955-12-07,010-****-5718,2026-03-03 12:54:51
10003412,이수민,M,2008-11-08,010-****-3758,2026-03-03 12:59:12
10003413,박시도,F,1947-01-22,010-****-3964,2026-03-03 12:59:27
10003414,이시예,F,2000-03-07,010-****-5857,2026-03-03 13:04:05
10003415,김은지,F,1961-12-12,010-****-9315,2026-03-03 13:14:32
10003416,박미진,M,1949-12-03,010-****-7581,2026-03-03 13:18:03
10003417,정지재,M,1960-10-18,010-****-3421,2026-03-03 13:36:53
10003418,강채예,M,2023-05-20,010-****-1243,2026-03-03 13:48:02
10003419,김지유,F,1975-09-11,010-****-3997,2026-03-03 13:53:01
10003420,최소미,M,2022-12-25,010-****-0198,2026-03-03 13:53:53
10003421,장소우,M,1943-08-07,010-****-9658,2026-03-03 13:58:47
10003422,김서은,F,1963-05-09,010-****-8713,2026-03-03 13:59:22
10003423,홍유미,F,1980-03-13,010-****-7967,2026-03-03 13:59:54
10003424,김미예,M,2002-01-22,010-****-6534,2026-03-03 14:04:36
10003425,김준윤,F,2018-05-15,010-****-6887,2026-03-03 14:30:39
10003426,김혜민,M,1999-03-19,010-****-8481,2026-03-03 14:41:27
10003427,최하재,F,1984-02-01,010-****-2031,2026-03-03 14:48:26
10003428,이경민,F,1939-09-17,010-****-7171,2026-03-03 15:12:32
10003429,이영연,M,1988-03-18,010-****-0791,2026-03-04 08:02:13
10003430,이하소,F,1974-11-03,010-****-0426,2026-03-04 08:09:09
10003431,박예채,F,2019-05-11,010-****-4266,2026-03-04 08:24:58
10003432,김재혜,F,1968-04-15,010-****-1862,2026-03-04 08:30:50
10003433,정재하,F,2024-12-16,010-****-4961,2026-03-04 08:34:09
10003434,조호현,M,2010-02-12,010-****-9673,2026-03-04 08:39:09
10003435,김도서,F,1978-08-15,010-****-7507,2026-03-04 08:39:43
10003436,이지준,M,1965-05-17,010-****-2315,2026-03-04 08:39:49
10003437,서현미,F,1949-09-23,010-****-1724,2026-03-04 08:45:49
10003438,이미진,F,2021-08-11,010-****-7998,2026-03-04 08:58:20
10003439,이하소,M,1986-07-22,010-****-1178,2026-03-04 09:09:31
10003440,이연성,F,1967-09-07,010-****-0580,2026-03-04 09:29:43
10003441,한성현,F,1977-04-27,010-****-3626,2026-03-04 10:29:41
10003442,한유은,F,1947-11-14,010-****-4938,2026-03-04 10:56:50
10003443,이수동,F,1985-03-24,010-****-8305,2026-03-04 12:44:06
10003444,이도호,F,2009-05-24,010-****-6207,2026-03-04 12:54:27
10003445,김도준,M,1960-10-20,010-****-9332,2026-03-04 13:00:51
10003446,이유재,M,1965-05-17,010-****-5154,2026-03-04 13:52:12
10003447,안미도,M,1990-07-26,010-****-7979,2026-03-05 08:13:14
10003448,안경혜,M,1979-08-14,010-****-2327,2026-03-05 08:21:24
10003449,조정윤,M,1973-03-03,010-****-3939,2026-03-05 08:22:54
10003450,김영채,F,1948-04-07,010-****-3442,2026-03-05 08:39:27
10003451,최성예,F,2001-10-15,010-****-1019,2026-03-05 08:50:09
10003452,최태은,F,1973-04-26,010-****-9129,2026-03-05 08:55:53
10003453,송도지,M,1952-04-08,010-****-2320,2026-03-05 09:15:38
10003454,정윤민,M,1967-10-04,010-****-6659,2026-03-05 09:23:01
10003455,김유태,F,1989-04-20,010-****-8354,2026-03-05 09:53:50
10003456,김수민,M,1990-08-16,010-****-5083,2026-03-05 09:58:42
10003457,김동민,F,1951-12-13,010-****-3398,2026-03-05 12:58:32
10003458,박유태,F,1980-02-15,010-****-5619,2026-03-05 13:07:54
10003459,오진준,F,1960-04-07,010-****-0832,2026-03-05 13:12:24
10003460,이진채,F,1940-05-13,010-****-2936,2026-03-05 13:21:03
10003461,이시소,M,1962-08-10,010-****-4004,2026-03-05 13:53:42
10003462,최현채,F,1962-09-24,010-****-0332,2026-03-06 09:59:31
10003463,이윤태,F,1953-09-20,010-****-0102,2026-03-06 10:58:20
10003464,장채호,F,1961-12-10,010-****-4112,2026-03-06 12:52:05
10003465,최준하,F,1977-11-12,010-****-0981,2026-03-06 12:55:13
10003466,김채지,M,1990-05-18,010-****-2478,2026-03-06 13:11:55
10003467,박수소,F,1940-12-12,010-****-3485,2026-03-06 13:29:55
10003468,박동호,M,1956-07-23,010-****-3700,2026-03-06 14:30:28
10003469,박태윤,M,1988-01-26,010-****-7879,2026-03-06 14:30:41
10003470,김채은,M,1995-01-04,010-****-4826,2026-03-09 08:08:07
10003471,박하수,F,1960-09-21,010-****-2886,2026-03-09 08:21:23
10003472,김윤지,M,1967-02-04,010-****-0274,2026-03-09 09:02:58
10003473,안동진,M,1946-05-13,010-****-3899,2026-03-09 09:05:02
10003474,오진현,M,1949-09-13,010-****-8394,2026-03-09 09:05:11
10003475,김시우,M,1975-06-14,010-****-5439,2026-03-09 09:13:50
10003476,박경민,F,2013-09-10,010-****-4010,2026-03-09 09:16:36
10003477,김준진,M,1942-12-03,010-****-1090,2026-03-09 09:31:58
10003478,정채연,M,1973-07-29,010-****-4633,2026-03-09 10:22:48
10003479,김희경,M,1979-07-26,010-****-4508,2026-03-09 11:02:26
10003480,서희호,F,1974-09-14,010-****-7477,2026-03-09 11:03:54
10003481,홍영진,F,1984-11-20,010-****-3585,2026-03-09 12:40:29
10003482,장태정,F,1965-09-23,010-****-9131,2026-03-09 12:49:23
10003483,이경은,M,1972-08-08,010-****-0794,2026-03-09 12:55:04
10003484,정수은,F,1959-09-13,010-****-0240,2026-03-09 12:56:58
10003485,최수우,F,1975-11-21,010-****-6169,2026-03-09 12:57:13
10003486,김서영,M,1995-11-24,010-****-6750,2026-03-09 13:03:58
10003487,최채우,M,1973-10-16,010-****-2999,2026-03-09 13:05:36
10003488,안윤준,F,1955-06-05,010-****-1221,2026-03-09 13:11:54
10003489,윤채하,F,1963-12-31,010-****-6276,2026-03-09 13:27:09
10003490,강연진,M,1965-03-20,010-****-8601,2026-03-09 13:33:21
10003491,김민혜,F,2000-02-16,010-****-8959,2026-03-09 13:38:44
10003492,김정민,M,1967-09-08,010-****-1602,2026-03-09 13:55:22
10003493,정영재,M,2004-12-11,010-****-1508,2026-03-09 13:57:58
10003494,김상성,F,1950-03-12,010-****-9118,2026-03-09 13:58:21
10003495,조미유,F,1986-04-08,010-****-2532,2026-03-09 14:11:37
10003496,김하예,M,1976-03-09,010-****-8441,2026-03-09 14:48:39
10003497,이도은,M,1983-12-09,010-****-6059,2026-03-09 14:52:18
10003498,최민채,F,1949-05-06,010-****-2403,2026-03-09 14:57:40
10003499,황성지,M,1974-06-09,010-****-1728,2026-03-09 15:26:32
10003500,임호윤,M,1975-08-30,010-****-0768,2026-03-10 08:18:40
10003501,박연지,M,2003-01-15,010-****-4360,2026-03-10 08:22:16
10003502,이민동,M,2000-11-05,010-****-1013,2026-03-10 08:29:38
10003503,김미시,F,2012-03-28,010-****-4307,2026-03-10 08:34:45
10003504,김미시,F,1954-02-26,010-****-5423,2026-03-10 08:34:54
10003505,김은서,F,1956-12-31,010-****-3675,2026-03-10 08:36:38
10003506,임유재,M,2012-06-22,010-****-2652,2026-03-10 08:46:54
10003507,오연미,M,1966-12-04,010-****-0385,2026-03-10 08:49:09
10003508,신우정,F,2016-10-30,010-****-4676,2026-03-10 08:56:43
10003509,김도정,F,1986-04-20,010-****-0431,2026-03-10 08:59:25
10003510,김현채,F,1984-08-15,010-****-9968,2026-03-10 09:00:49
10003511,김채도,M,1971-02-09,010-****-0451,2026-03-10 12:45:47
10003512,박미예,M,2008-09-06,010-****-3350,2026-03-10 12:54:29
10003513,박예은,M,1956-09-02,010-****-7007,2026-03-10 12:58:36
10003514,류우채,M,2015-04-23,010-****-1442,2026-03-10 13:19:12
10003515,이도태,M,1968-03-29,010-****-8896,2026-03-10 13:21:24
10003516,이은진,M,1946-04-28,010-****-2202,2026-03-10 13:32:46
10003517,이연혜,M,1950-10-07,010-****-3787,2026-03-10 13:34:21
10003518,임희현,F,2021-02-10,010-****-9125,2026-03-10 13:42:22
10003519,박연희,M,1982-12-17,010-****-1208,2026-03-10 13:55:11
10003520,정도희,M,1967-07-01,010-****-5759,2026-03-10 14:12:23
10003521,이도호,M,1938-09-16,010-****-1414,2026-03-10 14:13:50
10003522,윤민은,M,1948-10-19,010-****-6135,2026-03-10 14:29:42
10003523,박영윤,M,2021-11-29,010-****-8032,2026-03-10 14:31:59
10003524,박예영,M,1940-02-09,010-****-0577,2026-03-10 14:52:28
10003525,신호상,F,1951-12-22,010-****-8272,2026-03-10 15:05:13
10003526,오지영,F,2024-10-10,010-****-6783,2026-03-11 08:20:38
10003527,강연진,M,1969-04-22,010-****-1057,2026-03-11 08:25:07
10003528,강채미,F,2024-05-26,010-****-5841,2026-03-11 09:05:51
10003529,송준정,M,1966-09-15,010-****-1518,2026-03-11 09:21:56
10003530,박민수,M,2019-04-22,010-****-2564,2026-03-11 09:41:01
10003531,박지성,F,2018-12-30,010-****-4409,2026-03-11 10:01:50
10003532,이영태,F,1988-12-04,010-****-3898,2026-03-11 10:04:05
10003533,김혜민,M,2017-09-06,010-****-9797,2026-03-11 10:58:52
10003534,정호혜,M,1953-08-17,010-****-7601,2026-03-11 12:58:59
10003535,신연윤,F,1956-02-17,010-****-5537,2026-03-11 14:31:48
10003536,강유채,F,1968-05-30,010-****-3674,2026-03-12 08:17:22
10003537,김미호,F,1980-12-15,010-****-5919,2026-03-12 08:26:35
10003538,김윤하,M,1990-07-17,010-****-4553,2026-03-12 08:36:34
10003539,박영도,F,1994-05-13,010-****-0009,2026-03-12 08:37:58
10003540,이혜재,M,1958-06-22,010-****-9698,2026-03-12 09:01:35
10003541,이미우,M,1983-11-07,010-****-7577,2026-03-12 09:04:40
10003542,조연태,F,1960-10-04,010-****-6492,2026-03-12 09:29:07
10003543,김은미,F,1980-07-18,010-****-0837,2026-03-12 09:30:42
10003544,김민도,M,1969-10-25,010-****-1986,2026-03-12 09:42:19
10003545,이수성,M,1994-07-24,010-****-1151,2026-03-12 09:42:56
10003546,강미혜,M,1991-11-25,010-****-8940,2026-03-12 09:59:43
10003547,김윤혜,M,1999-02-07,010-****-5189,2026-03-12 10:32:45
10003548,김연시,M,1975-10-25,010-****-4949,2026-03-12 12:47:58
10003549,박수태,F,2022-01-10,010-****-3739,2026-03-12 13:01:28
10003550,박연은,F,1959-09-05,010-****-6762,2026-03-12 13:06:09
10003551,이영태,F,2014-07-02,010-****-7860,2026-03-12 13:08:10
10003552,최경우,M,1970-07-17,010-****-1174,2026-03-12 13:12:04
10003553,정소시,M,1974-03-13,010-****-8469,2026-03-12 13:14:37
10003554,김시준,F,1988-06-21,010-****-6213,2026-03-12 14:04:23
10003555,김현경,M,1941-10-02,010-****-6322,2026-03-12 14:08:28
10003556,김경미,F,1951-02-25,010-****-2993,2026-03-12 14:13:10
10003557,이준희,F,1951-07-19,010-****-4026,2026-03-12 14:28:05
10003558,김수은,M,1953-02-12,010-****-6238,2026-03-12 14:37:34
10003559,이서성,F,1945-04-04,010-****-5151,2026-03-12 14:52:40
10003560,황정수,M,1944-03-04,010-****-2547,2026-03-13 10:48:39
10003561,장경도,F,1946-05-22,010-****-0221,2026-03-13 12:52:37
10003562,김서재,F,1976-03-14,010-****-1412,2026-03-13 13:15:30
10003563,장미준,F,1955-12-24,010-****-8245,2026-03-13 13:23:42
10003564,윤현수,M,1949-08-24,010-****-7356,2026-03-13 13:23:46
10003565,서수동,F,1979-08-15,010-****-1447,2026-03-13 13:37:02
10003566,박재희,M,1960-06-27,010-****-2246,2026-03-13 13:49:46
10003567,조도정,M,1978-04-05,010-****-2627,2026-03-13 13:49:55
10003568,이유성,M,1954-05-30,010-****-7561,2026-03-13 13:52:48
10003569,이진동,F,1967-06-27,010-****-9266,2026-03-16 08:11:11
10003570,조은혜,F,1969-04-06,010-****-2235,2026-03-16 08:30:24
10003571,박소영,F,1982-01-31,010-****-6154,2026-03-16 08:40:38
10003572,정재유,M,1948-10-20,010-****-7585,2026-03-16 08:41:22
10003573,정예진,F,1987-11-05,010-****-0305,2026-03-16 09:06:51
10003574,권호성,M,1979-07-24,010-****-9594,2026-03-16 09:34:05
10003575,이호윤,M,1961-07-14,010-****-0410,2026-03-16 09:36:35
10003576,박채미,M,1992-01-17,010-****-8517,2026-03-16 09:39:00
10003577,조호시,F,1959-01-10,010-****-9363,2026-03-16 10:00:43
10003578,이정시,F,1941-10-13,010-****-9812,2026-03-16 12:39:21
10003579,박소서,M,1952-01-19,010-****-8311,2026-03-16 12:40:51
10003580,김채진,F,1975-03-22,010-****-0454,2026-03-16 12:56:37
10003581,임수재,F,1981-09-07,010-****-1538,2026-03-16 12:59:45
10003582,황윤민,M,1950-09-24,010-****-0509,2026-03-16 13:02:10
10003583,임성소,F,1983-09-13,010-****-9457,2026-03-16 13:07:57
10003584,박정지,M,1987-12-15,010-****-2924,2026-03-16 13:11:35
10003585,한소경,M,1959-05-12,010-****-0876,2026-03-16 13:22:03
10003586,황서지,M,1950-08-29,010-****-3747,2026-03-16 13:25:00
10003587,박우유,M,1955-02-28,010-****-8386,2026-03-16 13:26:05
10003588,이영경,F,1962-03-21,010-****-9987,2026-03-16 13:50:29
10003589,김미태,M,1979-06-09,010-****-2679,2026-03-16 13:52:09
10003590,김진소,F,1972-08-10,010-****-4932,2026-03-16 13:56:56
10003591,윤하미,M,1973-10-28,010-****-7743,2026-03-16 14:01:30
10003592,정준우,M,1986-05-27,010-****-0982,2026-03-16 14:17:21
10003593,박혜진,M,1960-08-04,010-****-4291,2026-03-17 08:03:32
10003594,이하희,M,1972-09-21,010-****-6054,2026-03-17 08:20:32
10003595,정소희,M,1966-05-10,010-****-4184,2026-03-17 08:46:15
10003596,강성민,M,2024-05-10,010-****-7769,2026-03-17 09:31:30
10003597,최재희,M,1982-01-24,010-****-4660,2026-03-17 09:50:51
10003598,이채준,M,1973-05-26,010-****-5744,2026-03-17 10:24:50
10003599,안상유,M,2019-02-23,010-****-8612,2026-03-17 10:27:20
10003600,김미유,F,2024-03-08,010-****-4469,2026-03-17 12:44:05
10003601,최미정,M,1981-04-25,010-****-8190,2026-03-17 12:50:55
10003602,김혜민,M,1982-10-22,010-****-1546,2026-03-17 12:55:35
10003603,송하동,F,1985-09-19,010-****-5786,2026-03-17 13:04:12
10003604,박준성,M,1937-09-12,010-****-0466,2026-03-17 13:06:01
10003605,송영연,M,1961-10-02,010-****-5198,2026-03-17 13:12:35
10003606,정시혜,M,2022-11-22,010-****-1127,2026-03-17 13:12:53
10003607,송재영,M,2023-07-21,010-****-4384,2026-03-17 13:15:09
10003608,이호예,M,1969-11-04,010-****-0652,2026-03-17 13:32:05
10003609,한우하,F,1937-11-23,010-****-6736,2026-03-17 13:58:05
10003610,김은예,F,2019-09-19,010-****-3721,2026-03-17 14:03:10
10003611,박소재,M,1955-02-27,010-****-6361,2026-03-17 14:06:27
10003612,김채성,M,1977-04-08,010-****-1515,2026-03-17 15:04:11
10003613,김서시,F,2020-08-02,010-****-6995,2026-03-17 15:06:29
10003614,김유시,M,2024-05-07,010-****-0370,2026-03-18 08:04:29
10003615,장현민,F,1948-03-21,010-****-5991,2026-03-18 08:59:46
10003616,이희호,M,1968-12-18,010-****-5736,2026-03-18 09:30:06
10003617,김상미,M,2009-09-14,010-****-6422,2026-03-18 10:21:34
10003618,이은우,M,1958-11-20,010-****-5868,2026-03-18 12:49:28
10003619,황동민,M,1946-02-22,010-****-1260,2026-03-18 13:41:02
10003620,박상윤,M,1953-07-04,010-****-0239,2026-03-18 14:06:19
10003621,박현재,M,1992-12-01,010-****-7424,2026-03-19 08:20:10
10003622,정하연,M,1989-08-02,010-****-9576,2026-03-19 08:24:44
10003623,임소은,M,1951-03-13,010-****-8754,2026-03-19 08:29:00
10003624,서동혜,M,1967-12-28,010-****-2634,2026-03-19 08:32:04
10003625,이유윤,F,1989-02-09,010-****-9611,2026-03-19 08:34:36
10003626,이유재,F,1971-07-30,010-****-3878,2026-03-19 08:59:22
10003627,이경채,M,1976-09-16,010-****-6615,2026-03-19 09:04:54
10003628,김재경,F,1978-02-10,010-****-3175,2026-03-19 09:27:26
10003629,이희윤,F,1950-10-19,010-****-3906,2026-03-19 10:00:47
10003630,강희민,F,1960-08-06,010-****-3023,2026-03-19 10:29:54
10003631,조정영,M,1974-04-13,010-****-9343,2026-03-19 12:45:31
10003632,이윤은,M,1953-02-18,010-****-5592,2026-03-19 12:50:54
10003633,김호도,M,1990-09-27,010-****-6497,2026-03-19 13:00:12
10003634,이소도,M,1956-03-11,010-****-5555,2026-03-19 13:07:15
10003635,김시예,F,1983-08-18,010-****-2450,2026-03-19 13:14:57
10003636,김채유,M,2013-01-09,010-****-3432,2026-03-19 13:20:28
10003637,장수서,F,1945-09-11,010-****-8893,2026-03-19 13:23:51
10003638,정도호,F,1956-01-03,010-****-8400,2026-03-19 13:26:25
10003639,박성예,F,1953-11-17,010-****-6587,2026-03-19 13:49:49
10003640,박윤준,M,1968-12-04,010-****-8997,2026-03-19 14:01:52
10003641,류성진,M,1975-09-24,010-****-1079,2026-03-19 14:46:17
10003642,최혜예,F,1962-11-11,010-****-5464,2026-03-19 14:59:34
10003643,김호영,F,2020-02-13,010-****-8399,2026-03-19 15:05:04
10003644,이민채,F,1967-04-19,010-****-4432,2026-03-20 08:21:30
10003645,임시경,F,1950-12-30,010-****-6379,2026-03-20 08:43:42
10003646,이서재,F,1946-10-31,010-****-5381,2026-03-20 09:06:45
10003647,박민동,M,1977-12-25,010-****-1767,2026-03-20 12:34:11
10003648,권소하,M,1977-08-05,010-****-4395,2026-03-20 12:56:24
10003649,김예미,M,1990-09-10,010-****-1532,2026-03-20 12:58:25
10003650,강희채,M,1953-10-13,010-****-6639,2026-03-20 13:13:52
10003651,박서재,F,1965-05-11,010-****-2228,2026-03-20 13:17:10
10003652,권윤은,F,1941-07-03,010-****-9613,2026-03-20 13:23:20
10003653,최정미,M,1968-03-22,010-****-6682,2026-03-20 14:16:36
10003654,이희수,M,1965-01-24,010-****-2645,2026-03-23 08:11:20
10003655,오호동,F,1984-05-25,010-****-5870,2026-03-23 08:21:06
10003656,김은상,F,1946-03-29,010-****-7964,2026-03-23 08:25:20
10003657,장재희,F,1954-01-13,010-****-6232,2026-03-23 08:25:23
10003658,김지채,M,1948-11-24,010-****-6309,2026-03-23 08:29:13
10003659,황소서,M,1964-02-19,010-****-7884,2026-03-23 08:34:44
10003660,김태윤,F,1976-04-13,010-****-5063,2026-03-23 08:44:23
10003661,이영도,F,1976-08-27,010-****-2922,2026-03-23 09:26:23
10003662,김예지,F,1956-10-31,010-****-5925,2026-03-23 09:34:18
10003663,홍은호,M,1973-08-21,010-****-4331,2026-03-23 09:37:57
10003664,정진지,F,1982-06-24,010-****-8507,2026-03-23 09:58:50
10003665,이상도,F,1991-02-23,010-****-7798,2026-03-23 12:42:46
10003666,박소미,M,1958-04-06,010-****-7995,2026-03-23 12:45:32
10003667,이성윤,M,1951-07-07,010-****-0592,2026-03-23 12:46:53
10003668,박태서,M,1985-03-25,010-****-5721,2026-03-23 12:53:49
10003669,안하동,F,1957-05-10,010-****-4296,2026-03-23 13:06:11
10003670,김영채,M,2002-04-07,010-****-0601,2026-03-23 13:23:36
10003671,이혜채,F,1995-08-03,010-****-4001,2026-03-23 13:32:07
10003672,김우희,F,1962-07-21,010-****-0031,2026-03-23 13:45:19
10003673,조동경,F,1997-03-08,010-****-1426,2026-03-23 13:55:02
10003674,이동미,F,1950-11-03,010-****-6261,2026-03-23 14:36:12
10003675,윤성상,F,1978-01-12,010-****-4022,2026-03-23 14:47:17
10003676,김도미,M,1993-02-27,010-****-1438,2026-03-23 15:20:15
10003677,신수하,M,1948-09-22,010-****-6067,2026-03-24 08:06:52
10003678,강시호,F,1959-08-30,010-****-5992,2026-03-24 08:12:39
10003679,정예유,F,2007-11-17,010-****-4117,2026-03-24 08:38:25
10003680,서도유,F,2010-03-19,010-****-0965,2026-03-24 08:43:58
10003681,이민우,F,2023-07-24,010-****-4806,2026-03-24 08:47:26
10003682,신민상,M,2012-10-27,010-****-2089,2026-03-24 08:52:23
10003683,임희재,F,1959-08-28,010-****-6147,2026-03-24 09:02:04
10003684,김호채,F,1988-12-08,010-****-4334,2026-03-24 09:30:46
10003685,박미준,F,2022-03-19,010-****-8702,2026-03-24 10:24:46
10003686,김상희,M,2012-01-06,010-****-7874,2026-03-24 10:40:50
10003687,윤유채,F,1955-12-11,010-****-2022,2026-03-24 10:57:33
10003688,박준성,M,1970-03-01,010-****-4180,2026-03-24 12:43:25
10003689,김혜상,F,1943-04-17,010-****-2949,2026-03-24 12:53:27
10003690,김영미,F,1950-10-13,010-****-8868,2026-03-24 12:53:45
10003691,김서동,M,1975-04-23,010-****-8933,2026-03-24 12:56:36
10003692,박동현,M,2021-06-28,010-****-0313,2026-03-24 12:57:41
10003693,김수희,M,1940-01-30,010-****-1170,2026-03-24 13:07:51
10003694,신지희,F,2002-01-16,010-****-9976,2026-03-24 13:08:06
10003695,김태수,M,1944-12-26,010-****-5300,2026-03-24 13:22:17
10003696,안시희,F,1985-11-30,010-****-7544,2026-03-24 13:25:45
10003697,이상현,M,1955-10-14,010-****-0071,2026-03-24 13:25:55
10003698,이호희,F,1981-04-29,010-****-5005,2026-03-24 13:27:01
10003699,강정지,M,2012-08-17,010-****-2720,2026-03-24 13:38:32
10003700,최진미,F,1968-08-07,010-****-1746,2026-03-24 13:43:43
10003701,안지수,M,2015-12-21,010-****-0627,2026-03-24 13:47:14
10003702,김진은,M,1961-10-16,010-****-4215,2026-03-24 14:22:28
10003703,김은도,F,1989-01-28,010-****-7148,2026-03-25 08:21:25
10003704,이지서,F,1945-07-15,010-****-7000,2026-03-25 08:33:55
10003705,이동진,M,1972-04-06,010-****-2599,2026-03-25 08:37:16
10003706,박미우,F,2016-02-03,010-****-1806,2026-03-25 08:47:48
10003707,김희상,F,2010-05-23,010-****-6674,2026-03-25 08:51:42
10003708,정소우,F,1966-10-04,010-****-5259,2026-03-25 09:19:10
10003709,안지희,M,2010-02-14,010-****-4933,2026-03-25 09:32:12
10003710,권채영,M,2024-10-19,010-****-4678,2026-03-25 09:35:18
10003711,김진현,F,1980-07-05,010-****-6975,2026-03-25 10:39:57
10003712,김미호,F,1953-01-13,010-****-4949,2026-03-25 12:58:31
10003713,신진호,M,2015-09-12,010-****-2983,2026-03-25 12:59:05
10003714,이윤예,M,1968-09-25,010-****-3427,2026-03-25 12:59:20
10003715,박시서,F,1973-11-02,010-****-6436,2026-03-25 13:18:58
10003716,박하수,F,1979-10-07,010-****-4032,2026-03-25 15:08:15
10003717,김영민,F,2009-01-24,010-****-4413,2026-03-26 08:16:24
10003718,김수미,F,2017-08-13,010-****-3711,2026-03-26 08:37:04
10003719,박채호,M,1958-07-07,010-****-5564,2026-03-26 08:43:36
10003720,이예경,M,1962-06-17,010-****-6402,2026-03-26 08:46:32
10003721,김민재,F,1982-07-31,010-****-5190,2026-03-26 08:55:16
10003722,박수민,F,1959-03-07,010-****-7567,2026-03-26 09:19:53
10003723,정유예,F,1968-06-17,010-****-1317,2026-03-26 09:29:46
10003724,정혜호,M,2014-06-14,010-****-1755,2026-03-26 12:45:23
10003725,임시채,F,2010-08-10,010-****-1592,2026-03-26 12:48:50
10003726,김경진,F,2023-11-29,010-****-0502,2026-03-26 12:52:04
10003727,황재경,F,1949-07-04,010-****-5408,2026-03-26 13:10:33
10003728,홍도영,F,2021-05-20,010-****-5062,2026-03-26 13:12:33
10003729,장우지,F,1952-01-08,010-****-7394,2026-03-26 13:18:55
10003730,홍태시,F,1963-08-01,010-****-5552,2026-03-26 13:34:17
10003731,최은연,M,1944-12-16,010-****-8281,2026-03-26 13:48:11
10003732,김경우,M,1968-07-22,010-****-5299,2026-03-26 14:23:54
10003733,박하수,F,1947-04-15,010-****-0947,2026-03-26 14:46:36
10003734,박경우,M,1977-01-16,010-****-7773,2026-03-27 08:43:42
10003735,최희수,F,1981-12-16,010-****-2925,2026-03-27 08:48:17
10003736,최현도,M,1965-08-03,010-****-1126,2026-03-27 09:05:53
10003737,홍은경,F,1945-03-29,010-****-6082,2026-03-27 09:41:47
10003738,이재소,F,1958-05-17,010-****-2659,2026-03-27 09:50:41
10003739,신준우,M,1991-01-02,010-****-7294,2026-03-27 12:45:29
10003740,정도채,F,1972-09-06,010-****-7629,2026-03-27 12:47:45
10003741,이재경,M,1978-04-02,010-****-6590,2026-03-27 13:08:46
10003742,황예성,F,1986-02-17,010-****-6266,2026-03-27 13:40:26
10003743,박은민,F,1963-04-04,010-****-0034,2026-03-27 13:48:31
10003744,박도소,M,1967-11-03,010-****-7568,2026-03-27 14:02:18
10003745,김소시,M,1990-08-15,010-****-9457,2026-03-29 13:32:01
10003746,서채준,F,2011-01-30,010-****-7782,2026-03-30 08:07:45
10003747,김경준,F,1979-02-25,010-****-4076,2026-03-30 08:23:54
10003748,한상영,M,1944-05-30,010-****-8204,2026-03-30 08:36:24
10003749,송혜민,F,1955-09-03,010-****-9996,2026-03-30 08:56:57
10003750,신성태,M,1944-02-21,010-****-3497,2026-03-30 09:02:25
10003751,정예호,F,1952-05-05,010-****-4813,2026-03-30 09:41:17
10003752,김호연,M,1973-11-20,010-****-0238,2026-03-30 09:52:52
10003753,김미시,F,1974-11-07,010-****-7382,2026-03-30 10:10:57
10003754,임지재,F,1981-11-22,010-****-5098,2026-03-30 10:22:20
10003755,이미서,F,1975-02-03,010-****-2478,2026-03-30 12:43:05
10003756,윤동윤,M,1981-08-16,010-****-4996,2026-03-30 12:47:18
10003757,최재우,M,1973-12-14,010-****-6959,2026-03-30 12:59:17
10003758,김상진,M,1957-08-06,010-****-3854,2026-03-30 13:03:32
10003759,이시동,M,1948-07-02,010-****-5110,2026-03-30 13:05:10
10003760,안준소,F,1983-07-01,010-****-2755,2026-03-30 13:19:09
10003761,임연채,M,1945-05-26,010-****-0484,2026-03-30 13:20:43
10003762,김윤혜,M,1939-05-25,010-****-2867,2026-03-30 13:33:21
10003763,정상지,M,1954-01-04,010-****-3595,2026-03-30 13:45:36
10003764,오상호,M,1979-07-06,010-****-8584,2026-03-30 14:33:41
10003765,이영소,M,1950-05-23,010-****-0094,2026-03-30 14:34:30
10003766,한진현,F,2012-06-04,010-****-2327,2026-03-30 14:36:38
10003767,이현시,M,2010-10-12,010-****-7021,2026-03-31 08:05:58
10003768,장서예,M,1976-12-16,010-****-1825,2026-03-31 08:16:23
10003769,이하상,F,2016-09-01,010-****-0168,2026-03-31 08:17:45
10003770,류우윤,M,1979-03-26,010-****-2026,2026-03-31 08:30:37
10003771,이하연,F,1959-02-15,010-****-4168,2026-03-31 08:34:33
10003772,김태경,F,2008-08-17,010-****-9109,2026-03-31 08:35:41
10003773,장은민,F,1970-11-12,010-****-3228,2026-03-31 08:49:26
10003774,정현은,M,2006-11-26,010-****-3459,2026-03-31 08:49:32
10003775,이서정,F,1961-03-16,010-****-3666,2026-03-31 08:54:15
10003776,이현상,M,1947-01-19,010-****-1237,2026-03-31 09:43:58
10003777,김재영,F,1997-05-16,010-****-7300,2026-03-31 10:14:55
10003778,김동경,M,1962-03-26,010-****-3580,2026-03-31 10:15:51
10003779,이유지,M,2018-11-02,010-****-1267,2026-03-31 10:23:27
10003780,이채희,F,2016-01-21,010-****-7934,2026-03-31 12:38:23
10003781,김태영,F,1958-06-27,010-****-0220,2026-03-31 12:40:24
10003782,김연윤,F,1982-01-12,010-****-6479,2026-03-31 12:45:16
10003783,박유윤,F,2013-01-25,010-****-3569,2026-03-31 12:45:24
10003784,김은진,F,2014-01-13,010-****-4031,2026-03-31 12:52:42
10003785,최소우,F,1947-03-25,010-****-4440,2026-03-31 12:54:33
10003786,김윤영,F,1957-11-22,010-****-8134,2026-03-31 12:56:03
10003787,김혜준,F,2005-02-28,010-****-6754,2026-03-31 13:02:06
10003788,오은경,M,2019-01-10,010-****-8229,2026-03-31 13:02:18
10003789,이경진,M,1948-09-09,010-****-2656,2026-03-31 13:03:55
10003790,류은재,F,1972-01-25,010-****-3797,2026-03-31 13:06:34
10003791,김윤호,M,1982-09-28,010-****-3523,2026-03-31 13:12:28
10003792,이유서,F,1994-04-02,010-****-8082,2026-03-31 13:37:41
10003793,김혜영,F,2013-03-02,010-****-5390,2026-03-31 13:39:29
10003794,임경혜,M,2010-11-05,010-****-6254,2026-03-31 13:49:23
10003795,강상현,F,1976-08-22,010-****-3595,2026-03-31 14:21:36
10003796,김영하,M,2015-04-28,010-****-5007,2026-03-31 14:59:07
10003797,김정연,M,1976-06-11,010-****-8125,2026-03-31 15:23:55
10003798,임연시,F,1980-07-21,010-****-3115,2026-03-31 15:29:12
10003799,장경태,M,2011-10-06,010-****-7442,2026-03-31 15:30:34
10003800,윤미희,F,2017-03-22,010-****-1756,2026-04-01 08:20:10
10003801,이동소,F,2008-01-08,010-****-3815,2026-04-01 08:20:21
10003802,최시미,M,2009-12-11,010-****-6951,2026-04-01 09:09:17
10003803,강우연,M,1963-10-28,010-****-3389,2026-04-01 09:27:34
10003804,이상정,M,1988-07-21,010-****-6722,2026-04-01 10:02:56
10003805,이진영,M,2015-11-11,010-****-8912,2026-04-01 10:09:02
10003806,오수지,F,1997-08-21,010-****-2881,2026-04-01 12:44:56
10003807,이수소,F,1987-02-04,010-****-7586,2026-04-01 13:11:07
10003808,박동현,F,1959-04-07,010-****-0388,2026-04-01 14:00:05
10003809,김정하,F,2010-06-09,010-****-7659,2026-04-01 14:22:21
10003810,박은성,F,2009-01-24,010-****-9651,2026-04-02 08:13:32
10003811,한유영,M,1996-01-31,010-****-8377,2026-04-02 08:17:43
10003812,김시하,F,2005-06-26,010-****-4746,2026-04-02 08:20:12
10003813,김상예,M,1952-02-15,010-****-9220,2026-04-02 08:28:48
10003814,이우민,M,1957-04-19,010-****-2809,2026-04-02 08:31:49
10003815,이혜미,M,2005-05-02,010-****-5119,2026-04-02 08:47:17
10003816,김소예,F,1969-07-04,010-****-1910,2026-04-02 08:51:42
10003817,송동소,F,1953-07-26,010-****-2457,2026-04-02 10:05:59
10003818,임상경,F,1979-04-07,010-****-3633,2026-04-02 10:10:28
10003819,정도동,M,1962-08-07,010-****-8575,2026-04-02 10:55:42
10003820,김호예,M,1954-05-16,010-****-0093,2026-04-02 13:15:07
10003821,최서재,F,1958-04-09,010-****-2321,2026-04-02 13:31:31
10003822,장은수,F,1967-04-07,010-****-0788,2026-04-02 13:57:12
10003823,이영준,M,1980-07-02,010-****-9182,2026-04-02 14:06:40
10003824,이시준,F,1982-02-08,010-****-5382,2026-04-02 14:24:58
10003825,이서상,F,1948-10-04,010-****-5109,2026-04-02 15:04:41
10003826,김은서,F,1985-01-30,010-****-6147,2026-04-03 08:29:20
10003827,강도은,M,1954-11-03,010-****-7336,2026-04-03 08:48:30
10003828,김미희,M,1938-11-15,010-****-3835,2026-04-03 08:49:49
10003829,이소예,M,1980-03-30,010-****-3660,2026-04-03 09:06:03
10003830,박유우,M,1945-07-02,010-****-3580,2026-04-03 09:20:09
10003831,이소혜,M,1960-12-01,010-****-0835,2026-04-03 09:20:24
10003832,최서경,M,1967-11-14,010-****-6466,2026-04-03 10:03:03
10003833,윤희채,M,1973-02-23,010-****-7605,2026-04-03 10:06:46
10003834,권윤호,F,1942-02-11,010-****-0360,2026-04-03 10:30:06
10003835,최진윤,F,1937-11-03,010-****-7596,2026-04-03 10:44:57
10003836,김동희,F,1986-03-14,010-****-2998,2026-04-03 12:40:17
10003837,김경현,M,1980-08-22,010-****-2260,2026-04-03 13:32:53
10003838,류진수,M,1958-04-05,010-****-3565,2026-04-03 14:16:46
10003839,김호서,F,1954-07-31,010-****-1544,2026-04-03 14:48:33
10003840,정태진,M,1965-08-13,010-****-5402,2026-04-06 08:00:39
10003841,류성시,M,1977-04-17,010-****-0432,2026-04-06 08:12:38
10003842,박우서,M,1970-07-19,010-****-5553,2026-04-06 08:16:05
10003843,이수성,F,1961-01-14,010-****-3319,2026-04-06 08:45:25
10003844,한윤수,M,1974-04-14,010-****-5289,2026-04-06 08:57:54
10003845,김소민,F,1973-10-02,010-****-5928,2026-04-06 09:05:06
10003846,강은지,M,1974-06-21,010-****-6750,2026-04-06 09:11:24
10003847,김경상,M,1993-08-02,010-****-3395,2026-04-06 09:33:17
10003848,박동민,M,1946-10-30,010-****-5770,2026-04-06 09:36:17
10003849,권호유,M,1944-03-24,010-****-2747,2026-04-06 09:39:04
10003850,이하혜,M,1984-05-28,010-****-7347,2026-04-06 10:00:17
10003851,한미경,F,2007-01-05,010-****-5236,2026-04-06 10:31:06
10003852,최희준,M,1953-01-17,010-****-5393,2026-04-06 10:34:45
10003853,김채우,F,1987-09-26,010-****-5512,2026-04-06 12:37:31
10003854,홍민채,F,1958-10-27,010-****-4897,2026-04-06 12:44:08
10003855,박도미,M,1959-11-12,010-****-4753,2026-04-06 12:50:22
10003856,박연영,M,1976-04-12,010-****-1069,2026-04-06 12:59:09
10003857,김경하,F,1967-06-09,010-****-2325,2026-04-06 13:06:42
10003858,최수현,M,1974-08-02,010-****-6655,2026-04-06 13:09:07
10003859,김지성,F,1956-02-17,010-****-4365,2026-04-06 13:10:28
10003860,이준채,M,1977-02-28,010-****-1528,2026-04-06 13:11:55
10003861,이민유,F,2011-06-08,010-****-2268,2026-04-06 13:15:44
10003862,임정예,F,1962-02-10,010-****-4331,2026-04-06 13:18:41
10003863,박미경,F,1982-04-21,010-****-8340,2026-04-06 13:21:46
10003864,김우채,M,1974-11-25,010-****-8144,2026-04-06 14:12:34
10003865,이하동,M,1999-06-30,010-****-8426,2026-04-06 14:13:56
10003866,이희영,F,1956-06-03,010-****-5152,2026-04-06 14:49:49
10003867,이시호,F,1982-11-20,010-****-4810,2026-04-06 15:14:38
10003868,이재성,M,1979-11-18,010-****-2111,2026-04-06 15:23:57
10003869,오유채,M,1962-07-08,010-****-9144,2026-04-06 15:26:31
10003870,정태하,M,2016-07-10,010-****-3825,2026-04-07 08:16:54
10003871,김호수,M,1977-06-18,010-****-1782,2026-04-07 08:19:48
10003872,이소상,M,2017-02-05,010-****-1421,2026-04-07 08:23:28
10003873,장도준,M,2024-05-26,010-****-1237,2026-04-07 08:34:22
10003874,임소하,M,1955-04-06,010-****-7467,2026-04-07 08:34:31
10003875,한수경,M,1987-12-30,010-****-6132,2026-04-07 08:45:08
10003876,김태채,M,1990-03-20,010-****-3701,2026-04-07 08:55:03
10003877,정유동,F,1960-05-01,010-****-8348,2026-04-07 09:13:43
10003878,류채준,F,1986-06-25,010-****-8041,2026-04-07 09:22:37
10003879,이서정,F,1981-10-11,010-****-5372,2026-04-07 09:31:47
10003880,박진희,F,1952-01-17,010-****-8484,2026-04-07 09:32:42
10003881,이준은,F,1955-09-13,010-****-0734,2026-04-07 09:49:26
10003882,최윤정,M,2008-09-19,010-****-3049,2026-04-07 10:20:11
10003883,김서정,F,1969-12-06,010-****-6846,2026-04-07 12:41:42
10003884,이윤민,M,1960-01-22,010-****-1082,2026-04-07 12:47:39
10003885,이혜채,M,2022-02-09,010-****-5846,2026-04-07 12:51:19
10003886,송은상,F,1972-07-15,010-****-2911,2026-04-07 12:56:30
10003887,김재은,M,2016-11-05,010-****-5923,2026-04-07 13:00:24
10003888,임호성,F,1967-09-06,010-****-5014,2026-04-07 13:01:36
10003889,강연진,F,1972-03-27,010-****-0699,2026-04-07 13:25:35
10003890,김윤지,F,1941-05-27,010-****-2993,2026-04-07 13:26:06
10003891,강성민,F,1991-05-27,010-****-6797,2026-04-07 14:07:43
10003892,박소혜,M,1967-11-18,010-****-3466,2026-04-07 14:48:51
10003893,장정미,F,2014-08-26,010-****-5138,2026-04-07 15:08:29
10003894,윤채영,F,2015-06-29,010-****-4700,2026-04-08 08:13:31
10003895,김우서,M,1965-11-18,010-****-4556,2026-04-08 08:17:38
10003896,김서지,F,1992-02-26,010-****-7264,2026-04-08 08:19:44
10003897,김연소,F,1986-04-11,010-****-2497,2026-04-08 08:21:12
10003898,서유희,F,2017-10-19,010-****-1781,2026-04-08 08:43:30
10003899,박민수,F,1949-05-25,010-****-3296,2026-04-08 08:47:25
10003900,최성채,M,1959-08-05,010-****-3365,2026-04-08 09:07:18
10003901,정희연,M,1960-11-28,010-****-0446,2026-04-08 09:12:04
10003902,정정예,F,1966-03-18,010-****-2630,2026-04-08 12:59:38
10003903,김도윤,F,2013-10-06,010-****-7036,2026-04-08 13:12:59
10003904,서우미,M,1951-04-22,010-****-4517,2026-04-08 13:18:30
10003905,김현도,M,1946-04-20,010-****-1055,2026-04-08 13:28:16
10003906,김예유,F,1948-09-19,010-****-6826,2026-04-08 13:44:27
10003907,정윤연,F,1983-01-14,010-****-8446,2026-04-08 14:11:55
10003908,김현윤,M,1995-07-10,010-****-0253,2026-04-09 08:06:39
10003909,정상준,M,1986-11-30,010-****-0150,2026-04-09 08:12:43
10003910,류도미,M,1956-07-21,010-****-7999,2026-04-09 08:34:25
10003911,이태시,F,1962-01-23,010-****-2400,2026-04-09 08:47:46
10003912,권혜유,F,1958-10-07,010-****-4840,2026-04-09 08:50:43
10003913,박혜정,M,1953-01-16,010-****-6552,2026-04-09 09:08:02
10003914,서우채,M,1952-09-22,010-****-2601,2026-04-09 09:09:04
10003915,신동은,F,1963-10-28,010-****-8437,2026-04-09 10:43:25
10003916,박소현,M,1961-03-14,010-****-2701,2026-04-09 12:41:06
10003917,최지상,M,1953-02-25,010-****-5991,2026-04-09 13:04:58
10003918,이은정,M,1964-06-17,010-****-6428,2026-04-09 13:11:22
10003919,김정상,M,1989-08-29,010-****-0515,2026-04-09 13:20:45
10003920,김은재,M,2012-09-09,010-****-4986,2026-04-09 13:51:05
10003921,한동채,F,2020-10-07,010-****-5550,2026-04-09 13:57:14
10003922,정미희,F,1962-09-27,010-****-9467,2026-04-10 08:18:21
10003923,김진재,F,1940-02-10,010-****-2008,2026-04-10 09:05:09
10003924,김하민,F,1945-10-30,010-****-2736,2026-04-10 12:45:47
10003925,이영진,M,1939-10-11,010-****-9785,2026-04-10 13:04:58
10003926,홍경윤,F,1997-09-04,010-****-9214,2026-04-10 13:28:11
10003927,최상혜,M,1967-09-01,010-****-0089,2026-04-10 13:33:27
10003928,오준동,F,1959-02-04,010-****-3713,2026-04-10 14:37:39
10003929,최유혜,M,1941-03-30,010-****-3291,2026-04-10 14:54:19
10003930,김혜호,M,1979-07-27,010-****-2966,2026-04-13 08:03:07
10003931,김지진,M,2005-06-27,010-****-1284,2026-04-13 08:07:00
10003932,이재동,M,1982-03-11,010-****-8311,2026-04-13 08:16:00
10003933,김혜수,F,1961-12-28,010-****-3945,2026-04-13 08:51:37
10003934,김진민,F,1986-03-07,010-****-6502,2026-04-13 09:04:50
10003935,안윤정,F,1967-05-07,010-****-4728,2026-04-13 09:08:43
10003936,이하호,F,1980-09-19,010-****-0314,2026-04-13 09:15:48
10003937,박지혜,F,1961-03-31,010-****-6677,2026-04-13 13:13:10
10003938,김현희,F,1945-01-17,010-****-7803,2026-04-13 13:25:35
10003939,권은상,M,1987-02-10,010-****-2053,2026-04-13 14:10:56
10003940,김재시,M,1941-05-31,010-****-8755,2026-04-13 14:51:52
10003941,최준하,F,1958-02-05,010-****-2325,2026-04-13 14:56:19
10003942,김성준,F,1985-05-18,010-****-4540,2026-04-13 14:57:11
10003943,윤희연,M,1973-01-02,010-****-3696,2026-04-14 08:15:15
10003944,박우재,F,2016-12-05,010-****-7018,2026-04-14 08:15:26
10003945,최재하,F,1957-06-16,010-****-2273,2026-04-14 08:22:35
10003946,신민재,M,2010-03-29,010-****-6534,2026-04-14 08:23:59
10003947,정태동,M,1958-07-04,010-****-3567,2026-04-14 08:50:06
10003948,김희도,F,2021-01-01,010-****-9235,2026-04-14 09:54:33
10003949,윤진준,M,1986-02-05,010-****-8478,2026-04-14 09:57:58
10003950,박채하,M,1964-08-19,010-****-9710,2026-04-14 10:04:18
10003951,김성경,F,1972-03-02,010-****-8211,2026-04-14 12:45:19
10003952,신민소,F,1938-05-02,010-****-4791,2026-04-14 12:49:53
10003953,김동성,M,1966-12-18,010-****-5390,2026-04-14 12:56:24
10003954,박경우,F,1971-03-15,010-****-1747,2026-04-14 13:31:41
10003955,김서은,M,1946-09-12,010-****-1155,2026-04-14 13:33:00
10003956,조상태,M,1967-08-20,010-****-4828,2026-04-14 13:35:40
10003957,이호지,F,1981-03-21,010-****-7987,2026-04-14 13:39:37
10003958,김도우,F,1952-09-10,010-****-0554,2026-04-14 13:41:19
10003959,임영혜,M,1990-12-29,010-****-9257,2026-04-14 13:42:04
10003960,김윤지,F,1971-01-15,010-****-1346,2026-04-14 13:45:14
10003961,이민도,F,2021-01-16,010-****-2993,2026-04-14 13:47:04
10003962,송은하,F,1944-02-08,010-****-2322,2026-04-14 13:55:02
10003963,이태연,F,2021-02-07,010-****-0669,2026-04-14 14:13:51
10003964,김태수,F,2024-08-24,010-****-5279,2026-04-14 14:15:30
10003965,신채희,M,1937-07-12,010-****-3441,2026-04-14 14:17:42
10003966,이태준,M,2018-03-04,010-****-1389,2026-04-14 14:24:20
10003967,김수혜,F,1968-06-21,010-****-5668,2026-04-14 14:36:50
10003968,오혜수,F,1976-12-29,010-****-2295,2026-04-14 15:18:03
10003969,오호정,F,2024-08-30,010-****-2481,2026-04-15 08:23:30
10003970,임동준,M,1965-10-31,010-****-8327,2026-04-15 08:27:36
10003971,이상진,M,2010-10-27,010-****-0389,2026-04-15 08:37:36
10003972,조현시,M,2018-02-09,010-****-9256,2026-04-15 08:41:10
10003973,임시채,F,1961-01-26,010-****-8637,2026-04-15 13:44:31
10003974,최유경,F,1958-01-18,010-****-1148,2026-04-15 13:47:41
10003975,김현은,F,1980-10-24,010-****-4558,2026-04-15 13:49:50
10003976,홍성우,F,1965-12-18,010-****-3571,2026-04-15 14:05:05
10003977,박유상,F,1964-04-07,010-****-6665,2026-04-15 14:54:04
10003978,정정하,M,1972-06-26,010-****-9947,2026-04-16 08:16:47
10003979,장희소,F,1974-01-27,010-****-0645,2026-04-16 08:38:24
10003980,김연태,F,1947-10-12,010-****-5124,2026-04-16 08:40:40
10003981,서지소,M,1975-06-27,010-****-2647,2026-04-16 08:59:26
10003982,조정윤,F,1945-04-30,010-****-5168,2026-04-16 09:17:44
10003983,김성태,F,1964-06-30,010-****-2081,2026-04-16 09:34:01
10003984,황윤정,M,1954-10-17,010-****-1204,2026-04-16 10:11:07
10003985,이민준,M,1954-01-10,010-****-5236,2026-04-16 10:24:25
10003986,이혜미,F,1975-11-17,010-****-3797,2026-04-16 10:24:46
10003987,오소우,F,1943-05-18,010-****-1049,2026-04-16 10:28:23
10003988,김채성,F,1938-05-30,010-****-1762,2026-04-16 12:42:40
10003989,이호현,F,1951-11-07,010-****-9064,2026-04-16 12:46:11
10003990,권은수,F,1990-03-19,010-****-6624,2026-04-16 13:07:52
10003991,오미서,M,2014-02-08,010-****-8788,2026-04-16 13:08:29
10003992,김영재,M,1990-05-28,010-****-6176,2026-04-16 13:19:05
10003993,김정현,M,1973-02-17,010-****-3298,2026-04-16 13:23:04
10003994,류시수,F,1953-05-07,010-****-8563,2026-04-16 14:08:42
10003995,김서상,F,1988-06-14,010-****-8316,2026-04-16 14:09:25
10003996,신미상,F,1967-06-29,010-****-5566,2026-04-16 14:18:19
10003997,김진동,F,1961-06-17,010-****-2223,2026-04-16 14:20:59
10003998,김윤영,F,1970-02-26,010-****-1905,2026-04-16 14:28:41
10003999,김시은,F,1956-08-11,010-****-4654,2026-04-16 14:46:12
10004000,박경시,M,1953-02-02,010-****-3794,2026-04-16 14:58:45
10004001,이재호,M,1962-12-21,010-****-6814,2026-04-17 08:08:13
10004002,이민예,F,1953-03-24,010-****-0203,2026-04-17 09:27:13
10004003,박진도,F,1976-07-14,010-****-0426,2026-04-17 10:10:32
10004004,한지경,F,1980-03-05,010-****-8038,2026-04-17 13:18:47
10004005,김윤지,F,1969-01-19,010-****-0180,2026-04-17 14:44:34
10004006,최현호,M,1978-01-14,010-****-7937,2026-04-20 08:02:59
10004007,이예준,F,1947-03-10,010-****-9966,2026-04-20 08:19:08
10004008,김현예,F,1958-09-05,010-****-8297,2026-04-20 08:22:19
10004009,서연동,F,1962-11-11,010-****-2186,2026-04-20 08:28:28
10004010,이민예,F,1946-04-27,010-****-8776,2026-04-20 08:34:52
10004011,이채호,M,1977-04-28,010-****-1309,2026-04-20 08:42:59
10004012,박민수,M,1965-02-15,010-****-4574,2026-04-20 09:01:16
10004013,김연채,M,1962-02-26,010-****-2760,2026-04-20 09:12:12
10004014,김은동,F,1979-07-11,010-****-7660,2026-04-20 09:14:27
10004015,이경시,F,1967-08-04,010-****-1422,2026-04-20 09:31:22
10004016,최하서,F,1951-08-08,010-****-0647,2026-04-20 09:49:05
10004017,이민지,F,1940-11-02,010-****-4763,2026-04-20 10:09:51
10004018,김미소,M,1962-03-03,010-****-7706,2026-04-20 10:11:13
10004019,정성혜,F,1950-06-24,010-****-3883,2026-04-20 10:14:20
10004020,김유호,M,1978-08-16,010-****-4321,2026-04-20 10:30:49
10004021,한서시,F,1984-07-27,010-****-6829,2026-04-20 10:40:50
10004022,김성소,F,1949-07-21,010-****-1639,2026-04-20 11:03:11
10004023,박태윤,M,1992-03-05,010-****-7446,2026-04-20 12:45:09
10004024,김호윤,M,1989-01-16,010-****-5990,2026-04-20 12:48:22
10004025,김정희,M,2002-12-08,010-****-0556,2026-04-20 12:50:49
10004026,최혜재,F,1972-09-24,010-****-3060,2026-04-20 12:54:58
10004027,황희도,F,1963-12-20,010-****-9346,2026-04-20 12:55:06
10004028,김연민,M,1965-10-28,010-****-6870,2026-04-20 13:10:51
10004029,김우소,F,1974-11-22,010-****-1846,2026-04-20 13:15:10
10004030,이혜영,F,2000-09-18,010-****-8404,2026-04-20 13:19:00
10004031,이미소,F,1968-08-09,010-****-7357,2026-04-20 13:28:58
10004032,김혜수,F,1990-08-02,010-****-3214,2026-04-20 14:25:05
10004033,김하준,M,1945-04-15,010-****-0080,2026-04-20 14:36:12
10004034,정유도,F,2004-02-04,010-****-5485,2026-04-20 14:40:59
10004035,김도지,M,2016-12-26,010-****-8569,2026-04-21 08:07:03
10004036,안경재,F,1954-02-17,010-****-3720,2026-04-21 08:33:32
10004037,한준시,F,1986-11-05,010-****-8089,2026-04-21 08:44:54
10004038,김현서,F,1973-03-06,010-****-8831,2026-04-21 08:52:01
10004039,장서연,M,1986-06-23,010-****-8337,2026-04-21 09:16:12
10004040,이진지,M,2003-05-25,010-****-3329,2026-04-21 09:17:40
10004041,이상현,F,2013-01-04,010-****-3334,2026-04-21 09:19:35
10004042,김은미,F,2010-12-28,010-****-0383,2026-04-21 09:20:26
10004043,김태윤,F,1972-10-05,010-****-3875,2026-04-21 09:42:19
10004044,강은예,F,1948-10-10,010-****-8734,2026-04-21 10:19:31
10004045,송수호,F,1959-01-08,010-****-3746,2026-04-21 12:36:35
10004046,박현혜,F,1953-10-31,010-****-5492,2026-04-21 12:41:40
10004047,김태채,F,2014-10-30,010-****-9860,2026-04-21 12:42:25
10004048,홍윤정,F,1974-10-23,010-****-3303,2026-04-21 12:43:42
10004049,박태소,M,1945-11-28,010-****-5028,2026-04-21 12:44:35
10004050,김혜미,F,2021-10-18,010-****-0763,2026-04-21 12:50:35
10004051,이성채,M,1967-01-06,010-****-9189,2026-04-21 12:59:20
10004052,강유경,M,1981-07-12,010-****-8837,2026-04-21 13:01:24
10004053,김혜윤,F,2020-09-20,010-****-8017,2026-04-21 13:05:35
10004054,김연현,M,1993-01-24,010-****-7911,2026-04-21 13:12:13
10004055,박상우,F,2009-03-04,010-****-9334,2026-04-21 13:22:02
10004056,박성상,F,1947-07-05,010-****-8893,2026-04-21 13:24:06
10004057,권예경,F,1968-02-03,010-****-2423,2026-04-21 13:34:34
10004058,이지소,M,1965-03-04,010-****-8783,2026-04-21 13:41:25
10004059,서은태,F,1977-05-16,010-****-1667,2026-04-21 13:41:49
10004060,이미서,F,1976-08-25,010-****-0674,2026-04-21 13:42:04
10004061,김서동,F,2016-07-05,010-****-0022,2026-04-21 13:46:20
10004062,이동소,F,1973-09-04,010-****-5490,2026-04-21 13:47:25
10004063,임시현,M,2016-08-20,010-****-7767,2026-04-21 13:51:01
10004064,권시호,M,1950-05-04,010-****-1835,2026-04-21 14:07:03
10004065,권영유,M,1984-12-16,010-****-9503,2026-04-21 14:10:47
10004066,조정서,F,1959-08-11,010-****-4124,2026-04-21 14:16:20
10004067,이혜태,M,1942-11-26,010-****-1399,2026-04-21 14:21:55
10004068,이상예,M,1946-09-21,010-****-1216,2026-04-21 14:22:49
10004069,류혜경,M,2013-06-03,010-****-8143,2026-04-22 08:01:55
10004070,서동서,M,1955-06-29,010-****-6101,2026-04-22 08:39:46
10004071,이채서,F,1956-05-11,010-****-4305,2026-04-22 08:48:02
10004072,이윤진,F,2023-05-17,010-****-7193,2026-04-22 08:58:46
10004073,박태영,F,2012-07-12,010-****-8153,2026-04-22 09:06:04
10004074,신소유,M,1952-11-10,010-****-7505,2026-04-22 09:17:27
10004075,김준동,F,1961-01-22,010-****-4594,2026-04-22 10:36:54
10004076,김호도,M,2018-05-31,010-****-8930,2026-04-22 12:48:44
10004077,박소지,M,1950-08-26,010-****-9386,2026-04-22 13:58:10
10004078,김도태,F,1951-02-12,010-****-0075,2026-04-22 14:12:03
10004079,김서동,M,1961-08-04,010-****-4587,2026-04-22 14:27:46
10004080,김미수,F,1973-04-23,010-****-1132,2026-04-22 14:37:03
10004081,황호은,F,1951-07-31,010-****-9446,2026-04-23 08:12:30
10004082,김윤하,F,1983-08-05,010-****-5111,2026-04-23 08:16:35
10004083,최서진,M,1957-10-30,010-****-8185,2026-04-23 08:59:47
10004084,류윤준,M,1997-07-15,010-****-6297,2026-04-23 09:01:10
10004085,이도지,F,1989-03-12,010-****-8831,2026-04-23 09:02:49
10004086,이영준,F,1956-06-08,010-****-4494,2026-04-23 09:31:21
10004087,안태상,F,2009-02-26,010-****-4718,2026-04-23 09:34:55
10004088,정연민,M,1960-08-26,010-****-5418,2026-04-23 10:06:52
10004089,임희준,M,1986-11-26,010-****-3466,2026-04-23 10:10:03
10004090,김연호,M,1981-06-09,010-****-5135,2026-04-23 10:55:32
10004091,박희정,M,2017-03-30,010-****-6346,2026-04-23 12:30:25
10004092,조현정,F,1952-09-02,010-****-8932,2026-04-23 12:54:06
10004093,이소지,M,1971-01-25,010-****-6786,2026-04-23 12:59:35
10004094,김상미,F,2017-04-05,010-****-9513,2026-04-23 13:04:59
10004095,강호혜,F,1976-12-21,010-****-2309,2026-04-23 13:10:43
10004096,안진동,M,1955-02-09,010-****-7846,2026-04-23 13:12:29
10004097,권현유,M,1957-11-20,010-****-2004,2026-04-23 13:13:33
10004098,김유동,F,1983-10-09,010-****-8265,2026-04-23 13:28:35
10004099,김윤현,M,2009-11-27,010-****-2311,2026-04-23 13:42:28
10004100,박혜준,M,1953-04-17,010-****-3529,2026-04-23 13:44:49
10004101,이연민,M,1992-08-28,010-****-9813,2026-04-23 14:27:23
10004102,이경유,M,1957-01-07,010-****-8256,2026-04-24 08:09:14
10004103,박하정,M,1967-07-09,010-****-0544,2026-04-24 08:35:20
10004104,박혜소,F,1974-10-10,010-****-0126,2026-04-24 12:43:54
10004105,신미진,M,1983-11-26,010-****-9710,2026-04-24 13:01:24
10004106,김동경,F,1981-06-01,010-****-4870,2026-04-24 13:25:25
10004107,황도예,M,1939-06-06,010-****-2661,2026-04-24 14:03:46
10004108,김정수,F,1979-07-06,010-****-5967,2026-04-25 10:36:22
10004109,이수호,M,1956-11-19,010-****-4223,2026-04-27 08:11:36
10004110,김혜유,M,1963-10-03,010-****-1544,2026-04-27 08:16:24
10004111,최호성,F,1950-07-30,010-****-2566,2026-04-27 08:16:32
10004112,오지시,F,1988-04-10,010-****-7566,2026-04-27 08:40:04
10004113,김영민,F,2009-06-24,010-****-3234,2026-04-27 08:45:28
10004114,김호성,F,1937-07-21,010-****-7146,2026-04-27 09:00:36
10004115,정재예,M,1952-04-15,010-****-3718,2026-04-27 09:05:27
10004116,강혜성,M,2011-03-04,010-****-9931,2026-04-27 09:17:28
10004117,신수도,F,1963-11-21,010-****-2664,2026-04-27 09:35:04
10004118,김태경,F,1960-08-26,010-****-7520,2026-04-27 09:37:51
10004119,황소채,F,1955-03-01,010-****-4725,2026-04-27 09:40:58
10004120,김은영,M,1980-03-02,010-****-8023,2026-04-27 09:48:21
10004121,안지진,M,1945-11-07,010-****-9897,2026-04-27 10:11:18
10004122,장태상,M,1982-02-27,010-****-7789,2026-04-27 10:22:50
10004123,송민은,F,1989-08-18,010-****-9897,2026-04-27 12:30:07
10004124,김채희,M,1981-08-15,010-****-5710,2026-04-27 12:35:44
10004125,오시미,F,1987-05-29,010-****-1679,2026-04-27 12:40:09
10004126,강현미,F,1966-05-12,010-****-2923,2026-04-27 12:48:10
10004127,정서혜,M,1995-03-26,010-****-0739,2026-04-27 13:05:35
10004128,김우은,F,1998-03-29,010-****-0524,2026-04-27 13:10:35
10004129,한희수,M,2001-09-06,010-****-3453,2026-04-27 13:18:26
10004130,박태소,M,1940-01-20,010-****-8093,2026-04-27 13:22:47
10004131,김소서,M,1965-12-21,010-****-6700,2026-04-27 13:28:20
10004132,정호연,F,1954-08-24,010-****-4119,2026-04-27 13:47:54
10004133,한우재,M,1964-10-12,010-****-1541,2026-04-27 14:15:30
10004134,조재우,M,1964-11-15,010-****-2580,2026-04-27 14:16:58
10004135,박지호,M,1957-02-02,010-****-2017,2026-04-27 14:32:24
10004136,이수윤,F,1953-02-21,010-****-5324,2026-04-27 14:37:15
10004137,박민상,F,1957-04-25,010-****-4987,2026-04-27 15:17:24
10004138,이수영,F,1971-12-27,010-****-5219,2026-04-28 08:19:44
10004139,임수서,M,2014-01-06,010-****-2801,2026-04-28 08:24:04
10004140,김소은,F,2010-09-06,010-****-5277,2026-04-28 08:26:03
10004141,정진윤,M,2018-09-21,010-****-8523,2026-04-28 08:46:33
10004142,김유진,M,2024-05-21,010-****-4291,2026-04-28 09:22:43
10004143,최혜정,F,1942-10-09,010-****-0404,2026-04-28 09:45:50
10004144,이윤재,M,2007-03-09,010-****-6391,2026-04-28 10:09:58
10004145,송연태,F,1944-08-09,010-****-8874,2026-04-28 12:49:11
10004146,김태혜,F,1960-12-24,010-****-2843,2026-04-28 12:57:45
10004147,류민수,M,1969-03-15,010-****-8100,2026-04-28 13:14:46
10004148,박태도,F,1961-03-11,010-****-0672,2026-04-28 13:15:25
10004149,김상민,M,2023-12-20,010-****-9948,2026-04-28 13:17:45
10004150,김희도,M,1979-02-19,010-****-2516,2026-04-28 13:20:56
10004151,안영도,F,1945-11-02,010-****-4355,2026-04-28 13:24:50
10004152,김동호,F,1962-07-30,010-****-9743,2026-04-28 13:41:08
10004153,홍혜유,F,2018-02-21,010-****-7537,2026-04-28 14:31:51
10004154,서하호,M,1958-06-27,010-****-7332,2026-04-28 14:36:35
10004155,김예시,M,1958-03-08,010-****-4458,2026-04-28 15:13:26
10004156,이희예,F,2019-01-18,010-****-8561,2026-04-29 08:29:49
10004157,이채경,F,1988-10-21,010-****-9781,2026-04-29 09:00:16
10004158,이진우,F,2014-06-06,010-****-6869,2026-04-29 09:05:15
10004159,최민동,F,1947-12-16,010-****-4920,2026-04-29 09:07:52
10004160,박예재,M,2008-11-02,010-****-9408,2026-04-29 09:24:11
10004161,김혜미,M,2010-02-10,010-****-4465,2026-04-29 09:30:28
10004162,김성준,M,2021-12-30,010-****-2961,2026-04-29 10:16:59
10004163,정소시,M,1939-08-15,010-****-5495,2026-04-29 13:26:15
10004164,김현우,M,1938-12-08,010-****-0186,2026-04-29 14:19:00
10004165,김진시,F,1961-08-10,010-****-4044,2026-04-30 08:10:20
10004166,박희재,F,2004-11-10,010-****-7326,2026-04-30 08:20:37
10004167,김경서,F,1983-11-16,010-****-3118,2026-04-30 08:23:53
10004168,정서경,F,1954-06-03,010-****-4605,2026-04-30 08:36:32
10004169,이시재,M,1950-01-08,010-****-0097,2026-04-30 08:50:46
10004170,박호희,M,1940-11-18,010-****-9265,2026-04-30 09:02:09
10004171,이진현,F,2011-05-18,010-****-7404,2026-04-30 09:26:17
10004172,이현준,F,1987-02-14,010-****-3599,2026-04-30 09:31:56
10004173,이채동,M,1958-05-25,010-****-7701,2026-04-30 09:32:00
10004174,정우상,M,1961-09-20,010-****-3159,2026-04-30 09:37:05
10004175,장윤시,F,2002-05-07,010-****-7215,2026-04-30 10:10:33
10004176,최채우,F,1947-09-05,010-****-6897,2026-04-30 12:37:47
10004177,이유희,F,1972-05-25,010-****-7265,2026-04-30 12:55:05
10004178,장영소,F,1962-05-11,010-****-9031,2026-04-30 13:29:14
10004179,김수정,F,1946-03-18,010-****-6090,2026-04-30 13:34:48
10004180,이유현,F,2016-04-14,010-****-9058,2026-04-30 13:38:32
10004181,임은연,M,1968-09-18,010-****-9752,2026-04-30 13:41:00
10004182,김연하,F,1966-06-30,010-****-5304,2026-04-30 13:46:38
10004183,박영동,F,1971-08-03,010-****-1056,2026-04-30 14:06:15
10004184,김유민,M,1985-12-30,010-****-8241,2026-04-30 14:07:39
10004185,이준민,F,1956-02-10,010-****-0265,2026-04-30 14:24:46
10004186,강상성,F,1968-03-12,010-****-7366,2026-04-30 14:37:37
10004187,조현영,M,1969-05-26,010-****-6193,2026-04-30 14:39:04
10004188,김호도,M,1970-06-11,010-****-3966,2026-04-30 14:56:11
10004189,홍호유,M,1952-02-02,010-****-1896,2026-05-01 10:10:34
10004190,김호태,M,1978-01-15,010-****-9020,2026-05-01 13:04:10
10004191,김진상,F,1946-06-10,010-****-7607,2026-05-01 13:10:28
10004192,윤재진,F,1975-08-20,010-****-4598,2026-05-01 13:23:12
10004193,서혜영,F,1956-11-30,010-****-6482,2026-05-01 14:02:01
10004194,김유도,M,1983-04-06,010-****-1450,2026-05-01 14:10:35
10004195,이소준,M,1979-05-08,010-****-3008,2026-05-01 14:16:59
10004196,김현유,M,2011-11-24,010-****-6918,2026-05-04 08:08:16
10004197,김민진,M,1975-12-22,010-****-6543,2026-05-04 08:10:29
10004198,임채소,M,1943-03-17,010-****-3437,2026-05-04 08:46:30
10004199,김수윤,M,1943-03-10,010-****-3678,2026-05-04 09:14:34
10004200,윤경채,M,1993-07-10,010-****-9626,2026-05-04 09:29:31
10004201,김연태,F,1941-06-01,010-****-8387,2026-05-04 09:30:36
10004202,최은혜,F,1963-09-30,010-****-4597,2026-05-04 10:58:24
10004203,박윤상,M,1974-10-23,010-****-9092,2026-05-04 12:46:30
10004204,김호은,M,1979-09-10,010-****-9882,2026-05-04 12:53:14
10004205,이재하,M,1968-12-20,010-****-7912,2026-05-04 12:54:31
10004206,윤윤영,M,1980-01-05,010-****-8096,2026-05-04 13:05:51
10004207,조서진,F,1957-04-11,010-****-5397,2026-05-04 13:06:22
10004208,김희민,F,1937-12-05,010-****-3076,2026-05-04 13:16:55
10004209,박민시,F,1938-06-12,010-****-1376,2026-05-04 13:29:11
10004210,박희서,F,1976-09-19,010-****-4041,2026-05-04 13:40:09
10004211,김은소,F,1956-02-09,010-****-2095,2026-05-04 13:50:15
10004212,이채영,M,1965-01-08,010-****-8783,2026-05-04 14:03:47
10004213,이성희,M,1946-06-29,010-****-0173,2026-05-04 14:10:52
10004214,이상예,F,1971-12-31,010-****-4050,2026-05-04 14:20:54
10004215,이지호,F,2017-09-01,010-****-4924,2026-05-06 08:06:08
10004216,오우민,M,1956-01-31,010-****-0890,2026-05-06 08:12:02
10004217,이호윤,F,2003-08-12,010-****-9235,2026-05-06 08:26:47
10004218,신미혜,F,2013-10-02,010-****-7063,2026-05-06 08:39:02
10004219,정예동,M,2022-10-30,010-****-2878,2026-05-06 08:48:34
10004220,류혜정,F,2009-08-21,010-****-1744,2026-05-06 08:55:04
10004221,김도미,M,2008-08-05,010-****-1265,2026-05-06 09:04:55
10004222,류도준,M,1983-11-29,010-****-9615,2026-05-06 09:09:31
10004223,김지성,F,2013-04-15,010-****-5787,2026-05-06 09:20:07
10004224,황윤민,F,1951-07-27,010-****-5767,2026-05-06 10:31:42
10004225,정수진,F,2024-09-06,010-****-4679,2026-05-06 12:47:09
10004226,황영예,F,1951-03-21,010-****-8498,2026-05-06 12:50:34
10004227,강우동,F,2008-01-17,010-****-0902,2026-05-06 13:30:23
10004228,이민진,M,2012-02-12,010-****-7334,2026-05-06 14:57:00
10004229,홍우민,F,1970-05-17,010-****-5284,2026-05-07 08:37:15
10004230,김유경,F,1948-04-11,010-****-0258,2026-05-07 08:44:36
10004231,김혜미,F,1988-06-02,010-****-9488,2026-05-07 08:48:06
10004232,김영소,M,1958-11-15,010-****-9321,2026-05-07 08:51:24
10004233,이성도,M,1958-07-19,010-****-6972,2026-05-07 08:55:28
10004234,김경상,F,2010-08-23,010-****-7302,2026-05-07 09:13:56
10004235,박우동,F,1979-01-28,010-****-7058,2026-05-07 09:18:15
10004236,김지준,M,1984-12-20,010-****-3454,2026-05-07 09:21:59
10004237,김성민,M,1978-01-17,010-****-1095,2026-05-07 09:30:25
10004238,윤상영,M,1956-03-31,010-****-4285,2026-05-07 10:55:34
10004239,이재성,M,1951-09-21,010-****-7554,2026-05-07 12:42:26
10004240,최예진,M,1945-10-04,010-****-3052,2026-05-07 12:49:43
10004241,김소혜,F,1944-11-04,010-****-1738,2026-05-07 13:06:31
10004242,이현호,F,1984-11-08,010-****-9883,2026-05-07 13:16:07
10004243,한도지,M,1967-08-27,010-****-8400,2026-05-07 13:21:14
10004244,김소태,M,1941-11-04,010-****-6882,2026-05-07 13:28:49
10004245,신태도,F,2003-10-14,010-****-6456,2026-05-07 13:52:10
10004246,강은채,F,1962-01-04,010-****-5329,2026-05-07 14:32:41
10004247,박호은,F,1984-01-11,010-****-4934,2026-05-08 08:40:37
10004248,이호지,F,1963-11-26,010-****-9036,2026-05-08 08:43:21
10004249,정채하,F,1965-03-22,010-****-9292,2026-05-08 08:53:41
10004250,박희정,M,1957-09-19,010-****-0105,2026-05-08 09:18:37
10004251,김영정,F,1978-12-16,010-****-5478,2026-05-08 09:28:13
10004252,이준민,F,1963-03-27,010-****-7535,2026-05-08 09:37:19
10004253,강재연,M,1962-11-16,010-****-1192,2026-05-08 09:40:54
10004254,김미수,M,1983-06-27,010-****-1528,2026-05-08 09:51:00
10004255,김수경,F,1937-11-14,010-****-5964,2026-05-08 10:07:46
10004256,홍영동,F,1950-08-17,010-****-1018,2026-05-08 12:34:23
10004257,윤진재,M,1963-07-29,010-****-6546,2026-05-08 12:45:59
10004258,정수성,F,1975-04-26,010-****-7205,2026-05-08 13:01:29
10004259,박서윤,F,1940-08-07,010-****-2245,2026-05-08 13:41:23
10004260,신연상,M,1977-08-31,010-****-2998,2026-05-08 13:53:46
10004261,박은서,F,1956-06-02,010-****-0037,2026-05-08 13:55:44
10004262,이은하,F,1939-07-18,010-****-9948,2026-05-11 08:10:57
10004263,김시진,M,1974-08-09,010-****-1530,2026-05-11 08:17:11
10004264,김진민,F,1954-11-07,010-****-6273,2026-05-11 08:49:36
10004265,홍도하,M,1988-08-03,010-****-0423,2026-05-11 09:07:51
10004266,김예현,F,1950-11-04,010-****-8369,2026-05-11 09:28:17
10004267,오성재,F,1965-08-04,010-****-3930,2026-05-11 09:38:30
10004268,김연은,F,1950-02-09,010-****-4636,2026-05-11 09:55:38
10004269,윤예진,F,1974-11-23,010-****-1422,2026-05-11 10:03:26
10004270,이정상,F,1977-07-12,010-****-5842,2026-05-11 10:28:12
10004271,오채호,F,1946-11-07,010-****-4262,2026-05-11 12:39:49
10004272,홍희준,F,1977-04-21,010-****-6208,2026-05-11 12:56:34
10004273,이채영,M,1967-01-01,010-****-9933,2026-05-11 13:23:07
10004274,정진희,F,1946-05-05,010-****-6135,2026-05-11 13:23:45
10004275,최혜준,M,1941-11-19,010-****-1401,2026-05-11 13:29:47
10004276,박미상,M,1940-05-22,010-****-5727,2026-05-11 13:30:29
10004277,박미지,M,1999-04-27,010-****-4243,2026-05-11 13:32:19
10004278,정준은,F,1970-10-30,010-****-0307,2026-05-11 13:37:48
10004279,박유도,F,1985-04-21,010-****-5328,2026-05-11 14:08:03
10004280,최영현,M,1967-04-14,010-****-4371,2026-05-11 14:10:33
10004281,최영유,F,1955-02-07,010-****-6005,2026-05-11 14:12:38
10004282,김서준,M,1960-02-20,010-****-4819,2026-05-11 14:54:40
10004283,류민하,M,1956-05-21,010-****-4758,2026-05-12 08:07:24
10004284,이수지,F,1981-12-06,010-****-4454,2026-05-12 08:19:41
10004285,강예경,F,1986-04-06,010-****-3899,2026-05-12 08:20:36
10004286,이현하,M,2020-06-12,010-****-0115,2026-05-12 08:36:02
10004287,최영소,F,2024-08-26,010-****-8991,2026-05-12 08:56:31
10004288,박지영,F,2015-04-12,010-****-5705,2026-05-12 09:00:53
10004289,권영희,M,1939-06-16,010-****-3422,2026-05-12 09:31:46
10004290,이지도,F,1949-12-15,010-****-4550,2026-05-12 09:32:51
10004291,김진민,M,2008-01-28,010-****-0572,2026-05-12 09:39:49
10004292,서성준,F,1990-03-05,010-****-1512,2026-05-12 09:55:32
10004293,이서준,F,2012-05-02,010-****-5667,2026-05-12 10:05:31
10004294,정경재,F,2019-07-17,010-****-0007,2026-05-12 10:34:51
10004295,송재희,F,1954-01-21,010-****-6658,2026-05-12 12:58:26
10004296,최성혜,F,1941-05-24,010-****-8456,2026-05-12 13:17:34
10004297,김준유,F,1990-09-04,010-****-4601,2026-05-12 13:29:09
10004298,한지서,F,1946-02-09,010-****-3593,2026-05-12 13:48:42
10004299,최하호,M,2000-02-27,010-****-4766,2026-05-12 13:51:32
10004300,최경연,F,1965-07-07,010-****-5717,2026-05-12 13:52:02
10004301,홍영상,F,1991-08-09,010-****-1445,2026-05-12 14:02:39
10004302,김호유,M,1946-04-19,010-****-6639,2026-05-12 14:26:56
10004303,정수호,M,2024-08-29,010-****-5556,2026-05-13 08:08:55
10004304,강호채,M,1984-05-03,010-****-1543,2026-05-13 08:15:52
10004305,김하혜,M,2022-01-25,010-****-8035,2026-05-13 08:16:17
10004306,김재은,M,2019-10-10,010-****-0502,2026-05-13 08:24:42
10004307,서태연,F,2014-03-22,010-****-5727,2026-05-13 09:00:38
10004308,김동하,M,2014-02-18,010-****-4762,2026-05-13 09:04:28
10004309,이동채,F,2017-11-26,010-****-4832,2026-05-13 09:12:35
10004310,김은유,F,1971-07-21,010-****-8739,2026-05-13 10:06:07
10004311,이동호,F,1965-11-30,010-****-1849,2026-05-13 12:47:17
10004312,류경미,M,1958-02-17,010-****-1366,2026-05-13 14:50:04
10004313,박도태,M,2013-09-16,010-****-6741,2026-05-14 08:16:25
10004314,최채도,M,1942-11-13,010-****-5102,2026-05-14 08:24:30
10004315,장영정,F,1958-02-14,010-****-4888,2026-05-14 08:27:18
10004316,윤우동,F,2003-05-07,010-****-6054,2026-05-14 08:38:31
10004317,장은예,F,1989-04-03,010-****-5522,2026-05-14 08:41:01
10004318,정희태,M,1957-05-24,010-****-5161,2026-05-14 08:51:59
10004319,황혜서,F,1989-10-05,010-****-9993,2026-05-14 08:57:55
10004320,김호우,M,1946-12-03,010-****-7845,2026-05-14 08:59:59
10004321,김재정,M,1983-10-07,010-****-1395,2026-05-14 09:02:03
10004322,김소정,M,1943-06-15,010-****-5911,2026-05-14 09:04:29
10004323,김유준,M,1983-06-02,010-****-2994,2026-05-14 09:36:49
10004324,장서우,M,1968-04-23,010-****-2020,2026-05-14 09:39:48
10004325,김준연,M,1949-12-31,010-****-5145,2026-05-14 09:51:06
10004326,홍진서,F,1964-08-07,010-****-4213,2026-05-14 10:03:49
10004327,임도호,F,1984-02-18,010-****-2339,2026-05-14 12:37:50
10004328,서윤예,M,1955-09-05,010-****-2677,2026-05-14 12:44:21
10004329,김유미,F,1949-06-22,010-****-6921,2026-05-14 12:46:19
10004330,박윤시,M,1975-09-24,010-****-6272,2026-05-14 12:52:33
10004331,정하정,M,2016-07-07,010-****-0408,2026-05-14 13:04:41
10004332,오진윤,F,1971-11-23,010-****-3010,2026-05-14 13:14:01
10004333,장연서,M,2022-08-25,010-****-5228,2026-05-14 13:37:22
10004334,김재시,F,1974-09-02,010-****-6548,2026-05-14 13:58:21
10004335,박채연,F,1959-08-01,010-****-2478,2026-05-14 13:58:48
10004336,이미성,M,1957-08-04,010-****-4762,2026-05-14 14:16:39
10004337,김유윤,F,1963-07-29,010-****-2937,2026-05-14 14:34:56
10004338,이수윤,M,1991-02-23,010-****-7917,2026-05-14 14:38:10
10004339,정시우,F,1973-04-30,010-****-0938,2026-05-15 08:05:20
10004340,서준현,F,1984-02-05,010-****-6050,2026-05-15 08:18:58
10004341,강윤희,M,1983-05-02,010-****-3944,2026-05-15 08:19:47
10004342,이정희,M,1980-02-01,010-****-3309,2026-05-15 08:57:34
10004343,서채미,F,1952-12-10,010-****-3482,2026-05-15 09:04:46
10004344,류서태,M,1977-03-07,010-****-2967,2026-05-15 09:09:55
10004345,황채소,F,1942-05-03,010-****-4165,2026-05-15 09:43:33
10004346,이미동,F,1966-11-17,010-****-3934,2026-05-15 09:49:29
10004347,이윤수,M,1959-04-15,010-****-3285,2026-05-15 13:05:31
10004348,김우연,F,1952-04-21,010-****-2675,2026-05-15 13:19:27
10004349,김정지,F,1949-12-01,010-****-8650,2026-05-15 13:28:13
10004350,이은재,M,1939-09-18,010-****-7439,2026-05-15 13:39:52
10004351,이서호,F,1973-12-01,010-****-8510,2026-05-15 14:04:38
10004352,장지재,M,1951-05-23,010-****-7628,2026-05-15 14:39:22
10004353,이동지,F,1970-05-19,010-****-6122,2026-05-15 14:49:07
10004354,이채경,F,1985-08-17,010-****-6483,2026-05-18 08:04:49
10004355,김동정,M,1968-04-07,010-****-3785,2026-05-18 08:25:47
10004356,박은준,M,1989-05-02,010-****-5004,2026-05-18 09:05:53
10004357,오지도,M,1988-06-30,010-****-1473,2026-05-18 10:19:33
10004358,정민동,M,1977-12-19,010-****-3074,2026-05-18 10:25:58
10004359,정미도,M,1988-09-07,010-****-5885,2026-05-18 12:49:20
10004360,김호민,M,1957-12-02,010-****-8259,2026-05-18 12:58:18
10004361,김재민,M,1997-03-27,010-****-4718,2026-05-18 12:58:20
10004362,최미혜,F,1967-01-30,010-****-9971,2026-05-18 12:59:59
10004363,이영은,M,2002-01-28,010-****-4366,2026-05-18 13:21:50
10004364,최성태,F,1964-03-31,010-****-2811,2026-05-18 13:57:04
10004365,이연태,F,1973-01-12,010-****-2069,2026-05-18 14:00:25
10004366,김동지,F,1942-01-17,010-****-7782,2026-05-18 14:23:45
10004367,박은희,M,1962-12-01,010-****-7459,2026-05-19 08:10:50
10004368,김윤동,M,2009-07-02,010-****-2393,2026-05-19 08:23:24
10004369,조서소,F,2022-10-26,010-****-5751,2026-05-19 08:28:59
10004370,김호예,M,1947-11-12,010-****-0733,2026-05-19 09:00:28
10004371,김미호,F,1958-03-22,010-****-4241,2026-05-19 09:37:20
10004372,김진정,F,2023-11-08,010-****-2712,2026-05-19 10:38:11
10004373,박정유,M,1972-02-02,010-****-0826,2026-05-19 12:48:25
10004374,이예우,F,1945-05-13,010-****-0343,2026-05-19 12:52:05
10004375,한혜지,F,1988-06-27,010-****-0752,2026-05-19 13:15:15
10004376,정시예,M,2018-09-12,010-****-6908,2026-05-19 13:19:45
10004377,홍하은,F,1976-11-11,010-****-4296,2026-05-19 13:20:18
10004378,정수희,F,1941-07-31,010-****-4691,2026-05-19 13:21:21
10004379,안현유,F,1979-10-07,010-****-1478,2026-05-19 13:22:49
10004380,김민상,F,1965-11-16,010-****-8305,2026-05-19 13:26:06
10004381,김재정,F,1974-03-29,010-****-4074,2026-05-19 13:53:16
10004382,김소현,F,2019-09-05,010-****-1211,2026-05-20 08:21:13
10004383,홍유예,M,2020-03-15,010-****-3226,2026-05-20 09:39:56
10004384,김준소,F,1981-08-18,010-****-1236,2026-05-20 09:41:10
10004385,김정영,F,2021-11-22,010-****-4980,2026-05-20 09:52:07
10004386,윤하연,M,1946-02-26,010-****-9637,2026-05-20 13:01:27
10004387,한진윤,M,2019-11-07,010-****-1475,2026-05-20 13:10:05
10004388,이시준,M,1957-07-15,010-****-9812,2026-05-20 13:10:45
10004389,김지도,F,1947-04-27,010-****-5515,2026-05-20 13:34:38
10004390,박도준,F,1980-06-04,010-****-4839,2026-05-20 13:47:07
10004391,박채상,M,1980-02-24,010-****-5433,2026-05-20 13:47:45
10004392,황윤민,M,1957-03-25,010-****-2416,2026-05-20 13:49:06
10004393,강우서,M,1962-12-20,010-****-5862,2026-05-20 14:18:02
10004394,김희민,M,1972-07-13,010-****-8490,2026-05-20 15:08:42
10004395,김연미,M,1970-09-19,010-****-7095,2026-05-21 08:19:07
10004396,정준은,F,1995-01-30,010-****-6081,2026-05-21 08:22:34
10004397,이우호,F,1959-08-25,010-****-7768,2026-05-21 08:37:35
10004398,최영진,M,1979-09-01,010-****-5655,2026-05-21 08:53:43
10004399,서진준,F,1966-11-13,010-****-5863,2026-05-21 09:24:58
10004400,홍지연,M,1949-06-11,010-****-4795,2026-05-21 09:53:29
10004401,이호수,F,1958-10-27,010-****-9801,2026-05-21 10:11:02
10004402,조예경,M,1941-07-21,010-****-9082,2026-05-21 12:36:17
10004403,이은지,M,1989-11-05,010-****-3559,2026-05-21 12:36:38
10004404,오미호,M,1990-04-27,010-****-4697,2026-05-21 13:00:05
10004405,정혜미,F,1994-03-20,010-****-8126,2026-05-21 13:08:10
10004406,이지상,M,1959-07-25,010-****-8310,2026-05-21 13:18:00
10004407,김도우,M,1954-06-02,010-****-5804,2026-05-21 14:02:13
10004408,서윤채,F,1993-10-11,010-****-1462,2026-05-21 14:17:24
10004409,신하성,M,1968-01-26,010-****-4322,2026-05-22 08:35:15
10004410,김진준,M,1974-11-26,010-****-3504,2026-05-22 08:46:40
10004411,최혜재,M,1962-02-23,010-****-1552,2026-05-22 09:04:33
10004412,김수도,F,1943-01-31,010-****-3575,2026-05-22 13:04:42
10004413,이수소,F,1966-02-12,010-****-0038,2026-05-22 13:25:38
10004414,장소미,F,1968-05-23,010-****-9401,2026-05-22 13:59:27
10004415,신재수,F,1965-12-25,010-****-4341,2026-05-23 09:57:56
10004416,임은영,M,1985-04-22,010-****-7846,2026-05-26 08:16:55
10004417,김경소,M,1993-01-01,010-****-7316,2026-05-26 08:18:39
10004418,이은수,M,1987-09-03,010-****-2232,2026-05-26 08:30:56
10004419,이우소,M,1973-09-05,010-****-8383,2026-05-26 08:43:52
10004420,류은희,F,1941-06-05,010-****-5052,2026-05-26 08:46:38
10004421,김경혜,M,2023-08-15,010-****-5422,2026-05-26 08:54:52
10004422,윤미채,F,2015-03-03,010-****-8480,2026-05-26 09:07:58
10004423,김도윤,M,1945-03-22,010-****-1469,2026-05-26 09:08:37
10004424,김혜진,M,1959-11-09,010-****-4528,2026-05-26 09:30:23
10004425,박지미,F,1973-09-04,010-****-0798,2026-05-26 09:34:24
10004426,이수유,F,1971-05-22,010-****-8371,2026-05-26 09:49:10
10004427,박민태,F,1971-12-26,010-****-9054,2026-05-26 09:55:10
10004428,최혜서,M,1979-04-17,010-****-0878,2026-05-26 10:10:03
10004429,박태호,M,2018-05-24,010-****-4368,2026-05-26 10:19:09
10004430,김혜영,F,1971-07-05,010-****-7227,2026-05-26 10:22:15
10004431,박연은,M,1956-06-15,010-****-5395,2026-05-26 10:22:57
10004432,류영시,M,1942-05-10,010-****-2981,2026-05-26 12:42:18
10004433,류도민,M,1978-07-01,010-****-4696,2026-05-26 12:45:08
10004434,조정재,M,2014-10-28,010-****-2164,2026-05-26 12:47:36
10004435,최호우,M,1947-07-09,010-****-1513,2026-05-26 12:51:46
10004436,이수경,F,1991-10-18,010-****-4657,2026-05-26 13:07:11
10004437,이수지,M,1993-01-15,010-****-3324,2026-05-26 13:09:43
10004438,장소하,F,1944-09-07,010-****-6212,2026-05-26 13:12:43
10004439,이진미,M,1970-06-21,010-****-7208,2026-05-26 13:16:32
10004440,송성유,F,1968-11-26,010-****-5494,2026-05-26 13:39:36
10004441,김채소,M,1986-01-30,010-****-5136,2026-05-26 13:39:40
10004442,김재예,F,2023-03-08,010-****-8301,2026-05-26 13:42:25
10004443,이영희,M,2021-05-29,010-****-9318,2026-05-26 13:52:20
10004444,김도시,F,1998-02-25,010-****-7772,2026-05-26 14:16:05
10004445,강은진,F,2016-06-21,010-****-0577,2026-05-26 14:55:21
10004446,김현시,F,1985-01-27,010-****-8507,2026-05-26 15:00:28
10004447,김정현,M,1963-11-24,010-****-8871,2026-05-27 08:13:40
10004448,임서정,F,1957-12-29,010-****-8474,2026-05-27 08:29:56
10004449,이혜희,M,1952-05-15,010-****-9010,2026-05-27 08:34:21
10004450,박윤민,F,2009-05-12,010-****-2417,2026-05-27 08:47:03
10004451,한도준,F,2014-09-18,010-****-1671,2026-05-27 09:21:16
10004452,류동혜,M,1973-09-08,010-****-6628,2026-05-27 12:40:34
10004453,한상정,M,1978-06-19,010-****-4623,2026-05-27 12:50:20
10004454,강진민,F,1977-10-27,010-****-9252,2026-05-27 15:03:43
10004455,김미재,M,1958-01-31,010-****-5560,2026-05-28 08:30:45
10004456,안소재,M,1969-10-25,010-****-7301,2026-05-28 08:36:55
10004457,박준경,F,2021-02-04,010-****-1732,2026-05-28 08:37:17
10004458,서소채,F,1959-02-04,010-****-5353,2026-05-28 08:53:53
10004459,최유연,F,1981-07-01,010-****-2271,2026-05-28 09:15:24
10004460,윤우진,M,1966-02-15,010-****-6884,2026-05-28 09:24:51
10004461,이영미,F,1950-09-28,010-****-6262,2026-05-28 10:21:33
10004462,안윤영,M,1990-09-09,010-****-5817,2026-05-28 10:41:03
10004463,이유서,F,2013-01-19,010-****-6260,2026-05-28 12:37:21
10004464,윤영경,F,2010-09-19,010-****-0904,2026-05-28 12:38:46
10004465,이준희,M,1950-02-08,010-****-7573,2026-05-28 12:52:16
10004466,윤혜진,F,1957-12-29,010-****-3271,2026-05-28 13:02:23
10004467,정호현,M,1953-11-14,010-****-1469,2026-05-28 13:11:35
10004468,이호유,M,1988-06-30,010-****-0659,2026-05-28 13:12:47
10004469,신우상,F,2009-10-17,010-****-5486,2026-05-28 14:17:34
10004470,정윤시,M,1995-01-20,010-****-8834,2026-05-28 14:32:53
10004471,김미도,M,2009-07-28,010-****-5767,2026-05-28 14:38:51
10004472,류민현,F,1956-10-19,010-****-9100,2026-05-28 15:09:54
10004473,정동영,F,1960-11-25,010-****-4996,2026-05-29 08:16:18
10004474,박도서,F,1945-01-29,010-****-7165,2026-05-29 08:35:22
10004475,박경미,M,1943-04-26,010-****-3800,2026-05-29 08:56:40
10004476,이현수,M,1979-02-18,010-****-8348,2026-05-29 10:27:25
10004477,박우예,M,1958-08-21,010-****-3370,2026-05-29 13:25:05
10004478,장유연,M,1969-01-13,010-****-8001,2026-05-29 13:37:11
10004479,정태지,M,1969-10-14,010-****-5325,2026-05-29 13:40:43
10004480,황수진,F,1973-07-01,010-****-3892,2026-05-29 13:57:29
10004481,박희민,M,1953-05-18,010-****-3799,2026-05-29 14:09:39
10004482,권미진,M,1965-09-29,010-****-4046,2026-05-29 14:18:42
10004483,이유정,M,2003-12-30,010-****-2948,2026-05-29 14:59:14
10004484,정영성,M,1969-03-23,010-****-5727,2026-06-01 08:13:18
10004485,김우예,F,1967-04-17,010-****-9237,2026-06-01 08:31:06
10004486,박우채,M,1949-10-03,010-****-9737,2026-06-01 08:32:32
10004487,최채동,F,1961-01-01,010-****-0666,2026-06-01 08:36:16
10004488,김민재,F,1947-10-17,010-****-9135,2026-06-01 08:41:31
10004489,윤우지,M,2006-01-24,010-****-8051,2026-06-01 08:50:47
10004490,김미예,F,1967-08-10,010-****-1377,2026-06-01 09:31:20
10004491,최수서,M,1979-10-14,010-****-2617,2026-06-01 10:04:41
10004492,이미은,F,1982-08-13,010-****-0309,2026-06-01 10:11:55
10004493,김하준,F,1958-02-06,010-****-5876,2026-06-01 10:25:12
10004494,이경혜,M,1979-06-15,010-****-4881,2026-06-01 10:37:58
10004495,이지희,M,1974-05-19,010-****-4501,2026-06-01 10:52:08
10004496,이경연,M,1985-09-27,010-****-0142,2026-06-01 12:52:38
10004497,한호채,M,1985-05-17,010-****-1960,2026-06-01 12:56:09
10004498,임재희,F,1975-09-16,010-****-1950,2026-06-01 13:09:59
10004499,이동경,M,1944-12-03,010-****-8455,2026-06-01 13:21:04
10004500,김태지,F,1969-08-08,010-****-0712,2026-06-01 13:33:12
10004501,김채윤,M,1996-08-28,010-****-0562,2026-06-01 13:42:27
10004502,홍채하,M,1950-05-03,010-****-6484,2026-06-01 13:44:38
10004503,최성상,F,1978-03-14,010-****-3553,2026-06-01 14:36:05
10004504,김은상,F,1995-10-24,010-****-8686,2026-06-01 14:47:02
10004505,한상시,F,1970-06-04,010-****-2240,2026-06-02 08:11:25
10004506,서도시,F,2024-12-31,010-****-5123,2026-06-02 08:16:36
10004507,이유수,M,2011-08-22,010-****-1042,2026-06-02 08:22:48
10004508,김민도,M,1985-09-13,010-****-2463,2026-06-02 08:36:15
10004509,김동서,F,2012-08-12,010-****-9977,2026-06-02 08:36:26
10004510,김태성,F,2020-12-15,010-****-7787,2026-06-02 08:36:27
10004511,김소준,M,1986-03-29,010-****-9764,2026-06-02 08:42:18
10004512,이미재,F,2017-07-31,010-****-5264,2026-06-02 08:56:40
10004513,김준우,M,2011-03-17,010-****-0528,2026-06-02 08:56:42
10004514,이경수,M,2018-03-05,010-****-7507,2026-06-02 08:58:53
10004515,김채정,M,2018-01-24,010-****-9389,2026-06-02 08:59:40
10004516,김예민,F,2008-01-31,010-****-8956,2026-06-02 09:09:29
10004517,정희은,M,1987-04-06,010-****-1712,2026-06-02 09:16:11
10004518,이재영,F,2023-09-30,010-****-2034,2026-06-02 09:58:45
10004519,박혜경,F,2016-03-08,010-****-8104,2026-06-02 10:03:02
10004520,이윤민,M,2008-10-23,010-****-0735,2026-06-02 12:35:58
10004521,이시수,M,2019-03-11,010-****-7483,2026-06-02 12:48:17
10004522,송예희,M,2024-07-01,010-****-5978,2026-06-02 12:58:00
10004523,권소성,M,1987-04-23,010-****-3883,2026-06-02 13:05:45
10004524,정정수,F,1982-06-09,010-****-1100,2026-06-02 13:19:42
10004525,송민수,M,1968-06-15,010-****-0718,2026-06-02 14:36:01
10004526,박호소,F,2023-09-12,010-****-1259,2026-06-04 08:11:14
10004527,박시재,F,1947-12-14,010-****-8278,2026-06-04 08:12:42
10004528,정태민,F,2001-08-23,010-****-5628,2026-06-04 08:20:08
10004529,임지혜,F,2017-09-15,010-****-9133,2026-06-04 08:27:47
10004530,안지재,F,1964-08-26,010-****-6389,2026-06-04 08:28:23
10004531,이태예,M,2018-12-25,010-****-3963,2026-06-04 08:29:59
10004532,임경예,M,1982-02-13,010-****-6128,2026-06-04 08:30:22
10004533,김예채,F,1957-01-30,010-****-6160,2026-06-04 08:33:07
10004534,이우연,F,2014-01-24,010-****-3204,2026-06-04 08:36:35
10004535,서하정,M,1981-07-19,010-****-0505,2026-06-04 08:44:11
10004536,김수현,F,1966-09-01,010-****-6064,2026-06-04 08:51:13
10004537,신미하,F,2008-03-26,010-****-4175,2026-06-04 09:00:49
10004538,조우상,M,1965-08-25,010-****-6617,2026-06-04 09:16:21
10004539,이도태,M,1941-08-10,010-****-4333,2026-06-04 09:25:40
10004540,윤도예,F,2011-04-15,010-****-5094,2026-06-04 09:27:38
10004541,장희민,F,1946-02-08,010-****-9334,2026-06-04 09:45:55
10004542,김성서,F,1983-12-11,010-****-6833,2026-06-04 09:48:04
10004543,김준도,F,2018-07-16,010-****-2139,2026-06-04 09:49:39
10004544,권지혜,F,2021-06-04,010-****-7771,2026-06-04 10:17:32
10004545,박우재,F,1947-04-25,010-****-7775,2026-06-04 10:27:16
10004546,이성도,M,1955-02-13,010-****-9691,2026-06-04 13:16:18
10004547,최희현,F,1949-04-09,010-****-5518,2026-06-04 13:53:03
10004548,강채하,M,1977-12-16,010-****-8960,2026-06-04 14:01:15
10004549,김윤지,M,1980-08-08,010-****-8468,2026-06-04 14:14:36
10004550,이민정,F,1959-10-21,010-****-6306,2026-06-04 14:35:41
10004551,임미동,M,1974-12-09,010-****-8320,2026-06-04 14:47:31
10004552,박수성,F,1952-08-31,010-****-7021,2026-06-04 14:53:09
10004553,김상경,F,1980-12-15,010-****-0098,2026-06-05 08:05:20
10004554,박유윤,F,1952-12-20,010-****-8031,2026-06-05 08:17:37
10004555,김은도,M,1974-02-24,010-****-9664,2026-06-05 08:27:56
10004556,김시민,F,1961-12-20,010-****-8339,2026-06-05 08:53:50
10004557,이정준,F,1978-01-13,010-****-3252,2026-06-05 08:59:46
10004558,이도현,M,1968-04-23,010-****-7640,2026-06-05 12:44:11
10004559,송성은,F,1974-05-09,010-****-9671,2026-06-05 13:07:30
10004560,박민경,F,1947-04-07,010-****-7691,2026-06-05 13:18:50
10004561,이소성,M,1995-11-15,010-****-8111,2026-06-05 13:21:00
10004562,최연준,M,1951-01-02,010-****-6516,2026-06-05 13:28:19
10004563,이예연,F,1958-05-04,010-****-3399,2026-06-05 13:30:04
10004564,박예혜,F,1941-05-25,010-****-4019,2026-06-05 13:53:06
10004565,김채동,F,1968-08-13,010-****-7009,2026-06-05 14:04:05
10004566,이민준,F,1957-07-18,010-****-1221,2026-06-08 08:20:03
10004567,김현수,M,1979-09-26,010-****-6316,2026-06-08 08:25:55
10004568,이우민,M,1962-01-31,010-****-3816,2026-06-08 09:03:05
10004569,안시서,F,1946-05-25,010-****-9707,2026-06-08 09:03:53
10004570,김정지,F,1969-10-09,010-****-7861,2026-06-08 09:14:34
10004571,김연지,F,1956-09-29,010-****-6310,2026-06-08 09:23:07
10004572,박성도,F,1956-01-19,010-****-5240,2026-06-08 09:39:39
10004573,윤현은,F,1952-01-14,010-****-9492,2026-06-08 09:55:38
10004574,정시도,M,1960-04-21,010-****-0009,2026-06-08 09:56:55
10004575,류윤채,M,1951-03-05,010-****-2140,2026-06-08 12:45:52
10004576,장경연,F,1961-11-13,010-****-7758,2026-06-08 12:53:22
10004577,강미윤,F,1986-06-12,010-****-7411,2026-06-08 12:54:32
10004578,박태은,M,1994-12-24,010-****-8045,2026-06-08 12:55:09
10004579,이영연,M,1969-11-08,010-****-1882,2026-06-08 12:58:13
10004580,이재유,M,1955-02-17,010-****-8136,2026-06-08 13:03:07
10004581,임도진,M,1967-02-08,010-****-2836,2026-06-08 13:13:08
10004582,한수준,M,1967-11-11,010-****-9659,2026-06-08 13:16:26
10004583,김우상,F,1954-07-28,010-****-8094,2026-06-08 13:20:58
10004584,이정우,F,2007-04-27,010-****-6443,2026-06-08 13:27:37
10004585,조소정,F,2009-07-29,010-****-5261,2026-06-08 13:34:44
10004586,조동진,M,1976-10-10,010-****-0685,2026-06-08 13:37:27
10004587,최경도,F,1993-04-07,010-****-5196,2026-06-08 13:45:17
10004588,송경태,F,1976-09-10,010-****-2194,2026-06-08 14:10:00
10004589,김희연,F,1950-06-04,010-****-6452,2026-06-08 14:41:41
10004590,최은진,M,1953-03-23,010-****-7022,2026-06-08 14:57:41
10004591,서하경,M,1967-05-12,010-****-8517,2026-06-09 08:17:21
10004592,이미예,F,1970-04-07,010-****-9719,2026-06-09 08:20:29
10004593,김연준,F,1974-12-25,010-****-4199,2026-06-09 08:32:27
10004594,김상민,F,1954-11-11,010-****-4271,2026-06-09 08:40:59
10004595,최수동,F,1993-07-15,010-****-2541,2026-06-09 09:02:36
10004596,최진성,M,1967-05-10,010-****-5433,2026-06-09 09:03:58
10004597,김현소,M,2002-03-23,010-****-7077,2026-06-09 09:10:51
10004598,김현미,F,2012-02-27,010-****-2969,2026-06-09 09:15:36
10004599,강채정,F,1946-06-21,010-****-4324,2026-06-09 09:18:22
10004600,김정희,M,2012-06-04,010-****-9686,2026-06-09 09:18:30
10004601,홍정현,F,2008-02-13,010-****-1310,2026-06-09 09:21:13
10004602,정미시,F,1957-01-02,010-****-7655,2026-06-09 09:34:20
10004603,이윤미,F,1954-01-06,010-****-4608,2026-06-09 09:37:26
10004604,신영지,F,2012-07-31,010-****-4013,2026-06-09 09:54:34
10004605,김태미,M,1983-04-05,010-****-1798,2026-06-09 10:03:35
10004606,최상준,M,2022-12-13,010-****-1539,2026-06-09 10:46:43
10004607,최예채,F,1985-06-29,010-****-9175,2026-06-09 10:59:52
10004608,김연유,F,2009-07-02,010-****-7846,2026-06-09 12:33:28
10004609,김지호,M,1978-03-06,010-****-7435,2026-06-09 12:34:42
10004610,김준수,F,1946-10-29,010-****-4479,2026-06-09 12:50:36
10004611,김은혜,M,1958-08-31,010-****-1040,2026-06-09 13:04:03
10004612,류채현,M,2015-07-05,010-****-5053,2026-06-09 13:56:07
10004613,강상재,M,1954-06-03,010-****-6037,2026-06-09 14:04:36
10004614,박태현,F,1951-07-19,010-****-7995,2026-06-09 14:26:52
10004615,박재연,M,1990-12-25,010-****-3378,2026-06-09 14:30:05
10004616,이지예,M,1977-11-08,010-****-6574,2026-06-09 14:36:28
10004617,이우유,M,1939-03-14,010-****-4073,2026-06-09 14:36:58
10004618,김은경,F,1978-06-11,010-****-6766,2026-06-09 14:38:48
10004619,오재미,F,1966-10-25,010-****-9747,2026-06-10 08:23:41
10004620,조상윤,M,2014-06-26,010-****-7145,2026-06-10 08:54:02
10004621,최지혜,M,1945-02-19,010-****-3866,2026-06-10 09:16:54
10004622,김소시,F,1953-05-17,010-****-9845,2026-06-10 10:50:13
10004623,최서상,M,1952-12-28,010-****-5691,2026-06-10 12:46:52
10004624,김도호,M,1937-05-07,010-****-2537,2026-06-10 13:03:24
10004625,이상진,F,1964-02-02,010-****-3160,2026-06-10 13:50:30
10004626,한경시,M,1944-07-06,010-****-7363,2026-06-10 14:53:22
10004627,강수상,F,1950-09-17,010-****-0006,2026-06-11 08:45:41
10004628,박호경,M,1951-05-30,010-****-1455,2026-06-11 09:01:35
10004629,김서유,F,1975-04-29,010-****-3017,2026-06-11 09:03:59
10004630,정진현,F,1954-11-28,010-****-8093,2026-06-11 09:12:13
10004631,박유서,F,1978-01-24,010-****-8608,2026-06-11 09:13:15
10004632,오은현,F,1949-09-25,010-****-8113,2026-06-11 09:32:17
10004633,오지윤,M,1979-10-20,010-****-0345,2026-06-11 09:44:41
10004634,최유민,M,1974-11-19,010-****-1645,2026-06-11 12:51:55
10004635,김미시,M,1991-05-31,010-****-0030,2026-06-11 13:00:35
10004636,이소상,M,1977-06-27,010-****-8893,2026-06-11 13:15:25
10004637,김정은,M,1969-01-20,010-****-4717,2026-06-11 13:34:09
10004638,이은민,F,1994-10-28,010-****-6940,2026-06-11 14:01:16
10004639,이재미,F,2017-11-03,010-****-2385,2026-06-11 14:24:19
10004640,한영도,F,2008-02-14,010-****-0159,2026-06-11 14:28:47
10004641,김소상,M,1958-10-18,010-****-5240,2026-06-11 15:26:51
10004642,이채동,M,1975-11-17,010-****-3566,2026-06-12 08:49:11
10004643,최상우,F,1955-11-24,010-****-7549,2026-06-12 12:43:42
10004644,류우진,F,1972-05-17,010-****-9442,2026-06-12 13:17:54
10004645,박예정,F,1947-01-05,010-****-3477,2026-06-12 13:18:03
10004646,김윤진,F,1960-07-25,010-****-0638,2026-06-12 13:29:57
10004647,조예수,F,1990-06-11,010-****-2601,2026-06-12 13:36:52
10004648,김지태,F,1955-07-24,010-****-1758,2026-06-12 14:03:24
10004649,김지정,F,1992-12-29,010-****-8148,2026-06-12 14:10:06
10004650,박동성,F,1944-09-18,010-****-0161,2026-06-12 14:13:20
10004651,장동우,F,1938-09-16,010-****-2191,2026-06-12 14:23:51
10004652,이지채,M,2001-10-02,010-****-6784,2026-06-12 15:04:27
10004653,박연영,M,1945-10-25,010-****-0719,2026-06-15 08:21:42
10004654,김민경,M,1971-03-12,010-****-4999,2026-06-15 08:30:09
10004655,김채희,F,1973-07-27,010-****-0247,2026-06-15 09:00:52
10004656,이현채,M,1968-08-11,010-****-8558,2026-06-15 09:10:08
10004657,이연소,M,1970-03-31,010-****-5574,2026-06-15 09:34:20
10004658,박수채,M,1990-09-30,010-****-7302,2026-06-15 09:49:55
10004659,신영호,F,1993-03-25,010-****-8084,2026-06-15 10:21:15
10004660,김재동,F,1978-10-17,010-****-4187,2026-06-15 10:32:22
10004661,송희유,F,1983-09-10,010-****-4620,2026-06-15 12:57:17
10004662,윤성민,F,2003-08-04,010-****-0915,2026-06-15 13:13:53
10004663,류호재,M,1941-11-20,010-****-7324,2026-06-15 13:25:19
10004664,김유시,M,1999-05-19,010-****-2482,2026-06-15 13:38:47
10004665,신도현,M,1960-12-31,010-****-2366,2026-06-15 14:02:30
10004666,한희시,M,1949-02-11,010-****-7755,2026-06-15 14:04:15
10004667,이정영,F,1975-01-20,010-****-0865,2026-06-15 14:12:47
10004668,강채하,F,1967-01-05,010-****-7293,2026-06-15 14:55:46
10004669,이성혜,F,1978-08-04,010-****-4196,2026-06-15 15:18:20
10004670,이태은,M,1993-11-04,010-****-7027,2026-06-16 08:14:33
10004671,김희연,M,1990-07-22,010-****-0199,2026-06-16 08:21:01
10004672,권지태,M,2023-11-12,010-****-4267,2026-06-16 08:25:22
10004673,윤채현,F,2009-07-07,010-****-7745,2026-06-16 08:27:34
10004674,이우현,F,2010-07-16,010-****-1909,2026-06-16 08:36:25
10004675,이준상,M,1966-12-21,010-****-7871,2026-06-16 08:46:38
10004676,이경유,F,2022-02-19,010-****-8007,2026-06-16 08:51:26
10004677,박호진,M,1988-03-10,010-****-7479,2026-06-16 08:59:02
10004678,김정하,M,2001-03-01,010-****-3105,2026-06-16 09:00:10
10004679,김재은,M,1975-03-19,010-****-0001,2026-06-16 09:07:51
10004680,정도시,M,2010-02-03,010-****-9806,2026-06-16 09:09:28
10004681,서영지,M,1958-01-17,010-****-7515,2026-06-16 09:11:05
10004682,최태현,F,2010-09-07,010-****-9148,2026-06-16 09:19:03
10004683,김민유,M,1948-03-05,010-****-3744,2026-06-16 10:24:48
10004684,김성영,M,1985-10-13,010-****-7203,2026-06-16 12:42:59
10004685,강정도,F,1955-03-13,010-****-1790,2026-06-16 12:45:25
10004686,정수은,M,1972-05-17,010-****-7074,2026-06-16 12:46:42
10004687,김은하,M,1938-06-26,010-****-5666,2026-06-16 12:51:03
10004688,김정은,F,1974-11-18,010-****-1539,2026-06-16 12:53:59
10004689,한윤미,F,1963-09-09,010-****-4660,2026-06-16 12:54:31
10004690,이혜유,F,2010-09-27,010-****-8130,2026-06-16 13:08:22
10004691,한동혜,M,2022-03-21,010-****-9508,2026-06-16 13:10:18
10004692,김영소,M,1975-10-13,010-****-0906,2026-06-16 13:46:59
10004693,최희진,F,2008-11-05,010-****-8961,2026-06-16 13:52:12
10004694,박은경,F,1941-01-21,010-****-9859,2026-06-16 14:08:59
10004695,강상준,M,1975-08-17,010-****-5303,2026-06-16 14:10:02
10004696,박도시,F,1966-12-04,010-****-5527,2026-06-17 08:08:06
10004697,박성정,M,2020-08-05,010-****-2528,2026-06-17 08:16:00
10004698,안혜희,F,2002-04-12,010-****-2403,2026-06-17 08:16:03
10004699,김서예,M,1945-11-11,010-****-6287,2026-06-17 08:35:14
10004700,최연민,M,2015-05-17,010-****-7256,2026-06-17 08:48:02
10004701,오준하,F,1995-07-11,010-****-9861,2026-06-17 09:24:18
10004702,김은민,F,1980-03-11,010-****-6492,2026-06-17 09:27:02
10004703,이지준,F,1965-10-03,010-****-7846,2026-06-17 10:14:02
10004704,김태윤,F,1946-03-29,010-****-9643,2026-06-17 12:50:20
10004705,신현우,F,1980-02-25,010-****-1976,2026-06-17 13:23:35
10004706,이우시,F,2024-07-16,010-****-1657,2026-06-17 13:30:53
10004707,강민성,M,1953-07-02,010-****-0210,2026-06-17 13:31:55
10004708,이은연,M,1960-03-07,010-****-5779,2026-06-18 08:10:19
10004709,오희재,F,1972-04-25,010-****-6602,2026-06-18 08:14:25
10004710,김미시,M,1955-08-15,010-****-9074,2026-06-18 08:18:04
10004711,이경하,M,1941-04-12,010-****-9811,2026-06-18 08:19:51
10004712,한유진,F,1976-12-05,010-****-3563,2026-06-18 08:26:35
10004713,김서재,F,1950-11-26,010-****-2639,2026-06-18 08:28:07
10004714,김지준,F,1954-07-08,010-****-2919,2026-06-18 08:30:47
10004715,한성하,M,1976-05-20,010-****-4669,2026-06-18 08:39:49
10004716,서희영,M,1938-11-21,010-****-8522,2026-06-18 08:41:30
10004717,이영재,F,1960-01-18,010-****-0031,2026-06-18 09:01:50
10004718,김경태,F,1980-11-10,010-****-9992,2026-06-18 09:18:02
10004719,박윤도,M,1999-08-25,010-****-0974,2026-06-18 10:38:06
10004720,김예수,M,1980-11-07,010-****-3013,2026-06-18 12:52:43
10004721,박경혜,F,1951-04-11,010-****-3604,2026-06-18 13:10:16
10004722,임진채,F,2020-09-01,010-****-7949,2026-06-18 14:27:07
10004723,이유지,F,1939-03-17,010-****-8191,2026-06-19 08:10:19
10004724,정영은,M,1981-03-03,010-****-5687,2026-06-19 08:37:13
10004725,김성도,M,1943-03-17,010-****-6408,2026-06-19 09:08:02
10004726,김시윤,M,1976-11-16,010-****-1337,2026-06-19 09:42:24
10004727,오태현,F,1984-11-19,010-****-2047,2026-06-19 09:52:17
10004728,김시채,M,1965-06-04,010-****-8095,2026-06-19 13:14:20
10004729,최우채,M,1942-08-29,010-****-7927,2026-06-19 13:18:15
10004730,오태하,M,1953-11-06,010-****-5510,2026-06-19 13:32:19
10004731,윤혜우,M,1939-11-29,010-****-5547,2026-06-19 13:33:56
10004732,박지유,F,1942-10-16,010-****-0970,2026-06-19 13:41:14
10004733,김정영,M,2005-08-09,010-****-5969,2026-06-19 14:48:40
10004734,김호지,M,1973-07-16,010-****-1613,2026-06-19 15:06:11
10004735,윤희준,M,2008-08-12,010-****-8397,2026-06-22 08:08:56
10004736,류예동,F,1953-02-24,010-****-0739,2026-06-22 08:22:39
10004737,이연혜,F,1985-06-02,010-****-0240,2026-06-22 08:47:08
10004738,김소진,M,1951-07-21,010-****-4659,2026-06-22 08:58:28
10004739,윤채상,M,1989-06-21,010-****-8426,2026-06-22 09:09:42
10004740,송채하,F,1946-03-25,010-****-5155,2026-06-22 09:40:46
10004741,김민태,M,1994-10-30,010-****-3743,2026-06-22 10:38:00
10004742,이현준,F,1980-09-03,010-****-3867,2026-06-22 12:41:20
10004743,신지현,F,1966-05-31,010-****-5314,2026-06-22 12:44:49
10004744,안동지,M,1998-04-24,010-****-3785,2026-06-22 12:48:17
10004745,정연하,M,1952-04-09,010-****-3402,2026-06-22 12:50:21
10004746,신연하,M,1991-01-12,010-****-2007,2026-06-22 12:53:14
10004747,서미희,M,1977-01-01,010-****-8052,2026-06-22 12:58:23
10004748,조재도,M,1940-06-14,010-****-0122,2026-06-22 13:07:00
10004749,조시예,F,1941-03-13,010-****-7372,2026-06-22 13:08:32
10004750,김혜정,F,1994-04-18,010-****-4592,2026-06-22 13:09:39
10004751,이채혜,M,1979-01-04,010-****-7354,2026-06-22 13:20:16
10004752,김영수,F,1956-05-07,010-****-9692,2026-06-22 13:42:56
10004753,황수상,M,1957-12-16,010-****-2815,2026-06-22 13:48:33
10004754,정현호,M,1989-10-10,010-****-1532,2026-06-22 14:24:09
10004755,이진민,M,1954-11-07,010-****-0291,2026-06-22 14:42:46
10004756,이우상,F,1966-07-22,010-****-3616,2026-06-22 14:46:15
10004757,윤유은,F,1979-12-01,010-****-5080,2026-06-22 15:01:23
10004758,정윤미,F,2005-06-12,010-****-8277,2026-06-22 15:06:13
10004759,강채영,M,1952-04-23,010-****-4312,2026-06-22 15:07:34
10004760,강지경,F,1970-11-29,010-****-5417,2026-06-23 08:52:34
10004761,김소하,F,1980-12-28,010-****-7604,2026-06-23 08:54:11
10004762,김윤채,F,2021-02-09,010-****-9104,2026-06-23 09:04:40
10004763,김경성,F,1948-02-07,010-****-8907,2026-06-23 09:17:11
10004764,김예연,M,2015-07-20,010-****-8067,2026-06-23 09:52:18
10004765,김희하,M,1989-09-04,010-****-9811,2026-06-23 12:47:42
10004766,이은유,M,1997-01-05,010-****-7835,2026-06-23 12:58:28
10004767,한시영,M,2008-02-10,010-****-3520,2026-06-23 13:21:10
10004768,안호하,M,1972-04-08,010-****-2294,2026-06-23 13:35:25
10004769,박태영,M,1973-12-08,010-****-1085,2026-06-23 13:35:47
10004770,이유희,M,1975-09-22,010-****-7557,2026-06-23 13:44:16
10004771,박민성,F,1959-04-14,010-****-9722,2026-06-23 14:16:25
10004772,임우시,F,1989-05-03,010-****-4469,2026-06-23 14:42:21
10004773,최하희,F,1982-05-08,010-****-9948,2026-06-23 15:13:35
10004774,이우지,M,2006-12-03,010-****-8788,2026-06-24 08:16:46
10004775,박호하,M,2016-09-16,010-****-6025,2026-06-24 08:56:02
10004776,조정태,F,1985-08-15,010-****-1720,2026-06-24 09:37:30
10004777,이수은,F,2010-11-02,010-****-1434,2026-06-24 09:51:38
10004778,김윤혜,F,1988-09-05,010-****-9065,2026-06-24 10:22:32
10004779,이하성,M,1954-04-20,010-****-5336,2026-06-24 10:31:13
10004780,정희우,M,1979-12-31,010-****-1741,2026-06-24 12:45:56
10004781,최동연,M,1968-12-23,010-****-3891,2026-06-24 13:04:55
10004782,신진경,M,2023-05-07,010-****-1296,2026-06-24 13:17:16
10004783,김호경,M,1941-03-27,010-****-8816,2026-06-24 13:37:43
10004784,이예영,F,1961-07-22,010-****-1983,2026-06-24 14:15:48
10004785,이동태,M,2011-12-03,010-****-7223,2026-06-24 14:19:44
10004786,박상영,M,1961-10-04,010-****-0216,2026-06-25 08:14:05
10004787,박은민,M,1989-01-20,010-****-3203,2026-06-25 08:18:33
10004788,한수윤,F,2002-10-24,010-****-7983,2026-06-25 08:25:33
10004789,박정동,M,1969-04-27,010-****-6628,2026-06-25 08:28:43
10004790,김지민,F,1962-06-04,010-****-2219,2026-06-25 08:58:07
10004791,최유호,F,1979-09-06,010-****-5353,2026-06-25 09:06:34
10004792,이영유,M,2000-09-05,010-****-8129,2026-06-25 09:26:23
10004793,최재희,M,1954-07-20,010-****-5326,2026-06-25 09:32:29
10004794,송준지,F,1963-12-10,010-****-1209,2026-06-25 09:36:54
10004795,최우혜,M,1945-12-08,010-****-4054,2026-06-25 10:10:47
10004796,김윤현,M,1980-02-22,010-****-4723,2026-06-25 10:26:14
10004797,이재예,M,1956-12-13,010-****-1048,2026-06-25 12:44:07
10004798,이현준,M,1995-10-25,010-****-6725,2026-06-25 12:49:43
10004799,이소준,M,1955-01-11,010-****-8858,2026-06-25 13:00:37
10004800,안희서,M,1977-03-07,010-****-4539,2026-06-25 13:05:32
10004801,황시소,F,1997-03-16,010-****-4495,2026-06-25 13:18:04
10004802,최현윤,F,1963-11-06,010-****-6936,2026-06-25 13:29:46
10004803,이우진,F,1960-11-15,010-****-0211,2026-06-25 13:30:30
10004804,김유하,M,1957-09-10,010-****-9070,2026-06-25 13:42:51
10004805,이현하,M,1952-02-29,010-****-0068,2026-06-25 13:53:15
10004806,이태시,F,1948-08-05,010-****-9656,2026-06-25 14:21:17
10004807,정태재,F,1940-12-01,010-****-2522,2026-06-25 14:50:51
10004808,신동우,M,1971-04-19,010-****-5789,2026-06-26 09:28:18
10004809,정현은,M,1945-06-04,010-****-6813,2026-06-26 12:42:36
10004810,정정동,M,1963-03-07,010-****-6362,2026-06-26 13:26:15
10004811,이서상,M,1951-12-31,010-****-7955,2026-06-26 13:40:20
10004812,정재미,M,1949-06-17,010-****-2658,2026-06-26 14:03:06
10004813,최태재,F,1967-07-02,010-****-6902,2026-06-26 14:12:30
10004814,이재정,M,1967-07-30,010-****-9145,2026-06-26 14:14:01
10004815,정태소,F,1957-02-05,010-****-9060,2026-06-26 14:16:01
10004816,이혜소,M,1939-06-20,010-****-9511,2026-06-29 08:15:20
10004817,김수도,F,1982-10-11,010-****-3447,2026-06-29 08:35:01
10004818,김재윤,M,1958-03-07,010-****-5262,2026-06-29 08:41:53
10004819,이현정,M,1942-07-06,010-****-8889,2026-06-29 09:15:33
10004820,박정희,M,1944-11-19,010-****-8499,2026-06-29 09:15:56
10004821,김도혜,M,1976-10-19,010-****-8374,2026-06-29 09:46:34
10004822,이정미,F,1977-04-04,010-****-9796,2026-06-29 09:49:25
10004823,조유은,F,1979-08-04,010-****-1711,2026-06-29 10:07:31
10004824,김성동,M,1962-12-14,010-****-8527,2026-06-29 13:03:45
10004825,이윤은,M,1964-04-21,010-****-5903,2026-06-29 13:05:33
10004826,신현예,M,1989-07-05,010-****-8305,2026-06-29 13:25:50
10004827,김하민,F,1982-08-26,010-****-7204,2026-06-29 13:48:59
10004828,송동시,M,2004-12-21,010-****-8693,2026-06-29 13:52:48
10004829,이하진,F,1986-11-01,010-****-7565,2026-06-29 13:54:31
10004830,김지희,M,1949-04-28,010-****-0023,2026-06-29 13:56:38
10004831,이하상,M,1975-07-15,010-****-9782,2026-06-29 14:02:20
10004832,박진현,F,1995-06-20,010-****-8808,2026-06-29 14:24:15
10004833,김현진,F,2003-01-05,010-****-0016,2026-06-29 14:31:05
10004834,최호도,M,1975-12-15,010-****-0563,2026-06-29 14:34:08
10004835,김태소,F,1975-07-19,010-****-3249,2026-06-30 08:11:36
10004836,임희현,F,1982-05-20,010-****-8297,2026-06-30 08:13:06
10004837,이연정,M,2021-04-01,010-****-0926,2026-06-30 08:16:56
10004838,김경정,F,2022-08-05,010-****-0143,2026-06-30 08:54:56
10004839,김상수,M,1978-10-11,010-****-0121,2026-06-30 09:02:48
10004840,김하지,M,1987-12-31,010-****-7972,2026-06-30 09:18:22
10004841,황영정,M,2006-08-22,010-****-8634,2026-06-30 09:28:46
10004842,장윤진,M,2024-06-12,010-****-4426,2026-06-30 10:05:17
10004843,김영하,F,1959-03-18,010-****-0592,2026-06-30 10:19:23
10004844,이시혜,M,1940-03-12,010-****-5566,2026-06-30 10:25:52
10004845,정수재,F,1954-06-06,010-****-9866,2026-06-30 12:39:28
10004846,최진재,M,2018-05-01,010-****-8997,2026-06-30 13:21:44
10004847,김채서,F,1995-10-13,010-****-4376,2026-06-30 13:27:33
10004848,박지하,M,1960-12-22,010-****-1357,2026-06-30 13:32:04
10004849,신동희,M,1957-01-26,010-****-8895,2026-06-30 13:39:12
10004850,이채동,F,1969-02-13,010-****-4800,2026-06-30 13:53:07
10004851,임혜채,F,2019-10-08,010-****-8644,2026-06-30 14:10:32
10004852,김현동,M,2012-10-22,010-****-0053,2026-06-30 14:12:34
10004853,권시진,M,1937-11-01,010-****-8590,2026-06-30 14:28:53
