payment_id,reception_id,paid_at,total_amount,insurance_amount,patient_amount,method
1,3,2026-01-02 09:23:43,37860,15160,22700,카드
2,5,2026-01-02 09:24:38,65850,26350,39500,카드
3,1,2026-01-02 09:26:02,161210,64510,96700,간편결제
4,4,2026-01-02 09:29:27,23810,9610,14200,카드
5,7,2026-01-02 09:29:54,35030,14030,21000,카드
6,8,2026-01-02 09:33:18,28610,11510,17100,간편결제
7,6,2026-01-02 09:38:45,75790,30390,45400,카드
8,10,2026-01-02 09:39:06,61340,24540,36800,카드
9,9,2026-01-02 09:42:03,28250,11350,16900,카드
10,12,2026-01-02 09:52:47,34220,13720,20500,카드
11,11,2026-01-02 10:01:04,21820,8820,13000,카드
12,13,2026-01-02 10:02:24,43560,17460,26100,카드
13,14,2026-01-02 10:08:18,30790,12390,18400,현금
14,16,2026-01-02 10:08:41,230850,92350,138500,카드
15,19,2026-01-02 10:12:56,66220,26520,39700,카드
16,15,2026-01-02 10:24:20,26830,10830,16000,카드
17,17,2026-01-02 10:29:44,37880,15180,22700,카드
18,18,2026-01-02 10:44:31,152190,60890,91300,간편결제
19,21,2026-01-02 10:57:11,29000,11600,17400,카드
20,20,2026-01-02 11:09:01,95720,38320,57400,카드
21,22,2026-01-02 11:13:46,227150,90950,136200,카드
22,24,2026-01-02 13:38:44,22010,8810,13200,카드
23,26,2026-01-02 13:40:36,133840,53540,80300,간편결제
24,29,2026-01-02 13:48:27,26680,10680,16000,카드
25,50,2026-01-02 13:49:21,205110,82110,123000,간편결제
26,36,2026-01-02 13:49:29,89450,35850,53600,카드
27,25,2026-01-02 13:51:33,28290,11390,16900,카드
28,32,2026-01-02 13:57:58,29310,11810,17500,카드
29,27,2026-01-02 13:58:39,24100,9700,14400,간편결제
30,37,2026-01-02 14:00:03,22890,9190,13700,카드
31,34,2026-01-02 14:00:37,25550,10250,15300,카드
32,55,2026-01-02 14:01:04,20790,8390,12400,카드
33,38,2026-01-02 14:01:41,216470,86670,129800,간편결제
34,35,2026-01-02 14:02:29,26610,10710,15900,카드
35,28,2026-01-02 14:04:16,28780,11580,17200,카드
36,41,2026-01-02 14:04:40,36120,14520,21600,카드
37,30,2026-01-02 14:05:23,152360,60960,91400,카드
38,40,2026-01-02 14:06:53,24210,9710,14500,카드
39,51,2026-01-02 14:09:25,19910,8010,11900,카드
40,42,2026-01-02 14:09:30,19920,8020,11900,간편결제
41,53,2026-01-02 14:10:08,25050,10050,15000,카드
42,31,2026-01-02 14:18:35,31380,12580,18800,카드
43,52,2026-01-02 14:20:07,22070,8870,13200,카드
44,60,2026-01-02 14:30:46,114730,45930,68800,카드
45,45,2026-01-02 14:32:10,51820,20820,31000,간편결제
46,59,2026-01-02 14:33:15,37950,15250,22700,카드
47,63,2026-01-02 14:39:46,29830,12030,17800,현금
48,39,2026-01-02 14:41:11,29560,11860,17700,간편결제
49,61,2026-01-02 14:42:17,21810,8810,13000,간편결제
50,68,2026-01-02 14:42:57,136090,54490,81600,카드
51,33,2026-01-02 14:47:13,34980,14080,20900,카드
52,54,2026-01-02 14:48:31,86600,34700,51900,카드
53,66,2026-01-02 14:49:23,29630,11930,17700,카드
54,43,2026-01-02 14:49:50,219140,87740,131400,카드
55,70,2026-01-02 14:49:57,19770,7970,11800,카드
56,58,2026-01-02 14:52:21,23890,9590,14300,현금
57,64,2026-01-02 14:54:57,225810,90410,135400,카드
58,44,2026-01-02 15:07:36,86750,34750,52000,간편결제
59,69,2026-01-02 15:10:03,29480,11880,17600,간편결제
60,46,2026-01-02 15:10:40,29150,11750,17400,간편결제
61,72,2026-01-02 15:16:03,132870,53170,79700,카드
62,47,2026-01-02 15:16:09,28210,11310,16900,카드
63,71,2026-01-02 15:23:39,26570,10670,15900,카드
64,75,2026-01-02 15:26:46,23720,9520,14200,간편결제
65,76,2026-01-02 15:29:19,23530,9430,14100,카드
66,74,2026-01-02 15:30:22,21210,8510,12700,카드
67,77,2026-01-02 15:35:26,237530,95030,142500,카드
68,48,2026-01-02 15:39:53,133180,53280,79900,카드
69,56,2026-01-02 15:42:10,36700,14700,22000,카드
70,49,2026-01-02 15:47:50,19580,7880,11700,카드
71,79,2026-01-02 15:49:11,27570,11070,16500,카드
72,62,2026-01-02 16:10:33,43030,17230,25800,간편결제
73,57,2026-01-02 16:16:17,38830,15630,23200,카드
74,67,2026-01-02 16:24:16,43640,17540,26100,카드
75,73,2026-01-02 16:47:03,32840,13140,19700,카드
76,78,2026-01-02 16:54:26,38690,15490,23200,현금
77,85,2026-01-05 09:22:12,36490,14690,21800,카드
78,83,2026-01-05 09:22:19,36380,14580,21800,카드
79,80,2026-01-05 09:28:18,30730,12330,18400,간편결제
80,90,2026-01-05 09:29:01,157150,62950,94200,카드
81,88,2026-01-05 09:36:27,36890,14790,22100,간편결제
82,107,2026-01-05 09:37:41,19740,7940,11800,간편결제
83,87,2026-01-05 09:38:25,251580,100680,150900,카드
84,81,2026-01-05 09:38:54,36770,14770,22000,카드
85,86,2026-01-05 09:42:11,30800,12400,18400,카드
86,82,2026-01-05 09:44:21,36060,14460,21600,간편결제
87,91,2026-01-05 09:47:04,39110,15710,23400,카드
88,96,2026-01-05 09:48:21,22790,9190,13600,카드
89,109,2026-01-05 09:49:59,106940,42840,64100,카드
90,95,2026-01-05 09:50:04,22170,8870,13300,카드
91,97,2026-01-05 09:50:58,22710,9110,13600,카드
92,100,2026-01-05 09:52:07,178220,71320,106900,현금
93,89,2026-01-05 09:52:30,19200,7700,11500,현금
94,98,2026-01-05 09:53:23,22840,9140,13700,카드
95,93,2026-01-05 09:55:52,169710,67910,101800,카드
96,99,2026-01-05 09:57:01,155080,62080,93000,간편결제
97,106,2026-01-05 09:58:03,23510,9410,14100,현금
98,114,2026-01-05 09:58:22,274820,110020,164800,카드
99,102,2026-01-05 09:58:58,254220,101720,152500,카드
100,92,2026-01-05 10:01:39,121650,48750,72900,카드
101,101,2026-01-05 10:04:42,173830,69630,104200,간편결제
102,103,2026-01-05 10:08:37,44300,17800,26500,간편결제
103,119,2026-01-05 10:14:18,23460,9460,14000,간편결제
104,105,2026-01-05 10:18:49,198550,79450,119100,카드
105,108,2026-01-05 10:28:43,18960,7660,11300,카드
106,120,2026-01-05 10:30:24,29810,12010,17800,카드
107,104,2026-01-05 10:31:04,194340,77740,116600,카드
108,110,2026-01-05 10:33:41,28050,11250,16800,카드
109,116,2026-01-05 10:33:56,30010,12010,18000,간편결제
110,111,2026-01-05 10:37:33,175880,70380,105500,카드
111,112,2026-01-05 10:37:44,28650,11550,17100,카드
112,113,2026-01-05 10:52:41,35210,14110,21100,카드
113,122,2026-01-05 10:53:11,130040,52040,78000,카드
114,117,2026-01-05 10:59:56,27000,10800,16200,카드
115,121,2026-01-05 11:05:24,43070,17270,25800,카드
116,115,2026-01-05 11:05:35,64600,25900,38700,카드
117,124,2026-01-05 11:06:18,277820,111220,166600,카드
118,123,2026-01-05 11:06:43,34580,13880,20700,간편결제
119,127,2026-01-05 11:07:44,52510,21010,31500,카드
120,128,2026-01-05 11:08:34,22550,9050,13500,카드
121,125,2026-01-05 11:11:31,29350,11750,17600,카드
122,118,2026-01-05 11:22:24,149150,59750,89400,카드
123,130,2026-01-05 13:39:15,23060,9260,13800,간편결제
124,129,2026-01-05 13:41:26,36340,14540,21800,카드
125,137,2026-01-05 13:43:50,25550,10250,15300,카드
126,136,2026-01-05 13:55:47,38070,15270,22800,카드
127,145,2026-01-05 13:57:19,25060,10060,15000,카드
128,134,2026-01-05 13:57:41,24080,9680,14400,카드
129,133,2026-01-05 13:58:17,213400,85400,128000,현금
130,139,2026-01-05 14:00:17,99320,39820,59500,간편결제
131,131,2026-01-05 14:00:30,29710,11910,17800,카드
132,146,2026-01-05 14:00:37,24390,9790,14600,카드
133,135,2026-01-05 14:03:07,159580,63880,95700,카드
134,153,2026-01-05 14:05:30,19950,8050,11900,카드
135,143,2026-01-05 14:06:26,44670,17870,26800,카드
136,150,2026-01-05 14:10:14,44880,17980,26900,카드
137,148,2026-01-05 14:11:58,200080,80080,120000,카드
138,138,2026-01-05 14:13:34,20300,8200,12100,현금
139,151,2026-01-05 14:13:46,183570,73470,110100,카드
140,132,2026-01-05 14:16:19,36560,14660,21900,카드
141,159,2026-01-05 14:17:16,81510,32610,48900,카드
142,141,2026-01-05 14:17:56,130870,52370,78500,카드
143,155,2026-01-05 14:20:03,18900,7600,11300,간편결제
144,149,2026-01-05 14:25:51,287610,115110,172500,카드
145,144,2026-01-05 14:26:20,44180,17680,26500,카드
146,140,2026-01-05 14:34:46,20180,8080,12100,카드
147,156,2026-01-05 14:34:58,279670,111870,167800,카드
148,172,2026-01-05 14:36:27,183850,73550,110300,카드
149,173,2026-01-05 14:39:47,31230,12530,18700,카드
150,171,2026-01-05 14:39:48,182940,73240,109700,현금
151,147,2026-01-05 14:39:59,24860,9960,14900,카드
152,163,2026-01-05 14:41:53,28460,11460,17000,간편결제
153,154,2026-01-05 14:43:20,33630,13530,20100,카드
154,160,2026-01-05 14:48:37,33820,13620,20200,카드
155,162,2026-01-05 14:49:34,38870,15570,23300,카드
156,166,2026-01-05 15:00:27,27210,10910,16300,카드
157,157,2026-01-05 15:02:52,38190,15290,22900,카드
158,158,2026-01-05 15:12:21,25490,10290,15200,카드
159,164,2026-01-05 15:13:40,90160,36160,54000,카드
160,170,2026-01-05 15:14:04,207790,83190,124600,카드
161,182,2026-01-05 15:14:48,19430,7830,11600,카드
162,177,2026-01-05 15:18:10,115350,46150,69200,카드
163,183,2026-01-05 15:18:52,201890,80790,121100,카드
164,187,2026-01-05 15:21:32,206300,82600,123700,간편결제
165,167,2026-01-05 15:29:03,29130,11730,17400,카드
166,185,2026-01-05 15:33:49,111400,44600,66800,카드
167,179,2026-01-05 15:34:01,40120,16120,24000,카드
168,168,2026-01-05 15:35:31,21680,8680,13000,현금
169,186,2026-01-05 15:51:26,120580,48280,72300,카드
170,169,2026-01-05 15:56:27,32510,13010,19500,현금
171,174,2026-01-05 16:03:35,37960,15260,22700,카드
172,175,2026-01-05 16:06:51,38210,15310,22900,카드
173,176,2026-01-05 16:15:42,25110,10110,15000,카드
174,181,2026-01-05 16:31:13,36880,14780,22100,카드
175,180,2026-01-05 16:31:26,137740,55140,82600,카드
176,194,2026-01-06 09:12:57,109440,43840,65600,카드
177,204,2026-01-06 09:15:16,21320,8620,12700,카드
178,190,2026-01-06 09:16:33,120050,48050,72000,카드
179,200,2026-01-06 09:16:48,85820,34420,51400,간편결제
180,216,2026-01-06 09:19:26,27900,11200,16700,카드
181,203,2026-01-06 09:21:39,52880,21180,31700,현금
182,188,2026-01-06 09:24:27,225830,90430,135400,현금
183,201,2026-01-06 09:26:19,28020,11220,16800,카드
184,206,2026-01-06 09:30:33,231670,92670,139000,카드
185,197,2026-01-06 09:33:48,18370,7370,11000,카드
186,199,2026-01-06 09:34:23,20270,8170,12100,카드
187,205,2026-01-06 09:34:24,32530,13030,19500,카드
188,191,2026-01-06 09:41:22,267800,107200,160600,카드
189,195,2026-01-06 09:41:59,35760,14360,21400,간편결제
190,211,2026-01-06 09:42:13,44650,17950,26700,현금
191,213,2026-01-06 09:46:52,22710,9110,13600,카드
192,210,2026-01-06 09:50:14,33180,13280,19900,현금
193,224,2026-01-06 09:50:51,28370,11370,17000,간편결제
194,196,2026-01-06 09:52:05,34580,13880,20700,카드
195,222,2026-01-06 09:52:20,34710,13910,20800,카드
196,207,2026-01-06 09:54:57,28430,11430,17000,현금
197,202,2026-01-06 09:56:58,28950,11650,17300,간편결제
198,225,2026-01-06 10:03:53,28180,11280,16900,카드
199,198,2026-01-06 10:07:40,43450,17450,26000,현금
200,220,2026-01-06 10:09:10,35010,14010,21000,간편결제
201,229,2026-01-06 10:10:31,20050,8050,12000,카드
202,219,2026-01-06 10:16:34,43080,17280,25800,카드
203,209,2026-01-06 10:17:13,114950,46050,68900,현금
204,228,2026-01-06 10:21:23,249850,99950,149900,카드
205,208,2026-01-06 10:21:29,254120,101720,152400,카드
206,215,2026-01-06 10:27:56,23540,9440,14100,카드
207,217,2026-01-06 10:30:02,39130,15730,23400,카드
208,214,2026-01-06 10:31:12,44870,17970,26900,카드
209,221,2026-01-06 10:35:06,176510,70610,105900,카드
210,231,2026-01-06 10:35:22,27420,11020,16400,현금
211,227,2026-01-06 10:41:13,24760,9960,14800,간편결제
212,230,2026-01-06 10:41:33,21250,8550,12700,카드
213,212,2026-01-06 10:41:41,22790,9190,13600,카드
214,233,2026-01-06 10:45:50,24310,9810,14500,카드
215,226,2026-01-06 10:46:51,182810,73210,109600,카드
216,234,2026-01-06 10:47:05,22660,9160,13500,카드
217,218,2026-01-06 10:47:33,25530,10230,15300,카드
218,232,2026-01-06 11:05:46,186940,74840,112100,현금
219,235,2026-01-06 11:06:20,31580,12680,18900,간편결제
220,236,2026-01-06 11:36:18,20440,8240,12200,간편결제
221,237,2026-01-06 11:42:16,22970,9270,13700,카드
222,240,2026-01-06 13:42:10,27000,10800,16200,카드
223,244,2026-01-06 13:45:18,229050,91650,137400,카드
224,249,2026-01-06 13:47:54,18210,7310,10900,카드
225,247,2026-01-06 13:51:59,22820,9220,13600,카드
226,243,2026-01-06 13:53:06,30790,12390,18400,카드
227,260,2026-01-06 13:54:24,144460,57860,86600,카드
228,238,2026-01-06 13:54:50,24150,9750,14400,카드
229,248,2026-01-06 13:55:13,20050,8050,12000,카드
230,241,2026-01-06 13:56:01,215500,86200,129300,카드
231,256,2026-01-06 14:03:40,254690,101890,152800,간편결제
232,254,2026-01-06 14:03:41,133420,53420,80000,현금
233,250,2026-01-06 14:05:05,31480,12680,18800,카드
234,257,2026-01-06 14:05:22,41560,16660,24900,간편결제
235,264,2026-01-06 14:08:47,137220,54920,82300,카드
236,242,2026-01-06 14:09:35,26450,10650,15800,간편결제
237,253,2026-01-06 14:10:06,28020,11220,16800,카드
238,251,2026-01-06 14:10:34,34940,14040,20900,간편결제
239,246,2026-01-06 14:10:48,39180,15680,23500,현금
240,267,2026-01-06 14:11:52,27080,10880,16200,카드
241,252,2026-01-06 14:16:00,35420,14220,21200,카드
242,261,2026-01-06 14:20:27,29130,11730,17400,간편결제
243,262,2026-01-06 14:23:37,169470,67870,101600,간편결제
244,263,2026-01-06 14:28:22,219550,87850,131700,카드
245,274,2026-01-06 14:31:09,138310,55410,82900,카드
246,255,2026-01-06 14:33:55,23770,9570,14200,현금
247,272,2026-01-06 14:36:08,183380,73380,110000,카드
248,258,2026-01-06 14:38:27,226320,90620,135700,카드
249,281,2026-01-06 14:47:35,84420,33820,50600,간편결제
250,259,2026-01-06 14:48:16,211480,84680,126800,카드
251,266,2026-01-06 14:51:44,33120,13320,19800,간편결제
252,275,2026-01-06 14:52:29,76540,30640,45900,현금
253,271,2026-01-06 14:54:03,126870,50770,76100,간편결제
254,284,2026-01-06 14:56:08,44820,18020,26800,카드
255,269,2026-01-06 14:56:36,21310,8610,12700,카드
256,278,2026-01-06 14:57:31,34710,13910,20800,카드
257,268,2026-01-06 14:58:35,213220,85320,127900,간편결제
258,273,2026-01-06 14:59:28,34040,13640,20400,카드
259,285,2026-01-06 15:00:26,22140,8940,13200,카드
260,276,2026-01-06 15:00:29,281490,112690,168800,카드
261,279,2026-01-06 15:04:17,27500,11000,16500,카드
262,270,2026-01-06 15:05:02,29210,11710,17500,현금
263,287,2026-01-06 15:10:48,41520,16620,24900,카드
264,282,2026-01-06 15:12:43,70460,28260,42200,카드
265,277,2026-01-06 15:14:28,22380,8980,13400,카드
266,280,2026-01-06 15:26:00,258170,103270,154900,카드
267,283,2026-01-06 15:26:03,184620,73920,110700,현금
268,286,2026-01-06 15:32:33,88320,35420,52900,카드
269,290,2026-01-06 15:34:12,19780,7980,11800,카드
270,289,2026-01-06 15:37:59,25730,10330,15400,카드
271,294,2026-01-06 15:38:44,22750,9150,13600,카드
272,296,2026-01-06 15:41:30,21560,8660,12900,카드
273,295,2026-01-06 15:42:50,30240,12140,18100,카드
274,292,2026-01-06 15:45:01,37080,14880,22200,현금
275,293,2026-01-06 15:45:42,23080,9280,13800,카드
276,291,2026-01-06 15:55:09,183700,73500,110200,카드
277,297,2026-01-06 15:58:55,32960,13260,19700,간편결제
278,298,2026-01-06 16:12:28,38190,15290,22900,카드
279,306,2026-01-07 09:10:48,133270,53370,79900,카드
280,299,2026-01-07 09:22:36,43830,17630,26200,현금
281,310,2026-01-07 09:30:09,227510,91010,136500,카드
282,300,2026-01-07 09:33:45,118970,47670,71300,카드
283,312,2026-01-07 09:38:04,42480,17080,25400,카드
284,313,2026-01-07 09:38:33,27860,11160,16700,카드
285,318,2026-01-07 09:40:28,148550,59450,89100,카드
286,301,2026-01-07 09:41:39,67300,27000,40300,카드
287,316,2026-01-07 09:46:06,32360,12960,19400,카드
288,315,2026-01-07 09:46:12,32050,12850,19200,카드
289,303,2026-01-07 09:50:29,32440,13040,19400,간편결제
290,320,2026-01-07 09:51:05,41340,16540,24800,간편결제
291,321,2026-01-07 09:52:53,22870,9170,13700,현금
292,304,2026-01-07 10:09:33,38720,15520,23200,카드
293,324,2026-01-07 10:11:28,25450,10250,15200,카드
294,307,2026-01-07 10:17:20,18650,7550,11100,카드
295,305,2026-01-07 10:20:50,70890,28390,42500,카드
296,308,2026-01-07 10:30:49,136440,54640,81800,카드
297,325,2026-01-07 10:38:03,166910,66810,100100,카드
298,311,2026-01-07 10:48:01,169310,67810,101500,카드
299,314,2026-01-07 10:50:12,33570,13470,20100,간편결제
300,317,2026-01-07 10:52:05,24840,9940,14900,카드
301,329,2026-01-07 11:11:09,128950,51650,77300,카드
302,330,2026-01-07 11:15:28,42060,16860,25200,카드
303,322,2026-01-07 11:16:28,29510,11810,17700,카드
304,323,2026-01-07 11:17:02,21040,8440,12600,간편결제
305,326,2026-01-07 11:19:16,219600,87900,131700,카드
306,327,2026-01-07 11:35:33,249970,100070,149900,카드
307,328,2026-01-07 11:41:14,20840,8340,12500,카드
308,333,2026-01-07 13:57:05,28160,11360,16800,현금
309,334,2026-01-07 13:59:32,211510,84610,126900,카드
310,335,2026-01-07 13:59:49,21080,8480,12600,카드
311,332,2026-01-07 14:02:55,130220,52120,78100,카드
312,336,2026-01-07 14:04:24,98710,39510,59200,카드
313,337,2026-01-07 14:08:41,30080,12080,18000,카드
314,338,2026-01-07 14:11:39,27270,10970,16300,카드
315,339,2026-01-07 14:12:01,240820,96420,144400,카드
316,341,2026-01-07 14:28:00,22070,8870,13200,카드
317,342,2026-01-07 14:31:05,52370,20970,31400,간편결제
318,340,2026-01-07 14:34:34,77990,31290,46700,카드
319,343,2026-01-07 14:36:03,21590,8690,12900,카드
320,344,2026-01-07 14:49:21,29180,11680,17500,카드
321,345,2026-01-07 14:58:35,237110,94910,142200,카드
322,349,2026-01-07 15:16:44,146580,58680,87900,카드
323,347,2026-01-07 15:17:38,35980,14480,21500,카드
324,346,2026-01-07 15:20:59,256150,102550,153600,카드
325,348,2026-01-07 15:30:49,28180,11280,16900,카드
326,358,2026-01-08 09:11:47,25520,10220,15300,간편결제
327,360,2026-01-08 09:14:48,218120,87320,130800,간편결제
328,350,2026-01-08 09:22:16,164490,65890,98600,카드
329,351,2026-01-08 09:24:21,229370,91770,137600,카드
330,352,2026-01-08 09:30:38,20120,8120,12000,카드
331,378,2026-01-08 09:30:43,26450,10650,15800,카드
332,353,2026-01-08 09:35:35,34600,13900,20700,카드
333,354,2026-01-08 09:41:20,20670,8270,12400,현금
334,362,2026-01-08 09:44:48,223900,89600,134300,카드
335,380,2026-01-08 09:45:11,23710,9510,14200,카드
336,366,2026-01-08 09:46:59,43970,17670,26300,카드
337,357,2026-01-08 09:47:55,32330,13030,19300,카드
338,367,2026-01-08 09:54:42,225430,90230,135200,카드
339,363,2026-01-08 09:57:13,70110,28110,42000,카드
340,355,2026-01-08 09:57:55,207690,83090,124600,카드
341,359,2026-01-08 10:04:57,30420,12220,18200,카드
342,369,2026-01-08 10:06:38,29100,11700,17400,카드
343,385,2026-01-08 10:09:04,120960,48460,72500,카드
344,389,2026-01-08 10:10:18,18300,7400,10900,카드
345,371,2026-01-08 10:11:28,203480,81480,122000,카드
346,370,2026-01-08 10:13:04,36640,14740,21900,카드
347,365,2026-01-08 10:19:16,273360,109360,164000,카드
348,373,2026-01-08 10:19:28,21780,8780,13000,카드
349,388,2026-01-08 10:22:25,220820,88420,132400,카드
350,372,2026-01-08 10:26:35,196650,78750,117900,카드
351,391,2026-01-08 10:27:41,42180,16880,25300,카드
352,376,2026-01-08 10:35:37,31940,12840,19100,카드
353,374,2026-01-08 10:38:01,43950,17650,26300,카드
354,381,2026-01-08 10:49:25,21310,8610,12700,카드
355,379,2026-01-08 10:50:02,20790,8390,12400,카드
356,375,2026-01-08 10:50:12,103470,41470,62000,간편결제
357,377,2026-01-08 10:53:26,35770,14370,21400,카드
358,384,2026-01-08 11:02:33,20290,8190,12100,카드
359,392,2026-01-08 11:03:01,245870,98370,147500,카드
360,382,2026-01-08 11:03:54,21310,8610,12700,간편결제
361,393,2026-01-08 11:04:35,25800,10400,15400,카드
362,397,2026-01-08 11:04:37,120300,48200,72100,카드
363,387,2026-01-08 11:05:49,219350,87750,131600,간편결제
364,383,2026-01-08 11:07:07,57930,23230,34700,간편결제
365,398,2026-01-08 11:20:14,35970,14470,21500,카드
366,386,2026-01-08 11:20:45,131510,52610,78900,카드
367,390,2026-01-08 11:22:24,32840,13140,19700,카드
368,396,2026-01-08 11:28:03,23500,9400,14100,카드
369,394,2026-01-08 11:29:15,22820,9220,13600,현금
370,395,2026-01-08 11:33:05,18410,7410,11000,카드
371,399,2026-01-08 11:44:04,184980,74080,110900,카드
372,402,2026-01-08 13:44:37,18980,7680,11300,카드
373,413,2026-01-08 13:51:09,86930,34830,52100,카드
374,417,2026-01-08 13:52:24,18620,7520,11100,카드
375,427,2026-01-08 13:52:40,92400,37000,55400,현금
376,403,2026-01-08 13:55:23,35000,14000,21000,카드
377,400,2026-01-08 13:56:51,24630,9930,14700,카드
378,422,2026-01-08 13:58:32,47910,19210,28700,카드
379,409,2026-01-08 13:59:54,26320,10620,15700,카드
380,401,2026-01-08 14:00:24,23720,9520,14200,간편결제
381,423,2026-01-08 14:01:19,81660,32760,48900,카드
382,426,2026-01-08 14:06:17,222820,89220,133600,카드
383,418,2026-01-08 14:07:06,91730,36730,55000,카드
384,406,2026-01-08 14:09:59,81040,32440,48600,카드
385,404,2026-01-08 14:10:02,242000,96800,145200,현금
386,408,2026-01-08 14:13:04,197520,79020,118500,카드
387,407,2026-01-08 14:13:25,37630,15130,22500,카드
388,433,2026-01-08 14:16:44,26320,10620,15700,카드
389,412,2026-01-08 14:26:53,182020,72820,109200,카드
390,425,2026-01-08 14:27:23,25570,10270,15300,카드
391,410,2026-01-08 14:30:20,36520,14620,21900,카드
392,411,2026-01-08 14:33:40,25090,10090,15000,간편결제
393,437,2026-01-08 14:34:01,28760,11560,17200,카드
394,438,2026-01-08 14:36:22,36480,14680,21800,카드
395,416,2026-01-08 14:36:59,229790,91990,137800,간편결제
396,429,2026-01-08 14:39:58,28400,11400,17000,카드
397,415,2026-01-08 14:48:42,34910,14010,20900,카드
398,414,2026-01-08 14:52:03,31260,12560,18700,현금
399,419,2026-01-08 14:53:15,28280,11380,16900,카드
400,430,2026-01-08 14:57:17,44360,17760,26600,현금
401,420,2026-01-08 15:05:53,34590,13890,20700,간편결제
402,421,2026-01-08 15:08:00,28200,11300,16900,카드
403,434,2026-01-08 15:08:36,245490,98290,147200,카드
404,440,2026-01-08 15:11:05,228380,91380,137000,카드
405,444,2026-01-08 15:15:45,22930,9230,13700,카드
406,435,2026-01-08 15:16:07,38620,15520,23100,현금
407,442,2026-01-08 15:20:12,126520,50620,75900,현금
408,424,2026-01-08 15:21:12,28090,11290,16800,카드
409,445,2026-01-08 15:35:36,171200,68500,102700,카드
410,431,2026-01-08 15:35:45,25410,10210,15200,카드
411,439,2026-01-08 15:38:08,29800,12000,17800,카드
412,441,2026-01-08 15:40:37,102190,40890,61300,카드
413,448,2026-01-08 15:43:22,29530,11830,17700,카드
414,446,2026-01-08 15:47:29,28960,11660,17300,카드
415,447,2026-01-08 15:58:33,34560,13860,20700,카드
416,449,2026-01-08 16:17:06,171080,68480,102600,카드
417,450,2026-01-08 16:23:08,30450,12250,18200,카드
418,452,2026-01-09 09:14:52,100620,40320,60300,카드
419,451,2026-01-09 09:18:18,40860,16360,24500,카드
420,454,2026-01-09 09:30:36,22000,8800,13200,현금
421,455,2026-01-09 09:31:05,39490,15890,23600,카드
422,462,2026-01-09 09:38:29,27880,11180,16700,카드
423,453,2026-01-09 09:39:11,34200,13700,20500,카드
424,458,2026-01-09 09:43:35,29100,11700,17400,카드
425,456,2026-01-09 09:46:01,18970,7670,11300,카드
426,457,2026-01-09 09:53:17,28020,11220,16800,간편결제
427,460,2026-01-09 09:57:42,229680,91880,137800,카드
428,459,2026-01-09 10:08:58,183810,73610,110200,카드
429,463,2026-01-09 10:13:51,28940,11640,17300,현금
430,461,2026-01-09 10:14:05,25880,10380,15500,카드
431,464,2026-01-09 10:16:17,141550,56650,84900,카드
432,466,2026-01-09 10:33:44,18700,7500,11200,현금
433,465,2026-01-09 10:37:08,72740,29140,43600,카드
434,467,2026-01-09 10:52:26,21780,8780,13000,현금
435,468,2026-01-09 13:39:52,21360,8560,12800,카드
436,469,2026-01-09 13:39:56,24990,10090,14900,간편결제
437,473,2026-01-09 13:45:32,25430,10230,15200,카드
438,475,2026-01-09 13:57:09,211390,84590,126800,현금
439,478,2026-01-09 13:59:00,22120,8920,13200,카드
440,476,2026-01-09 14:04:20,19750,7950,11800,카드
441,477,2026-01-09 14:08:12,37440,15040,22400,카드
442,480,2026-01-09 14:12:23,23530,9430,14100,간편결제
443,471,2026-01-09 14:14:11,39290,15790,23500,카드
444,470,2026-01-09 14:16:10,197660,79160,118500,카드
445,483,2026-01-09 14:17:10,32800,13200,19600,카드
446,484,2026-01-09 14:17:10,39680,15880,23800,간편결제
447,482,2026-01-09 14:18:02,26030,10430,15600,카드
448,481,2026-01-09 14:18:30,20700,8300,12400,카드
449,485,2026-01-09 14:31:59,234790,93990,140800,카드
450,472,2026-01-09 14:33:04,280360,112160,168200,카드
451,487,2026-01-09 14:33:41,240290,96190,144100,카드
452,492,2026-01-09 14:34:27,29780,11980,17800,카드
453,474,2026-01-09 14:40:07,19900,8000,11900,카드
454,479,2026-01-09 14:42:49,26110,10510,15600,카드
455,491,2026-01-09 14:45:20,26430,10630,15800,카드
456,486,2026-01-09 14:46:19,20170,8070,12100,카드
457,489,2026-01-09 14:48:20,233300,93400,139900,카드
458,488,2026-01-09 14:51:13,29590,11890,17700,카드
459,495,2026-01-09 14:58:11,28440,11440,17000,카드
460,494,2026-01-09 15:00:50,38360,15360,23000,카드
461,497,2026-01-09 15:12:42,35130,14130,21000,카드
462,493,2026-01-09 15:15:47,151570,60670,90900,카드
463,496,2026-01-09 15:19:04,33930,13630,20300,카드
464,498,2026-01-09 15:31:10,35650,14350,21300,현금
465,500,2026-01-09 15:37:21,20580,8280,12300,카드
466,499,2026-01-09 15:40:58,21440,8640,12800,현금
467,503,2026-01-09 15:53:45,189290,75790,113500,카드
468,501,2026-01-09 16:03:56,31120,12520,18600,현금
469,502,2026-01-09 16:11:43,232330,93030,139300,카드
470,508,2026-01-12 09:16:43,40120,16120,24000,간편결제
471,506,2026-01-12 09:17:08,32600,13100,19500,현금
472,521,2026-01-12 09:22:05,206680,82680,124000,현금
473,512,2026-01-12 09:23:54,222830,89230,133600,카드
474,504,2026-01-12 09:25:48,39560,15860,23700,카드
475,514,2026-01-12 09:28:15,18590,7490,11100,카드
476,531,2026-01-12 09:32:12,19340,7740,11600,카드
477,523,2026-01-12 09:33:07,72370,28970,43400,카드
478,509,2026-01-12 09:37:46,22970,9270,13700,카드
479,511,2026-01-12 09:41:13,27630,11130,16500,간편결제
480,507,2026-01-12 09:42:01,33120,13320,19800,카드
481,517,2026-01-12 09:44:44,44430,17830,26600,카드
482,510,2026-01-12 09:46:43,229210,91710,137500,카드
483,513,2026-01-12 09:49:37,20050,8050,12000,카드
484,520,2026-01-12 09:51:28,81580,32680,48900,현금
485,519,2026-01-12 09:53:32,237930,95230,142700,간편결제
486,518,2026-01-12 09:55:40,21150,8550,12600,카드
487,524,2026-01-12 09:57:46,220990,88490,132500,카드
488,516,2026-01-12 10:01:06,35490,14290,21200,카드
489,515,2026-01-12 10:04:05,107130,42930,64200,카드
490,539,2026-01-12 10:04:48,26410,10610,15800,카드
491,525,2026-01-12 10:06:45,18930,7630,11300,카드
492,532,2026-01-12 10:09:12,21870,8770,13100,카드
493,522,2026-01-12 10:18:41,31400,12600,18800,카드
494,536,2026-01-12 10:19:21,75270,30170,45100,카드
495,529,2026-01-12 10:21:19,24680,9880,14800,카드
496,545,2026-01-12 10:23:26,35510,14210,21300,현금
497,535,2026-01-12 10:27:07,98540,39440,59100,카드
498,550,2026-01-12 10:27:35,18450,7450,11000,카드
499,541,2026-01-12 10:38:06,260580,104280,156300,카드
500,546,2026-01-12 10:44:10,158920,63620,95300,카드
501,528,2026-01-12 10:46:52,34320,13820,20500,카드
502,551,2026-01-12 10:47:15,19160,7760,11400,카드
503,526,2026-01-12 10:48:33,64480,25880,38600,간편결제
504,533,2026-01-12 10:50:16,26660,10760,15900,카드
505,544,2026-01-12 10:52:49,82810,33210,49600,간편결제
506,534,2026-01-12 10:56:21,29020,11620,17400,카드
507,547,2026-01-12 10:56:24,19560,7860,11700,카드
508,552,2026-01-12 10:58:23,18490,7490,11000,카드
509,553,2026-01-12 11:01:49,128270,51370,76900,카드
510,554,2026-01-12 11:05:42,18650,7550,11100,간편결제
511,537,2026-01-12 11:07:25,148650,59550,89100,간편결제
512,538,2026-01-12 11:09:39,29420,11820,17600,카드
513,556,2026-01-12 11:37:19,42720,17120,25600,카드
514,540,2026-01-12 11:38:01,43880,17580,26300,간편결제
515,542,2026-01-12 11:38:23,25300,10200,15100,카드
516,543,2026-01-12 11:49:17,175420,70220,105200,간편결제
517,549,2026-01-12 11:53:47,249400,99800,149600,카드
518,555,2026-01-12 12:10:49,195380,78180,117200,현금
519,557,2026-01-12 13:40:49,20600,8300,12300,현금
520,558,2026-01-12 13:44:11,43130,17330,25800,카드
521,564,2026-01-12 13:49:04,26600,10700,15900,간편결제
522,566,2026-01-12 13:56:54,66020,26420,39600,카드
523,573,2026-01-12 14:00:02,19400,7800,11600,카드
524,563,2026-01-12 14:01:18,68000,27200,40800,간편결제
525,559,2026-01-12 14:01:45,243530,97430,146100,카드
526,570,2026-01-12 14:02:30,83430,33430,50000,현금
527,571,2026-01-12 14:02:40,23090,9290,13800,간편결제
528,560,2026-01-12 14:04:49,41100,16500,24600,간편결제
529,561,2026-01-12 14:05:02,22080,8880,13200,카드
530,574,2026-01-12 14:05:23,215720,86320,129400,카드
531,567,2026-01-12 14:06:19,18440,7440,11000,카드
532,582,2026-01-12 14:08:30,262720,105120,157600,카드
533,576,2026-01-12 14:10:14,21610,8710,12900,카드
534,569,2026-01-12 14:14:42,46010,18410,27600,카드
535,562,2026-01-12 14:19:53,28980,11680,17300,카드
536,575,2026-01-12 14:23:53,28700,11500,17200,카드
537,578,2026-01-12 14:29:01,26010,10410,15600,카드
538,586,2026-01-12 14:29:36,201260,80560,120700,카드
539,565,2026-01-12 14:31:44,176030,70430,105600,간편결제
540,579,2026-01-12 14:35:23,41270,16570,24700,간편결제
541,587,2026-01-12 14:35:38,101280,40580,60700,카드
542,568,2026-01-12 14:40:06,39770,15970,23800,카드
543,597,2026-01-12 14:40:45,126850,50750,76100,간편결제
544,584,2026-01-12 14:42:09,153080,61280,91800,카드
545,581,2026-01-12 14:46:02,38710,15510,23200,카드
546,572,2026-01-12 14:48:13,21850,8750,13100,카드
547,590,2026-01-12 14:50:10,150640,60340,90300,카드
548,577,2026-01-12 14:54:29,26130,10530,15600,카드
549,604,2026-01-12 14:57:20,30520,12220,18300,카드
550,583,2026-01-12 14:59:41,29890,11990,17900,카드
551,593,2026-01-12 15:01:00,28560,11460,17100,카드
552,588,2026-01-12 15:01:04,33220,13320,19900,카드
553,602,2026-01-12 15:03:46,18190,7290,10900,카드
554,589,2026-01-12 15:04:27,28240,11340,16900,카드
555,585,2026-01-12 15:04:55,95280,38180,57100,카드
556,580,2026-01-12 15:05:41,108920,43620,65300,카드
557,607,2026-01-12 15:12:55,113150,45350,67800,카드
558,594,2026-01-12 15:13:06,28110,11310,16800,카드
559,608,2026-01-12 15:20:33,28230,11330,16900,카드
560,591,2026-01-12 15:21:05,100000,40000,60000,카드
561,592,2026-01-12 15:24:15,23970,9670,14300,카드
562,599,2026-01-12 15:27:18,168870,67570,101300,카드
563,598,2026-01-12 15:29:03,40440,16240,24200,카드
564,600,2026-01-12 15:33:33,184910,74010,110900,카드
565,596,2026-01-12 15:35:00,37130,14930,22200,간편결제
566,611,2026-01-12 15:35:56,42590,17090,25500,카드
567,603,2026-01-12 15:47:24,182670,73070,109600,카드
568,606,2026-01-12 15:48:24,34950,14050,20900,카드
569,601,2026-01-12 15:49:28,209570,83870,125700,카드
570,605,2026-01-12 15:53:17,44180,17680,26500,카드
571,612,2026-01-12 15:55:06,33520,13420,20100,간편결제
572,610,2026-01-12 16:01:40,44510,17810,26700,카드
573,613,2026-01-12 16:06:53,100100,40100,60000,카드
574,609,2026-01-12 16:16:03,33840,13540,20300,간편결제
575,614,2026-01-12 16:20:05,80110,32110,48000,카드
576,616,2026-01-13 09:12:26,154330,61830,92500,카드
577,629,2026-01-13 09:22:04,27830,11230,16600,카드
578,627,2026-01-13 09:22:33,225880,90380,135500,카드
579,625,2026-01-13 09:25:59,176480,70680,105800,카드
580,615,2026-01-13 09:26:34,38060,15260,22800,카드
581,621,2026-01-13 09:27:32,253610,101510,152100,카드
582,624,2026-01-13 09:28:18,75410,30210,45200,간편결제
583,623,2026-01-13 09:30:56,36780,14780,22000,카드
584,631,2026-01-13 09:31:25,35170,14070,21100,카드
585,618,2026-01-13 09:31:48,26260,10560,15700,카드
586,622,2026-01-13 09:31:48,41690,16690,25000,카드
587,620,2026-01-13 09:32:05,28990,11690,17300,카드
588,626,2026-01-13 09:36:06,175480,70280,105200,카드
589,636,2026-01-13 09:36:59,88440,35440,53000,카드
590,619,2026-01-13 09:39:22,28850,11550,17300,간편결제
591,617,2026-01-13 09:42:46,223730,89530,134200,카드
592,628,2026-01-13 09:45:58,134270,53770,80500,간편결제
593,639,2026-01-13 09:46:37,37160,14960,22200,카드
594,644,2026-01-13 09:53:39,20540,8240,12300,카드
595,645,2026-01-13 09:57:56,18500,7400,11100,카드
596,632,2026-01-13 09:58:23,30030,12030,18000,간편결제
597,630,2026-01-13 10:00:25,43850,17550,26300,카드
598,634,2026-01-13 10:01:06,203750,81550,122200,간편결제
599,642,2026-01-13 10:08:34,140760,56360,84400,카드
600,638,2026-01-13 10:14:19,39830,16030,23800,카드
601,635,2026-01-13 10:16:51,185960,74460,111500,카드
602,650,2026-01-13 10:25:33,151040,60440,90600,간편결제
603,640,2026-01-13 10:27:49,22720,9120,13600,간편결제
604,641,2026-01-13 10:35:08,35060,14060,21000,간편결제
605,651,2026-01-13 10:39:12,89970,36070,53900,카드
606,643,2026-01-13 10:41:05,29800,12000,17800,카드
607,653,2026-01-13 10:44:10,288560,115460,173100,카드
608,652,2026-01-13 10:50:10,34350,13750,20600,카드
609,648,2026-01-13 10:51:52,24320,9820,14500,카드
610,646,2026-01-13 10:56:28,145450,58250,87200,간편결제
611,649,2026-01-13 11:17:30,288110,115310,172800,카드
612,657,2026-01-13 11:18:50,179180,71680,107500,카드
613,658,2026-01-13 11:22:01,60270,24170,36100,카드
614,659,2026-01-13 11:23:28,223220,89320,133900,카드
615,660,2026-01-13 11:27:44,38450,15450,23000,카드
616,661,2026-01-13 11:32:32,270120,108120,162000,카드
617,663,2026-01-13 13:46:34,26850,10750,16100,카드
618,674,2026-01-13 13:52:39,23920,9620,14300,카드
619,662,2026-01-13 13:54:58,19940,8040,11900,카드
620,667,2026-01-13 13:59:00,167360,66960,100400,카드
621,664,2026-01-13 14:00:47,25350,10150,15200,카드
622,666,2026-01-13 14:02:00,28090,11290,16800,간편결제
623,680,2026-01-13 14:03:16,18660,7560,11100,카드
624,676,2026-01-13 14:05:42,28030,11230,16800,현금
625,665,2026-01-13 14:05:52,37840,15140,22700,카드
626,668,2026-01-13 14:08:15,30420,12220,18200,현금
627,678,2026-01-13 14:09:21,20150,8150,12000,카드
628,669,2026-01-13 14:13:21,39210,15710,23500,카드
629,681,2026-01-13 14:13:58,129190,51690,77500,카드
630,670,2026-01-13 14:14:21,27540,11040,16500,카드
631,671,2026-01-13 14:17:22,23550,9450,14100,카드
632,672,2026-01-13 14:18:21,145320,58220,87100,간편결제
633,673,2026-01-13 14:19:15,27060,10860,16200,카드
634,685,2026-01-13 14:21:37,71160,28560,42600,카드
635,675,2026-01-13 14:21:52,205880,82380,123500,카드
636,687,2026-01-13 14:25:49,19150,7750,11400,카드
637,684,2026-01-13 14:26:25,22560,9060,13500,카드
638,682,2026-01-13 14:29:37,122020,48820,73200,카드
639,677,2026-01-13 14:36:46,235010,94010,141000,카드
640,688,2026-01-13 14:42:51,26360,10560,15800,카드
641,683,2026-01-13 14:45:22,27050,10850,16200,간편결제
642,691,2026-01-13 14:47:40,129090,51690,77400,카드
643,690,2026-01-13 14:47:57,25080,10080,15000,카드
644,686,2026-01-13 14:48:33,27520,11020,16500,카드
645,679,2026-01-13 14:48:38,19570,7870,11700,카드
646,693,2026-01-13 15:09:50,29920,12020,17900,카드
647,696,2026-01-13 15:11:13,19950,8050,11900,카드
648,694,2026-01-13 15:13:05,98870,39570,59300,카드
649,695,2026-01-13 15:15:29,24150,9750,14400,카드
650,699,2026-01-13 15:26:50,22020,8820,13200,카드
651,698,2026-01-13 15:30:13,23740,9540,14200,카드
652,697,2026-01-13 15:35:49,164070,65670,98400,카드
653,700,2026-01-13 15:42:20,22210,8910,13300,카드
654,703,2026-01-14 09:27:38,25430,10230,15200,카드
655,706,2026-01-14 09:27:50,20190,8090,12100,간편결제
656,704,2026-01-14 09:29:06,132150,52950,79200,카드
657,701,2026-01-14 09:31:14,33370,13370,20000,카드
658,714,2026-01-14 09:34:02,145900,58400,87500,카드
659,702,2026-01-14 09:34:14,38420,15420,23000,카드
660,709,2026-01-14 09:43:14,30940,12440,18500,카드
661,718,2026-01-14 09:48:21,27720,11120,16600,카드
662,722,2026-01-14 09:49:28,34910,14010,20900,간편결제
663,705,2026-01-14 09:49:49,29390,11790,17600,카드
664,717,2026-01-14 09:51:25,89450,35850,53600,카드
665,707,2026-01-14 09:51:36,200440,80240,120200,카드
666,719,2026-01-14 09:53:19,221210,88510,132700,카드
667,710,2026-01-14 09:53:49,41330,16630,24700,카드
668,713,2026-01-14 10:02:08,24740,9940,14800,카드
669,721,2026-01-14 10:03:08,36500,14600,21900,카드
670,708,2026-01-14 10:04:58,29070,11670,17400,카드
671,711,2026-01-14 10:05:54,21780,8780,13000,카드
672,723,2026-01-14 10:10:40,29930,12030,17900,카드
673,724,2026-01-14 10:12:43,40360,16160,24200,카드
674,712,2026-01-14 10:13:21,43670,17470,26200,카드
675,727,2026-01-14 10:22:23,19740,7940,11800,카드
676,716,2026-01-14 10:24:15,24410,9810,14600,현금
677,715,2026-01-14 10:31:24,108070,43270,64800,현금
678,720,2026-01-14 10:32:22,26770,10770,16000,카드
679,726,2026-01-14 10:36:31,27470,11070,16400,카드
680,732,2026-01-14 10:41:26,24070,9670,14400,현금
681,728,2026-01-14 10:43:16,41460,16660,24800,카드
682,729,2026-01-14 10:57:09,26760,10760,16000,카드
683,730,2026-01-14 11:04:13,32350,12950,19400,간편결제
684,731,2026-01-14 11:09:39,213750,85550,128200,카드
685,733,2026-01-14 11:23:01,36420,14620,21800,카드
686,734,2026-01-14 13:39:04,27610,11110,16500,카드
687,736,2026-01-14 13:48:51,44370,17770,26600,카드
688,740,2026-01-14 14:00:19,24850,9950,14900,카드
689,735,2026-01-14 14:01:13,20050,8050,12000,카드
690,746,2026-01-14 14:09:26,174350,69750,104600,현금
691,737,2026-01-14 14:10:28,231280,92580,138700,카드
692,741,2026-01-14 14:10:36,105960,42460,63500,간편결제
693,738,2026-01-14 14:15:16,35490,14290,21200,카드
694,739,2026-01-14 14:18:55,103860,41560,62300,카드
695,742,2026-01-14 14:27:36,85910,34410,51500,카드
696,744,2026-01-14 14:30:06,31370,12570,18800,카드
697,749,2026-01-14 14:36:02,243100,97300,145800,카드
698,745,2026-01-14 14:36:53,18830,7630,11200,카드
699,747,2026-01-14 14:50:13,23320,9420,13900,카드
700,748,2026-01-14 14:58:11,32560,13060,19500,카드
701,751,2026-01-14 15:12:06,19920,8020,11900,카드
702,750,2026-01-14 15:15:43,20410,8210,12200,간편결제
703,754,2026-01-14 15:23:27,39620,15920,23700,카드
704,759,2026-01-14 15:32:00,96910,38810,58100,카드
705,755,2026-01-14 15:40:36,146740,58740,88000,카드
706,757,2026-01-14 15:47:36,40730,16330,24400,카드
707,756,2026-01-14 15:50:53,23960,9660,14300,현금
708,760,2026-01-14 15:57:22,30940,12440,18500,카드
709,762,2026-01-14 16:02:16,42100,16900,25200,카드
710,761,2026-01-14 16:02:48,25310,10210,15100,현금
711,758,2026-01-14 16:03:48,18360,7360,11000,카드
712,763,2026-01-15 09:18:20,28730,11530,17200,카드
713,767,2026-01-15 09:19:35,99870,39970,59900,카드
714,764,2026-01-15 09:21:59,32920,13220,19700,카드
715,769,2026-01-15 09:26:52,21570,8670,12900,카드
716,765,2026-01-15 09:27:37,29480,11880,17600,카드
717,772,2026-01-15 09:28:52,19320,7820,11500,카드
718,788,2026-01-15 09:28:55,22180,8880,13300,카드
719,766,2026-01-15 09:29:28,20300,8200,12100,카드
720,768,2026-01-15 09:31:01,138200,55300,82900,카드
721,798,2026-01-15 09:32:53,201800,80800,121000,카드
722,771,2026-01-15 09:33:17,29190,11690,17500,카드
723,782,2026-01-15 09:35:29,38640,15540,23100,카드
724,773,2026-01-15 09:41:00,36910,14810,22100,카드
725,794,2026-01-15 09:42:02,44120,17720,26400,간편결제
726,792,2026-01-15 09:42:08,99470,39870,59600,간편결제
727,770,2026-01-15 09:46:06,42810,17210,25600,카드
728,779,2026-01-15 09:47:48,83110,33310,49800,카드
729,776,2026-01-15 09:51:21,23420,9420,14000,카드
730,783,2026-01-15 09:51:29,23380,9380,14000,카드
731,802,2026-01-15 09:56:57,44820,18020,26800,간편결제
732,789,2026-01-15 09:57:14,28000,11200,16800,현금
733,787,2026-01-15 09:57:39,21420,8620,12800,카드
734,778,2026-01-15 09:59:13,28710,11510,17200,카드
735,797,2026-01-15 10:05:46,30100,12100,18000,카드
736,795,2026-01-15 10:07:07,28420,11420,17000,카드
737,774,2026-01-15 10:08:02,167600,67100,100500,카드
738,809,2026-01-15 10:16:15,42480,17080,25400,카드
739,796,2026-01-15 10:19:37,262810,105210,157600,카드
740,780,2026-01-15 10:21:05,37020,14820,22200,카드
741,800,2026-01-15 10:26:17,32610,13110,19500,카드
742,803,2026-01-15 10:28:13,21440,8640,12800,현금
743,801,2026-01-15 10:28:27,27710,11110,16600,카드
744,784,2026-01-15 10:30:36,28900,11600,17300,카드
745,805,2026-01-15 10:38:01,66530,26630,39900,카드
746,781,2026-01-15 10:40:57,231050,92450,138600,카드
747,790,2026-01-15 10:45:19,37510,15010,22500,카드
748,808,2026-01-15 10:45:54,33350,13350,20000,카드
749,786,2026-01-15 10:48:56,29170,11670,17500,카드
750,791,2026-01-15 10:53:57,24940,10040,14900,카드
751,810,2026-01-15 10:54:37,96700,38700,58000,카드
752,811,2026-01-15 10:55:34,29490,11890,17600,카드
753,806,2026-01-15 11:00:28,258030,103230,154800,간편결제
754,815,2026-01-15 11:02:48,42540,17040,25500,카드
755,819,2026-01-15 11:09:23,74120,29720,44400,카드
756,821,2026-01-15 11:12:27,78040,31240,46800,현금
757,793,2026-01-15 11:18:14,28940,11640,17300,카드
758,807,2026-01-15 11:23:25,277970,111270,166700,현금
759,818,2026-01-15 11:23:32,44430,17830,26600,카드
760,799,2026-01-15 11:28:53,28440,11440,17000,카드
761,813,2026-01-15 11:34:01,28560,11460,17100,카드
762,817,2026-01-15 11:45:20,108800,43600,65200,카드
763,814,2026-01-15 11:53:40,24290,9790,14500,카드
764,823,2026-01-15 13:43:14,20440,8240,12200,카드
765,822,2026-01-15 13:44:00,224160,89760,134400,카드
766,828,2026-01-15 13:46:31,151270,60570,90700,카드
767,824,2026-01-15 13:47:05,28180,11280,16900,카드
768,826,2026-01-15 13:47:57,18200,7300,10900,간편결제
769,829,2026-01-15 13:54:44,25140,10140,15000,카드
770,832,2026-01-15 13:55:14,21930,8830,13100,카드
771,827,2026-01-15 13:59:14,52760,21160,31600,현금
772,825,2026-01-15 14:00:37,40290,16190,24100,카드
773,846,2026-01-15 14:00:57,93620,37520,56100,카드
774,835,2026-01-15 14:05:57,20160,8160,12000,카드
775,830,2026-01-15 14:06:27,93980,37680,56300,카드
776,834,2026-01-15 14:07:28,19230,7730,11500,카드
777,831,2026-01-15 14:10:41,29750,11950,17800,카드
778,833,2026-01-15 14:12:02,29260,11760,17500,카드
779,844,2026-01-15 14:14:57,230520,92220,138300,카드
780,850,2026-01-15 14:15:22,246640,98740,147900,현금
781,837,2026-01-15 14:18:47,26660,10760,15900,간편결제
782,838,2026-01-15 14:20:55,150250,60150,90100,간편결제
783,841,2026-01-15 14:22:18,29760,11960,17800,카드
784,853,2026-01-15 14:24:20,170150,68150,102000,카드
785,848,2026-01-15 14:35:05,44670,17870,26800,카드
786,842,2026-01-15 14:43:34,212910,85210,127700,카드
787,851,2026-01-15 14:44:55,37160,14960,22200,현금
788,855,2026-01-15 14:46:44,268940,107640,161300,간편결제
789,852,2026-01-15 14:55:14,95600,38300,57300,카드
790,840,2026-01-15 14:57:46,32280,12980,19300,카드
791,861,2026-01-15 14:59:50,42080,16880,25200,간편결제
792,847,2026-01-15 15:10:00,165670,66270,99400,카드
793,854,2026-01-15 15:12:37,155380,62180,93200,카드
794,860,2026-01-15 15:13:27,30550,12250,18300,카드
795,845,2026-01-15 15:14:50,40670,16270,24400,카드
796,863,2026-01-15 15:27:27,20420,8220,12200,카드
797,856,2026-01-15 15:29:57,20890,8390,12500,간편결제
798,858,2026-01-15 15:36:38,25860,10360,15500,카드
799,859,2026-01-15 15:52:04,24210,9710,14500,카드
800,862,2026-01-15 15:52:27,34060,13660,20400,카드
801,864,2026-01-15 15:53:18,243650,97550,146100,간편결제
802,865,2026-01-15 16:09:24,252430,101030,151400,카드
803,867,2026-01-15 16:10:22,195820,78420,117400,카드
804,866,2026-01-15 16:12:45,20680,8280,12400,카드
805,868,2026-01-16 09:29:42,34750,13950,20800,카드
806,871,2026-01-16 09:34:14,87790,35190,52600,카드
807,869,2026-01-16 09:34:50,24680,9880,14800,카드
808,870,2026-01-16 09:46:08,25030,10030,15000,카드
809,872,2026-01-16 09:49:40,36520,14620,21900,카드
810,873,2026-01-16 09:57:35,24240,9740,14500,현금
811,874,2026-01-16 10:02:23,24200,9700,14500,카드
812,875,2026-01-16 10:25:58,146260,58560,87700,카드
813,876,2026-01-16 10:38:43,41600,16700,24900,카드
814,877,2026-01-16 10:42:39,19500,7800,11700,현금
815,885,2026-01-16 13:38:30,29380,11780,17600,카드
816,884,2026-01-16 13:45:47,22140,8940,13200,간편결제
817,881,2026-01-16 13:45:58,69120,27720,41400,간편결제
818,887,2026-01-16 13:48:20,35550,14250,21300,카드
819,880,2026-01-16 13:51:06,19940,8040,11900,카드
820,890,2026-01-16 13:52:19,265690,106290,159400,카드
821,882,2026-01-16 13:58:18,26710,10710,16000,카드
822,891,2026-01-16 14:01:29,38900,15600,23300,카드
823,879,2026-01-16 14:02:00,36590,14690,21900,간편결제
824,898,2026-01-16 14:04:26,26380,10580,15800,간편결제
825,888,2026-01-16 14:06:59,37670,15070,22600,카드
826,883,2026-01-16 14:07:55,259310,103810,155500,카드
827,886,2026-01-16 14:08:19,24100,9700,14400,카드
828,896,2026-01-16 14:14:58,28510,11410,17100,카드
829,892,2026-01-16 14:24:30,28970,11670,17300,카드
830,889,2026-01-16 14:24:59,41200,16500,24700,카드
831,901,2026-01-16 14:27:20,248780,99580,149200,카드
832,900,2026-01-16 14:30:13,31100,12500,18600,카드
833,893,2026-01-16 14:38:30,240360,96160,144200,카드
834,902,2026-01-16 14:38:57,24250,9750,14500,카드
835,894,2026-01-16 14:42:07,31140,12540,18600,현금
836,903,2026-01-16 14:45:06,20000,8000,12000,카드
837,895,2026-01-16 14:48:55,44930,18030,26900,카드
838,904,2026-01-16 14:57:03,28840,11540,17300,카드
839,905,2026-01-16 15:00:46,263780,105580,158200,카드
840,899,2026-01-16 15:05:32,265530,106230,159300,현금
841,906,2026-01-16 15:53:38,28180,11280,16900,카드
842,911,2026-01-19 09:07:52,23790,9590,14200,카드
843,907,2026-01-19 09:24:53,22770,9170,13600,카드
844,913,2026-01-19 09:28:38,236790,94790,142000,카드
845,908,2026-01-19 09:28:51,21660,8760,12900,카드
846,909,2026-01-19 09:28:53,30660,12360,18300,카드
847,921,2026-01-19 09:32:15,72600,29100,43500,카드
848,910,2026-01-19 09:36:55,73960,29660,44300,카드
849,918,2026-01-19 09:38:22,43900,17600,26300,카드
850,914,2026-01-19 09:38:40,216990,86890,130100,카드
851,919,2026-01-19 09:41:50,109700,43900,65800,카드
852,916,2026-01-19 09:43:06,21300,8600,12700,카드
853,932,2026-01-19 09:46:23,77360,30960,46400,간편결제
854,922,2026-01-19 09:47:05,70650,28350,42300,카드
855,915,2026-01-19 09:50:02,29560,11860,17700,카드
856,925,2026-01-19 09:52:47,20800,8400,12400,카드
857,935,2026-01-19 09:53:05,36140,14540,21600,카드
858,917,2026-01-19 09:55:23,29020,11620,17400,카드
859,929,2026-01-19 09:55:56,23050,9250,13800,카드
860,931,2026-01-19 09:58:13,32770,13170,19600,간편결제
861,930,2026-01-19 09:59:38,36810,14810,22000,카드
862,926,2026-01-19 10:01:16,26550,10650,15900,현금
863,937,2026-01-19 10:04:56,96600,38700,57900,카드
864,920,2026-01-19 10:05:05,145400,58200,87200,카드
865,933,2026-01-19 10:07:58,130870,52370,78500,카드
866,927,2026-01-19 10:09:55,71020,28420,42600,카드
867,936,2026-01-19 10:25:05,35790,14390,21400,카드
868,948,2026-01-19 10:27:06,279640,111940,167700,카드
869,928,2026-01-19 10:31:17,243780,97580,146200,현금
870,941,2026-01-19 10:32:45,71960,28860,43100,카드
871,946,2026-01-19 10:33:00,117910,47210,70700,카드
872,951,2026-01-19 10:35:27,279330,111830,167500,카드
873,940,2026-01-19 10:43:15,30630,12330,18300,카드
874,952,2026-01-19 10:43:25,21510,8610,12900,카드
875,947,2026-01-19 10:48:27,18230,7330,10900,현금
876,942,2026-01-19 10:54:49,23630,9530,14100,카드
877,953,2026-01-19 10:56:25,29760,11960,17800,카드
878,954,2026-01-19 10:58:49,29980,12080,17900,카드
879,943,2026-01-19 11:02:25,29730,11930,17800,카드
880,944,2026-01-19 11:08:50,35640,14340,21300,카드
881,955,2026-01-19 11:16:10,73100,29300,43800,카드
882,945,2026-01-19 11:17:06,209400,83800,125600,간편결제
883,957,2026-01-19 11:35:52,22200,8900,13300,카드
884,956,2026-01-19 11:36:37,32010,12810,19200,카드
885,949,2026-01-19 11:39:27,31230,12530,18700,카드
886,958,2026-01-19 13:48:27,27840,11140,16700,카드
887,971,2026-01-19 13:52:22,33970,13670,20300,간편결제
888,965,2026-01-19 13:55:11,240010,96010,144000,카드
889,962,2026-01-19 14:00:32,35500,14200,21300,카드
890,960,2026-01-19 14:01:11,41060,16460,24600,카드
891,986,2026-01-19 14:02:57,114600,45900,68700,간편결제
892,959,2026-01-19 14:07:07,57950,23250,34700,카드
893,993,2026-01-19 14:08:49,27300,11000,16300,현금
894,967,2026-01-19 14:10:15,38180,15280,22900,카드
895,968,2026-01-19 14:10:44,21400,8600,12800,카드
896,963,2026-01-19 14:11:59,166770,66770,100000,카드
897,964,2026-01-19 14:14:25,26400,10600,15800,카드
898,990,2026-01-19 14:15:27,267210,106910,160300,카드
899,969,2026-01-19 14:16:43,24950,10050,14900,카드
900,970,2026-01-19 14:16:45,67280,26980,40300,현금
901,1001,2026-01-19 14:17:23,168530,67430,101100,카드
902,961,2026-01-19 14:17:43,29290,11790,17500,카드
903,1000,2026-01-19 14:21:22,21630,8730,12900,카드
904,1005,2026-01-19 14:25:01,20590,8290,12300,카드
905,966,2026-01-19 14:33:27,40280,16180,24100,카드
906,974,2026-01-19 14:34:28,38070,15270,22800,카드
907,972,2026-01-19 14:39:33,33570,13470,20100,카드
908,980,2026-01-19 14:40:15,25960,10460,15500,현금
909,1008,2026-01-19 14:40:46,24990,10090,14900,카드
910,977,2026-01-19 14:42:54,34790,13990,20800,카드
911,973,2026-01-19 14:46:08,91640,36740,54900,카드
912,976,2026-01-19 14:52:25,24460,9860,14600,카드
913,975,2026-01-19 14:53:22,29480,11880,17600,카드
914,987,2026-01-19 14:57:39,251660,100760,150900,간편결제
915,981,2026-01-19 14:59:16,21080,8480,12600,카드
916,984,2026-01-19 14:59:28,113740,45540,68200,카드
917,982,2026-01-19 15:05:17,31910,12810,19100,카드
918,1011,2026-01-19 15:05:22,44470,17870,26600,간편결제
919,985,2026-01-19 15:11:51,63000,25200,37800,현금
920,1012,2026-01-19 15:12:03,222900,89200,133700,카드
921,983,2026-01-19 15:12:49,26800,10800,16000,카드
922,978,2026-01-19 15:13:09,43430,17430,26000,현금
923,1015,2026-01-19 15:16:41,226910,90810,136100,간편결제
924,1013,2026-01-19 15:17:03,18320,7420,10900,카드
925,991,2026-01-19 15:25:16,35830,14430,21400,카드
926,994,2026-01-19 15:25:17,32800,13200,19600,카드
927,998,2026-01-19 15:26:15,23870,9570,14300,카드
928,1014,2026-01-19 15:28:53,42790,17190,25600,현금
929,988,2026-01-19 15:31:51,36490,14690,21800,카드
930,989,2026-01-19 15:32:12,69420,27820,41600,카드
931,1019,2026-01-19 15:37:33,61060,24460,36600,간편결제
932,1002,2026-01-19 15:45:48,22300,9000,13300,카드
933,1016,2026-01-19 15:51:38,40080,16080,24000,간편결제
934,1003,2026-01-19 15:52:34,30840,12340,18500,간편결제
935,992,2026-01-19 15:53:13,20290,8190,12100,간편결제
936,995,2026-01-19 15:59:56,24340,9740,14600,카드
937,1006,2026-01-19 16:00:18,25430,10230,15200,간편결제
938,996,2026-01-19 16:04:49,131240,52540,78700,카드
939,1007,2026-01-19 16:11:30,21770,8770,13000,카드
940,1010,2026-01-19 16:14:54,35270,14170,21100,카드
941,1009,2026-01-19 16:16:15,41730,16730,25000,카드
942,997,2026-01-19 16:17:17,29140,11740,17400,카드
943,1017,2026-01-19 16:34:59,23700,9500,14200,카드
944,1020,2026-01-19 16:38:38,19900,8000,11900,현금
945,1021,2026-01-19 16:41:54,182120,72920,109200,카드
946,1024,2026-01-20 09:13:22,171190,68490,102700,현금
947,1033,2026-01-20 09:16:45,24210,9710,14500,간편결제
948,1023,2026-01-20 09:19:40,21650,8750,12900,간편결제
949,1025,2026-01-20 09:22:41,20950,8450,12500,카드
950,1027,2026-01-20 09:23:24,42030,16830,25200,카드
951,1037,2026-01-20 09:25:25,169310,67810,101500,간편결제
952,1022,2026-01-20 09:28:38,42240,16940,25300,간편결제
953,1032,2026-01-20 09:30:28,29330,11830,17500,카드
954,1028,2026-01-20 09:30:33,29450,11850,17600,카드
955,1029,2026-01-20 09:31:28,28740,11540,17200,간편결제
956,1040,2026-01-20 09:40:23,22590,9090,13500,간편결제
957,1031,2026-01-20 09:41:39,261770,104770,157000,현금
958,1026,2026-01-20 09:42:28,37950,15250,22700,카드
959,1030,2026-01-20 09:43:14,205920,82420,123500,카드
960,1038,2026-01-20 09:44:15,20350,8150,12200,카드
961,1043,2026-01-20 09:44:48,153650,61550,92100,간편결제
962,1044,2026-01-20 09:48:17,170840,68340,102500,간편결제
963,1045,2026-01-20 09:49:01,20880,8380,12500,카드
964,1034,2026-01-20 09:50:45,18290,7390,10900,카드
965,1036,2026-01-20 09:51:17,22450,9050,13400,간편결제
966,1041,2026-01-20 09:55:30,34030,13630,20400,카드
967,1042,2026-01-20 10:01:36,18920,7620,11300,카드
968,1039,2026-01-20 10:05:54,41100,16500,24600,카드
969,1046,2026-01-20 10:08:03,267570,107070,160500,카드
970,1050,2026-01-20 10:13:02,30480,12280,18200,카드
971,1049,2026-01-20 10:16:12,35230,14130,21100,카드
972,1052,2026-01-20 10:20:56,28560,11460,17100,카드
973,1053,2026-01-20 10:22:49,26450,10650,15800,카드
974,1051,2026-01-20 10:23:02,28770,11570,17200,카드
975,1055,2026-01-20 10:33:18,170640,68340,102300,카드
976,1056,2026-01-20 10:37:31,22790,9190,13600,카드
977,1054,2026-01-20 10:42:59,116220,46520,69700,카드
978,1057,2026-01-20 10:58:49,21800,8800,13000,카드
979,1058,2026-01-20 11:07:27,28790,11590,17200,카드
980,1059,2026-01-20 11:17:44,33790,13590,20200,카드
981,1062,2026-01-20 13:49:37,22410,9010,13400,카드
982,1073,2026-01-20 13:51:01,41480,16680,24800,카드
983,1066,2026-01-20 13:51:20,26060,10460,15600,카드
984,1080,2026-01-20 13:52:05,24520,9820,14700,카드
985,1077,2026-01-20 13:56:41,27730,11130,16600,카드
986,1065,2026-01-20 13:56:45,34710,13910,20800,카드
987,1060,2026-01-20 13:58:24,31650,12750,18900,카드
988,1083,2026-01-20 13:59:08,45000,18000,27000,카드
989,1061,2026-01-20 14:00:14,26190,10490,15700,카드
990,1063,2026-01-20 14:02:55,19410,7810,11600,카드
991,1084,2026-01-20 14:11:49,116640,46740,69900,카드
992,1067,2026-01-20 14:11:54,150480,60280,90200,카드
993,1071,2026-01-20 14:12:02,20970,8470,12500,카드
994,1079,2026-01-20 14:18:24,146400,58600,87800,간편결제
995,1070,2026-01-20 14:18:35,291660,116760,174900,카드
996,1089,2026-01-20 14:18:48,191870,76770,115100,카드
997,1068,2026-01-20 14:18:56,28140,11340,16800,카드
998,1092,2026-01-20 14:21:35,60480,24280,36200,카드
999,1078,2026-01-20 14:22:03,20950,8450,12500,카드
1000,1074,2026-01-20 14:23:41,33250,13350,19900,카드
1001,1085,2026-01-20 14:24:31,95030,38030,57000,카드
1002,1076,2026-01-20 14:29:41,114800,46000,68800,카드
1003,1087,2026-01-20 14:30:29,205110,82110,123000,카드
1004,1090,2026-01-20 14:30:30,35570,14270,21300,카드
1005,1069,2026-01-20 14:31:37,59200,23700,35500,현금
1006,1082,2026-01-20 14:35:20,24260,9760,14500,간편결제
1007,1091,2026-01-20 14:43:21,39090,15690,23400,간편결제
1008,1093,2026-01-20 14:45:18,25110,10110,15000,카드
1009,1081,2026-01-20 14:45:26,30220,12120,18100,카드
1010,1088,2026-01-20 14:46:16,28910,11610,17300,카드
1011,1095,2026-01-20 14:47:50,21370,8570,12800,카드
1012,1086,2026-01-20 14:53:01,37810,15210,22600,카드
1013,1097,2026-01-20 15:02:33,19980,8080,11900,카드
1014,1096,2026-01-20 15:11:49,78820,31620,47200,현금
1015,1103,2026-01-20 15:13:10,95790,38390,57400,카드
1016,1094,2026-01-20 15:13:18,147790,59190,88600,카드
1017,1102,2026-01-20 15:20:26,19250,7750,11500,간편결제
1018,1100,2026-01-20 15:24:01,28240,11340,16900,카드
1019,1098,2026-01-20 15:25:46,41520,16620,24900,카드
1020,1099,2026-01-20 15:28:02,30620,12320,18300,카드
1021,1101,2026-01-20 15:28:20,195250,78150,117100,카드
1022,1106,2026-01-20 16:00:02,271270,108570,162700,카드
1023,1105,2026-01-20 16:04:24,111290,44590,66700,카드
1024,1112,2026-01-21 09:17:14,28110,11310,16800,카드
1025,1107,2026-01-21 09:17:40,23570,9470,14100,카드
1026,1111,2026-01-21 09:18:49,60490,24290,36200,카드
1027,1114,2026-01-21 09:34:51,139800,56000,83800,카드
1028,1108,2026-01-21 09:40:15,30810,12410,18400,카드
1029,1110,2026-01-21 09:41:06,26650,10750,15900,카드
1030,1118,2026-01-21 09:52:10,191790,76790,115000,간편결제
1031,1109,2026-01-21 09:52:25,42320,17020,25300,카드
1032,1115,2026-01-21 09:57:20,148730,59530,89200,카드
1033,1117,2026-01-21 10:02:32,38840,15540,23300,카드
1034,1116,2026-01-21 10:04:42,33830,13630,20200,카드
1035,1119,2026-01-21 10:22:41,21880,8780,13100,카드
1036,1120,2026-01-21 10:41:41,37500,15000,22500,카드
1037,1122,2026-01-21 10:57:21,42830,17230,25600,카드
1038,1123,2026-01-21 11:15:58,19630,7930,11700,카드
1039,1121,2026-01-21 11:19:15,32610,13110,19500,카드
1040,1124,2026-01-21 11:24:09,30210,12110,18100,카드
1041,1125,2026-01-21 11:43:21,35050,14050,21000,카드
1042,1129,2026-01-21 13:44:40,25590,10290,15300,간편결제
1043,1127,2026-01-21 13:50:14,43350,17350,26000,카드
1044,1126,2026-01-21 13:57:06,21610,8710,12900,간편결제
1045,1133,2026-01-21 14:02:20,29240,11740,17500,카드
1046,1137,2026-01-21 14:06:19,24500,9800,14700,현금
1047,1128,2026-01-21 14:06:42,29420,11820,17600,카드
1048,1132,2026-01-21 14:15:49,32920,13220,19700,카드
1049,1140,2026-01-21 14:17:29,33790,13590,20200,카드
1050,1130,2026-01-21 14:18:55,29260,11760,17500,카드
1051,1142,2026-01-21 14:41:04,98870,39570,59300,카드
1052,1134,2026-01-21 14:43:16,133640,53540,80100,카드
1053,1135,2026-01-21 14:46:03,258820,103620,155200,카드
1054,1144,2026-01-21 14:56:49,25200,10100,15100,현금
1055,1139,2026-01-21 15:02:00,24110,9710,14400,카드
1056,1136,2026-01-21 15:03:12,241180,96480,144700,카드
1057,1143,2026-01-21 15:08:06,33970,13670,20300,카드
1058,1138,2026-01-21 15:10:01,22260,8960,13300,카드
1059,1141,2026-01-21 15:19:33,30370,12170,18200,카드
1060,1147,2026-01-21 15:19:34,23420,9420,14000,간편결제
1061,1145,2026-01-21 15:23:30,31000,12400,18600,카드
1062,1148,2026-01-21 15:29:22,25780,10380,15400,간편결제
1063,1146,2026-01-21 15:32:23,32440,13040,19400,간편결제
1064,1149,2026-01-21 15:33:56,21760,8760,13000,카드
1065,1153,2026-01-22 09:10:08,169560,67860,101700,카드
1066,1151,2026-01-22 09:12:25,26950,10850,16100,현금
1067,1154,2026-01-22 09:22:23,29810,12010,17800,현금
1068,1156,2026-01-22 09:23:16,43490,17490,26000,카드
1069,1157,2026-01-22 09:35:31,139530,55830,83700,카드
1070,1155,2026-01-22 09:36:45,42070,16870,25200,카드
1071,1150,2026-01-22 09:38:21,123360,49360,74000,카드
1072,1160,2026-01-22 09:38:54,156390,62590,93800,간편결제
1073,1152,2026-01-22 09:47:01,34300,13800,20500,카드
1074,1158,2026-01-22 09:47:26,113200,45300,67900,카드
1075,1162,2026-01-22 09:52:37,201110,80510,120600,카드
1076,1159,2026-01-22 09:52:40,97890,39190,58700,현금
1077,1161,2026-01-22 09:57:29,29020,11620,17400,카드
1078,1163,2026-01-22 10:01:29,141680,56680,85000,간편결제
1079,1168,2026-01-22 10:08:33,27820,11220,16600,간편결제
1080,1171,2026-01-22 10:15:16,21760,8760,13000,카드
1081,1164,2026-01-22 10:15:29,111060,44460,66600,카드
1082,1173,2026-01-22 10:17:46,25390,10190,15200,카드
1083,1165,2026-01-22 10:22:51,28810,11610,17200,현금
1084,1167,2026-01-22 10:23:29,41390,16590,24800,카드
1085,1166,2026-01-22 10:27:40,97870,39170,58700,카드
1086,1177,2026-01-22 10:30:17,27470,11070,16400,카드
1087,1170,2026-01-22 10:31:33,19170,7670,11500,카드
1088,1174,2026-01-22 10:31:56,192740,77140,115600,간편결제
1089,1169,2026-01-22 10:38:08,146620,58720,87900,카드
1090,1178,2026-01-22 10:39:35,20500,8200,12300,간편결제
1091,1172,2026-01-22 10:40:06,24070,9670,14400,카드
1092,1179,2026-01-22 10:40:07,22290,8990,13300,카드
1093,1182,2026-01-22 10:44:14,29620,11920,17700,카드
1094,1176,2026-01-22 10:47:00,214380,85780,128600,카드
1095,1175,2026-01-22 10:53:09,41900,16800,25100,카드
1096,1181,2026-01-22 10:54:49,26500,10600,15900,카드
1097,1184,2026-01-22 11:10:47,28020,11220,16800,카드
1098,1180,2026-01-22 11:12:17,110240,44140,66100,카드
1099,1183,2026-01-22 11:17:52,279040,111640,167400,간편결제
1100,1185,2026-01-22 11:18:21,29690,11890,17800,카드
1101,1186,2026-01-22 11:31:34,21410,8610,12800,현금
1102,1187,2026-01-22 13:40:33,64890,25990,38900,카드
1103,1192,2026-01-22 13:40:51,202420,81020,121400,카드
1104,1188,2026-01-22 13:54:20,33510,13410,20100,간편결제
1105,1189,2026-01-22 13:56:14,236810,94810,142000,카드
1106,1199,2026-01-22 14:01:18,118940,47640,71300,간편결제
1107,1207,2026-01-22 14:03:12,138400,55400,83000,카드
1108,1195,2026-01-22 14:03:13,44550,17850,26700,카드
1109,1196,2026-01-22 14:03:56,29170,11670,17500,카드
1110,1201,2026-01-22 14:04:11,28420,11420,17000,현금
1111,1194,2026-01-22 14:06:17,178590,71490,107100,간편결제
1112,1190,2026-01-22 14:09:41,28560,11460,17100,카드
1113,1202,2026-01-22 14:10:52,215690,86290,129400,카드
1114,1203,2026-01-22 14:13:13,238860,95560,143300,카드
1115,1191,2026-01-22 14:25:52,19410,7810,11600,카드
1116,1197,2026-01-22 14:30:46,74830,30030,44800,카드
1117,1205,2026-01-22 14:35:36,255050,102050,153000,카드
1118,1198,2026-01-22 14:35:39,44010,17610,26400,카드
1119,1193,2026-01-22 14:37:24,29040,11640,17400,간편결제
1120,1204,2026-01-22 14:37:32,31700,12700,19000,카드
1121,1200,2026-01-22 14:44:54,204750,81950,122800,카드
1122,1208,2026-01-22 14:45:27,227170,90870,136300,카드
1123,1212,2026-01-22 14:46:06,93770,37570,56200,카드
1124,1209,2026-01-22 14:48:15,269970,108070,161900,현금
1125,1216,2026-01-22 14:57:18,26680,10680,16000,카드
1126,1220,2026-01-22 15:05:00,189310,75810,113500,카드
1127,1206,2026-01-22 15:07:29,36140,14540,21600,간편결제
1128,1219,2026-01-22 15:08:43,39050,15650,23400,카드
1129,1213,2026-01-22 15:08:49,243650,97550,146100,카드
1130,1211,2026-01-22 15:14:04,88980,35680,53300,카드
1131,1214,2026-01-22 15:19:05,26890,10790,16100,카드
1132,1215,2026-01-22 15:42:14,23520,9420,14100,간편결제
1133,1217,2026-01-22 15:47:43,31620,12720,18900,간편결제
1134,1221,2026-01-22 15:51:27,18450,7450,11000,카드
1135,1218,2026-01-22 15:56:55,27310,11010,16300,카드
1136,1222,2026-01-22 15:57:56,188420,75420,113000,카드
1137,1223,2026-01-22 16:09:25,20200,8100,12100,카드
1138,1228,2026-01-23 09:12:57,120400,48200,72200,카드
1139,1229,2026-01-23 09:17:14,236490,94690,141800,카드
1140,1224,2026-01-23 09:29:08,19420,7820,11600,카드
1141,1230,2026-01-23 09:36:47,28520,11420,17100,카드
1142,1226,2026-01-23 09:37:46,22390,8990,13400,카드
1143,1231,2026-01-23 09:40:59,24250,9750,14500,카드
1144,1225,2026-01-23 09:41:34,67270,26970,40300,간편결제
1145,1234,2026-01-23 09:45:25,184730,73930,110800,카드
1146,1233,2026-01-23 09:49:59,175580,70280,105300,카드
1147,1227,2026-01-23 09:53:54,88420,35420,53000,카드
1148,1232,2026-01-23 09:58:33,20510,8210,12300,간편결제
1149,1235,2026-01-23 10:03:19,21090,8490,12600,카드
1150,1238,2026-01-23 10:10:50,34910,14010,20900,카드
1151,1237,2026-01-23 10:12:09,177540,71040,106500,카드
1152,1239,2026-01-23 10:22:43,195880,78380,117500,카드
1153,1240,2026-01-23 10:38:06,98910,39610,59300,카드
1154,1242,2026-01-23 10:49:41,34050,13650,20400,카드
1155,1244,2026-01-23 10:59:32,35150,14150,21000,카드
1156,1243,2026-01-23 11:07:42,19690,7890,11800,카드
1157,1245,2026-01-23 13:44:42,219430,87830,131600,카드
1158,1252,2026-01-23 13:45:48,203330,81430,121900,카드
1159,1246,2026-01-23 13:46:15,18930,7630,11300,카드
1160,1249,2026-01-23 13:46:22,106040,42440,63600,카드
1161,1248,2026-01-23 13:52:25,136780,54780,82000,간편결제
1162,1256,2026-01-23 13:53:26,226300,90600,135700,카드
1163,1247,2026-01-23 14:01:20,30170,12070,18100,간편결제
1164,1257,2026-01-23 14:02:19,123110,49310,73800,카드
1165,1251,2026-01-23 14:04:10,265390,106190,159200,카드
1166,1250,2026-01-23 14:08:33,217340,86940,130400,카드
1167,1254,2026-01-23 14:15:19,22850,9150,13700,카드
1168,1255,2026-01-23 14:20:16,257240,102940,154300,카드
1169,1261,2026-01-23 14:29:06,23730,9530,14200,카드
1170,1262,2026-01-23 14:29:34,22900,9200,13700,카드
1171,1258,2026-01-23 14:33:16,38740,15540,23200,카드
1172,1259,2026-01-23 14:35:30,54170,21670,32500,카드
1173,1260,2026-01-23 14:41:52,19810,8010,11800,카드
1174,1263,2026-01-23 14:47:46,28260,11360,16900,카드
1175,1264,2026-01-23 15:02:12,30550,12250,18300,간편결제
1176,1265,2026-01-23 15:15:18,93210,37310,55900,카드
1177,1266,2026-01-23 15:42:33,43700,17500,26200,카드
1178,1267,2026-01-26 09:13:07,28760,11560,17200,간편결제
1179,1270,2026-01-26 09:19:10,29170,11670,17500,카드
1180,1268,2026-01-26 09:21:23,204790,81990,122800,카드
1181,1275,2026-01-26 09:25:41,39410,15810,23600,간편결제
1182,1272,2026-01-26 09:25:43,76460,30660,45800,카드
1183,1283,2026-01-26 09:30:49,142880,57180,85700,카드
1184,1271,2026-01-26 09:36:09,38900,15600,23300,카드
1185,1269,2026-01-26 09:36:11,36540,14640,21900,카드
1186,1278,2026-01-26 09:37:23,19680,7880,11800,카드
1187,1274,2026-01-26 09:40:25,39700,15900,23800,카드
1188,1280,2026-01-26 09:46:58,22940,9240,13700,현금
1189,1286,2026-01-26 09:48:14,19210,7710,11500,카드
1190,1279,2026-01-26 09:48:35,147980,59280,88700,카드
1191,1273,2026-01-26 09:49:24,23230,9330,13900,현금
1192,1282,2026-01-26 09:53:31,30240,12140,18100,카드
1193,1276,2026-01-26 09:54:09,40670,16270,24400,간편결제
1194,1284,2026-01-26 09:55:49,26830,10830,16000,카드
1195,1285,2026-01-26 09:58:23,28710,11510,17200,간편결제
1196,1281,2026-01-26 10:04:15,39210,15710,23500,카드
1197,1299,2026-01-26 10:05:46,117030,46830,70200,카드
1198,1287,2026-01-26 10:06:38,26700,10700,16000,카드
1199,1297,2026-01-26 10:14:34,242960,97260,145700,카드
1200,1289,2026-01-26 10:19:44,21430,8630,12800,카드
1201,1288,2026-01-26 10:24:11,36050,14450,21600,카드
1202,1296,2026-01-26 10:32:24,166770,66770,100000,카드
1203,1301,2026-01-26 10:37:27,24920,10020,14900,카드
1204,1302,2026-01-26 10:46:00,25730,10330,15400,카드
1205,1294,2026-01-26 10:46:17,103600,41500,62100,카드
1206,1292,2026-01-26 10:47:38,194520,77820,116700,카드
1207,1303,2026-01-26 10:50:28,24130,9730,14400,카드
1208,1293,2026-01-26 10:51:02,29920,12020,17900,카드
1209,1295,2026-01-26 11:00:55,26030,10430,15600,카드
1210,1304,2026-01-26 11:19:35,44150,17750,26400,카드
1211,1305,2026-01-26 11:21:48,22200,8900,13300,카드
1212,1298,2026-01-26 11:25:44,35900,14400,21500,카드
1213,1300,2026-01-26 11:26:23,18710,7510,11200,카드
1214,1306,2026-01-26 11:27:05,275680,110280,165400,카드
1215,1307,2026-01-26 11:33:18,105410,42210,63200,카드
1216,1308,2026-01-26 11:44:39,24770,9970,14800,간편결제
1217,1311,2026-01-26 13:40:00,252500,101000,151500,간편결제
1218,1319,2026-01-26 13:44:31,23880,9580,14300,간편결제
1219,1309,2026-01-26 13:45:42,32030,12830,19200,카드
1220,1312,2026-01-26 13:47:22,22720,9120,13600,현금
1221,1313,2026-01-26 13:56:11,231890,92790,139100,카드
1222,1324,2026-01-26 14:00:02,23930,9630,14300,간편결제
1223,1310,2026-01-26 14:03:23,24800,10000,14800,카드
1224,1322,2026-01-26 14:04:37,27990,11290,16700,카드
1225,1316,2026-01-26 14:05:22,41560,16660,24900,카드
1226,1343,2026-01-26 14:05:48,43100,17300,25800,카드
1227,1321,2026-01-26 14:06:57,140980,56480,84500,카드
1228,1314,2026-01-26 14:11:28,29960,12060,17900,카드
1229,1326,2026-01-26 14:14:46,23760,9560,14200,현금
1230,1325,2026-01-26 14:15:51,39050,15650,23400,현금
1231,1327,2026-01-26 14:16:19,29320,11820,17500,간편결제
1232,1323,2026-01-26 14:19:04,195100,78100,117000,카드
1233,1315,2026-01-26 14:20:06,33660,13560,20100,카드
1234,1330,2026-01-26 14:20:20,28260,11360,16900,카드
1235,1332,2026-01-26 14:22:49,33110,13310,19800,카드
1236,1331,2026-01-26 14:30:46,223800,89600,134200,카드
1237,1318,2026-01-26 14:31:02,254160,101760,152400,카드
1238,1328,2026-01-26 14:34:03,38630,15530,23100,카드
1239,1344,2026-01-26 14:34:47,18050,7250,10800,카드
1240,1334,2026-01-26 14:35:08,29150,11750,17400,카드
1241,1352,2026-01-26 14:39:52,18910,7610,11300,카드
1242,1336,2026-01-26 14:41:35,26680,10680,16000,카드
1243,1333,2026-01-26 14:42:11,18510,7410,11100,카드
1244,1329,2026-01-26 14:43:18,181540,72640,108900,카드
1245,1356,2026-01-26 14:44:10,47820,19220,28600,카드
1246,1320,2026-01-26 14:45:41,43480,17480,26000,카드
1247,1337,2026-01-26 14:46:41,31920,12820,19100,카드
1248,1339,2026-01-26 14:56:05,21830,8830,13000,카드
1249,1354,2026-01-26 14:57:02,28190,11290,16900,현금
1250,1338,2026-01-26 14:58:25,29200,11700,17500,카드
1251,1335,2026-01-26 14:59:05,25870,10370,15500,카드
1252,1345,2026-01-26 15:00:19,188860,75560,113300,카드
1253,1342,2026-01-26 15:02:12,208530,83430,125100,카드
1254,1350,2026-01-26 15:04:21,217110,86910,130200,간편결제
1255,1340,2026-01-26 15:05:49,72320,29020,43300,카드
1256,1364,2026-01-26 15:06:16,252390,100990,151400,간편결제
1257,1341,2026-01-26 15:08:56,19170,7670,11500,카드
1258,1358,2026-01-26 15:09:39,26560,10660,15900,카드
1259,1346,2026-01-26 15:15:32,156990,62890,94100,현금
1260,1353,2026-01-26 15:15:33,24120,9720,14400,카드
1261,1349,2026-01-26 15:17:33,84020,33620,50400,간편결제
1262,1370,2026-01-26 15:23:44,23790,9590,14200,현금
1263,1363,2026-01-26 15:25:02,167420,67020,100400,카드
1264,1362,2026-01-26 15:25:22,28120,11320,16800,카드
1265,1347,2026-01-26 15:25:38,242310,97010,145300,현금
1266,1348,2026-01-26 15:28:41,18010,7210,10800,카드
1267,1365,2026-01-26 15:36:20,43640,17540,26100,카드
1268,1366,2026-01-26 15:39:36,27560,11060,16500,카드
1269,1357,2026-01-26 15:39:49,30650,12350,18300,카드
1270,1371,2026-01-26 15:40:48,150610,60310,90300,현금
1271,1367,2026-01-26 15:41:11,29980,12080,17900,카드
1272,1351,2026-01-26 15:42:18,25140,10140,15000,카드
1273,1368,2026-01-26 15:56:56,37490,15090,22400,현금
1274,1374,2026-01-26 16:03:04,245110,98110,147000,카드
1275,1361,2026-01-26 16:04:48,41490,16690,24800,카드
1276,1372,2026-01-26 16:15:34,110570,44270,66300,카드
1277,1373,2026-01-26 16:19:10,240430,96230,144200,카드
1278,1376,2026-01-27 09:13:16,19000,7600,11400,카드
1279,1377,2026-01-27 09:13:16,19980,8080,11900,카드
1280,1380,2026-01-27 09:14:14,37620,15120,22500,카드
1281,1379,2026-01-27 09:21:11,23570,9470,14100,간편결제
1282,1375,2026-01-27 09:22:58,29620,11920,17700,카드
1283,1386,2026-01-27 09:24:09,146430,58630,87800,간편결제
1284,1378,2026-01-27 09:24:18,20210,8110,12100,간편결제
1285,1383,2026-01-27 09:28:07,265970,106470,159500,카드
1286,1395,2026-01-27 09:33:17,35500,14200,21300,간편결제
1287,1385,2026-01-27 09:37:02,35360,14160,21200,카드
1288,1388,2026-01-27 09:37:11,23650,9550,14100,카드
1289,1392,2026-01-27 09:37:25,264110,105710,158400,카드
1290,1390,2026-01-27 09:40:42,21290,8590,12700,카드
1291,1384,2026-01-27 09:40:53,84520,33820,50700,간편결제
1292,1381,2026-01-27 09:46:27,41450,16650,24800,현금
1293,1391,2026-01-27 09:46:43,23480,9480,14000,간편결제
1294,1401,2026-01-27 09:47:59,19620,7920,11700,카드
1295,1387,2026-01-27 09:48:34,260890,104390,156500,간편결제
1296,1396,2026-01-27 09:50:25,19720,7920,11800,카드
1297,1394,2026-01-27 09:52:28,37980,15280,22700,카드
1298,1389,2026-01-27 09:56:21,164870,65970,98900,카드
1299,1393,2026-01-27 09:57:32,248620,99520,149100,카드
1300,1399,2026-01-27 10:14:43,127490,51090,76400,현금
1301,1400,2026-01-27 10:15:23,23820,9620,14200,카드
1302,1403,2026-01-27 10:17:17,37480,15080,22400,카드
1303,1397,2026-01-27 10:17:51,29870,11970,17900,카드
1304,1398,2026-01-27 10:19:07,173650,69550,104100,카드
1305,1405,2026-01-27 10:23:32,66460,26660,39800,카드
1306,1404,2026-01-27 10:28:41,22580,9080,13500,카드
1307,1406,2026-01-27 10:32:19,46930,18830,28100,카드
1308,1402,2026-01-27 10:37:57,37550,15050,22500,카드
1309,1408,2026-01-27 10:41:07,251760,100760,151000,현금
1310,1410,2026-01-27 10:53:06,32290,12990,19300,카드
1311,1409,2026-01-27 10:54:07,26940,10840,16100,카드
1312,1411,2026-01-27 10:55:49,18500,7400,11100,카드
1313,1412,2026-01-27 10:57:03,242960,97260,145700,카드
1314,1413,2026-01-27 11:01:12,18030,7230,10800,현금
1315,1417,2026-01-27 11:01:46,24030,9630,14400,간편결제
1316,1416,2026-01-27 11:05:45,25880,10380,15500,카드
1317,1415,2026-01-27 11:12:46,33210,13310,19900,카드
1318,1419,2026-01-27 13:42:10,24950,10050,14900,현금
1319,1420,2026-01-27 13:42:12,29700,11900,17800,카드
1320,1423,2026-01-27 13:51:29,34530,13830,20700,카드
1321,1418,2026-01-27 13:57:24,19150,7750,11400,현금
1322,1444,2026-01-27 13:57:46,29290,11790,17500,카드
1323,1431,2026-01-27 14:01:18,29220,11720,17500,카드
1324,1447,2026-01-27 14:01:32,25630,10330,15300,카드
1325,1424,2026-01-27 14:03:10,41780,16780,25000,간편결제
1326,1442,2026-01-27 14:04:25,20180,8080,12100,카드
1327,1421,2026-01-27 14:07:11,39720,15920,23800,카드
1328,1437,2026-01-27 14:07:22,26040,10440,15600,간편결제
1329,1422,2026-01-27 14:08:21,285930,114430,171500,카드
1330,1426,2026-01-27 14:12:19,34560,13860,20700,카드
1331,1435,2026-01-27 14:13:19,27760,11160,16600,카드
1332,1434,2026-01-27 14:14:41,25190,10090,15100,카드
1333,1428,2026-01-27 14:14:59,264380,105780,158600,간편결제
1334,1430,2026-01-27 14:15:36,34650,13950,20700,카드
1335,1425,2026-01-27 14:20:04,20060,8060,12000,카드
1336,1446,2026-01-27 14:22:17,128800,51600,77200,카드
1337,1458,2026-01-27 14:29:30,23620,9520,14100,카드
1338,1429,2026-01-27 14:29:39,34580,13880,20700,현금
1339,1456,2026-01-27 14:30:05,141770,56770,85000,간편결제
1340,1457,2026-01-27 14:32:36,20940,8440,12500,카드
1341,1459,2026-01-27 14:37:32,43830,17630,26200,카드
1342,1448,2026-01-27 14:38:19,66160,26560,39600,카드
1343,1449,2026-01-27 14:38:28,200340,80140,120200,현금
1344,1452,2026-01-27 14:39:34,27940,11240,16700,간편결제
1345,1432,2026-01-27 14:49:30,161870,64770,97100,간편결제
1346,1436,2026-01-27 14:50:44,18720,7520,11200,카드
1347,1450,2026-01-27 14:54:40,24280,9780,14500,간편결제
1348,1461,2026-01-27 14:57:00,24460,9860,14600,카드
1349,1454,2026-01-27 15:00:40,29040,11640,17400,카드
1350,1438,2026-01-27 15:07:04,41870,16770,25100,카드
1351,1462,2026-01-27 15:08:33,220890,88390,132500,카드
1352,1439,2026-01-27 15:09:37,32700,13100,19600,카드
1353,1463,2026-01-27 15:11:11,41640,16740,24900,카드
1354,1469,2026-01-27 15:19:57,116490,46690,69800,카드
1355,1466,2026-01-27 15:20:27,29380,11780,17600,카드
1356,1465,2026-01-27 15:21:37,254310,101810,152500,카드
1357,1468,2026-01-27 15:28:46,18410,7410,11000,카드
1358,1464,2026-01-27 15:35:12,31760,12760,19000,간편결제
1359,1470,2026-01-27 15:40:44,38040,15240,22800,간편결제
1360,1441,2026-01-27 15:41:19,22640,9140,13500,카드
1361,1440,2026-01-27 15:45:24,35880,14380,21500,카드
1362,1472,2026-01-27 15:52:49,33200,13300,19900,카드
1363,1471,2026-01-27 15:54:29,39940,16040,23900,카드
1364,1443,2026-01-27 15:57:16,218170,87270,130900,카드
1365,1453,2026-01-27 16:00:26,29680,11880,17800,카드
1366,1445,2026-01-27 16:01:30,142720,57120,85600,카드
1367,1451,2026-01-27 16:10:05,22520,9020,13500,카드
1368,1455,2026-01-27 16:18:54,29520,11820,17700,카드
1369,1473,2026-01-28 09:15:28,243380,97380,146000,카드
1370,1475,2026-01-28 09:25:32,19170,7670,11500,카드
1371,1474,2026-01-28 09:27:36,20540,8240,12300,카드
1372,1477,2026-01-28 09:28:11,27430,11030,16400,카드
1373,1479,2026-01-28 09:35:39,20570,8270,12300,간편결제
1374,1476,2026-01-28 09:37:17,26430,10630,15800,카드
1375,1478,2026-01-28 09:38:25,21840,8740,13100,카드
1376,1481,2026-01-28 09:39:16,19670,7870,11800,카드
1377,1482,2026-01-28 09:48:09,28790,11590,17200,카드
1378,1486,2026-01-28 09:48:47,181140,72540,108600,카드
1379,1484,2026-01-28 09:51:34,18610,7510,11100,카드
1380,1488,2026-01-28 09:52:01,227730,91130,136600,현금
1381,1490,2026-01-28 09:56:28,30120,12120,18000,카드
1382,1483,2026-01-28 09:59:40,36320,14620,21700,카드
1383,1485,2026-01-28 10:02:46,28700,11500,17200,카드
1384,1487,2026-01-28 10:03:02,34880,13980,20900,카드
1385,1489,2026-01-28 10:05:08,41170,16470,24700,카드
1386,1491,2026-01-28 10:15:11,22970,9270,13700,카드
1387,1493,2026-01-28 10:17:23,35770,14370,21400,현금
1388,1492,2026-01-28 10:20:20,213750,85550,128200,현금
1389,1494,2026-01-28 10:26:21,18480,7480,11000,카드
1390,1496,2026-01-28 10:41:07,28770,11570,17200,간편결제
1391,1495,2026-01-28 10:41:29,24170,9670,14500,간편결제
1392,1498,2026-01-28 10:43:34,266440,106640,159800,카드
1393,1499,2026-01-28 11:24:32,28960,11660,17300,카드
1394,1501,2026-01-28 13:47:25,40690,16290,24400,카드
1395,1503,2026-01-28 13:48:45,241500,96600,144900,카드
1396,1500,2026-01-28 13:49:13,18320,7420,10900,카드
1397,1504,2026-01-28 13:57:26,18870,7570,11300,카드
1398,1502,2026-01-28 14:10:05,218100,87300,130800,카드
1399,1505,2026-01-28 14:12:55,271150,108550,162600,간편결제
1400,1508,2026-01-28 14:14:09,30030,12030,18000,카드
1401,1507,2026-01-28 14:17:13,164490,65890,98600,간편결제
1402,1506,2026-01-28 14:18:06,36000,14400,21600,카드
1403,1509,2026-01-28 14:33:40,18080,7280,10800,간편결제
1404,1510,2026-01-28 14:41:27,274060,109660,164400,현금
1405,1511,2026-01-28 14:44:50,39100,15700,23400,카드
1406,1512,2026-01-28 15:00:02,42160,16960,25200,카드
1407,1513,2026-01-28 15:10:29,171100,68500,102600,카드
1408,1515,2026-01-28 15:35:08,28030,11230,16800,카드
1409,1514,2026-01-28 15:36:55,19400,7800,11600,카드
1410,1516,2026-01-28 15:58:29,28550,11450,17100,카드
1411,1517,2026-01-28 16:06:22,25780,10380,15400,카드
1412,1529,2026-01-29 09:15:56,196780,78780,118000,현금
1413,1518,2026-01-29 09:16:04,33070,13270,19800,카드
1414,1528,2026-01-29 09:18:09,41920,16820,25100,카드
1415,1530,2026-01-29 09:18:50,74550,29850,44700,카드
1416,1527,2026-01-29 09:21:00,248870,99570,149300,간편결제
1417,1522,2026-01-29 09:22:02,26610,10710,15900,현금
1418,1519,2026-01-29 09:24:59,43700,17500,26200,카드
1419,1531,2026-01-29 09:26:58,173300,69400,103900,카드
1420,1521,2026-01-29 09:29:13,41740,16740,25000,카드
1421,1539,2026-01-29 09:34:14,30990,12490,18500,카드
1422,1520,2026-01-29 09:35:37,70260,28160,42100,현금
1423,1525,2026-01-29 09:37:46,21240,8540,12700,카드
1424,1534,2026-01-29 09:39:27,83180,33280,49900,카드
1425,1541,2026-01-29 09:40:38,22660,9160,13500,카드
1426,1524,2026-01-29 09:41:25,197250,78950,118300,카드
1427,1523,2026-01-29 09:41:57,127680,51080,76600,카드
1428,1535,2026-01-29 09:42:57,32230,12930,19300,카드
1429,1543,2026-01-29 09:47:17,38510,15410,23100,카드
1430,1538,2026-01-29 09:53:25,21040,8440,12600,간편결제
1431,1544,2026-01-29 09:55:21,21430,8630,12800,간편결제
1432,1536,2026-01-29 10:01:47,19690,7890,11800,카드
1433,1526,2026-01-29 10:02:16,32640,13140,19500,카드
1434,1546,2026-01-29 10:02:44,24530,9830,14700,카드
1435,1532,2026-01-29 10:02:58,32300,13000,19300,카드
1436,1537,2026-01-29 10:13:28,28170,11270,16900,카드
1437,1533,2026-01-29 10:17:24,238800,95600,143200,카드
1438,1550,2026-01-29 10:18:15,125310,50210,75100,카드
1439,1540,2026-01-29 10:22:16,31220,12520,18700,현금
1440,1547,2026-01-29 10:31:04,28190,11290,16900,카드
1441,1542,2026-01-29 10:32:42,39470,15870,23600,카드
1442,1545,2026-01-29 10:32:44,199980,80080,119900,카드
1443,1552,2026-01-29 10:40:49,154270,61770,92500,카드
1444,1549,2026-01-29 10:47:44,23580,9480,14100,간편결제
1445,1553,2026-01-29 10:49:36,38150,15350,22800,카드
1446,1551,2026-01-29 10:54:16,22940,9240,13700,카드
1447,1554,2026-01-29 10:59:03,34340,13740,20600,카드
1448,1555,2026-01-29 11:01:11,240500,96200,144300,카드
1449,1556,2026-01-29 11:18:36,31780,12780,19000,카드
1450,1557,2026-01-29 13:40:19,20360,8160,12200,간편결제
1451,1558,2026-01-29 13:43:06,29350,11750,17600,카드
1452,1570,2026-01-29 13:45:44,41860,16760,25100,간편결제
1453,1559,2026-01-29 13:52:04,21950,8850,13100,간편결제
1454,1563,2026-01-29 13:54:31,19720,7920,11800,카드
1455,1561,2026-01-29 13:54:52,27910,11210,16700,카드
1456,1567,2026-01-29 13:58:11,33210,13310,19900,카드
1457,1582,2026-01-29 13:58:15,253640,101540,152100,카드
1458,1560,2026-01-29 14:00:44,26610,10710,15900,간편결제
1459,1578,2026-01-29 14:02:34,28350,11350,17000,카드
1460,1576,2026-01-29 14:04:15,59100,23700,35400,현금
1461,1565,2026-01-29 14:09:29,29980,12080,17900,카드
1462,1562,2026-01-29 14:10:42,62290,24990,37300,간편결제
1463,1586,2026-01-29 14:11:13,18940,7640,11300,카드
1464,1585,2026-01-29 14:12:36,221140,88540,132600,간편결제
1465,1566,2026-01-29 14:14:11,23000,9200,13800,간편결제
1466,1584,2026-01-29 14:14:34,154510,61810,92700,카드
1467,1580,2026-01-29 14:21:04,37660,15160,22500,현금
1468,1572,2026-01-29 14:21:59,149440,59840,89600,카드
1469,1571,2026-01-29 14:27:00,35180,14080,21100,카드
1470,1568,2026-01-29 14:30:49,127610,51110,76500,카드
1471,1590,2026-01-29 14:32:34,28050,11250,16800,카드
1472,1577,2026-01-29 14:36:31,72700,29100,43600,카드
1473,1569,2026-01-29 14:38:29,172160,68960,103200,카드
1474,1591,2026-01-29 14:40:14,177250,70950,106300,카드
1475,1573,2026-01-29 14:43:21,33740,13540,20200,카드
1476,1592,2026-01-29 14:47:31,44150,17750,26400,카드
1477,1589,2026-01-29 14:48:01,54990,22090,32900,카드
1478,1575,2026-01-29 14:49:53,40290,16190,24100,카드
1479,1600,2026-01-29 14:50:41,182830,73230,109600,카드
1480,1579,2026-01-29 14:50:58,18800,7600,11200,간편결제
1481,1596,2026-01-29 14:54:39,28020,11220,16800,카드
1482,1574,2026-01-29 15:00:16,24520,9820,14700,카드
1483,1597,2026-01-29 15:07:16,80120,32120,48000,카드
1484,1601,2026-01-29 15:09:27,175460,70260,105200,간편결제
1485,1598,2026-01-29 15:15:25,21100,8500,12600,카드
1486,1599,2026-01-29 15:18:14,29410,11810,17600,카드
1487,1581,2026-01-29 15:18:52,33440,13440,20000,카드
1488,1587,2026-01-29 15:22:47,72220,28920,43300,카드
1489,1583,2026-01-29 15:27:54,18460,7460,11000,카드
1490,1603,2026-01-29 15:32:59,34200,13700,20500,카드
1491,1605,2026-01-29 15:35:34,27820,11220,16600,카드
1492,1602,2026-01-29 15:36:12,42170,16870,25300,카드
1493,1588,2026-01-29 15:39:26,26730,10730,16000,카드
1494,1594,2026-01-29 15:45:54,30280,12180,18100,카드
1495,1593,2026-01-29 15:48:29,205480,82280,123200,현금
1496,1595,2026-01-29 15:59:59,213000,85200,127800,현금
1497,1604,2026-01-29 16:16:10,29100,11700,17400,카드
1498,1610,2026-01-30 09:15:00,35270,14170,21100,카드
1499,1607,2026-01-30 09:18:51,33610,13510,20100,간편결제
1500,1606,2026-01-30 09:27:46,26500,10600,15900,카드
1501,1611,2026-01-30 09:39:28,19800,8000,11800,현금
1502,1609,2026-01-30 09:42:57,19530,7830,11700,카드
1503,1608,2026-01-30 09:44:23,33930,13630,20300,카드
1504,1612,2026-01-30 09:51:49,37910,15210,22700,카드
1505,1614,2026-01-30 10:06:35,20920,8420,12500,카드
1506,1615,2026-01-30 10:17:23,188340,75340,113000,카드
1507,1616,2026-01-30 10:21:13,25520,10220,15300,카드
1508,1617,2026-01-30 11:14:54,19770,7970,11800,카드
1509,1619,2026-01-30 13:41:51,65470,26270,39200,간편결제
1510,1618,2026-01-30 13:43:35,24530,9830,14700,카드
1511,1622,2026-01-30 13:46:33,44320,17820,26500,카드
1512,1620,2026-01-30 13:58:41,36610,14710,21900,카드
1513,1624,2026-01-30 13:59:03,24680,9880,14800,카드
1514,1629,2026-01-30 14:06:13,29690,11890,17800,카드
1515,1623,2026-01-30 14:06:47,34230,13730,20500,카드
1516,1626,2026-01-30 14:09:18,28430,11430,17000,카드
1517,1632,2026-01-30 14:09:28,29250,11750,17500,카드
1518,1631,2026-01-30 14:09:55,188400,75400,113000,카드
1519,1628,2026-01-30 14:10:29,92120,36920,55200,간편결제
1520,1627,2026-01-30 14:10:46,34990,14090,20900,카드
1521,1625,2026-01-30 14:14:28,21430,8630,12800,카드
1522,1634,2026-01-30 14:23:18,22840,9140,13700,카드
1523,1630,2026-01-30 14:34:30,31940,12840,19100,카드
1524,1633,2026-01-30 14:44:17,29340,11740,17600,카드
1525,1635,2026-01-30 14:51:07,31420,12620,18800,카드
1526,1639,2026-01-30 14:54:59,195190,78090,117100,카드
1527,1636,2026-01-30 14:56:01,37290,14990,22300,카드
1528,1637,2026-01-30 15:06:44,43770,17570,26200,카드
1529,1638,2026-01-30 15:10:34,29630,11930,17700,카드
1530,1640,2026-01-30 15:22:14,20070,8070,12000,간편결제
1531,1645,2026-02-02 09:13:42,28450,11450,17000,카드
1532,1648,2026-02-02 09:15:17,29950,12050,17900,현금
1533,1642,2026-02-02 09:18:59,28910,11610,17300,카드
1534,1644,2026-02-02 09:19:35,19040,7640,11400,카드
1535,1646,2026-02-02 09:28:04,32810,13210,19600,현금
1536,1641,2026-02-02 09:29:30,143690,57490,86200,카드
1537,1643,2026-02-02 09:30:53,80430,32230,48200,간편결제
1538,1649,2026-02-02 09:35:00,132390,52990,79400,카드
1539,1660,2026-02-02 09:35:11,277730,111130,166600,카드
1540,1658,2026-02-02 09:37:24,29820,12020,17800,간편결제
1541,1647,2026-02-02 09:38:53,41730,16730,25000,카드
1542,1654,2026-02-02 09:40:50,189410,75810,113600,간편결제
1543,1653,2026-02-02 09:41:36,117260,46960,70300,카드
1544,1667,2026-02-02 09:41:49,171670,68670,103000,카드
1545,1651,2026-02-02 09:46:09,37510,15010,22500,카드
1546,1670,2026-02-02 09:46:13,49430,19830,29600,간편결제
1547,1652,2026-02-02 09:47:35,33540,13440,20100,카드
1548,1655,2026-02-02 09:54:31,34830,14030,20800,카드
1549,1666,2026-02-02 09:57:42,195510,78210,117300,간편결제
1550,1656,2026-02-02 09:59:56,258500,103400,155100,카드
1551,1657,2026-02-02 10:00:02,29230,11730,17500,카드
1552,1662,2026-02-02 10:01:16,41850,16750,25100,카드
1553,1682,2026-02-02 10:05:30,188720,75520,113200,카드
1554,1679,2026-02-02 10:06:11,29840,11940,17900,간편결제
1555,1661,2026-02-02 10:07:54,152970,61270,91700,카드
1556,1663,2026-02-02 10:13:40,34060,13660,20400,간편결제
1557,1659,2026-02-02 10:15:51,43410,17410,26000,간편결제
1558,1674,2026-02-02 10:16:04,146760,58760,88000,카드
1559,1665,2026-02-02 10:16:47,29650,11950,17700,현금
1560,1664,2026-02-02 10:18:45,23630,9530,14100,카드
1561,1675,2026-02-02 10:20:18,41770,16770,25000,카드
1562,1676,2026-02-02 10:21:08,28400,11400,17000,카드
1563,1668,2026-02-02 10:26:03,198490,79490,119000,카드
1564,1671,2026-02-02 10:29:40,26740,10740,16000,카드
1565,1669,2026-02-02 10:30:04,258320,103420,154900,카드
1566,1680,2026-02-02 10:30:39,26300,10600,15700,카드
1567,1690,2026-02-02 10:32:29,51020,20420,30600,카드
1568,1683,2026-02-02 10:37:59,29710,11910,17800,카드
1569,1681,2026-02-02 10:41:36,41440,16640,24800,현금
1570,1672,2026-02-02 10:41:37,188350,75350,113000,현금
1571,1673,2026-02-02 10:43:50,23520,9420,14100,현금
1572,1686,2026-02-02 10:44:07,72150,28950,43200,카드
1573,1678,2026-02-02 10:45:02,18640,7540,11100,카드
1574,1684,2026-02-02 10:46:30,62560,25060,37500,카드
1575,1685,2026-02-02 10:46:38,37740,15140,22600,카드
1576,1693,2026-02-02 10:48:15,21830,8830,13000,카드
1577,1687,2026-02-02 10:54:38,175720,70320,105400,카드
1578,1689,2026-02-02 10:55:42,25750,10350,15400,카드
1579,1691,2026-02-02 10:57:06,28980,11680,17300,카드
1580,1694,2026-02-02 11:04:43,23060,9260,13800,카드
1581,1696,2026-02-02 11:14:37,23810,9610,14200,간편결제
1582,1695,2026-02-02 11:16:34,26090,10490,15600,카드
1583,1692,2026-02-02 11:18:59,19200,7700,11500,현금
1584,1698,2026-02-02 13:43:11,100750,40350,60400,카드
1585,1708,2026-02-02 13:44:57,43020,17220,25800,카드
1586,1699,2026-02-02 13:50:37,271480,108680,162800,카드
1587,1716,2026-02-02 13:52:10,28810,11610,17200,카드
1588,1702,2026-02-02 13:52:26,34130,13730,20400,간편결제
1589,1701,2026-02-02 13:57:46,191410,76610,114800,카드
1590,1707,2026-02-02 13:58:14,22740,9140,13600,카드
1591,1700,2026-02-02 13:59:33,157450,63050,94400,카드
1592,1723,2026-02-02 14:02:59,218850,87550,131300,현금
1593,1704,2026-02-02 14:03:54,50260,20160,30100,카드
1594,1714,2026-02-02 14:04:33,166750,66750,100000,간편결제
1595,1722,2026-02-02 14:05:56,20690,8290,12400,현금
1596,1712,2026-02-02 14:10:43,169890,67990,101900,카드
1597,1721,2026-02-02 14:11:04,31170,12470,18700,카드
1598,1715,2026-02-02 14:16:34,50330,20230,30100,카드
1599,1710,2026-02-02 14:16:38,136610,54710,81900,카드
1600,1726,2026-02-02 14:17:29,198140,79340,118800,현금
1601,1733,2026-02-02 14:21:36,41430,16630,24800,카드
1602,1705,2026-02-02 14:24:43,98240,39340,58900,카드
1603,1703,2026-02-02 14:26:39,37090,14890,22200,현금
1604,1709,2026-02-02 14:30:50,32510,13010,19500,카드
1605,1718,2026-02-02 14:31:17,18960,7660,11300,카드
1606,1706,2026-02-02 14:34:36,70980,28480,42500,카드
1607,1717,2026-02-02 14:35:10,28280,11380,16900,간편결제
1608,1713,2026-02-02 14:36:17,18730,7530,11200,카드
1609,1731,2026-02-02 14:37:46,27970,11270,16700,카드
1610,1720,2026-02-02 14:42:16,32570,13070,19500,간편결제
1611,1719,2026-02-02 14:43:59,38190,15290,22900,카드
1612,1730,2026-02-02 14:47:39,99510,39810,59700,간편결제
1613,1736,2026-02-02 14:57:15,22100,8900,13200,카드
1614,1734,2026-02-02 15:02:28,181980,72880,109100,카드
1615,1724,2026-02-02 15:05:19,43450,17450,26000,카드
1616,1738,2026-02-02 15:05:32,44800,18000,26800,카드
1617,1737,2026-02-02 15:07:44,28300,11400,16900,카드
1618,1725,2026-02-02 15:14:44,22480,9080,13400,카드
1619,1741,2026-02-02 15:16:18,31060,12460,18600,카드
1620,1727,2026-02-02 15:18:14,24720,9920,14800,카드
1621,1744,2026-02-02 15:20:26,22710,9110,13600,카드
1622,1750,2026-02-02 15:22:41,29140,11740,17400,카드
1623,1740,2026-02-02 15:23:10,134800,54000,80800,카드
1624,1732,2026-02-02 15:25:09,30640,12340,18300,카드
1625,1735,2026-02-02 15:26:08,23380,9380,14000,카드
1626,1742,2026-02-02 15:26:45,29370,11770,17600,간편결제
1627,1739,2026-02-02 15:27:32,35010,14010,21000,카드
1628,1752,2026-02-02 15:30:15,30710,12310,18400,카드
1629,1746,2026-02-02 15:30:26,28290,11390,16900,카드
1630,1755,2026-02-02 15:38:07,138000,55200,82800,카드
1631,1745,2026-02-02 15:44:10,22770,9170,13600,카드
1632,1743,2026-02-02 15:48:58,33040,13240,19800,현금
1633,1748,2026-02-02 15:50:42,42600,17100,25500,카드
1634,1747,2026-02-02 15:51:07,19840,7940,11900,카드
1635,1751,2026-02-02 15:57:30,146460,58660,87800,카드
1636,1749,2026-02-02 16:03:57,28730,11530,17200,카드
1637,1757,2026-02-02 16:11:29,27280,10980,16300,카드
1638,1753,2026-02-02 16:13:45,31410,12610,18800,카드
1639,1754,2026-02-02 16:14:25,30810,12410,18400,카드
1640,1756,2026-02-02 16:22:47,228510,91410,137100,간편결제
1641,1762,2026-02-03 09:13:40,28130,11330,16800,카드
1642,1764,2026-02-03 09:13:46,24000,9600,14400,카드
1643,1771,2026-02-03 09:20:21,23530,9430,14100,카드
1644,1758,2026-02-03 09:24:01,29350,11750,17600,카드
1645,1763,2026-02-03 09:25:15,106960,42860,64100,카드
1646,1775,2026-02-03 09:26:29,29000,11600,17400,카드
1647,1770,2026-02-03 09:26:54,29720,11920,17800,카드
1648,1759,2026-02-03 09:26:57,29850,11950,17900,카드
1649,1766,2026-02-03 09:30:19,44720,17920,26800,카드
1650,1768,2026-02-03 09:33:01,19880,7980,11900,카드
1651,1765,2026-02-03 09:33:38,28350,11350,17000,카드
1652,1780,2026-02-03 09:35:51,40100,16100,24000,카드
1653,1772,2026-02-03 09:40:01,202060,80860,121200,카드
1654,1767,2026-02-03 09:42:09,29330,11830,17500,간편결제
1655,1776,2026-02-03 09:42:55,233790,93590,140200,카드
1656,1769,2026-02-03 09:43:00,67760,27160,40600,카드
1657,1761,2026-02-03 09:44:45,20760,8360,12400,카드
1658,1781,2026-02-03 09:45:51,18940,7640,11300,카드
1659,1782,2026-02-03 09:53:39,28320,11420,16900,카드
1660,1783,2026-02-03 09:59:36,40450,16250,24200,카드
1661,1791,2026-02-03 10:02:01,28880,11580,17300,카드
1662,1792,2026-02-03 10:06:13,198050,79250,118800,카드
1663,1788,2026-02-03 10:06:20,19470,7870,11600,간편결제
1664,1786,2026-02-03 10:08:03,20130,8130,12000,카드
1665,1795,2026-02-03 10:08:17,193380,77380,116000,카드
1666,1789,2026-02-03 10:15:43,19290,7790,11500,카드
1667,1777,2026-02-03 10:19:03,58220,23320,34900,카드
1668,1784,2026-02-03 10:19:49,29670,11870,17800,간편결제
1669,1790,2026-02-03 10:21:10,43460,17460,26000,간편결제
1670,1774,2026-02-03 10:21:14,35980,14480,21500,카드
1671,1793,2026-02-03 10:27:48,42340,16940,25400,카드
1672,1797,2026-02-03 10:42:46,23130,9330,13800,현금
1673,1778,2026-02-03 10:44:27,38500,15400,23100,카드
1674,1799,2026-02-03 10:45:34,67940,27240,40700,카드
1675,1779,2026-02-03 10:51:28,132260,52960,79300,카드
1676,1800,2026-02-03 10:58:49,21170,8470,12700,카드
1677,1803,2026-02-03 10:59:42,33180,13280,19900,카드
1678,1787,2026-02-03 11:02:32,21430,8630,12800,카드
1679,1785,2026-02-03 11:02:40,26260,10560,15700,카드
1680,1801,2026-02-03 11:07:57,20030,8030,12000,카드
1681,1794,2026-02-03 11:08:52,81300,32600,48700,카드
1682,1798,2026-02-03 11:09:55,196560,78660,117900,카드
1683,1804,2026-02-03 11:15:50,22090,8890,13200,카드
1684,1802,2026-02-03 11:18:48,37420,15020,22400,카드
1685,1805,2026-02-03 11:34:03,30360,12160,18200,간편결제
1686,1806,2026-02-03 12:00:32,175430,70230,105200,카드
1687,1807,2026-02-03 13:49:20,27590,11090,16500,간편결제
1688,1822,2026-02-03 13:51:34,37580,15080,22500,카드
1689,1809,2026-02-03 13:57:45,31830,12830,19000,간편결제
1690,1810,2026-02-03 13:58:29,138050,55250,82800,카드
1691,1819,2026-02-03 14:01:03,82590,33090,49500,카드
1692,1820,2026-02-03 14:01:40,213640,85540,128100,현금
1693,1813,2026-02-03 14:02:12,145890,58390,87500,카드
1694,1811,2026-02-03 14:07:08,35140,14140,21000,카드
1695,1815,2026-02-03 14:08:29,36570,14670,21900,간편결제
1696,1808,2026-02-03 14:08:40,33840,13540,20300,카드
1697,1812,2026-02-03 14:12:05,41160,16560,24600,카드
1698,1829,2026-02-03 14:12:17,91750,36750,55000,카드
1699,1818,2026-02-03 14:12:37,112550,45050,67500,카드
1700,1827,2026-02-03 14:15:02,28890,11590,17300,카드
1701,1823,2026-02-03 14:16:58,132520,53020,79500,카드
1702,1824,2026-02-03 14:17:42,130320,52220,78100,카드
1703,1826,2026-02-03 14:17:47,24180,9680,14500,카드
1704,1831,2026-02-03 14:23:10,35320,14220,21100,카드
1705,1816,2026-02-03 14:23:37,29210,11710,17500,카드
1706,1832,2026-02-03 14:27:20,131190,52490,78700,카드
1707,1833,2026-02-03 14:27:27,44900,18000,26900,카드
1708,1825,2026-02-03 14:30:10,21790,8790,13000,카드
1709,1814,2026-02-03 14:35:22,35050,14050,21000,카드
1710,1821,2026-02-03 14:35:42,35840,14340,21500,간편결제
1711,1840,2026-02-03 14:37:15,27690,11090,16600,간편결제
1712,1841,2026-02-03 14:37:50,38630,15530,23100,카드
1713,1835,2026-02-03 14:38:01,25240,10140,15100,카드
1714,1838,2026-02-03 14:39:58,24950,10050,14900,카드
1715,1817,2026-02-03 14:40:50,29940,12040,17900,카드
1716,1837,2026-02-03 14:41:07,24460,9860,14600,간편결제
1717,1828,2026-02-03 14:44:25,214630,85930,128700,카드
1718,1830,2026-02-03 14:49:04,124930,50030,74900,카드
1719,1834,2026-02-03 14:51:19,220930,88430,132500,간편결제
1720,1843,2026-02-03 14:54:01,39420,15820,23600,카드
1721,1836,2026-02-03 14:58:55,20670,8270,12400,카드
1722,1844,2026-02-03 15:01:36,18510,7410,11100,카드
1723,1839,2026-02-03 15:03:29,18760,7560,11200,카드
1724,1842,2026-02-03 15:09:05,18610,7510,11100,현금
1725,1847,2026-02-03 15:10:35,109240,43740,65500,카드
1726,1845,2026-02-03 15:14:13,109210,43710,65500,카드
1727,1848,2026-02-03 15:19:33,27930,11230,16700,카드
1728,1853,2026-02-03 15:22:04,29780,11980,17800,간편결제
1729,1849,2026-02-03 15:24:19,28390,11390,17000,간편결제
1730,1854,2026-02-03 15:24:29,197350,78950,118400,현금
1731,1851,2026-02-03 15:30:40,269720,107920,161800,카드
1732,1850,2026-02-03 15:31:24,33120,13320,19800,카드
1733,1852,2026-02-03 15:44:08,43350,17350,26000,카드
1734,1857,2026-02-03 15:53:38,219250,87750,131500,카드
1735,1856,2026-02-03 15:58:57,23390,9390,14000,카드
1736,1855,2026-02-03 16:00:20,23520,9420,14100,간편결제
1737,1862,2026-02-04 09:23:45,157320,63020,94300,카드
1738,1860,2026-02-04 09:23:57,29410,11810,17600,카드
1739,1864,2026-02-04 09:28:14,30510,12210,18300,현금
1740,1863,2026-02-04 09:28:30,19090,7690,11400,카드
1741,1858,2026-02-04 09:33:10,33920,13620,20300,간편결제
1742,1869,2026-02-04 09:33:29,19620,7920,11700,카드
1743,1866,2026-02-04 09:34:42,18530,7430,11100,간편결제
1744,1859,2026-02-04 09:38:55,20890,8390,12500,간편결제
1745,1870,2026-02-04 09:39:41,28490,11490,17000,현금
1746,1867,2026-02-04 09:45:08,18050,7250,10800,카드
1747,1868,2026-02-04 09:48:41,107170,42870,64300,간편결제
1748,1861,2026-02-04 09:49:23,31850,12750,19100,간편결제
1749,1873,2026-02-04 09:52:15,251470,100670,150800,카드
1750,1871,2026-02-04 09:52:33,21780,8780,13000,카드
1751,1876,2026-02-04 09:56:14,247120,98920,148200,간편결제
1752,1874,2026-02-04 10:00:53,274120,109720,164400,카드
1753,1872,2026-02-04 10:06:47,31130,12530,18600,카드
1754,1875,2026-02-04 10:09:49,96700,38700,58000,카드
1755,1880,2026-02-04 10:16:11,82270,32970,49300,카드
1756,1877,2026-02-04 10:20:04,39730,15930,23800,간편결제
1757,1879,2026-02-04 10:21:05,75620,30320,45300,카드
1758,1878,2026-02-04 10:28:59,143640,57540,86100,카드
1759,1881,2026-02-04 11:29:43,37390,14990,22400,카드
1760,1887,2026-02-04 13:41:45,23590,9490,14100,카드
1761,1882,2026-02-04 13:52:07,166100,66500,99600,카드
1762,1884,2026-02-04 14:00:51,35870,14370,21500,카드
1763,1883,2026-02-04 14:03:08,102140,40940,61200,카드
1764,1893,2026-02-04 14:11:36,41410,16610,24800,간편결제
1765,1885,2026-02-04 14:20:07,23260,9360,13900,카드
1766,1895,2026-02-04 14:22:28,84080,33680,50400,간편결제
1767,1896,2026-02-04 14:26:13,123790,49590,74200,현금
1768,1897,2026-02-04 14:26:25,22050,8850,13200,카드
1769,1886,2026-02-04 14:32:36,28160,11360,16800,카드
1770,1888,2026-02-04 14:37:55,147580,59080,88500,간편결제
1771,1889,2026-02-04 14:41:52,21680,8680,13000,카드
1772,1898,2026-02-04 14:45:37,38840,15540,23300,카드
1773,1890,2026-02-04 14:51:10,60300,24200,36100,카드
1774,1891,2026-02-04 15:02:13,27040,10840,16200,카드
1775,1892,2026-02-04 15:03:33,41500,16600,24900,카드
1776,1894,2026-02-04 15:06:43,194860,77960,116900,카드
1777,1899,2026-02-04 15:31:59,18510,7410,11100,카드
1778,1900,2026-02-04 15:43:58,30520,12220,18300,카드
1779,1906,2026-02-05 09:23:32,40080,16080,24000,카드
1780,1908,2026-02-05 09:24:06,35600,14300,21300,카드
1781,1904,2026-02-05 09:25:44,25980,10480,15500,카드
1782,1901,2026-02-05 09:26:45,30730,12330,18400,카드
1783,1903,2026-02-05 09:35:04,34650,13950,20700,카드
1784,1907,2026-02-05 09:37:20,83940,33640,50300,현금
1785,1911,2026-02-05 09:40:16,111490,44690,66800,간편결제
1786,1918,2026-02-05 09:41:23,151340,60540,90800,간편결제
1787,1909,2026-02-05 09:42:37,218200,87300,130900,카드
1788,1912,2026-02-05 09:43:59,23410,9410,14000,카드
1789,1905,2026-02-05 09:44:00,31010,12410,18600,카드
1790,1910,2026-02-05 09:48:59,20060,8060,12000,카드
1791,1927,2026-02-05 09:58:19,24060,9660,14400,카드
1792,1914,2026-02-05 09:59:25,132690,53090,79600,카드
1793,1913,2026-02-05 10:02:49,136760,54760,82000,카드
1794,1915,2026-02-05 10:12:14,275700,110300,165400,카드
1795,1919,2026-02-05 10:15:33,123690,49490,74200,카드
1796,1920,2026-02-05 10:17:07,78200,31300,46900,카드
1797,1921,2026-02-05 10:25:08,41550,16650,24900,카드
1798,1924,2026-02-05 10:27:34,116500,46600,69900,카드
1799,1925,2026-02-05 10:29:07,22290,8990,13300,카드
1800,1922,2026-02-05 10:30:49,28990,11690,17300,카드
1801,1923,2026-02-05 10:34:48,22260,8960,13300,간편결제
1802,1929,2026-02-05 10:39:28,37220,14920,22300,간편결제
1803,1926,2026-02-05 10:47:43,28520,11420,17100,카드
1804,1935,2026-02-05 10:48:07,29260,11760,17500,현금
1805,1931,2026-02-05 10:53:39,27380,10980,16400,카드
1806,1928,2026-02-05 10:58:15,26510,10610,15900,카드
1807,1934,2026-02-05 10:59:17,253780,101580,152200,카드
1808,1930,2026-02-05 11:00:24,44860,17960,26900,간편결제
1809,1933,2026-02-05 11:05:09,39150,15750,23400,간편결제
1810,1932,2026-02-05 11:10:40,111030,44430,66600,간편결제
1811,1936,2026-02-05 11:16:40,19830,8030,11800,카드
1812,1937,2026-02-05 11:22:41,92650,37150,55500,카드
1813,1938,2026-02-05 11:35:22,146910,58810,88100,카드
1814,1941,2026-02-05 13:45:11,23470,9470,14000,간편결제
1815,1942,2026-02-05 13:45:21,55160,22160,33000,카드
1816,1951,2026-02-05 13:48:49,26790,10790,16000,카드
1817,1954,2026-02-05 13:49:21,250890,100390,150500,카드
1818,1947,2026-02-05 13:57:44,19250,7750,11500,카드
1819,1943,2026-02-05 14:01:50,259740,103940,155800,카드
1820,1948,2026-02-05 14:01:58,255400,102200,153200,카드
1821,1950,2026-02-05 14:03:58,34050,13650,20400,카드
1822,1940,2026-02-05 14:04:01,39980,16080,23900,카드
1823,1945,2026-02-05 14:04:24,33070,13270,19800,카드
1824,1946,2026-02-05 14:06:42,91720,36720,55000,카드
1825,1949,2026-02-05 14:07:24,27620,11120,16500,카드
1826,1955,2026-02-05 14:14:19,38180,15280,22900,카드
1827,1944,2026-02-05 14:16:25,42330,17030,25300,카드
1828,1961,2026-02-05 14:17:23,20000,8000,12000,간편결제
1829,1952,2026-02-05 14:22:26,245680,98280,147400,카드
1830,1956,2026-02-05 14:22:58,42010,16810,25200,카드
1831,1953,2026-02-05 14:24:09,33210,13310,19900,현금
1832,1962,2026-02-05 14:32:01,25770,10370,15400,간편결제
1833,1958,2026-02-05 14:34:26,42630,17130,25500,카드
1834,1965,2026-02-05 14:36:29,276460,110660,165800,카드
1835,1957,2026-02-05 14:37:38,25620,10320,15300,카드
1836,1967,2026-02-05 14:38:44,35060,14060,21000,카드
1837,1968,2026-02-05 14:39:21,19760,7960,11800,카드
1838,1959,2026-02-05 14:41:34,27520,11020,16500,카드
1839,1966,2026-02-05 14:43:43,22450,9050,13400,카드
1840,1960,2026-02-05 14:48:23,31870,12770,19100,카드
1841,1969,2026-02-05 14:57:22,21190,8490,12700,카드
1842,1963,2026-02-05 14:59:46,35580,14280,21300,카드
1843,1973,2026-02-05 15:00:03,22030,8830,13200,카드
1844,1964,2026-02-05 15:22:59,28340,11340,17000,현금
1845,1970,2026-02-05 15:36:49,44430,17830,26600,카드
1846,1971,2026-02-05 15:42:12,114070,45670,68400,카드
1847,1972,2026-02-05 15:49:59,28730,11530,17200,카드
1848,1977,2026-02-05 15:53:58,29150,11750,17400,카드
1849,1974,2026-02-05 16:02:53,157960,63260,94700,카드
1850,1976,2026-02-05 16:21:08,27850,11150,16700,현금
1851,1975,2026-02-05 16:22:09,39010,15610,23400,카드
1852,1980,2026-02-06 09:14:27,23540,9440,14100,카드
1853,1983,2026-02-06 09:20:45,29830,12030,17800,카드
1854,1981,2026-02-06 09:21:16,194050,77650,116400,카드
1855,1986,2026-02-06 09:22:45,120760,48360,72400,카드
1856,1978,2026-02-06 09:23:10,26010,10410,15600,카드
1857,1984,2026-02-06 09:25:14,29580,11880,17700,카드
1858,1979,2026-02-06 09:29:33,189690,75890,113800,카드
1859,1987,2026-02-06 09:32:54,96190,38490,57700,현금
1860,1985,2026-02-06 09:35:27,26000,10400,15600,카드
1861,1982,2026-02-06 09:39:31,99170,39670,59500,카드
1862,1988,2026-02-06 10:05:31,43140,17340,25800,간편결제
1863,1989,2026-02-06 10:10:09,29870,11970,17900,카드
1864,1992,2026-02-06 10:15:12,26270,10570,15700,카드
1865,1991,2026-02-06 10:30:49,24690,9890,14800,카드
1866,1990,2026-02-06 10:32:20,42510,17010,25500,카드
1867,1994,2026-02-06 10:35:39,219020,87620,131400,카드
1868,1993,2026-02-06 10:46:28,27770,11170,16600,카드
1869,1995,2026-02-06 13:37:03,20490,8290,12200,카드
1870,1997,2026-02-06 13:53:46,20700,8300,12400,간편결제
1871,2001,2026-02-06 13:54:50,214370,85770,128600,카드
1872,1999,2026-02-06 13:56:40,228990,91690,137300,간편결제
1873,1996,2026-02-06 13:59:00,24050,9650,14400,카드
1874,1998,2026-02-06 14:03:43,86680,34680,52000,카드
1875,2002,2026-02-06 14:04:47,108050,43250,64800,카드
1876,2003,2026-02-06 14:09:37,233960,93660,140300,카드
1877,2004,2026-02-06 14:22:08,254040,101640,152400,카드
1878,2013,2026-02-06 14:23:32,23180,9280,13900,카드
1879,2005,2026-02-06 14:24:40,25350,10150,15200,카드
1880,2010,2026-02-06 14:26:00,256490,102690,153800,카드
1881,2009,2026-02-06 14:28:13,23550,9450,14100,카드
1882,2011,2026-02-06 14:32:47,187850,75150,112700,카드
1883,2006,2026-02-06 14:34:13,238330,95430,142900,카드
1884,2012,2026-02-06 14:37:46,27840,11140,16700,간편결제
1885,2014,2026-02-06 15:05:45,24350,9750,14600,간편결제
1886,2017,2026-02-06 15:08:23,34660,13960,20700,카드
1887,2015,2026-02-06 15:17:00,148400,59400,89000,간편결제
1888,2016,2026-02-06 15:26:11,39760,15960,23800,카드
1889,2018,2026-02-09 09:13:51,164190,65690,98500,카드
1890,2019,2026-02-09 09:18:31,29880,11980,17900,간편결제
1891,2022,2026-02-09 09:19:45,34790,13990,20800,카드
1892,2020,2026-02-09 09:22:10,28080,11280,16800,카드
1893,2021,2026-02-09 09:23:08,154320,61820,92500,카드
1894,2029,2026-02-09 09:26:46,111050,44450,66600,카드
1895,2028,2026-02-09 09:33:05,39720,15920,23800,카드
1896,2040,2026-02-09 09:35:10,26800,10800,16000,간편결제
1897,2036,2026-02-09 09:36:24,26810,10810,16000,카드
1898,2023,2026-02-09 09:36:24,34610,13910,20700,간편결제
1899,2033,2026-02-09 09:41:14,28960,11660,17300,카드
1900,2030,2026-02-09 09:41:48,111150,44550,66600,카드
1901,2045,2026-02-09 09:46:43,246190,98490,147700,간편결제
1902,2050,2026-02-09 09:53:25,24450,9850,14600,간편결제
1903,2035,2026-02-09 09:53:27,19720,7920,11800,카드
1904,2025,2026-02-09 09:53:53,27280,10980,16300,카드
1905,2024,2026-02-09 09:58:17,28930,11630,17300,카드
1906,2026,2026-02-09 10:05:22,25920,10420,15500,간편결제
1907,2037,2026-02-09 10:06:55,35640,14340,21300,간편결제
1908,2027,2026-02-09 10:09:16,29540,11840,17700,카드
1909,2039,2026-02-09 10:13:35,124000,49600,74400,카드
1910,2031,2026-02-09 10:23:15,30990,12490,18500,카드
1911,2059,2026-02-09 10:27:20,25290,10190,15100,카드
1912,2054,2026-02-09 10:28:33,41260,16560,24700,카드
1913,2046,2026-02-09 10:30:37,34080,13680,20400,카드
1914,2052,2026-02-09 10:31:17,251900,100800,151100,카드
1915,2041,2026-02-09 10:33:36,253550,101450,152100,카드
1916,2034,2026-02-09 10:36:26,109800,44000,65800,카드
1917,2055,2026-02-09 10:41:06,20700,8300,12400,카드
1918,2048,2026-02-09 10:51:23,32270,12970,19300,카드
1919,2038,2026-02-09 10:51:26,256810,102810,154000,카드
1920,2042,2026-02-09 10:52:14,37110,14910,22200,카드
1921,2049,2026-02-09 10:54:42,20750,8350,12400,카드
1922,2056,2026-02-09 10:59:39,29740,11940,17800,카드
1923,2063,2026-02-09 11:01:08,41270,16570,24700,카드
1924,2043,2026-02-09 11:01:20,22720,9120,13600,카드
1925,2051,2026-02-09 11:05:58,162970,65270,97700,카드
1926,2047,2026-02-09 11:11:03,27730,11130,16600,현금
1927,2060,2026-02-09 11:18:17,26740,10740,16000,현금
1928,2064,2026-02-09 11:19:49,33630,13530,20100,카드
1929,2062,2026-02-09 11:21:44,29830,12030,17800,카드
1930,2057,2026-02-09 11:22:20,21650,8750,12900,간편결제
1931,2066,2026-02-09 11:22:40,36600,14700,21900,카드
1932,2058,2026-02-09 11:23:44,28700,11500,17200,간편결제
1933,2053,2026-02-09 11:27:25,42670,17070,25600,간편결제
1934,2065,2026-02-09 11:28:40,21930,8830,13100,카드
1935,2068,2026-02-09 11:29:44,18450,7450,11000,카드
1936,2061,2026-02-09 11:36:42,27140,10940,16200,카드
1937,2067,2026-02-09 11:50:30,88190,35290,52900,카드
1938,2069,2026-02-09 13:49:37,133340,53340,80000,간편결제
1939,2071,2026-02-09 13:54:00,34940,14040,20900,카드
1940,2084,2026-02-09 13:59:04,77870,31170,46700,카드
1941,2073,2026-02-09 13:59:32,30080,12080,18000,카드
1942,2072,2026-02-09 14:00:04,168440,67440,101000,카드
1943,2082,2026-02-09 14:00:31,150720,60320,90400,카드
1944,2077,2026-02-09 14:01:51,26910,10810,16100,카드
1945,2070,2026-02-09 14:04:05,223610,89510,134100,카드
1946,2081,2026-02-09 14:10:54,20950,8450,12500,카드
1947,2085,2026-02-09 14:12:16,27780,11180,16600,카드
1948,2076,2026-02-09 14:14:23,163980,65680,98300,카드
1949,2078,2026-02-09 14:15:33,27930,11230,16700,카드
1950,2091,2026-02-09 14:24:22,204880,81980,122900,카드
1951,2088,2026-02-09 14:26:16,23020,9220,13800,카드
1952,2074,2026-02-09 14:28:10,82660,33160,49500,카드
1953,2096,2026-02-09 14:28:40,33220,13320,19900,카드
1954,2090,2026-02-09 14:33:25,32920,13220,19700,카드
1955,2095,2026-02-09 14:34:10,238740,95540,143200,간편결제
1956,2079,2026-02-09 14:34:32,175510,70210,105300,간편결제
1957,2093,2026-02-09 14:36:16,40280,16180,24100,카드
1958,2075,2026-02-09 14:42:47,273370,109370,164000,카드
1959,2097,2026-02-09 14:46:55,255140,102140,153000,카드
1960,2105,2026-02-09 14:48:03,26080,10480,15600,카드
1961,2103,2026-02-09 14:49:11,28100,11300,16800,카드
1962,2086,2026-02-09 14:53:45,22490,9090,13400,현금
1963,2099,2026-02-09 14:54:55,21320,8620,12700,카드
1964,2098,2026-02-09 14:57:08,190110,76110,114000,카드
1965,2106,2026-02-09 14:58:47,29950,12050,17900,카드
1966,2080,2026-02-09 14:59:30,35340,14140,21200,간편결제
1967,2087,2026-02-09 15:03:15,23590,9490,14100,카드
1968,2083,2026-02-09 15:05:28,242050,96850,145200,카드
1969,2104,2026-02-09 15:06:51,52230,20930,31300,카드
1970,2089,2026-02-09 15:09:29,212410,85010,127400,카드
1971,2107,2026-02-09 15:16:47,29220,11720,17500,카드
1972,2108,2026-02-09 15:18:26,29590,11890,17700,카드
1973,2100,2026-02-09 15:25:53,175680,70280,105400,카드
1974,2092,2026-02-09 15:27:47,60830,24430,36400,카드
1975,2111,2026-02-09 15:30:37,69190,27690,41500,카드
1976,2110,2026-02-09 15:44:05,28750,11550,17200,카드
1977,2109,2026-02-09 15:44:08,34320,13820,20500,카드
1978,2101,2026-02-09 15:49:25,29680,11880,17800,카드
1979,2102,2026-02-09 15:53:15,194160,77760,116400,현금
1980,2112,2026-02-09 16:05:17,125710,50310,75400,간편결제
1981,2120,2026-02-10 09:10:40,100140,40140,60000,카드
1982,2116,2026-02-10 09:13:24,23960,9660,14300,간편결제
1983,2118,2026-02-10 09:22:47,21470,8670,12800,카드
1984,2122,2026-02-10 09:24:19,194360,77760,116600,카드
1985,2127,2026-02-10 09:26:28,137250,54950,82300,카드
1986,2114,2026-02-10 09:27:20,168930,67630,101300,카드
1987,2115,2026-02-10 09:28:17,41380,16580,24800,카드
1988,2117,2026-02-10 09:28:43,30460,12260,18200,간편결제
1989,2126,2026-02-10 09:29:43,25490,10290,15200,카드
1990,2132,2026-02-10 09:31:06,218250,87350,130900,카드
1991,2113,2026-02-10 09:31:30,23570,9470,14100,카드
1992,2137,2026-02-10 09:35:51,22700,9100,13600,카드
1993,2125,2026-02-10 09:36:13,29030,11630,17400,카드
1994,2119,2026-02-10 09:36:47,19570,7870,11700,카드
1995,2123,2026-02-10 09:40:46,25220,10120,15100,카드
1996,2131,2026-02-10 09:43:38,33930,13630,20300,카드
1997,2138,2026-02-10 09:44:44,26990,10890,16100,간편결제
1998,2130,2026-02-10 09:45:07,180950,72450,108500,카드
1999,2124,2026-02-10 09:45:12,123000,49200,73800,카드
2000,2128,2026-02-10 09:53:48,40950,16450,24500,현금
2001,2140,2026-02-10 09:54:03,29940,12040,17900,카드
2002,2144,2026-02-10 10:02:50,29150,11750,17400,카드
2003,2134,2026-02-10 10:10:38,23260,9360,13900,간편결제
2004,2135,2026-02-10 10:14:09,247160,98960,148200,카드
2005,2129,2026-02-10 10:14:52,28020,11220,16800,카드
2006,2148,2026-02-10 10:22:12,148920,59620,89300,카드
2007,2141,2026-02-10 10:23:47,26260,10560,15700,카드
2008,2142,2026-02-10 10:28:10,67830,27230,40600,카드
2009,2149,2026-02-10 10:30:14,26510,10610,15900,카드
2010,2146,2026-02-10 10:35:37,38940,15640,23300,카드
2011,2136,2026-02-10 10:36:28,284660,113960,170700,카드
2012,2150,2026-02-10 10:39:24,28280,11380,16900,카드
2013,2153,2026-02-10 10:39:26,30370,12170,18200,카드
2014,2147,2026-02-10 10:40:17,34750,13950,20800,간편결제
2015,2139,2026-02-10 10:51:25,28950,11650,17300,간편결제
2016,2151,2026-02-10 10:52:05,58600,23500,35100,카드
2017,2152,2026-02-10 10:54:06,33640,13540,20100,카드
2018,2143,2026-02-10 10:56:54,29040,11640,17400,카드
2019,2154,2026-02-10 11:29:01,23730,9530,14200,카드
2020,2155,2026-02-10 11:42:58,21620,8720,12900,카드
2021,2159,2026-02-10 13:41:52,21660,8760,12900,카드
2022,2157,2026-02-10 13:44:51,223620,89520,134100,카드
2023,2165,2026-02-10 13:45:58,25450,10250,15200,카드
2024,2161,2026-02-10 13:48:15,229480,91880,137600,카드
2025,2169,2026-02-10 13:50:05,242110,96910,145200,카드
2026,2163,2026-02-10 13:50:27,249220,99720,149500,카드
2027,2156,2026-02-10 13:55:42,29590,11890,17700,간편결제
2028,2158,2026-02-10 13:56:14,28290,11390,16900,현금
2029,2167,2026-02-10 13:57:45,21300,8600,12700,카드
2030,2172,2026-02-10 14:02:56,20250,8150,12100,카드
2031,2162,2026-02-10 14:09:06,241570,96670,144900,카드
2032,2177,2026-02-10 14:09:45,30140,12140,18000,카드
2033,2164,2026-02-10 14:14:37,232400,93000,139400,카드
2034,2168,2026-02-10 14:16:05,37680,15080,22600,간편결제
2035,2175,2026-02-10 14:16:24,34790,13990,20800,카드
2036,2180,2026-02-10 14:17:41,28810,11610,17200,카드
2037,2179,2026-02-10 14:19:58,24230,9730,14500,간편결제
2038,2171,2026-02-10 14:21:05,22810,9210,13600,카드
2039,2173,2026-02-10 14:21:59,32040,12840,19200,간편결제
2040,2183,2026-02-10 14:23:13,280550,112250,168300,카드
2041,2170,2026-02-10 14:24:40,166420,66620,99800,간편결제
2042,2181,2026-02-10 14:26:43,270140,108140,162000,카드
2043,2166,2026-02-10 14:29:13,143730,57530,86200,현금
2044,2178,2026-02-10 14:34:39,39060,15660,23400,카드
2045,2176,2026-02-10 14:35:52,24830,10030,14800,카드
2046,2182,2026-02-10 14:36:33,19780,7980,11800,카드
2047,2174,2026-02-10 14:39:24,27730,11130,16600,카드
2048,2184,2026-02-10 14:40:49,32250,12950,19300,간편결제
2049,2186,2026-02-10 14:41:22,27540,11040,16500,카드
2050,2187,2026-02-10 14:50:22,27000,10800,16200,카드
2051,2189,2026-02-10 15:00:52,29760,11960,17800,카드
2052,2188,2026-02-10 15:02:39,28230,11330,16900,카드
2053,2185,2026-02-10 15:06:13,27530,11030,16500,현금
2054,2191,2026-02-10 15:16:12,264550,105850,158700,카드
2055,2190,2026-02-10 15:23:53,37110,14910,22200,카드
2056,2192,2026-02-10 15:36:20,22870,9170,13700,카드
2057,2193,2026-02-10 15:40:54,189240,75740,113500,카드
2058,2194,2026-02-10 15:46:36,29880,11980,17900,카드
2059,2195,2026-02-10 16:11:05,39850,15950,23900,카드
2060,2196,2026-02-10 16:13:39,34470,13870,20600,카드
2061,2197,2026-02-11 09:06:41,20010,8010,12000,카드
2062,2204,2026-02-11 09:17:13,259270,103770,155500,카드
2063,2198,2026-02-11 09:23:01,28660,11560,17100,카드
2064,2200,2026-02-11 09:23:12,23330,9430,13900,카드
2065,2203,2026-02-11 09:25:44,179120,71720,107400,카드
2066,2199,2026-02-11 09:27:23,277080,110880,166200,카드
2067,2202,2026-02-11 09:27:53,21000,8400,12600,카드
2068,2201,2026-02-11 09:34:12,27080,10880,16200,카드
2069,2207,2026-02-11 09:40:26,23820,9620,14200,카드
2070,2206,2026-02-11 09:43:45,29900,12000,17900,현금
2071,2205,2026-02-11 09:45:09,176420,70620,105800,카드
2072,2208,2026-02-11 09:53:34,33470,13470,20000,카드
2073,2209,2026-02-11 10:09:45,237840,95140,142700,카드
2074,2214,2026-02-11 10:30:30,29640,11940,17700,카드
2075,2210,2026-02-11 10:30:51,202360,80960,121400,카드
2076,2215,2026-02-11 10:35:40,22490,9090,13400,카드
2077,2211,2026-02-11 10:36:55,41590,16690,24900,카드
2078,2213,2026-02-11 10:42:14,53760,21560,32200,카드
2079,2212,2026-02-11 10:43:06,27880,11180,16700,카드
2080,2216,2026-02-11 10:48:26,263160,105360,157800,카드
2081,2218,2026-02-11 13:52:29,26400,10600,15800,카드
2082,2224,2026-02-11 13:58:23,62800,25200,37600,카드
2083,2220,2026-02-11 13:59:03,36400,14600,21800,간편결제
2084,2222,2026-02-11 14:02:09,35450,14250,21200,카드
2085,2219,2026-02-11 14:02:30,26290,10590,15700,카드
2086,2230,2026-02-11 14:05:35,255090,102090,153000,카드
2087,2225,2026-02-11 14:15:08,31080,12480,18600,카드
2088,2233,2026-02-11 14:23:57,271710,108710,163000,카드
2089,2223,2026-02-11 14:28:46,35890,14390,21500,카드
2090,2226,2026-02-11 14:31:55,32050,12850,19200,카드
2091,2227,2026-02-11 14:36:40,23870,9570,14300,간편결제
2092,2235,2026-02-11 15:00:03,41150,16550,24600,카드
2093,2229,2026-02-11 15:00:08,30080,12080,18000,카드
2094,2228,2026-02-11 15:03:58,43060,17260,25800,카드
2095,2236,2026-02-11 15:05:40,28810,11610,17200,간편결제
2096,2231,2026-02-11 15:06:05,207890,83190,124700,간편결제
2097,2232,2026-02-11 15:13:56,36840,14740,22100,현금
2098,2234,2026-02-11 15:28:05,35910,14410,21500,카드
2099,2238,2026-02-11 15:29:57,37650,15150,22500,카드
2100,2237,2026-02-11 15:40:47,25620,10320,15300,카드
2101,2239,2026-02-11 16:00:24,24000,9600,14400,카드
2102,2243,2026-02-12 09:17:53,63710,25510,38200,카드
2103,2249,2026-02-12 09:21:52,143980,57680,86300,카드
2104,2247,2026-02-12 09:23:27,35260,14160,21100,카드
2105,2240,2026-02-12 09:23:33,26830,10830,16000,카드
2106,2267,2026-02-12 09:25:30,19170,7670,11500,카드
2107,2252,2026-02-12 09:27:03,24320,9820,14500,카드
2108,2241,2026-02-12 09:30:28,25690,10290,15400,카드
2109,2248,2026-02-12 09:32:17,20270,8170,12100,카드
2110,2244,2026-02-12 09:34:13,281380,112580,168800,카드
2111,2242,2026-02-12 09:34:52,30990,12490,18500,카드
2112,2257,2026-02-12 09:37:08,42240,16940,25300,카드
2113,2245,2026-02-12 09:38:18,27740,11140,16600,카드
2114,2270,2026-02-12 09:40:48,24880,9980,14900,카드
2115,2260,2026-02-12 09:42:24,28500,11400,17100,간편결제
2116,2262,2026-02-12 09:44:06,26600,10700,15900,카드
2117,2246,2026-02-12 09:44:28,117340,46940,70400,카드
2118,2251,2026-02-12 09:47:42,147360,58960,88400,카드
2119,2253,2026-02-12 09:48:53,20620,8320,12300,현금
2120,2277,2026-02-12 09:51:14,20610,8310,12300,카드
2121,2273,2026-02-12 09:51:59,25420,10220,15200,카드
2122,2254,2026-02-12 09:58:12,32300,13000,19300,카드
2123,2259,2026-02-12 10:08:26,23950,9650,14300,카드
2124,2256,2026-02-12 10:11:01,18920,7620,11300,카드
2125,2268,2026-02-12 10:11:07,18870,7570,11300,카드
2126,2255,2026-02-12 10:14:05,29320,11820,17500,카드
2127,2263,2026-02-12 10:14:07,39640,15940,23700,카드
2128,2266,2026-02-12 10:14:44,35150,14150,21000,카드
2129,2276,2026-02-12 10:16:24,23890,9590,14300,카드
2130,2258,2026-02-12 10:17:29,18720,7520,11200,카드
2131,2264,2026-02-12 10:31:37,34140,13740,20400,카드
2132,2283,2026-02-12 10:34:00,18120,7320,10800,카드
2133,2272,2026-02-12 10:34:54,24050,9650,14400,현금
2134,2265,2026-02-12 10:36:47,26330,10630,15700,카드
2135,2261,2026-02-12 10:39:27,38420,15420,23000,현금
2136,2271,2026-02-12 10:47:21,40880,16380,24500,간편결제
2137,2274,2026-02-12 10:47:44,42710,17110,25600,카드
2138,2282,2026-02-12 10:59:58,26460,10660,15800,카드
2139,2275,2026-02-12 11:01:37,30920,12420,18500,카드
2140,2278,2026-02-12 11:03:32,43670,17470,26200,카드
2141,2281,2026-02-12 11:05:30,29500,11800,17700,현금
2142,2292,2026-02-12 11:08:59,31790,12790,19000,카드
2143,2294,2026-02-12 11:11:28,22750,9150,13600,카드
2144,2297,2026-02-12 11:19:43,18320,7420,10900,현금
2145,2295,2026-02-12 11:24:52,42940,17240,25700,카드
2146,2285,2026-02-12 11:25:14,25830,10430,15400,카드
2147,2280,2026-02-12 11:27:00,94300,37800,56500,카드
2148,2286,2026-02-12 11:30:02,18250,7350,10900,카드
2149,2288,2026-02-12 11:31:57,216660,86760,129900,카드
2150,2284,2026-02-12 11:35:55,34160,13760,20400,카드
2151,2290,2026-02-12 11:38:26,29330,11830,17500,간편결제
2152,2291,2026-02-12 11:41:06,21870,8770,13100,카드
2153,2289,2026-02-12 11:43:01,38300,15400,22900,간편결제
2154,2296,2026-02-12 11:53:22,20890,8390,12500,현금
2155,2293,2026-02-12 11:59:57,43870,17570,26300,간편결제
2156,2298,2026-02-12 13:49:11,214830,86030,128800,카드
2157,2302,2026-02-12 13:51:15,18400,7400,11000,카드
2158,2304,2026-02-12 13:55:41,22330,9030,13300,카드
2159,2301,2026-02-12 13:55:44,38080,15280,22800,카드
2160,2305,2026-02-12 13:59:48,39970,16070,23900,카드
2161,2319,2026-02-12 14:01:10,29360,11760,17600,현금
2162,2321,2026-02-12 14:04:35,111840,44740,67100,카드
2163,2306,2026-02-12 14:05:09,197510,79010,118500,카드
2164,2299,2026-02-12 14:05:55,18570,7470,11100,카드
2165,2308,2026-02-12 14:12:45,44550,17850,26700,현금
2166,2307,2026-02-12 14:13:53,27710,11110,16600,카드
2167,2310,2026-02-12 14:17:02,248840,99540,149300,카드
2168,2324,2026-02-12 14:24:58,39250,15750,23500,카드
2169,2309,2026-02-12 14:25:05,218540,87440,131100,카드
2170,2325,2026-02-12 14:39:19,21830,8830,13000,간편결제
2171,2311,2026-02-12 14:40:11,281470,112670,168800,카드
2172,2312,2026-02-12 14:41:49,36610,14710,21900,카드
2173,2327,2026-02-12 14:46:14,99230,39730,59500,간편결제
2174,2329,2026-02-12 14:51:59,27810,11210,16600,카드
2175,2330,2026-02-12 14:57:05,20590,8290,12300,간편결제
2176,2315,2026-02-12 15:04:10,26040,10440,15600,카드
2177,2313,2026-02-12 15:05:11,125150,50150,75000,카드
2178,2314,2026-02-12 15:09:29,245160,98160,147000,카드
2179,2316,2026-02-12 15:13:49,115370,46170,69200,카드
2180,2331,2026-02-12 15:14:56,29820,12020,17800,카드
2181,2333,2026-02-12 15:17:25,23370,9370,14000,카드
2182,2334,2026-02-12 15:20:11,246700,98700,148000,카드
2183,2317,2026-02-12 15:21:48,28070,11270,16800,카드
2184,2332,2026-02-12 15:24:11,149000,59600,89400,현금
2185,2335,2026-02-12 15:25:54,22570,9070,13500,현금
2186,2336,2026-02-12 15:31:32,42550,17050,25500,간편결제
2187,2318,2026-02-12 15:45:00,29940,12040,17900,카드
2188,2320,2026-02-12 16:01:02,156210,62510,93700,카드
2189,2338,2026-02-12 16:02:25,28500,11400,17100,카드
2190,2323,2026-02-12 16:09:08,161490,64690,96800,카드
2191,2322,2026-02-12 16:09:57,23020,9220,13800,카드
2192,2326,2026-02-12 16:11:50,24570,9870,14700,카드
2193,2328,2026-02-12 16:21:06,24860,9960,14900,카드
2194,2340,2026-02-13 09:14:24,27440,11040,16400,간편결제
2195,2339,2026-02-13 09:18:21,71240,28540,42700,카드
2196,2341,2026-02-13 09:27:56,128900,51600,77300,카드
2197,2342,2026-02-13 09:33:36,24650,9950,14700,카드
2198,2343,2026-02-13 09:36:25,25520,10220,15300,간편결제
2199,2345,2026-02-13 09:52:58,43310,17410,25900,카드
2200,2344,2026-02-13 09:53:16,30710,12310,18400,카드
2201,2346,2026-02-13 09:56:26,113600,45500,68100,현금
2202,2349,2026-02-13 10:19:21,32410,13010,19400,간편결제
2203,2347,2026-02-13 10:26:15,18510,7410,11100,카드
2204,2351,2026-02-13 10:28:58,269580,107880,161700,간편결제
2205,2352,2026-02-13 10:30:36,22330,9030,13300,카드
2206,2350,2026-02-13 10:33:43,39210,15710,23500,카드
2207,2354,2026-02-13 11:05:49,67780,27180,40600,간편결제
2208,2353,2026-02-13 11:08:09,24330,9830,14500,카드
2209,2356,2026-02-13 11:11:38,102330,41030,61300,카드
2210,2355,2026-02-13 11:17:52,35300,14200,21100,카드
2211,2358,2026-02-13 13:47:32,206120,82520,123600,카드
2212,2366,2026-02-13 13:48:07,55110,22110,33000,카드
2213,2362,2026-02-13 13:54:44,190770,76370,114400,간편결제
2214,2370,2026-02-13 13:56:15,33320,13420,19900,카드
2215,2360,2026-02-13 14:00:09,20330,8230,12100,카드
2216,2357,2026-02-13 14:00:49,18210,7310,10900,카드
2217,2363,2026-02-13 14:04:34,215330,86230,129100,카드
2218,2361,2026-02-13 14:05:49,42300,17000,25300,카드
2219,2359,2026-02-13 14:06:08,41270,16570,24700,카드
2220,2367,2026-02-13 14:11:00,132960,53260,79700,간편결제
2221,2371,2026-02-13 14:11:31,30810,12410,18400,카드
2222,2364,2026-02-13 14:13:46,29350,11750,17600,간편결제
2223,2375,2026-02-13 14:15:04,39930,16030,23900,카드
2224,2374,2026-02-13 14:16:54,216390,86590,129800,카드
2225,2376,2026-02-13 14:19:54,18690,7490,11200,카드
2226,2372,2026-02-13 14:20:01,24250,9750,14500,카드
2227,2365,2026-02-13 14:22:16,26930,10830,16100,카드
2228,2368,2026-02-13 14:22:51,33060,13260,19800,현금
2229,2373,2026-02-13 14:23:51,24510,9810,14700,카드
2230,2385,2026-02-13 14:27:19,26040,10440,15600,간편결제
2231,2380,2026-02-13 14:29:00,206150,82550,123600,카드
2232,2378,2026-02-13 14:32:26,203540,81440,122100,카드
2233,2369,2026-02-13 14:36:17,196120,78520,117600,현금
2234,2379,2026-02-13 14:42:05,42360,16960,25400,카드
2235,2387,2026-02-13 14:42:32,27020,10820,16200,카드
2236,2377,2026-02-13 14:45:39,33710,13510,20200,카드
2237,2386,2026-02-13 14:46:14,30540,12240,18300,카드
2238,2381,2026-02-13 14:46:28,156090,62490,93600,카드
2239,2384,2026-02-13 14:52:33,274950,110050,164900,카드
2240,2383,2026-02-13 15:02:21,29930,12030,17900,카드
2241,2388,2026-02-13 15:04:55,38120,15320,22800,간편결제
2242,2389,2026-02-13 15:25:51,42520,17020,25500,카드
2243,2390,2026-02-13 15:46:37,22940,9240,13700,간편결제
2244,2391,2026-02-19 09:10:04,93060,37260,55800,카드
2245,2395,2026-02-19 09:10:58,27100,10900,16200,카드
2246,2392,2026-02-19 09:12:08,18910,7610,11300,카드
2247,2394,2026-02-19 09:17:49,39710,15910,23800,카드
2248,2412,2026-02-19 09:18:33,21910,8810,13100,카드
2249,2396,2026-02-19 09:20:06,21980,8880,13100,카드
2250,2393,2026-02-19 09:22:28,112880,45180,67700,카드
2251,2403,2026-02-19 09:29:35,124480,49880,74600,카드
2252,2397,2026-02-19 09:31:54,279500,111800,167700,카드
2253,2398,2026-02-19 09:32:38,23590,9490,14100,카드
2254,2409,2026-02-19 09:33:33,224550,89850,134700,카드
2255,2402,2026-02-19 09:34:25,27270,10970,16300,카드
2256,2399,2026-02-19 09:37:15,39710,15910,23800,카드
2257,2401,2026-02-19 09:38:44,31000,12400,18600,카드
2258,2405,2026-02-19 09:40:38,115070,46070,69000,카드
2259,2421,2026-02-19 09:48:56,267240,106940,160300,카드
2260,2410,2026-02-19 09:50:58,40450,16250,24200,카드
2261,2407,2026-02-19 09:53:42,28630,11530,17100,간편결제
2262,2416,2026-02-19 09:56:43,33300,13400,19900,카드
2263,2400,2026-02-19 09:57:09,61990,24890,37100,카드
2264,2406,2026-02-19 09:59:17,40370,16170,24200,카드
2265,2417,2026-02-19 10:00:59,44370,17770,26600,카드
2266,2408,2026-02-19 10:03:16,183260,73360,109900,간편결제
2267,2414,2026-02-19 10:05:20,21920,8820,13100,카드
2268,2420,2026-02-19 10:06:13,43580,17480,26100,카드
2269,2425,2026-02-19 10:07:56,164180,65680,98500,카드
2270,2418,2026-02-19 10:14:34,31550,12650,18900,카드
2271,2411,2026-02-19 10:15:09,33010,13210,19800,카드
2272,2426,2026-02-19 10:18:00,253600,101500,152100,카드
2273,2422,2026-02-19 10:20:16,18860,7560,11300,카드
2274,2424,2026-02-19 10:21:48,26790,10790,16000,카드
2275,2413,2026-02-19 10:24:02,243670,97470,146200,카드
2276,2415,2026-02-19 10:27:50,28040,11240,16800,현금
2277,2419,2026-02-19 10:29:30,26940,10840,16100,카드
2278,2431,2026-02-19 10:30:12,36410,14610,21800,카드
2279,2433,2026-02-19 10:31:39,29240,11740,17500,간편결제
2280,2429,2026-02-19 10:39:01,207060,82860,124200,카드
2281,2428,2026-02-19 10:39:29,79070,31670,47400,카드
2282,2436,2026-02-19 10:46:31,25290,10190,15100,카드
2283,2430,2026-02-19 10:47:10,20200,8100,12100,간편결제
2284,2423,2026-02-19 10:49:19,35750,14350,21400,카드
2285,2434,2026-02-19 10:51:00,21820,8820,13000,카드
2286,2427,2026-02-19 10:55:00,28430,11430,17000,현금
2287,2432,2026-02-19 10:56:00,39340,15740,23600,카드
2288,2439,2026-02-19 11:00:36,25000,10000,15000,카드
2289,2435,2026-02-19 11:07:47,19080,7680,11400,카드
2290,2438,2026-02-19 11:10:09,36500,14600,21900,카드
2291,2437,2026-02-19 11:11:44,174580,69880,104700,카드
2292,2440,2026-02-19 11:15:51,25390,10190,15200,카드
2293,2441,2026-02-19 11:20:08,44740,17940,26800,카드
2294,2443,2026-02-19 11:28:32,33940,13640,20300,카드
2295,2442,2026-02-19 11:44:04,35380,14180,21200,카드
2296,2447,2026-02-19 13:42:18,275500,110200,165300,간편결제
2297,2444,2026-02-19 13:49:16,23010,9210,13800,카드
2298,2448,2026-02-19 13:55:38,21370,8570,12800,카드
2299,2451,2026-02-19 13:58:35,43220,17320,25900,카드
2300,2456,2026-02-19 13:58:35,34870,13970,20900,카드
2301,2449,2026-02-19 13:59:13,43410,17410,26000,카드
2302,2452,2026-02-19 13:59:56,31140,12540,18600,카드
2303,2445,2026-02-19 14:01:02,145330,58230,87100,카드
2304,2455,2026-02-19 14:02:08,36860,14760,22100,카드
2305,2465,2026-02-19 14:04:33,183740,73540,110200,카드
2306,2457,2026-02-19 14:07:14,23270,9370,13900,카드
2307,2472,2026-02-19 14:08:44,24930,10030,14900,현금
2308,2458,2026-02-19 14:11:49,18280,7380,10900,카드
2309,2478,2026-02-19 14:13:04,195790,78390,117400,카드
2310,2463,2026-02-19 14:13:13,39070,15670,23400,카드
2311,2464,2026-02-19 14:14:26,20120,8120,12000,카드
2312,2475,2026-02-19 14:15:54,23000,9200,13800,카드
2313,2459,2026-02-19 14:20:23,28570,11470,17100,카드
2314,2468,2026-02-19 14:21:52,21060,8460,12600,카드
2315,2479,2026-02-19 14:23:55,23840,9540,14300,카드
2316,2467,2026-02-19 14:24:00,103900,41600,62300,카드
2317,2460,2026-02-19 14:27:07,88200,35300,52900,카드
2318,2454,2026-02-19 14:28:21,177000,70800,106200,카드
2319,2450,2026-02-19 14:31:56,77210,30910,46300,카드
2320,2473,2026-02-19 14:36:45,85680,34280,51400,카드
2321,2482,2026-02-19 14:36:56,37780,15180,22600,간편결제
2322,2470,2026-02-19 14:37:21,66440,26640,39800,간편결제
2323,2489,2026-02-19 14:40:31,41830,16830,25000,카드
2324,2490,2026-02-19 14:41:28,203700,81500,122200,카드
2325,2480,2026-02-19 14:42:42,124830,50030,74800,카드
2326,2481,2026-02-19 14:43:10,28790,11590,17200,카드
2327,2476,2026-02-19 14:46:30,21280,8580,12700,카드
2328,2461,2026-02-19 14:48:24,71620,28720,42900,카드
2329,2486,2026-02-19 14:49:04,263080,105280,157800,현금
2330,2487,2026-02-19 14:52:45,42650,17150,25500,카드
2331,2466,2026-02-19 14:54:21,20410,8210,12200,카드
2332,2474,2026-02-19 14:55:50,99110,39710,59400,카드
2333,2494,2026-02-19 14:55:57,250830,100430,150400,간편결제
2334,2462,2026-02-19 14:56:55,37440,15040,22400,카드
2335,2492,2026-02-19 15:00:38,44460,17860,26600,카드
2336,2485,2026-02-19 15:00:42,27490,11090,16400,카드
2337,2477,2026-02-19 15:05:15,33080,13280,19800,카드
2338,2488,2026-02-19 15:11:24,66140,26540,39600,간편결제
2339,2495,2026-02-19 15:13:00,20520,8220,12300,카드
2340,2484,2026-02-19 15:14:02,50160,20160,30000,간편결제
2341,2469,2026-02-19 15:16:08,27130,10930,16200,카드
2342,2496,2026-02-19 15:16:59,18690,7490,11200,현금
2343,2471,2026-02-19 15:19:19,22780,9180,13600,카드
2344,2497,2026-02-19 15:21:53,28870,11570,17300,카드
2345,2500,2026-02-19 15:34:30,43800,17600,26200,카드
2346,2491,2026-02-19 15:34:49,209760,83960,125800,카드
2347,2493,2026-02-19 15:57:38,30560,12260,18300,카드
2348,2501,2026-02-19 15:59:26,28130,11330,16800,카드
2349,2509,2026-02-20 09:12:14,39240,15740,23500,카드
2350,2505,2026-02-20 09:12:21,25400,10200,15200,카드
2351,2503,2026-02-20 09:22:17,36510,14610,21900,간편결제
2352,2502,2026-02-20 09:23:50,91540,36640,54900,카드
2353,2506,2026-02-20 09:28:38,30170,12070,18100,카드
2354,2515,2026-02-20 09:42:30,34650,13950,20700,카드
2355,2508,2026-02-20 09:42:37,158510,63410,95100,카드
2356,2511,2026-02-20 09:45:01,42930,17230,25700,현금
2357,2507,2026-02-20 09:54:00,58170,23270,34900,카드
2358,2504,2026-02-20 09:57:32,39950,16050,23900,카드
2359,2510,2026-02-20 10:04:29,30830,12430,18400,카드
2360,2517,2026-02-20 10:13:53,29910,12010,17900,카드
2361,2512,2026-02-20 10:14:20,19670,7870,11800,카드
2362,2513,2026-02-20 10:19:00,21980,8880,13100,카드
2363,2519,2026-02-20 10:22:20,239670,95870,143800,간편결제
2364,2518,2026-02-20 10:27:16,41800,16800,25000,현금
2365,2514,2026-02-20 10:39:39,42620,17120,25500,카드
2366,2520,2026-02-20 10:47:01,41770,16770,25000,카드
2367,2516,2026-02-20 10:49:13,276060,110460,165600,카드
2368,2522,2026-02-20 10:50:11,29500,11800,17700,카드
2369,2521,2026-02-20 10:54:01,243940,97640,146300,카드
2370,2523,2026-02-20 11:02:31,133620,53520,80100,카드
2371,2524,2026-02-20 11:30:35,75030,30030,45000,카드
2372,2527,2026-02-20 13:46:02,34210,13710,20500,카드
2373,2525,2026-02-20 13:47:26,21410,8610,12800,카드
2374,2529,2026-02-20 13:54:21,26250,10550,15700,카드
2375,2526,2026-02-20 13:57:21,80690,32290,48400,카드
2376,2539,2026-02-20 14:00:11,37890,15190,22700,카드
2377,2544,2026-02-20 14:02:45,270590,108290,162300,카드
2378,2531,2026-02-20 14:05:57,117400,47000,70400,간편결제
2379,2532,2026-02-20 14:06:15,40600,16300,24300,간편결제
2380,2534,2026-02-20 14:06:18,28770,11570,17200,카드
2381,2528,2026-02-20 14:11:46,165120,66120,99000,간편결제
2382,2541,2026-02-20 14:13:53,31310,12610,18700,카드
2383,2540,2026-02-20 14:24:36,36060,14460,21600,간편결제
2384,2535,2026-02-20 14:26:59,24110,9710,14400,카드
2385,2542,2026-02-20 14:28:18,43230,17330,25900,카드
2386,2533,2026-02-20 14:29:05,29830,12030,17800,카드
2387,2536,2026-02-20 14:32:43,199040,79640,119400,카드
2388,2555,2026-02-20 14:35:39,42420,17020,25400,카드
2389,2553,2026-02-20 14:42:28,32540,13040,19500,현금
2390,2552,2026-02-20 14:44:00,44860,17960,26900,카드
2391,2543,2026-02-20 14:55:11,195230,78130,117100,카드
2392,2537,2026-02-20 14:56:56,130320,52220,78100,카드
2393,2545,2026-02-20 14:58:32,220880,88380,132500,카드
2394,2538,2026-02-20 15:03:34,21000,8400,12600,카드
2395,2560,2026-02-20 15:04:27,28670,11470,17200,카드
2396,2550,2026-02-20 15:04:52,42520,17020,25500,간편결제
2397,2546,2026-02-20 15:06:27,24070,9670,14400,카드
2398,2554,2026-02-20 15:08:44,35620,14320,21300,카드
2399,2562,2026-02-20 15:13:17,21360,8560,12800,카드
2400,2548,2026-02-20 15:14:06,28280,11380,16900,카드
2401,2557,2026-02-20 15:22:17,28710,11510,17200,카드
2402,2547,2026-02-20 15:25:22,107850,43150,64700,카드
2403,2563,2026-02-20 15:26:15,183960,73660,110300,카드
2404,2564,2026-02-20 15:35:01,56520,22620,33900,카드
2405,2558,2026-02-20 15:36:46,24100,9700,14400,카드
2406,2549,2026-02-20 15:42:09,19400,7800,11600,카드
2407,2556,2026-02-20 15:44:29,23160,9360,13800,카드
2408,2559,2026-02-20 15:47:00,117540,47040,70500,카드
2409,2551,2026-02-20 15:53:30,30700,12300,18400,카드
2410,2561,2026-02-20 15:56:29,238410,95410,143000,카드
2411,2565,2026-02-20 16:01:00,22170,8870,13300,카드
2412,2566,2026-02-20 16:23:34,28200,11300,16900,카드
2413,2579,2026-02-23 09:10:59,22540,9040,13500,간편결제
2414,2580,2026-02-23 09:16:27,21690,8690,13000,카드
2415,2576,2026-02-23 09:16:39,18040,7240,10800,간편결제
2416,2572,2026-02-23 09:24:16,36300,14600,21700,카드
2417,2568,2026-02-23 09:27:33,31650,12750,18900,카드
2418,2571,2026-02-23 09:29:58,184930,74030,110900,카드
2419,2570,2026-02-23 09:33:49,127730,51130,76600,카드
2420,2597,2026-02-23 09:34:08,24960,10060,14900,카드
2421,2569,2026-02-23 09:34:23,264790,105990,158800,카드
2422,2574,2026-02-23 09:34:46,35090,14090,21000,카드
2423,2582,2026-02-23 09:38:10,25420,10220,15200,카드
2424,2575,2026-02-23 09:41:56,31010,12410,18600,카드
2425,2573,2026-02-23 09:42:11,101360,40560,60800,카드
2426,2581,2026-02-23 09:43:04,36980,14880,22100,간편결제
2427,2578,2026-02-23 09:45:43,19580,7880,11700,카드
2428,2577,2026-02-23 09:45:53,27440,11040,16400,카드
2429,2588,2026-02-23 09:51:21,21970,8870,13100,카드
2430,2583,2026-02-23 09:51:43,19100,7700,11400,간편결제
2431,2584,2026-02-23 09:52:43,24240,9740,14500,카드
2432,2616,2026-02-23 09:54:09,217150,86950,130200,카드
2433,2594,2026-02-23 09:55:42,25960,10460,15500,현금
2434,2604,2026-02-23 09:57:27,18690,7490,11200,카드
2435,2585,2026-02-23 09:58:07,41520,16620,24900,카드
2436,2590,2026-02-23 09:58:31,43750,17550,26200,카드
2437,2586,2026-02-23 10:00:21,21960,8860,13100,카드
2438,2592,2026-02-23 10:11:23,258360,103360,155000,간편결제
2439,2587,2026-02-23 10:14:01,35250,14150,21100,간편결제
2440,2596,2026-02-23 10:14:18,40730,16330,24400,카드
2441,2595,2026-02-23 10:21:35,31740,12740,19000,카드
2442,2606,2026-02-23 10:24:14,30990,12490,18500,카드
2443,2591,2026-02-23 10:24:21,23950,9650,14300,카드
2444,2589,2026-02-23 10:26:41,38120,15320,22800,카드
2445,2598,2026-02-23 10:27:07,43710,17510,26200,현금
2446,2608,2026-02-23 10:29:03,117080,46880,70200,카드
2447,2599,2026-02-23 10:30:14,106360,42560,63800,카드
2448,2593,2026-02-23 10:33:16,29660,11960,17700,카드
2449,2610,2026-02-23 10:34:15,32070,12870,19200,카드
2450,2613,2026-02-23 10:38:37,265780,106380,159400,카드
2451,2603,2026-02-23 10:39:14,246400,98600,147800,현금
2452,2605,2026-02-23 10:39:41,32300,13000,19300,카드
2453,2611,2026-02-23 10:40:58,40460,16260,24200,카드
2454,2602,2026-02-23 10:41:22,150350,60150,90200,카드
2455,2601,2026-02-23 10:44:06,106060,42460,63600,카드
2456,2607,2026-02-23 10:45:38,55820,22420,33400,현금
2457,2609,2026-02-23 10:51:39,18270,7370,10900,카드
2458,2612,2026-02-23 10:53:01,64750,25950,38800,카드
2459,2618,2026-02-23 10:59:58,103900,41600,62300,카드
2460,2614,2026-02-23 11:02:11,42540,17040,25500,카드
2461,2623,2026-02-23 11:05:10,81480,32680,48800,카드
2462,2615,2026-02-23 11:09:52,44650,17950,26700,카드
2463,2622,2026-02-23 11:09:54,41120,16520,24600,카드
2464,2621,2026-02-23 11:10:01,195900,78400,117500,카드
2465,2617,2026-02-23 11:14:18,18910,7610,11300,카드
2466,2626,2026-02-23 11:19:10,29140,11740,17400,간편결제
2467,2634,2026-02-23 11:20:52,32230,12930,19300,현금
2468,2619,2026-02-23 11:29:46,244430,97830,146600,카드
2469,2624,2026-02-23 11:29:58,40330,16230,24100,카드
2470,2630,2026-02-23 11:33:42,22440,9040,13400,카드
2471,2627,2026-02-23 11:40:02,69870,27970,41900,카드
2472,2620,2026-02-23 11:42:14,19070,7670,11400,카드
2473,2625,2026-02-23 11:44:06,267740,107140,160600,카드
2474,2633,2026-02-23 11:49:39,260210,104110,156100,카드
2475,2629,2026-02-23 11:52:09,28720,11520,17200,간편결제
2476,2631,2026-02-23 11:54:23,43090,17290,25800,간편결제
2477,2632,2026-02-23 11:57:31,234280,93780,140500,간편결제
2478,2635,2026-02-23 12:14:54,147420,59020,88400,카드
2479,2636,2026-02-23 12:15:16,43820,17620,26200,카드
2480,2640,2026-02-23 13:43:05,29150,11750,17400,간편결제
2481,2637,2026-02-23 13:44:25,88410,35410,53000,간편결제
2482,2638,2026-02-23 13:46:38,27250,10950,16300,카드
2483,2644,2026-02-23 13:47:24,245400,98200,147200,카드
2484,2646,2026-02-23 13:50:28,27640,11140,16500,카드
2485,2639,2026-02-23 13:53:06,113550,45450,68100,카드
2486,2642,2026-02-23 13:55:28,276060,110460,165600,카드
2487,2652,2026-02-23 13:57:24,44700,17900,26800,현금
2488,2645,2026-02-23 14:00:52,29590,11890,17700,카드
2489,2654,2026-02-23 14:03:21,24800,10000,14800,카드
2490,2649,2026-02-23 14:07:39,89910,36010,53900,카드
2491,2664,2026-02-23 14:10:31,39290,15790,23500,카드
2492,2647,2026-02-23 14:11:58,23640,9540,14100,카드
2493,2650,2026-02-23 14:13:43,24820,10020,14800,카드
2494,2651,2026-02-23 14:13:46,34900,14000,20900,카드
2495,2655,2026-02-23 14:17:06,81040,32440,48600,카드
2496,2643,2026-02-23 14:18:29,38370,15370,23000,카드
2497,2659,2026-02-23 14:19:01,31470,12670,18800,카드
2498,2660,2026-02-23 14:21:53,26210,10510,15700,카드
2499,2669,2026-02-23 14:26:24,202000,80800,121200,카드
2500,2675,2026-02-23 14:26:46,226140,90540,135600,카드
2501,2653,2026-02-23 14:27:35,89030,35630,53400,카드
2502,2658,2026-02-23 14:27:35,83320,33420,49900,카드
2503,2648,2026-02-23 14:31:13,153190,61290,91900,카드
2504,2656,2026-02-23 14:31:44,44480,17880,26600,카드
2505,2661,2026-02-23 14:34:25,60740,24340,36400,카드
2506,2657,2026-02-23 14:37:09,27650,11150,16500,카드
2507,2677,2026-02-23 14:42:04,259480,103880,155600,카드
2508,2663,2026-02-23 14:42:36,19010,7610,11400,카드
2509,2666,2026-02-23 14:48:07,104980,42080,62900,카드
2510,2665,2026-02-23 14:51:50,258360,103360,155000,카드
2511,2667,2026-02-23 14:53:57,28660,11560,17100,카드
2512,2668,2026-02-23 14:56:11,185210,74110,111100,카드
2513,2676,2026-02-23 14:58:57,213960,85660,128300,현금
2514,2662,2026-02-23 15:00:32,34880,13980,20900,카드
2515,2684,2026-02-23 15:01:49,19560,7860,11700,카드
2516,2672,2026-02-23 15:02:23,96910,38810,58100,카드
2517,2682,2026-02-23 15:04:25,39790,15990,23800,카드
2518,2683,2026-02-23 15:05:26,158080,63280,94800,카드
2519,2680,2026-02-23 15:07:21,19860,7960,11900,카드
2520,2671,2026-02-23 15:08:56,18240,7340,10900,카드
2521,2687,2026-02-23 15:16:11,244680,97880,146800,카드
2522,2673,2026-02-23 15:16:40,21480,8680,12800,카드
2523,2698,2026-02-23 15:20:48,56550,22650,33900,카드
2524,2674,2026-02-23 15:20:50,20130,8130,12000,간편결제
2525,2685,2026-02-23 15:24:20,41780,16780,25000,카드
2526,2688,2026-02-23 15:28:43,21220,8520,12700,카드
2527,2693,2026-02-23 15:30:04,224430,89830,134600,카드
2528,2681,2026-02-23 15:30:21,29840,11940,17900,카드
2529,2691,2026-02-23 15:30:59,24550,9850,14700,카드
2530,2696,2026-02-23 15:32:49,43600,17500,26100,간편결제
2531,2686,2026-02-23 15:33:08,28690,11490,17200,카드
2532,2702,2026-02-23 15:35:39,38640,15540,23100,카드
2533,2692,2026-02-23 15:38:34,161570,64670,96900,카드
2534,2701,2026-02-23 15:43:03,65980,26480,39500,카드
2535,2689,2026-02-23 15:46:49,25630,10330,15300,카드
2536,2706,2026-02-23 15:53:07,29180,11680,17500,간편결제
2537,2697,2026-02-23 15:56:25,98020,39220,58800,카드
2538,2703,2026-02-23 16:12:01,71770,28770,43000,카드
2539,2694,2026-02-23 16:13:41,36880,14780,22100,카드
2540,2700,2026-02-23 16:18:35,19460,7860,11600,간편결제
2541,2699,2026-02-23 16:21:28,117190,46890,70300,카드
2542,2705,2026-02-23 16:21:51,227910,91210,136700,카드
2543,2711,2026-02-24 09:11:14,165710,66310,99400,카드
2544,2709,2026-02-24 09:14:41,34910,14010,20900,간편결제
2545,2730,2026-02-24 09:16:28,22670,9070,13600,카드
2546,2710,2026-02-24 09:17:48,257390,102990,154400,카드
2547,2720,2026-02-24 09:21:05,26330,10630,15700,현금
2548,2729,2026-02-24 09:22:26,19080,7680,11400,카드
2549,2707,2026-02-24 09:23:24,55610,22310,33300,카드
2550,2708,2026-02-24 09:24:09,21300,8600,12700,카드
2551,2714,2026-02-24 09:30:23,28880,11580,17300,카드
2552,2716,2026-02-24 09:33:27,41680,16680,25000,카드
2553,2712,2026-02-24 09:36:58,32700,13100,19600,카드
2554,2715,2026-02-24 09:37:49,24120,9720,14400,현금
2555,2740,2026-02-24 09:42:26,227670,91070,136600,카드
2556,2713,2026-02-24 09:44:27,41760,16760,25000,카드
2557,2744,2026-02-24 09:47:00,28110,11310,16800,카드
2558,2722,2026-02-24 09:47:06,24650,9950,14700,현금
2559,2727,2026-02-24 09:47:32,28930,11630,17300,카드
2560,2732,2026-02-24 09:47:35,43500,17400,26100,카드
2561,2718,2026-02-24 09:47:39,32380,12980,19400,카드
2562,2725,2026-02-24 09:51:15,33670,13470,20200,카드
2563,2717,2026-02-24 09:51:17,39210,15710,23500,카드
2564,2719,2026-02-24 09:52:46,19400,7800,11600,카드
2565,2736,2026-02-24 09:53:05,35040,14040,21000,간편결제
2566,2743,2026-02-24 09:54:05,224490,89890,134600,카드
2567,2753,2026-02-24 09:55:59,22610,9110,13500,카드
2568,2724,2026-02-24 09:56:29,37950,15250,22700,카드
2569,2748,2026-02-24 09:58:27,26850,10750,16100,카드
2570,2735,2026-02-24 09:59:06,20870,8370,12500,카드
2571,2723,2026-02-24 10:01:44,100710,40310,60400,간편결제
2572,2726,2026-02-24 10:05:42,92940,37240,55700,카드
2573,2761,2026-02-24 10:08:35,29180,11680,17500,간편결제
2574,2733,2026-02-24 10:11:20,151140,60540,90600,카드
2575,2737,2026-02-24 10:12:33,36620,14720,21900,현금
2576,2756,2026-02-24 10:12:42,22630,9130,13500,카드
2577,2755,2026-02-24 10:13:07,49210,19710,29500,간편결제
2578,2770,2026-02-24 10:13:19,27870,11170,16700,간편결제
2579,2741,2026-02-24 10:13:44,36770,14770,22000,현금
2580,2734,2026-02-24 10:19:22,37640,15140,22500,카드
2581,2731,2026-02-24 10:21:28,43840,17540,26300,카드
2582,2728,2026-02-24 10:21:47,65780,26380,39400,간편결제
2583,2773,2026-02-24 10:24:01,18350,7350,11000,현금
2584,2782,2026-02-24 10:25:42,25400,10200,15200,카드
2585,2749,2026-02-24 10:25:45,30100,12100,18000,카드
2586,2747,2026-02-24 10:26:30,182900,73200,109700,카드
2587,2738,2026-02-24 10:27:11,36860,14760,22100,카드
2588,2739,2026-02-24 10:29:17,139560,55860,83700,현금
2589,2751,2026-02-24 10:29:38,19650,7950,11700,카드
2590,2760,2026-02-24 10:33:04,22140,8940,13200,카드
2591,2752,2026-02-24 10:33:39,40810,16410,24400,카드
2592,2742,2026-02-24 10:36:01,18230,7330,10900,카드
2593,2785,2026-02-24 10:37:51,130390,52190,78200,간편결제
2594,2763,2026-02-24 10:39:13,159450,63850,95600,카드
2595,2746,2026-02-24 10:39:31,23420,9420,14000,카드
2596,2765,2026-02-24 10:40:32,34960,14060,20900,카드
2597,2764,2026-02-24 10:44:47,25620,10320,15300,카드
2598,2766,2026-02-24 10:46:17,28510,11410,17100,카드
2599,2754,2026-02-24 10:46:55,130990,52490,78500,카드
2600,2750,2026-02-24 10:47:38,37300,15000,22300,카드
2601,2757,2026-02-24 10:48:23,263160,105360,157800,카드
2602,2787,2026-02-24 10:49:25,18870,7570,11300,카드
2603,2768,2026-02-24 10:49:59,24500,9800,14700,카드
2604,2745,2026-02-24 10:54:49,18230,7330,10900,카드
2605,2762,2026-02-24 10:56:03,140920,56420,84500,카드
2606,2759,2026-02-24 10:56:59,43810,17610,26200,카드
2607,2758,2026-02-24 10:58:46,20760,8360,12400,카드
2608,2771,2026-02-24 10:59:39,24420,9820,14600,카드
2609,2777,2026-02-24 11:03:34,78540,31440,47100,현금
2610,2776,2026-02-24 11:04:23,217320,87020,130300,카드
2611,2789,2026-02-24 11:04:41,41480,16680,24800,카드
2612,2769,2026-02-24 11:04:57,32980,13280,19700,현금
2613,2767,2026-02-24 11:05:23,18880,7580,11300,카드
2614,2772,2026-02-24 11:06:49,27540,11040,16500,카드
2615,2778,2026-02-24 11:08:44,41560,16660,24900,카드
2616,2779,2026-02-24 11:14:08,45240,18140,27100,카드
2617,2774,2026-02-24 11:14:09,214980,86080,128900,간편결제
2618,2786,2026-02-24 11:17:17,18170,7270,10900,간편결제
2619,2780,2026-02-24 11:27:32,59190,23690,35500,카드
2620,2775,2026-02-24 11:29:31,151030,60430,90600,간편결제
2621,2791,2026-02-24 11:33:31,26500,10600,15900,카드
2622,2792,2026-02-24 11:33:34,22760,9160,13600,카드
2623,2788,2026-02-24 11:34:36,31270,12570,18700,카드
2624,2790,2026-02-24 11:36:59,41720,16720,25000,카드
2625,2794,2026-02-24 11:37:56,24860,9960,14900,카드
2626,2793,2026-02-24 11:46:58,133610,53510,80100,간편결제
2627,2781,2026-02-24 11:53:04,28180,11280,16900,카드
2628,2784,2026-02-24 11:55:00,20590,8290,12300,카드
2629,2783,2026-02-24 11:57:40,28460,11460,17000,카드
2630,2799,2026-02-24 13:39:16,204600,81900,122700,카드
2631,2810,2026-02-24 13:42:32,40320,16220,24100,카드
2632,2802,2026-02-24 13:48:27,42170,16870,25300,카드
2633,2807,2026-02-24 13:50:09,128490,51490,77000,카드
2634,2814,2026-02-24 13:50:46,26890,10790,16100,카드
2635,2797,2026-02-24 13:52:01,38480,15480,23000,카드
2636,2795,2026-02-24 13:53:42,35780,14380,21400,간편결제
2637,2804,2026-02-24 13:55:41,272920,109220,163700,카드
2638,2796,2026-02-24 13:57:01,19580,7880,11700,카드
2639,2806,2026-02-24 13:58:30,19520,7820,11700,카드
2640,2819,2026-02-24 14:03:38,73760,29560,44200,카드
2641,2820,2026-02-24 14:03:42,266640,106740,159900,현금
2642,2805,2026-02-24 14:11:01,33510,13410,20100,카드
2643,2801,2026-02-24 14:11:56,36550,14650,21900,카드
2644,2809,2026-02-24 14:14:07,69980,28080,41900,카드
2645,2823,2026-02-24 14:14:57,22690,9090,13600,간편결제
2646,2808,2026-02-24 14:17:39,20410,8210,12200,카드
2647,2800,2026-02-24 14:18:26,32000,12800,19200,카드
2648,2826,2026-02-24 14:19:01,30270,12170,18100,카드
2649,2834,2026-02-24 14:19:08,213120,85320,127800,간편결제
2650,2822,2026-02-24 14:19:57,39860,15960,23900,카드
2651,2817,2026-02-24 14:20:20,40780,16380,24400,카드
2652,2835,2026-02-24 14:22:17,29120,11720,17400,카드
2653,2827,2026-02-24 14:23:50,179350,71750,107600,카드
2654,2815,2026-02-24 14:24:40,87160,34960,52200,카드
2655,2844,2026-02-24 14:26:31,130960,52460,78500,카드
2656,2812,2026-02-24 14:26:33,21190,8490,12700,간편결제
2657,2840,2026-02-24 14:26:48,44680,17880,26800,카드
2658,2824,2026-02-24 14:28:17,186980,74880,112100,카드
2659,2849,2026-02-24 14:30:12,20260,8160,12100,카드
2660,2848,2026-02-24 14:32:07,18340,7340,11000,카드
2661,2816,2026-02-24 14:36:01,29270,11770,17500,카드
2662,2813,2026-02-24 14:38:00,39940,16040,23900,카드
2663,2803,2026-02-24 14:38:11,19890,7990,11900,카드
2664,2838,2026-02-24 14:43:12,146640,58740,87900,카드
2665,2825,2026-02-24 14:43:51,21270,8570,12700,카드
2666,2831,2026-02-24 14:44:46,79360,31760,47600,카드
2667,2811,2026-02-24 14:45:09,83750,33550,50200,카드
2668,2853,2026-02-24 14:45:43,156730,62730,94000,카드
2669,2829,2026-02-24 14:45:58,215680,86280,129400,카드
2670,2854,2026-02-24 14:46:53,40040,16040,24000,간편결제
2671,2828,2026-02-24 14:49:10,35420,14220,21200,카드
2672,2852,2026-02-24 14:49:22,23740,9540,14200,카드
2673,2833,2026-02-24 14:51:23,36260,14560,21700,카드
2674,2832,2026-02-24 14:53:13,29960,12060,17900,카드
2675,2818,2026-02-24 14:54:15,30770,12370,18400,카드
2676,2821,2026-02-24 14:57:59,35270,14170,21100,카드
2677,2836,2026-02-24 15:02:19,27740,11140,16600,간편결제
2678,2837,2026-02-24 15:10:27,21930,8830,13100,카드
2679,2847,2026-02-24 15:12:19,113520,45420,68100,카드
2680,2843,2026-02-24 15:14:29,256520,102620,153900,카드
2681,2839,2026-02-24 15:19:30,35750,14350,21400,카드
2682,2841,2026-02-24 15:21:45,221580,88680,132900,카드
2683,2850,2026-02-24 15:22:44,27860,11160,16700,간편결제
2684,2845,2026-02-24 15:23:04,23640,9540,14100,카드
2685,2842,2026-02-24 15:24:05,132740,53140,79600,카드
2686,2855,2026-02-24 15:25:02,285260,114160,171100,카드
2687,2830,2026-02-24 15:26:01,27780,11180,16600,카드
2688,2856,2026-02-24 15:31:02,20170,8070,12100,현금
2689,2868,2026-02-24 15:36:59,178850,71550,107300,카드
2690,2858,2026-02-24 15:37:28,170160,68160,102000,간편결제
2691,2866,2026-02-24 15:39:58,18830,7630,11200,카드
2692,2851,2026-02-24 15:48:17,37410,15010,22400,간편결제
2693,2870,2026-02-24 15:51:49,91560,36660,54900,간편결제
2694,2857,2026-02-24 15:54:49,40860,16360,24500,카드
2695,2861,2026-02-24 16:09:48,25860,10360,15500,간편결제
2696,2860,2026-02-24 16:11:25,77590,31090,46500,카드
2697,2859,2026-02-24 16:13:05,22450,9050,13400,카드
2698,2864,2026-02-24 16:14:15,29860,11960,17900,카드
2699,2862,2026-02-24 16:17:18,84150,33750,50400,카드
2700,2865,2026-02-24 16:19:45,24070,9670,14400,카드
2701,2867,2026-02-24 16:30:11,29680,11880,17800,현금
2702,2876,2026-02-25 09:14:19,81170,32470,48700,현금
2703,2871,2026-02-25 09:17:44,231310,92610,138700,카드
2704,2872,2026-02-25 09:31:50,37960,15260,22700,카드
2705,2879,2026-02-25 09:31:54,22680,9080,13600,카드
2706,2874,2026-02-25 09:31:56,30710,12310,18400,카드
2707,2889,2026-02-25 09:33:57,25430,10230,15200,카드
2708,2875,2026-02-25 09:34:24,264700,105900,158800,카드
2709,2880,2026-02-25 09:35:21,127660,51160,76500,카드
2710,2878,2026-02-25 09:36:35,34260,13760,20500,카드
2711,2877,2026-02-25 09:41:02,133850,53550,80300,카드
2712,2873,2026-02-25 09:41:25,20400,8200,12200,현금
2713,2885,2026-02-25 09:49:40,19870,7970,11900,카드
2714,2884,2026-02-25 09:50:57,182860,73160,109700,카드
2715,2897,2026-02-25 09:54:22,54050,21650,32400,카드
2716,2887,2026-02-25 09:54:36,21670,8670,13000,카드
2717,2908,2026-02-25 09:56:45,29990,12090,17900,카드
2718,2891,2026-02-25 09:58:33,18410,7410,11000,카드
2719,2892,2026-02-25 10:04:48,26620,10720,15900,카드
2720,2881,2026-02-25 10:05:50,31180,12480,18700,카드
2721,2890,2026-02-25 10:08:36,98570,39470,59100,카드
2722,2882,2026-02-25 10:11:42,170290,68190,102100,카드
2723,2893,2026-02-25 10:17:27,20360,8160,12200,카드
2724,2899,2026-02-25 10:18:23,146300,58600,87700,카드
2725,2898,2026-02-25 10:20:22,23250,9350,13900,간편결제
2726,2883,2026-02-25 10:20:53,27510,11010,16500,카드
2727,2888,2026-02-25 10:21:25,229410,91810,137600,카드
2728,2896,2026-02-25 10:23:26,19780,7980,11800,현금
2729,2894,2026-02-25 10:33:49,150420,60220,90200,카드
2730,2905,2026-02-25 10:35:57,218520,87420,131100,카드
2731,2900,2026-02-25 10:36:59,22480,9080,13400,카드
2732,2886,2026-02-25 10:38:39,79280,31780,47500,카드
2733,2903,2026-02-25 10:39:02,36060,14460,21600,카드
2734,2906,2026-02-25 10:40:02,28020,11220,16800,카드
2735,2901,2026-02-25 10:46:24,18780,7580,11200,카드
2736,2904,2026-02-25 10:48:19,42610,17110,25500,간편결제
2737,2909,2026-02-25 10:53:39,182800,73200,109600,간편결제
2738,2895,2026-02-25 10:55:09,38460,15460,23000,간편결제
2739,2913,2026-02-25 10:55:15,21700,8700,13000,간편결제
2740,2912,2026-02-25 10:57:31,20000,8000,12000,카드
2741,2902,2026-02-25 10:57:56,32550,13050,19500,카드
2742,2907,2026-02-25 10:58:15,97390,38990,58400,카드
2743,2915,2026-02-25 11:01:52,126100,50500,75600,카드
2744,2917,2026-02-25 11:07:06,143010,57210,85800,카드
2745,2916,2026-02-25 11:08:38,218010,87210,130800,현금
2746,2914,2026-02-25 11:11:35,19730,7930,11800,카드
2747,2910,2026-02-25 11:12:45,32150,12950,19200,카드
2748,2919,2026-02-25 11:14:57,38580,15480,23100,카드
2749,2922,2026-02-25 11:19:13,57790,23190,34600,현금
2750,2918,2026-02-25 11:25:31,31320,12620,18700,카드
2751,2925,2026-02-25 11:25:58,256870,102770,154100,카드
2752,2926,2026-02-25 11:31:48,26830,10830,16000,현금
2753,2921,2026-02-25 11:37:29,40340,16140,24200,카드
2754,2924,2026-02-25 11:40:01,105370,42170,63200,카드
2755,2923,2026-02-25 11:41:52,67720,27120,40600,카드
2756,2928,2026-02-25 13:44:40,135210,54110,81100,카드
2757,2930,2026-02-25 13:55:23,59050,23650,35400,카드
2758,2927,2026-02-25 13:58:41,24800,10000,14800,카드
2759,2931,2026-02-25 13:59:55,41570,16670,24900,간편결제
2760,2929,2026-02-25 14:02:37,29150,11750,17400,카드
2761,2936,2026-02-25 14:12:20,92620,37120,55500,카드
2762,2932,2026-02-25 14:13:53,42450,17050,25400,카드
2763,2933,2026-02-25 14:15:28,21680,8680,13000,카드
2764,2937,2026-02-25 14:21:43,213350,85350,128000,카드
2765,2934,2026-02-25 14:22:26,32920,13220,19700,카드
2766,2938,2026-02-25 14:29:22,31180,12480,18700,카드
2767,2945,2026-02-25 14:43:21,120380,48180,72200,카드
2768,2942,2026-02-25 14:48:06,30420,12220,18200,카드
2769,2939,2026-02-25 14:56:41,148550,59450,89100,카드
2770,2948,2026-02-25 15:11:51,34520,13820,20700,카드
2771,2941,2026-02-25 15:12:27,133610,53510,80100,카드
2772,2949,2026-02-25 15:22:10,247920,99220,148700,카드
2773,2950,2026-02-25 15:26:22,29940,12040,17900,간편결제
2774,2944,2026-02-25 15:30:21,27900,11200,16700,카드
2775,2943,2026-02-25 15:30:24,41060,16460,24600,간편결제
2776,2954,2026-02-25 15:34:55,18530,7430,11100,카드
2777,2946,2026-02-25 15:47:13,28460,11460,17000,카드
2778,2947,2026-02-25 15:49:03,25780,10380,15400,카드
2779,2951,2026-02-25 15:53:48,232700,93100,139600,카드
2780,2956,2026-02-25 15:58:32,117800,47200,70600,카드
2781,2959,2026-02-25 16:01:39,161290,64590,96700,카드
2782,2952,2026-02-25 16:04:24,37220,14920,22300,카드
2783,2958,2026-02-25 16:05:57,217150,86950,130200,카드
2784,2953,2026-02-25 16:13:15,25180,10080,15100,현금
2785,2955,2026-02-25 16:37:47,28070,11270,16800,카드
2786,2957,2026-02-25 16:43:51,41530,16630,24900,카드
2787,2960,2026-02-26 09:12:16,134500,53800,80700,카드
2788,2961,2026-02-26 09:18:25,221350,88550,132800,카드
2789,2964,2026-02-26 09:21:18,33880,13580,20300,간편결제
2790,2967,2026-02-26 09:27:09,24130,9730,14400,카드
2791,2972,2026-02-26 09:28:40,29440,11840,17600,카드
2792,2963,2026-02-26 09:30:08,22460,9060,13400,카드
2793,2965,2026-02-26 09:30:42,27530,11030,16500,카드
2794,2966,2026-02-26 09:33:01,240860,96360,144500,카드
2795,2962,2026-02-26 09:34:00,101230,40530,60700,카드
2796,2981,2026-02-26 09:34:29,35990,14490,21500,카드
2797,2979,2026-02-26 09:35:24,183110,73310,109800,간편결제
2798,2977,2026-02-26 09:35:41,224340,89740,134600,카드
2799,2971,2026-02-26 09:41:19,24520,9820,14700,카드
2800,2975,2026-02-26 09:44:29,18750,7550,11200,카드
2801,2968,2026-02-26 09:45:12,145040,58040,87000,카드
2802,2969,2026-02-26 09:48:31,29290,11790,17500,카드
2803,2984,2026-02-26 09:48:59,22440,9040,13400,카드
2804,2973,2026-02-26 09:53:56,29920,12020,17900,카드
2805,2982,2026-02-26 09:54:32,270090,108090,162000,현금
2806,2988,2026-02-26 09:56:54,190370,76170,114200,카드
2807,2974,2026-02-26 09:58:48,24850,9950,14900,간편결제
2808,2976,2026-02-26 09:59:54,66800,26800,40000,카드
2809,2985,2026-02-26 10:04:32,33310,13410,19900,카드
2810,2978,2026-02-26 10:08:22,28360,11360,17000,간편결제
2811,2986,2026-02-26 10:12:50,19720,7920,11800,간편결제
2812,2991,2026-02-26 10:13:28,33580,13480,20100,카드
2813,2989,2026-02-26 10:13:29,37040,14840,22200,카드
2814,2980,2026-02-26 10:19:13,43660,17560,26100,카드
2815,2983,2026-02-26 10:26:20,223410,89410,134000,카드
2816,2994,2026-02-26 10:26:48,31680,12680,19000,카드
2817,2987,2026-02-26 10:31:17,214920,86020,128900,카드
2818,2990,2026-02-26 10:32:31,31010,12410,18600,현금
2819,2995,2026-02-26 10:33:04,20330,8230,12100,카드
2820,2996,2026-02-26 10:34:35,23660,9560,14100,카드
2821,2992,2026-02-26 10:37:11,19360,7760,11600,카드
2822,2998,2026-02-26 10:42:32,84970,34070,50900,카드
2823,2999,2026-02-26 10:44:16,22290,8990,13300,카드
2824,2993,2026-02-26 10:55:20,18380,7380,11000,카드
2825,3000,2026-02-26 10:58:14,175010,70010,105000,카드
2826,2997,2026-02-26 11:00:18,22410,9010,13400,카드
2827,3001,2026-02-26 11:09:13,86540,34640,51900,카드
2828,3002,2026-02-26 11:12:06,89330,35830,53500,간편결제
2829,3007,2026-02-26 13:51:06,40020,16020,24000,카드
2830,3003,2026-02-26 13:57:51,19780,7980,11800,카드
2831,3010,2026-02-26 14:01:00,24400,9800,14600,카드
2832,3005,2026-02-26 14:01:50,90930,36430,54500,카드
2833,3012,2026-02-26 14:01:56,29680,11880,17800,카드
2834,3004,2026-02-26 14:05:26,216760,86760,130000,카드
2835,3013,2026-02-26 14:07:06,163770,65570,98200,카드
2836,3027,2026-02-26 14:15:23,35430,14230,21200,현금
2837,3006,2026-02-26 14:17:04,202270,80970,121300,카드
2838,3028,2026-02-26 14:18:57,24850,9950,14900,카드
2839,3020,2026-02-26 14:19:43,167740,67140,100600,간편결제
2840,3024,2026-02-26 14:20:11,240410,96210,144200,카드
2841,3008,2026-02-26 14:21:35,42210,16910,25300,현금
2842,3009,2026-02-26 14:27:18,40960,16460,24500,카드
2843,3029,2026-02-26 14:33:19,29210,11710,17500,카드
2844,3022,2026-02-26 14:34:47,225970,90470,135500,카드
2845,3014,2026-02-26 14:38:24,20770,8370,12400,카드
2846,3023,2026-02-26 14:38:44,118850,47550,71300,현금
2847,3016,2026-02-26 14:45:00,26190,10490,15700,카드
2848,3015,2026-02-26 14:51:10,99220,39720,59500,카드
2849,3017,2026-02-26 14:53:50,132740,53140,79600,카드
2850,3018,2026-02-26 14:56:17,26740,10740,16000,카드
2851,3031,2026-02-26 15:09:21,266740,106740,160000,카드
2852,3021,2026-02-26 15:19:22,27490,11090,16400,카드
2853,3019,2026-02-26 15:20:54,43540,17440,26100,현금
2854,3025,2026-02-26 15:21:02,22920,9220,13700,카드
2855,3026,2026-02-26 15:24:19,201500,80600,120900,카드
2856,3035,2026-02-26 15:26:20,34130,13730,20400,카드
2857,3038,2026-02-26 15:33:53,23400,9400,14000,카드
2858,3034,2026-02-26 15:38:50,241950,96850,145100,현금
2859,3030,2026-02-26 15:39:37,205990,82490,123500,카드
2860,3036,2026-02-26 15:57:45,30970,12470,18500,간편결제
2861,3033,2026-02-26 15:57:46,22410,9010,13400,카드
2862,3037,2026-02-26 16:29:05,28660,11560,17100,카드
2863,3041,2026-02-27 09:21:57,37150,14950,22200,카드
2864,3040,2026-02-27 09:22:57,24340,9740,14600,카드
2865,3042,2026-02-27 09:39:29,27870,11170,16700,카드
2866,3044,2026-02-27 09:42:06,20960,8460,12500,카드
2867,3045,2026-02-27 09:47:16,61700,24700,37000,카드
2868,3043,2026-02-27 09:53:34,204020,81620,122400,카드
2869,3046,2026-02-27 10:03:46,20210,8110,12100,카드
2870,3047,2026-02-27 10:15:57,26130,10530,15600,카드
2871,3049,2026-02-27 10:27:38,27880,11180,16700,카드
2872,3048,2026-02-27 10:30:35,19930,8030,11900,카드
2873,3050,2026-02-27 10:36:54,21560,8660,12900,카드
2874,3052,2026-02-27 11:06:07,28700,11500,17200,카드
2875,3051,2026-02-27 11:07:16,109960,44060,65900,카드
2876,3054,2026-02-27 11:19:53,19960,8060,11900,카드
2877,3053,2026-02-27 11:25:44,25570,10270,15300,카드
2878,3059,2026-02-27 13:49:03,38540,15440,23100,현금
2879,3058,2026-02-27 13:51:56,36850,14750,22100,카드
2880,3057,2026-02-27 13:58:28,32570,13070,19500,카드
2881,3056,2026-02-27 13:59:29,138010,55210,82800,카드
2882,3055,2026-02-27 14:00:06,204780,81980,122800,카드
2883,3067,2026-02-27 14:00:24,19340,7740,11600,카드
2884,3062,2026-02-27 14:03:31,144910,58010,86900,간편결제
2885,3061,2026-02-27 14:08:12,43910,17610,26300,카드
2886,3069,2026-02-27 14:08:16,30820,12420,18400,카드
2887,3060,2026-02-27 14:13:23,69230,27730,41500,카드
2888,3065,2026-02-27 14:14:52,43090,17290,25800,카드
2889,3070,2026-02-27 14:15:24,27230,10930,16300,간편결제
2890,3063,2026-02-27 14:16:15,37860,15160,22700,카드
2891,3072,2026-02-27 14:24:10,20740,8340,12400,카드
2892,3068,2026-02-27 14:24:10,136110,54510,81600,카드
2893,3064,2026-02-27 14:31:34,278210,111310,166900,현금
2894,3075,2026-02-27 14:32:29,28410,11410,17000,카드
2895,3071,2026-02-27 14:36:20,264930,106030,158900,현금
2896,3073,2026-02-27 14:37:56,54130,21730,32400,카드
2897,3074,2026-02-27 14:40:44,30200,12100,18100,카드
2898,3076,2026-02-27 15:04:27,79940,32040,47900,카드
2899,3077,2026-02-27 15:06:25,32570,13070,19500,카드
2900,3078,2026-02-27 15:07:51,27280,10980,16300,간편결제
2901,3080,2026-02-27 15:15:10,184310,73810,110500,카드
2902,3079,2026-02-27 15:23:40,73970,29670,44300,카드
2903,3081,2026-02-27 15:42:44,160970,64470,96500,간편결제
2904,3098,2026-03-03 09:12:16,20220,8120,12100,카드
2905,3086,2026-03-03 09:14:20,31430,12630,18800,카드
2906,3090,2026-03-03 09:16:37,19770,7970,11800,카드
2907,3089,2026-03-03 09:18:08,28950,11650,17300,카드
2908,3091,2026-03-03 09:19:11,22130,8930,13200,카드
2909,3084,2026-03-03 09:21:12,26800,10800,16000,카드
2910,3087,2026-03-03 09:22:31,23560,9460,14100,카드
2911,3105,2026-03-03 09:24:18,224590,89890,134700,카드
2912,3100,2026-03-03 09:30:21,20980,8480,12500,카드
2913,3082,2026-03-03 09:33:03,279760,111960,167800,카드
2914,3085,2026-03-03 09:37:23,181410,72610,108800,간편결제
2915,3118,2026-03-03 09:39:06,19920,8020,11900,카드
2916,3113,2026-03-03 09:39:26,21410,8610,12800,카드
2917,3092,2026-03-03 09:41:19,39160,15760,23400,카드
2918,3088,2026-03-03 09:41:35,259130,103730,155400,카드
2919,3104,2026-03-03 09:41:54,218070,87270,130800,카드
2920,3096,2026-03-03 09:43:30,39800,16000,23800,카드
2921,3094,2026-03-03 09:47:16,25030,10030,15000,카드
2922,3093,2026-03-03 09:52:50,40900,16400,24500,간편결제
2923,3095,2026-03-03 09:54:45,39360,15760,23600,카드
2924,3107,2026-03-03 09:58:13,117320,47020,70300,카드
2925,3108,2026-03-03 09:59:11,26110,10510,15600,카드
2926,3109,2026-03-03 10:01:05,24000,9600,14400,카드
2927,3101,2026-03-03 10:02:10,22540,9040,13500,카드
2928,3102,2026-03-03 10:02:39,38530,15430,23100,카드
2929,3097,2026-03-03 10:15:53,43740,17540,26200,카드
2930,3110,2026-03-03 10:17:47,41210,16510,24700,카드
2931,3112,2026-03-03 10:17:56,42140,16940,25200,카드
2932,3099,2026-03-03 10:18:17,26530,10630,15900,카드
2933,3122,2026-03-03 10:19:20,38800,15600,23200,카드
2934,3103,2026-03-03 10:22:52,90650,36350,54300,카드
2935,3121,2026-03-03 10:25:04,28160,11360,16800,간편결제
2936,3134,2026-03-03 10:25:15,42540,17040,25500,카드
2937,3119,2026-03-03 10:27:06,32740,13140,19600,간편결제
2938,3115,2026-03-03 10:29:18,24280,9780,14500,카드
2939,3123,2026-03-03 10:40:05,26670,10670,16000,카드
2940,3125,2026-03-03 10:40:19,28950,11650,17300,카드
2941,3116,2026-03-03 10:46:02,22770,9170,13600,카드
2942,3139,2026-03-03 10:47:07,30640,12340,18300,카드
2943,3111,2026-03-03 10:49:01,85950,34450,51500,간편결제
2944,3137,2026-03-03 10:49:39,30670,12270,18400,간편결제
2945,3117,2026-03-03 10:53:53,163230,65330,97900,카드
2946,3127,2026-03-03 10:54:07,26360,10560,15800,카드
2947,3120,2026-03-03 10:58:24,140370,56170,84200,카드
2948,3128,2026-03-03 11:00:16,18140,7340,10800,카드
2949,3143,2026-03-03 11:01:25,34000,13600,20400,간편결제
2950,3131,2026-03-03 11:02:05,62720,25120,37600,현금
2951,3132,2026-03-03 11:05:25,176500,70600,105900,간편결제
2952,3129,2026-03-03 11:06:16,44810,18010,26800,카드
2953,3126,2026-03-03 11:07:14,25480,10280,15200,카드
2954,3138,2026-03-03 11:08:44,246180,98480,147700,카드
2955,3147,2026-03-03 11:09:33,44180,17680,26500,카드
2956,3145,2026-03-03 11:09:52,255760,102360,153400,카드
2957,3135,2026-03-03 11:17:44,24470,9870,14600,카드
2958,3148,2026-03-03 11:18:16,77720,31120,46600,카드
2959,3144,2026-03-03 11:25:23,168490,67490,101000,카드
2960,3130,2026-03-03 11:27:42,30620,12320,18300,카드
2961,3141,2026-03-03 11:29:32,29120,11720,17400,카드
2962,3150,2026-03-03 11:36:03,258360,103360,155000,카드
2963,3149,2026-03-03 11:38:02,28100,11300,16800,카드
2964,3140,2026-03-03 11:44:14,18830,7630,11200,카드
2965,3142,2026-03-03 11:45:10,18960,7660,11300,카드
2966,3146,2026-03-03 11:45:59,29130,11730,17400,간편결제
2967,3152,2026-03-03 13:46:36,25130,10130,15000,카드
2968,3154,2026-03-03 13:47:49,25160,10160,15000,현금
2969,3164,2026-03-03 13:49:28,46930,18830,28100,간편결제
2970,3175,2026-03-03 13:54:26,18710,7510,11200,카드
2971,3157,2026-03-03 13:54:44,22340,8940,13400,간편결제
2972,3176,2026-03-03 14:00:36,21370,8570,12800,카드
2973,3151,2026-03-03 14:02:05,210590,84290,126300,간편결제
2974,3168,2026-03-03 14:02:45,21610,8710,12900,카드
2975,3155,2026-03-03 14:02:55,25470,10270,15200,카드
2976,3162,2026-03-03 14:02:58,223190,89290,133900,현금
2977,3153,2026-03-03 14:03:25,29540,11840,17700,카드
2978,3159,2026-03-03 14:04:07,21400,8600,12800,카드
2979,3156,2026-03-03 14:05:31,31340,12540,18800,카드
2980,3165,2026-03-03 14:05:48,35740,14340,21400,간편결제
2981,3169,2026-03-03 14:06:06,29550,11850,17700,카드
2982,3173,2026-03-03 14:08:20,211550,84650,126900,카드
2983,3160,2026-03-03 14:09:22,170030,68030,102000,카드
2984,3177,2026-03-03 14:10:56,58210,23310,34900,카드
2985,3161,2026-03-03 14:12:52,52290,20990,31300,카드
2986,3158,2026-03-03 14:14:57,146870,58770,88100,카드
2987,3181,2026-03-03 14:15:32,177760,71160,106600,간편결제
2988,3180,2026-03-03 14:19:07,188520,75420,113100,카드
2989,3174,2026-03-03 14:21:24,26390,10590,15800,카드
2990,3194,2026-03-03 14:22:17,219460,87860,131600,카드
2991,3171,2026-03-03 14:22:36,83570,33470,50100,카드
2992,3178,2026-03-03 14:23:22,18630,7530,11100,간편결제
2993,3166,2026-03-03 14:27:37,29360,11760,17600,카드
2994,3204,2026-03-03 14:27:48,94470,37870,56600,카드
2995,3200,2026-03-03 14:30:17,24510,9810,14700,카드
2996,3216,2026-03-03 14:31:42,255510,102210,153300,카드
2997,3170,2026-03-03 14:31:56,23230,9330,13900,카드
2998,3179,2026-03-03 14:32:11,28370,11370,17000,카드
2999,3184,2026-03-03 14:32:57,201340,80540,120800,카드
3000,3188,2026-03-03 14:33:20,32550,13050,19500,카드
3001,3205,2026-03-03 14:35:37,20710,8310,12400,카드
3002,3190,2026-03-03 14:35:40,28320,11420,16900,카드
3003,3182,2026-03-03 14:36:11,44430,17830,26600,카드
3004,3189,2026-03-03 14:40:51,167040,66840,100200,카드
3005,3207,2026-03-03 14:41:01,26310,10610,15700,카드
3006,3186,2026-03-03 14:43:52,20350,8150,12200,간편결제
3007,3196,2026-03-03 14:46:19,26100,10500,15600,카드
3008,3191,2026-03-03 14:50:15,159960,64060,95900,카드
3009,3195,2026-03-03 14:51:16,123180,49280,73900,카드
3010,3199,2026-03-03 14:51:51,29230,11730,17500,카드
3011,3203,2026-03-03 14:55:13,32150,12950,19200,간편결제
3012,3187,2026-03-03 14:55:26,18900,7600,11300,현금
3013,3192,2026-03-03 14:56:04,22650,9150,13500,카드
3014,3185,2026-03-03 14:58:45,25760,10360,15400,카드
3015,3214,2026-03-03 14:59:01,95260,38160,57100,간편결제
3016,3210,2026-03-03 15:02:26,44810,18010,26800,현금
3017,3220,2026-03-03 15:04:56,51360,20560,30800,카드
3018,3206,2026-03-03 15:05:13,29110,11710,17400,현금
3019,3224,2026-03-03 15:07:30,43320,17420,25900,카드
3020,3198,2026-03-03 15:09:42,29990,12090,17900,카드
3021,3208,2026-03-03 15:10:49,149780,59980,89800,카드
3022,3197,2026-03-03 15:15:48,227090,90890,136200,카드
3023,3223,2026-03-03 15:16:58,21070,8470,12600,카드
3024,3228,2026-03-03 15:17:09,24330,9830,14500,카드
3025,3227,2026-03-03 15:17:43,43600,17500,26100,카드
3026,3211,2026-03-03 15:18:47,39620,15920,23700,카드
3027,3209,2026-03-03 15:19:02,22970,9270,13700,카드
3028,3229,2026-03-03 15:21:16,252570,101070,151500,카드
3029,3202,2026-03-03 15:23:59,26400,10600,15800,카드
3030,3218,2026-03-03 15:26:05,41510,16610,24900,카드
3031,3230,2026-03-03 15:31:44,20680,8280,12400,카드
3032,3212,2026-03-03 15:33:08,184490,73890,110600,카드
3033,3233,2026-03-03 15:35:23,44920,18020,26900,카드
3034,3221,2026-03-03 15:35:44,23160,9360,13800,간편결제
3035,3213,2026-03-03 15:36:51,21320,8620,12700,간편결제
3036,3225,2026-03-03 15:37:58,240920,96420,144500,카드
3037,3219,2026-03-03 15:38:29,50450,20250,30200,카드
3038,3226,2026-03-03 15:38:30,208750,83550,125200,카드
3039,3235,2026-03-03 15:38:47,232550,93050,139500,카드
3040,3237,2026-03-03 15:43:04,26010,10410,15600,카드
3041,3238,2026-03-03 15:49:28,23810,9610,14200,간편결제
3042,3215,2026-03-03 15:51:10,24810,10010,14800,카드
3043,3236,2026-03-03 15:51:44,44240,17740,26500,카드
3044,3217,2026-03-03 16:04:19,189680,75880,113800,간편결제
3045,3222,2026-03-03 16:22:10,30790,12390,18400,카드
3046,3231,2026-03-03 16:28:26,81950,32850,49100,간편결제
3047,3232,2026-03-03 16:36:06,35660,14360,21300,카드
3048,3234,2026-03-03 17:01:10,37990,15290,22700,간편결제
3049,3245,2026-03-04 09:22:39,72900,29200,43700,간편결제
3050,3242,2026-03-04 09:23:31,25460,10260,15200,간편결제
3051,3248,2026-03-04 09:26:27,19990,8090,11900,카드
3052,3252,2026-03-04 09:31:34,131640,52740,78900,카드
3053,3244,2026-03-04 09:31:38,35770,14370,21400,카드
3054,3246,2026-03-04 09:38:23,40030,16030,24000,카드
3055,3240,2026-03-04 09:42:42,43650,17550,26100,카드
3056,3254,2026-03-04 09:47:50,248700,99500,149200,카드
3057,3241,2026-03-04 09:48:33,22480,9080,13400,간편결제
3058,3250,2026-03-04 09:48:48,23370,9370,14000,카드
3059,3249,2026-03-04 09:51:24,231810,92810,139000,카드
3060,3253,2026-03-04 09:53:39,37520,15020,22500,카드
3061,3243,2026-03-04 09:54:00,47000,18800,28200,카드
3062,3251,2026-03-04 10:02:43,27500,11000,16500,카드
3063,3255,2026-03-04 10:13:26,37610,15110,22500,카드
3064,3256,2026-03-04 10:18:10,214780,85980,128800,간편결제
3065,3264,2026-03-04 10:20:41,32070,12870,19200,간편결제
3066,3257,2026-03-04 10:23:09,229870,91970,137900,카드
3067,3261,2026-03-04 10:30:37,23170,9270,13900,간편결제
3068,3271,2026-03-04 10:30:51,26420,10620,15800,현금
3069,3266,2026-03-04 10:32:10,207720,83120,124600,간편결제
3070,3260,2026-03-04 10:32:20,23830,9630,14200,카드
3071,3258,2026-03-04 10:35:23,259370,103770,155600,카드
3072,3262,2026-03-04 10:35:33,35420,14220,21200,현금
3073,3273,2026-03-04 10:41:11,18330,7430,10900,현금
3074,3263,2026-03-04 10:42:57,34440,13840,20600,카드
3075,3268,2026-03-04 10:43:19,44030,17630,26400,간편결제
3076,3270,2026-03-04 10:43:56,28510,11410,17100,카드
3077,3267,2026-03-04 11:04:06,107130,42930,64200,카드
3078,3265,2026-03-04 11:07:31,159370,63770,95600,간편결제
3079,3275,2026-03-04 11:16:39,182040,72840,109200,카드
3080,3276,2026-03-04 11:17:29,36010,14410,21600,현금
3081,3269,2026-03-04 11:23:10,27830,11230,16600,간편결제
3082,3274,2026-03-04 11:29:09,198240,79340,118900,간편결제
3083,3278,2026-03-04 11:30:20,22470,9070,13400,현금
3084,3272,2026-03-04 11:31:09,28780,11580,17200,간편결제
3085,3277,2026-03-04 11:35:24,28820,11620,17200,카드
3086,3279,2026-03-04 11:47:50,29860,11960,17900,현금
3087,3284,2026-03-04 13:46:49,26070,10470,15600,현금
3088,3282,2026-03-04 13:49:39,241630,96730,144900,카드
3089,3280,2026-03-04 13:53:04,54060,21660,32400,카드
3090,3285,2026-03-04 13:53:35,35460,14260,21200,간편결제
3091,3281,2026-03-04 14:06:54,31320,12620,18700,카드
3092,3283,2026-03-04 14:08:54,276630,110730,165900,카드
3093,3290,2026-03-04 14:10:06,26950,10850,16100,카드
3094,3286,2026-03-04 14:10:40,160670,64270,96400,카드
3095,3287,2026-03-04 14:11:09,21210,8510,12700,간편결제
3096,3288,2026-03-04 14:21:11,109100,43700,65400,카드
3097,3291,2026-03-04 14:23:38,58100,23300,34800,카드
3098,3292,2026-03-04 14:25:53,23750,9550,14200,카드
3099,3289,2026-03-04 14:30:04,24000,9600,14400,현금
3100,3295,2026-03-04 14:33:23,216200,86500,129700,간편결제
3101,3293,2026-03-04 14:35:31,238270,95370,142900,카드
3102,3294,2026-03-04 14:39:18,239970,96070,143900,카드
3103,3297,2026-03-04 14:42:40,37660,15160,22500,간편결제
3104,3296,2026-03-04 14:47:38,33490,13490,20000,간편결제
3105,3298,2026-03-04 15:17:23,29310,11810,17500,카드
3106,3299,2026-03-04 16:02:23,29560,11860,17700,간편결제
3107,3300,2026-03-05 09:10:52,29580,11880,17700,카드
3108,3301,2026-03-05 09:16:36,266150,106550,159600,간편결제
3109,3303,2026-03-05 09:21:57,68760,27560,41200,간편결제
3110,3312,2026-03-05 09:30:02,28460,11460,17000,카드
3111,3304,2026-03-05 09:30:53,84730,33930,50800,카드
3112,3315,2026-03-05 09:35:11,110240,44140,66100,현금
3113,3310,2026-03-05 09:36:10,41140,16540,24600,카드
3114,3314,2026-03-05 09:38:18,28340,11340,17000,카드
3115,3302,2026-03-05 09:41:41,23260,9360,13900,카드
3116,3305,2026-03-05 09:47:08,29140,11740,17400,카드
3117,3306,2026-03-05 09:52:15,19890,7990,11900,카드
3118,3307,2026-03-05 09:54:00,138190,55290,82900,카드
3119,3321,2026-03-05 09:54:32,31530,12630,18900,카드
3120,3311,2026-03-05 09:56:29,27050,10850,16200,간편결제
3121,3317,2026-03-05 09:56:45,270430,108230,162200,카드
3122,3308,2026-03-05 10:04:30,40200,16100,24100,간편결제
3123,3318,2026-03-05 10:04:50,39640,15940,23700,카드
3124,3309,2026-03-05 10:06:02,29350,11750,17600,카드
3125,3313,2026-03-05 10:12:22,38180,15280,22900,카드
3126,3316,2026-03-05 10:17:14,33550,13450,20100,카드
3127,3323,2026-03-05 10:20:17,19360,7760,11600,카드
3128,3326,2026-03-05 10:23:20,38430,15430,23000,카드
3129,3320,2026-03-05 10:25:40,38470,15470,23000,간편결제
3130,3319,2026-03-05 10:27:32,174530,69830,104700,카드
3131,3325,2026-03-05 10:33:26,194930,78030,116900,카드
3132,3329,2026-03-05 10:37:25,23880,9580,14300,카드
3133,3331,2026-03-05 10:39:05,22220,8920,13300,간편결제
3134,3330,2026-03-05 10:39:26,32790,13190,19600,간편결제
3135,3328,2026-03-05 10:40:01,33210,13310,19900,카드
3136,3322,2026-03-05 10:40:39,42100,16900,25200,간편결제
3137,3333,2026-03-05 10:44:58,23470,9470,14000,카드
3138,3332,2026-03-05 10:51:33,253470,101470,152000,현금
3139,3324,2026-03-05 10:54:14,239070,95670,143400,카드
3140,3335,2026-03-05 11:01:12,104330,41830,62500,카드
3141,3334,2026-03-05 11:04:57,64260,25760,38500,카드
3142,3336,2026-03-05 11:11:00,18180,7280,10900,카드
3143,3340,2026-03-05 11:23:15,18410,7410,11000,카드
3144,3341,2026-03-05 11:25:46,129680,51880,77800,카드
3145,3338,2026-03-05 11:36:04,118420,47420,71000,카드
3146,3343,2026-03-05 11:36:15,28020,11220,16800,카드
3147,3339,2026-03-05 11:47:30,263270,105370,157900,카드
3148,3342,2026-03-05 11:50:29,193300,77400,115900,카드
3149,3356,2026-03-05 13:44:26,32190,12890,19300,카드
3150,3352,2026-03-05 13:48:56,131750,52750,79000,카드
3151,3346,2026-03-05 13:56:16,21000,8400,12600,카드
3152,3345,2026-03-05 13:56:40,209880,83980,125900,카드
3153,3349,2026-03-05 13:57:00,172580,69080,103500,카드
3154,3348,2026-03-05 13:58:49,26570,10670,15900,카드
3155,3344,2026-03-05 13:59:49,152540,61040,91500,간편결제
3156,3347,2026-03-05 14:02:39,68550,27450,41100,현금
3157,3350,2026-03-05 14:04:54,34500,13800,20700,카드
3158,3360,2026-03-05 14:06:46,132180,52880,79300,카드
3159,3353,2026-03-05 14:11:43,34650,13950,20700,현금
3160,3351,2026-03-05 14:17:51,36310,14610,21700,카드
3161,3354,2026-03-05 14:18:03,229700,91900,137800,카드
3162,3368,2026-03-05 14:36:02,23890,9590,14300,카드
3163,3357,2026-03-05 14:36:20,184210,73710,110500,카드
3164,3362,2026-03-05 14:39:10,279560,111860,167700,카드
3165,3355,2026-03-05 14:42:21,43490,17490,26000,카드
3166,3366,2026-03-05 14:49:57,29020,11620,17400,카드
3167,3371,2026-03-05 14:52:12,44310,17810,26500,카드
3168,3358,2026-03-05 14:53:49,31650,12750,18900,카드
3169,3363,2026-03-05 15:01:19,24470,9870,14600,카드
3170,3367,2026-03-05 15:02:26,245510,98210,147300,카드
3171,3359,2026-03-05 15:02:51,211120,84520,126600,카드
3172,3373,2026-03-05 15:04:52,35590,14290,21300,간편결제
3173,3361,2026-03-05 15:11:35,20630,8330,12300,카드
3174,3372,2026-03-05 15:13:43,197480,79080,118400,카드
3175,3364,2026-03-05 15:28:42,131850,52750,79100,카드
3176,3369,2026-03-05 15:30:52,276180,110480,165700,카드
3177,3365,2026-03-05 15:35:28,237270,94970,142300,카드
3178,3377,2026-03-05 15:35:45,255310,102210,153100,간편결제
3179,3374,2026-03-05 15:38:11,29840,11940,17900,현금
3180,3370,2026-03-05 15:45:28,268040,107240,160800,현금
3181,3378,2026-03-05 15:59:25,61140,24540,36600,카드
3182,3375,2026-03-05 16:00:16,184080,73680,110400,카드
3183,3376,2026-03-05 16:00:50,30710,12310,18400,카드
3184,3379,2026-03-06 09:23:48,30100,12100,18000,카드
3185,3381,2026-03-06 09:24:14,216910,86810,130100,간편결제
3186,3380,2026-03-06 09:35:28,97600,39100,58500,카드
3187,3386,2026-03-06 09:36:41,20430,8230,12200,현금
3188,3383,2026-03-06 09:39:51,24330,9830,14500,현금
3189,3385,2026-03-06 09:41:47,24950,10050,14900,간편결제
3190,3382,2026-03-06 09:46:35,185610,74310,111300,카드
3191,3384,2026-03-06 09:49:25,24350,9750,14600,카드
3192,3388,2026-03-06 10:02:42,20150,8150,12000,카드
3193,3389,2026-03-06 10:12:48,20340,8140,12200,카드
3194,3390,2026-03-06 10:49:00,29460,11860,17600,카드
3195,3391,2026-03-06 11:09:11,19490,7890,11600,카드
3196,3392,2026-03-06 11:27:48,96310,38610,57700,카드
3197,3395,2026-03-06 13:39:15,19700,7900,11800,카드
3198,3393,2026-03-06 13:40:36,20780,8380,12400,카드
3199,3394,2026-03-06 13:48:05,84620,33920,50700,간편결제
3200,3396,2026-03-06 13:56:04,39970,16070,23900,간편결제
3201,3398,2026-03-06 14:01:05,197360,78960,118400,카드
3202,3397,2026-03-06 14:02:21,44900,18000,26900,카드
3203,3401,2026-03-06 14:05:12,203890,81590,122300,카드
3204,3402,2026-03-06 14:05:55,25210,10110,15100,카드
3205,3400,2026-03-06 14:08:57,35590,14290,21300,카드
3206,3399,2026-03-06 14:11:25,39100,15700,23400,카드
3207,3403,2026-03-06 14:13:07,27330,11030,16300,카드
3208,3404,2026-03-06 14:14:01,114110,45710,68400,카드
3209,3406,2026-03-06 14:15:45,24020,9620,14400,카드
3210,3405,2026-03-06 14:19:26,33160,13360,19800,간편결제
3211,3407,2026-03-06 14:25:51,216820,86820,130000,카드
3212,3409,2026-03-06 14:30:54,28340,11340,17000,카드
3213,3410,2026-03-06 14:31:47,29360,11760,17600,카드
3214,3408,2026-03-06 14:31:50,214900,86000,128900,카드
3215,3414,2026-03-06 14:48:56,28570,11470,17100,간편결제
3216,3411,2026-03-06 14:50:35,248250,99350,148900,현금
3217,3412,2026-03-06 14:51:10,172720,69120,103600,카드
3218,3413,2026-03-06 15:02:40,26690,10690,16000,카드
3219,3419,2026-03-06 15:10:31,32520,13020,19500,카드
3220,3420,2026-03-06 15:14:02,204010,81610,122400,카드
3221,3417,2026-03-06 15:18:04,44280,17780,26500,카드
3222,3416,2026-03-06 15:22:21,149520,59820,89700,카드
3223,3415,2026-03-06 15:23:06,35660,14360,21300,카드
3224,3421,2026-03-06 15:34:11,28630,11530,17100,현금
3225,3427,2026-03-09 09:11:33,173810,69610,104200,카드
3226,3426,2026-03-09 09:13:42,28420,11420,17000,카드
3227,3428,2026-03-09 09:21:01,84840,33940,50900,간편결제
3228,3429,2026-03-09 09:22:46,240080,96080,144000,간편결제
3229,3435,2026-03-09 09:23:14,234250,93750,140500,간편결제
3230,3423,2026-03-09 09:27:23,20030,8030,12000,카드
3231,3443,2026-03-09 09:33:31,34910,14010,20900,카드
3232,3424,2026-03-09 09:33:49,33520,13420,20100,카드
3233,3430,2026-03-09 09:34:25,29000,11600,17400,간편결제
3234,3431,2026-03-09 09:37:19,108890,43590,65300,카드
3235,3432,2026-03-09 09:41:25,121070,48470,72600,카드
3236,3436,2026-03-09 09:41:54,24150,9750,14400,카드
3237,3433,2026-03-09 09:42:55,28570,11470,17100,카드
3238,3444,2026-03-09 09:44:08,104920,42020,62900,카드
3239,3425,2026-03-09 09:47:56,21470,8670,12800,카드
3240,3451,2026-03-09 09:54:29,26940,10840,16100,카드
3241,3450,2026-03-09 09:55:15,22070,8870,13200,카드
3242,3440,2026-03-09 09:55:50,21850,8750,13100,카드
3243,3437,2026-03-09 09:56:07,34120,13720,20400,카드
3244,3445,2026-03-09 10:02:23,37980,15280,22700,카드
3245,3447,2026-03-09 10:07:11,18850,7550,11300,간편결제
3246,3456,2026-03-09 10:07:41,251470,100670,150800,현금
3247,3462,2026-03-09 10:09:21,22600,9100,13500,카드
3248,3452,2026-03-09 10:12:50,78130,31330,46800,카드
3249,3453,2026-03-09 10:17:52,43550,17450,26100,카드
3250,3439,2026-03-09 10:19:11,41190,16490,24700,카드
3251,3455,2026-03-09 10:20:11,40440,16240,24200,카드
3252,3438,2026-03-09 10:20:34,36060,14460,21600,카드
3253,3441,2026-03-09 10:23:51,27740,11140,16600,카드
3254,3458,2026-03-09 10:25:52,22590,9090,13500,카드
3255,3461,2026-03-09 10:26:15,27040,10840,16200,카드
3256,3459,2026-03-09 10:26:51,37490,15090,22400,간편결제
3257,3457,2026-03-09 10:27:37,29650,11950,17700,카드
3258,3460,2026-03-09 10:32:42,164300,65800,98500,카드
3259,3465,2026-03-09 10:34:20,21660,8760,12900,카드
3260,3442,2026-03-09 10:37:46,41990,16890,25100,현금
3261,3446,2026-03-09 10:44:37,25920,10420,15500,카드
3262,3464,2026-03-09 10:50:38,44170,17670,26500,카드
3263,3463,2026-03-09 10:52:50,164280,65780,98500,카드
3264,3448,2026-03-09 11:01:17,38070,15270,22800,간편결제
3265,3466,2026-03-09 11:01:30,32640,13140,19500,카드
3266,3469,2026-03-09 11:02:31,29920,12020,17900,카드
3267,3470,2026-03-09 11:05:11,28030,11230,16800,카드
3268,3454,2026-03-09 11:16:01,24880,9980,14900,카드
3269,3449,2026-03-09 11:16:44,39810,16010,23800,카드
3270,3471,2026-03-09 11:19:46,235150,94150,141000,카드
3271,3467,2026-03-09 11:21:20,23800,9600,14200,카드
3272,3476,2026-03-09 11:33:42,43800,17600,26200,카드
3273,3473,2026-03-09 11:36:27,38090,15290,22800,카드
3274,3468,2026-03-09 11:41:28,52660,21160,31500,카드
3275,3474,2026-03-09 11:43:17,22870,9170,13700,카드
3276,3475,2026-03-09 11:46:31,136790,54790,82000,카드
3277,3485,2026-03-09 13:46:36,27780,11180,16600,카드
3278,3482,2026-03-09 13:50:13,36770,14770,22000,카드
3279,3484,2026-03-09 13:51:45,174740,69940,104800,카드
3280,3481,2026-03-09 13:51:49,18950,7650,11300,카드
3281,3477,2026-03-09 13:56:56,32320,13020,19300,간편결제
3282,3490,2026-03-09 13:58:00,24150,9750,14400,카드
3283,3489,2026-03-09 14:00:31,42910,17210,25700,카드
3284,3480,2026-03-09 14:00:33,34440,13840,20600,카드
3285,3486,2026-03-09 14:01:49,265720,106320,159400,카드
3286,3488,2026-03-09 14:12:36,276720,110720,166000,카드
3287,3502,2026-03-09 14:12:45,32870,13170,19700,카드
3288,3491,2026-03-09 14:14:46,20590,8290,12300,카드
3289,3508,2026-03-09 14:15:05,20790,8390,12400,카드
3290,3478,2026-03-09 14:17:10,263390,105390,158000,카드
3291,3494,2026-03-09 14:20:49,41120,16520,24600,카드
3292,3518,2026-03-09 14:21:39,24090,9690,14400,카드
3293,3479,2026-03-09 14:23:37,39560,15860,23700,카드
3294,3513,2026-03-09 14:23:59,45000,18000,27000,카드
3295,3493,2026-03-09 14:25:29,228950,91650,137300,카드
3296,3496,2026-03-09 14:25:41,41260,16560,24700,카드
3297,3487,2026-03-09 14:29:03,191030,76430,114600,카드
3298,3492,2026-03-09 14:32:00,22230,8930,13300,카드
3299,3497,2026-03-09 14:35:55,244870,97970,146900,현금
3300,3498,2026-03-09 14:42:39,130450,52250,78200,간편결제
3301,3525,2026-03-09 14:43:13,75480,30280,45200,현금
3302,3495,2026-03-09 14:43:58,33850,13550,20300,카드
3303,3505,2026-03-09 14:46:30,221020,88420,132600,카드
3304,3528,2026-03-09 14:46:42,29990,12090,17900,카드
3305,3499,2026-03-09 14:48:42,28580,11480,17100,카드
3306,3529,2026-03-09 14:50:50,22110,8910,13200,카드
3307,3507,2026-03-09 14:52:22,63960,25660,38300,카드
3308,3500,2026-03-09 15:03:14,218830,87630,131200,카드
3309,3504,2026-03-09 15:03:17,21700,8700,13000,카드
3310,3501,2026-03-09 15:07:48,41820,16820,25000,카드
3311,3517,2026-03-09 15:08:12,29350,11750,17600,카드
3312,3512,2026-03-09 15:08:25,78920,31620,47300,카드
3313,3506,2026-03-09 15:09:55,22070,8870,13200,카드
3314,3530,2026-03-09 15:10:32,39040,15640,23400,카드
3315,3526,2026-03-09 15:11:03,32680,13080,19600,카드
3316,3503,2026-03-09 15:13:20,262810,105210,157600,현금
3317,3509,2026-03-09 15:14:43,23690,9490,14200,간편결제
3318,3522,2026-03-09 15:15:44,59330,23830,35500,카드
3319,3531,2026-03-09 15:24:37,203680,81480,122200,카드
3320,3519,2026-03-09 15:25:45,23910,9610,14300,카드
3321,3532,2026-03-09 15:26:16,221760,88760,133000,카드
3322,3538,2026-03-09 15:31:07,205020,82020,123000,카드
3323,3524,2026-03-09 15:31:32,29400,11800,17600,카드
3324,3515,2026-03-09 15:33:19,121260,48560,72700,카드
3325,3511,2026-03-09 15:33:49,44060,17660,26400,카드
3326,3510,2026-03-09 15:34:52,35530,14230,21300,카드
3327,3535,2026-03-09 15:36:05,142460,57060,85400,카드
3328,3533,2026-03-09 15:44:55,22000,8800,13200,카드
3329,3534,2026-03-09 15:45:41,27570,11070,16500,카드
3330,3514,2026-03-09 15:50:47,27400,11000,16400,카드
3331,3540,2026-03-09 16:01:17,26620,10720,15900,카드
3332,3536,2026-03-09 16:03:25,36280,14580,21700,카드
3333,3516,2026-03-09 16:08:03,37480,15080,22400,카드
3334,3521,2026-03-09 16:09:35,20160,8160,12000,간편결제
3335,3539,2026-03-09 16:11:17,34950,14050,20900,간편결제
3336,3527,2026-03-09 16:15:20,34110,13710,20400,카드
3337,3537,2026-03-09 16:25:38,31620,12720,18900,간편결제
3338,3541,2026-03-09 16:32:33,32020,12820,19200,카드
3339,3549,2026-03-10 09:15:07,238770,95570,143200,카드
3340,3552,2026-03-10 09:21:10,20340,8140,12200,카드
3341,3542,2026-03-10 09:23:31,220260,88160,132100,카드
3342,3545,2026-03-10 09:24:22,21000,8400,12600,카드
3343,3556,2026-03-10 09:25:57,60600,24300,36300,간편결제
3344,3548,2026-03-10 09:30:28,44610,17910,26700,카드
3345,3551,2026-03-10 09:32:42,221910,88810,133100,현금
3346,3555,2026-03-10 09:32:56,35950,14450,21500,카드
3347,3546,2026-03-10 09:33:41,43250,17350,25900,카드
3348,3565,2026-03-10 09:34:50,18380,7380,11000,간편결제
3349,3544,2026-03-10 09:36:29,113800,45600,68200,카드
3350,3543,2026-03-10 09:36:49,88070,35270,52800,카드
3351,3554,2026-03-10 09:37:55,26580,10680,15900,카드
3352,3570,2026-03-10 09:38:37,24520,9820,14700,현금
3353,3573,2026-03-10 09:39:49,41920,16820,25100,카드
3354,3566,2026-03-10 09:47:58,24160,9760,14400,카드
3355,3560,2026-03-10 09:48:15,18390,7390,11000,카드
3356,3563,2026-03-10 09:49:51,222860,89160,133700,카드
3357,3581,2026-03-10 09:50:30,173250,69350,103900,현금
3358,3550,2026-03-10 09:53:07,39500,15800,23700,현금
3359,3553,2026-03-10 09:55:03,22250,8950,13300,카드
3360,3583,2026-03-10 09:55:09,238040,95240,142800,간편결제
3361,3574,2026-03-10 09:59:28,46550,18650,27900,카드
3362,3577,2026-03-10 09:59:54,28200,11300,16900,간편결제
3363,3558,2026-03-10 10:00:04,239960,96060,143900,카드
3364,3572,2026-03-10 10:03:14,223870,89570,134300,카드
3365,3557,2026-03-10 10:04:03,29170,11670,17500,카드
3366,3576,2026-03-10 10:05:38,20970,8470,12500,카드
3367,3578,2026-03-10 10:06:58,195270,78170,117100,카드
3368,3586,2026-03-10 10:08:09,18720,7520,11200,카드
3369,3559,2026-03-10 10:09:23,30680,12280,18400,현금
3370,3562,2026-03-10 10:11:14,30870,12370,18500,카드
3371,3587,2026-03-10 10:14:31,22220,8920,13300,카드
3372,3561,2026-03-10 10:14:41,40460,16260,24200,카드
3373,3585,2026-03-10 10:19:07,43000,17200,25800,카드
3374,3567,2026-03-10 10:22:41,30450,12250,18200,간편결제
3375,3584,2026-03-10 10:24:04,25300,10200,15100,카드
3376,3588,2026-03-10 10:27:37,25580,10280,15300,카드
3377,3564,2026-03-10 10:28:28,274090,109690,164400,카드
3378,3579,2026-03-10 10:29:50,24630,9930,14700,카드
3379,3571,2026-03-10 10:30:00,77840,31140,46700,현금
3380,3582,2026-03-10 10:37:07,25000,10000,15000,카드
3381,3575,2026-03-10 10:37:53,44500,17800,26700,카드
3382,3569,2026-03-10 10:43:16,179490,71890,107600,카드
3383,3590,2026-03-10 10:43:48,21520,8620,12900,카드
3384,3595,2026-03-10 10:50:37,27040,10840,16200,간편결제
3385,3592,2026-03-10 10:51:42,27690,11090,16600,카드
3386,3593,2026-03-10 10:52:39,20250,8150,12100,간편결제
3387,3589,2026-03-10 10:56:58,26880,10780,16100,카드
3388,3591,2026-03-10 11:00:34,44010,17610,26400,카드
3389,3596,2026-03-10 11:12:05,153560,61460,92100,간편결제
3390,3594,2026-03-10 11:23:52,39390,15790,23600,카드
3391,3597,2026-03-10 11:38:08,40700,16300,24400,카드
3392,3598,2026-03-10 11:45:33,30530,12230,18300,카드
3393,3608,2026-03-10 13:49:18,32370,12970,19400,카드
3394,3609,2026-03-10 13:49:34,21510,8610,12900,카드
3395,3611,2026-03-10 13:52:02,180800,72400,108400,간편결제
3396,3602,2026-03-10 13:53:24,22660,9160,13500,카드
3397,3599,2026-03-10 13:54:03,21300,8600,12700,현금
3398,3612,2026-03-10 13:54:07,120980,48480,72500,카드
3399,3616,2026-03-10 14:00:00,83860,33560,50300,간편결제
3400,3601,2026-03-10 14:00:55,29770,11970,17800,카드
3401,3606,2026-03-10 14:00:56,18740,7540,11200,카드
3402,3603,2026-03-10 14:08:42,23000,9200,13800,카드
3403,3600,2026-03-10 14:09:26,34990,14090,20900,간편결제
3404,3615,2026-03-10 14:09:55,68490,27490,41000,카드
3405,3622,2026-03-10 14:10:10,149510,59810,89700,카드
3406,3613,2026-03-10 14:11:46,261990,104890,157100,카드
3407,3620,2026-03-10 14:14:34,29940,12040,17900,카드
3408,3605,2026-03-10 14:17:31,28710,11510,17200,카드
3409,3623,2026-03-10 14:23:16,218610,87510,131100,카드
3410,3617,2026-03-10 14:27:56,21460,8660,12800,카드
3411,3614,2026-03-10 14:30:59,36360,14560,21800,간편결제
3412,3628,2026-03-10 14:32:02,29590,11890,17700,카드
3413,3636,2026-03-10 14:35:53,120620,48320,72300,카드
3414,3629,2026-03-10 14:36:35,212950,85250,127700,현금
3415,3627,2026-03-10 14:37:41,153480,61480,92000,카드
3416,3626,2026-03-10 14:41:15,37720,15120,22600,간편결제
3417,3634,2026-03-10 14:43:32,25820,10420,15400,카드
3418,3618,2026-03-10 14:44:20,18960,7660,11300,카드
3419,3607,2026-03-10 14:49:14,28180,11280,16900,카드
3420,3633,2026-03-10 14:54:34,275870,110370,165500,카드
3421,3610,2026-03-10 14:54:44,80620,32320,48300,카드
3422,3639,2026-03-10 14:58:29,110290,44190,66100,간편결제
3423,3642,2026-03-10 14:58:51,28280,11380,16900,카드
3424,3640,2026-03-10 15:07:47,157280,62980,94300,카드
3425,3637,2026-03-10 15:11:18,200750,80350,120400,간편결제
3426,3621,2026-03-10 15:11:32,28990,11690,17300,간편결제
3427,3619,2026-03-10 15:12:41,28260,11360,16900,카드
3428,3644,2026-03-10 15:16:04,244820,98020,146800,카드
3429,3645,2026-03-10 15:20:13,273570,109470,164100,카드
3430,3625,2026-03-10 15:26:04,43400,17400,26000,카드
3431,3624,2026-03-10 15:27:25,18090,7290,10800,현금
3432,3647,2026-03-10 15:28:27,36580,14680,21900,카드
3433,3648,2026-03-10 15:32:37,44150,17750,26400,카드
3434,3641,2026-03-10 15:35:18,30190,12090,18100,간편결제
3435,3649,2026-03-10 15:45:49,89290,35790,53500,간편결제
3436,3632,2026-03-10 15:49:18,20030,8030,12000,카드
3437,3635,2026-03-10 15:56:31,36750,14750,22000,카드
3438,3643,2026-03-10 16:05:36,249310,99810,149500,카드
3439,3638,2026-03-10 16:05:51,27000,10800,16200,카드
3440,3646,2026-03-10 16:18:48,19500,7800,11700,카드
3441,3650,2026-03-11 09:12:24,148930,59630,89300,카드
3442,3660,2026-03-11 09:14:04,25810,10410,15400,카드
3443,3654,2026-03-11 09:18:06,268420,107420,161000,카드
3444,3651,2026-03-11 09:19:53,29460,11860,17600,간편결제
3445,3653,2026-03-11 09:22:41,26020,10420,15600,간편결제
3446,3652,2026-03-11 09:31:46,44400,17800,26600,간편결제
3447,3657,2026-03-11 09:39:26,33120,13320,19800,카드
3448,3658,2026-03-11 09:41:42,32700,13100,19600,카드
3449,3655,2026-03-11 09:43:07,219060,87660,131400,카드
3450,3664,2026-03-11 09:46:23,22920,9220,13700,카드
3451,3661,2026-03-11 09:46:30,29590,11890,17700,카드
3452,3656,2026-03-11 09:47:22,21810,8810,13000,간편결제
3453,3670,2026-03-11 09:49:08,34650,13950,20700,카드
3454,3666,2026-03-11 09:50:13,193370,77370,116000,카드
3455,3659,2026-03-11 09:53:25,157530,63030,94500,카드
3456,3665,2026-03-11 09:59:08,124790,49990,74800,카드
3457,3662,2026-03-11 10:03:48,40090,16090,24000,카드
3458,3663,2026-03-11 10:04:13,162300,65000,97300,카드
3459,3673,2026-03-11 10:12:33,37330,15030,22300,카드
3460,3671,2026-03-11 10:15:03,133110,53310,79800,카드
3461,3667,2026-03-11 10:21:14,254760,101960,152800,카드
3462,3668,2026-03-11 10:34:10,24790,9990,14800,카드
3463,3678,2026-03-11 10:42:46,30610,12310,18300,카드
3464,3672,2026-03-11 10:45:29,28620,11520,17100,카드
3465,3675,2026-03-11 10:45:35,183070,73270,109800,카드
3466,3674,2026-03-11 10:45:42,35330,14230,21100,카드
3467,3677,2026-03-11 10:49:17,146210,58510,87700,간편결제
3468,3676,2026-03-11 10:52:37,273880,109580,164300,카드
3469,3679,2026-03-11 11:40:50,229470,91870,137600,카드
3470,3680,2026-03-11 13:48:59,29520,11820,17700,카드
3471,3682,2026-03-11 13:53:38,217940,87240,130700,카드
3472,3685,2026-03-11 14:09:58,24180,9680,14500,카드
3473,3683,2026-03-11 14:11:40,21290,8590,12700,카드
3474,3684,2026-03-11 14:17:35,19490,7890,11600,카드
3475,3686,2026-03-11 14:31:38,37190,14890,22300,카드
3476,3687,2026-03-11 14:46:12,264750,105950,158800,카드
3477,3688,2026-03-11 14:50:07,22940,9240,13700,카드
3478,3689,2026-03-11 14:57:46,24780,9980,14800,카드
3479,3692,2026-03-11 15:15:17,28290,11390,16900,현금
3480,3691,2026-03-11 15:29:49,130260,52160,78100,간편결제
3481,3693,2026-03-11 15:31:11,26840,10740,16100,카드
3482,3694,2026-03-11 15:35:31,127540,51040,76500,카드
3483,3698,2026-03-12 09:24:03,21810,8810,13000,카드
3484,3712,2026-03-12 09:26:13,153750,61550,92200,카드
3485,3704,2026-03-12 09:28:31,196570,78670,117900,카드
3486,3695,2026-03-12 09:28:32,28120,11320,16800,카드
3487,3709,2026-03-12 09:28:46,83690,33490,50200,카드
3488,3697,2026-03-12 09:30:05,19180,7680,11500,카드
3489,3705,2026-03-12 09:30:40,157690,63090,94600,카드
3490,3710,2026-03-12 09:30:43,180470,72270,108200,카드
3491,3699,2026-03-12 09:34:32,24380,9780,14600,카드
3492,3696,2026-03-12 09:34:56,32230,12930,19300,카드
3493,3703,2026-03-12 09:38:10,23940,9640,14300,카드
3494,3706,2026-03-12 09:45:04,30370,12170,18200,간편결제
3495,3713,2026-03-12 09:46:08,19700,7900,11800,카드
3496,3720,2026-03-12 09:48:22,273660,109560,164100,간편결제
3497,3700,2026-03-12 09:53:09,31810,12810,19000,카드
3498,3715,2026-03-12 09:55:15,263880,105580,158300,간편결제
3499,3729,2026-03-12 09:55:54,37540,15040,22500,카드
3500,3723,2026-03-12 09:57:24,212330,85030,127300,간편결제
3501,3701,2026-03-12 09:59:55,195640,78340,117300,카드
3502,3707,2026-03-12 10:00:15,26820,10820,16000,현금
3503,3717,2026-03-12 10:01:37,19390,7790,11600,간편결제
3504,3718,2026-03-12 10:04:08,29990,12090,17900,카드
3505,3716,2026-03-12 10:05:21,18540,7440,11100,카드
3506,3702,2026-03-12 10:05:37,20150,8150,12000,카드
3507,3711,2026-03-12 10:18:52,37620,15120,22500,카드
3508,3719,2026-03-12 10:28:29,167100,66900,100200,카드
3509,3721,2026-03-12 10:35:36,134710,53910,80800,카드
3510,3731,2026-03-12 10:37:18,242500,97000,145500,카드
3511,3725,2026-03-12 10:38:23,30430,12230,18200,카드
3512,3722,2026-03-12 10:40:33,21430,8630,12800,간편결제
3513,3733,2026-03-12 10:45:57,31330,12630,18700,카드
3514,3738,2026-03-12 10:48:06,19270,7770,11500,카드
3515,3726,2026-03-12 10:56:22,159600,63900,95700,카드
3516,3727,2026-03-12 10:59:50,24110,9710,14400,현금
3517,3740,2026-03-12 11:01:56,20140,8140,12000,간편결제
3518,3734,2026-03-12 11:02:33,23910,9610,14300,카드
3519,3728,2026-03-12 11:04:15,36680,14680,22000,카드
3520,3736,2026-03-12 11:16:16,71280,28580,42700,카드
3521,3735,2026-03-12 11:18:16,25010,10010,15000,카드
3522,3746,2026-03-12 11:25:04,27340,10940,16400,카드
3523,3730,2026-03-12 11:26:13,145350,58150,87200,카드
3524,3732,2026-03-12 11:28:59,111710,44710,67000,카드
3525,3737,2026-03-12 11:29:33,40070,16070,24000,간편결제
3526,3743,2026-03-12 11:38:40,34680,13880,20800,카드
3527,3742,2026-03-12 11:45:07,23070,9270,13800,카드
3528,3739,2026-03-12 11:49:17,19730,7930,11800,간편결제
3529,3745,2026-03-12 11:51:22,19230,7730,11500,카드
3530,3753,2026-03-12 13:46:32,38300,15400,22900,카드
3531,3747,2026-03-12 13:50:27,73730,29530,44200,카드
3532,3752,2026-03-12 13:51:49,22810,9210,13600,카드
3533,3757,2026-03-12 13:53:51,29670,11870,17800,카드
3534,3748,2026-03-12 13:56:07,39050,15650,23400,카드
3535,3750,2026-03-12 13:56:24,76280,30580,45700,간편결제
3536,3767,2026-03-12 13:57:42,40240,16140,24100,간편결제
3537,3754,2026-03-12 14:01:43,176830,70830,106000,카드
3538,3769,2026-03-12 14:02:33,21160,8560,12600,카드
3539,3751,2026-03-12 14:05:01,158660,63560,95100,카드
3540,3759,2026-03-12 14:09:35,27440,11040,16400,카드
3541,3755,2026-03-12 14:12:34,279480,111880,167600,카드
3542,3761,2026-03-12 14:17:37,72320,29020,43300,카드
3543,3758,2026-03-12 14:17:50,44890,17990,26900,카드
3544,3760,2026-03-12 14:18:08,43930,17630,26300,카드
3545,3749,2026-03-12 14:21:23,91370,36570,54800,카드
3546,3756,2026-03-12 14:22:57,105180,42080,63100,현금
3547,3763,2026-03-12 14:24:27,25600,10300,15300,간편결제
3548,3764,2026-03-12 14:28:09,43210,17310,25900,현금
3549,3762,2026-03-12 14:28:59,181580,72680,108900,카드
3550,3776,2026-03-12 14:38:19,73930,29630,44300,카드
3551,3771,2026-03-12 14:38:26,177310,71010,106300,카드
3552,3765,2026-03-12 14:40:00,36010,14410,21600,카드
3553,3774,2026-03-12 14:41:45,24180,9680,14500,카드
3554,3772,2026-03-12 14:43:19,258560,103460,155100,카드
3555,3766,2026-03-12 14:55:03,20500,8200,12300,카드
3556,3768,2026-03-12 14:55:13,18480,7480,11000,간편결제
3557,3775,2026-03-12 15:00:30,36890,14790,22100,카드
3558,3770,2026-03-12 15:00:49,161110,64510,96600,카드
3559,3777,2026-03-12 15:01:13,171190,68490,102700,카드
3560,3781,2026-03-12 15:09:01,20020,8020,12000,카드
3561,3780,2026-03-12 15:13:00,37870,15170,22700,카드
3562,3779,2026-03-12 15:13:36,23480,9480,14000,현금
3563,3773,2026-03-12 15:15:50,28370,11370,17000,카드
3564,3783,2026-03-12 15:15:54,22970,9270,13700,간편결제
3565,3782,2026-03-12 15:26:52,203230,81330,121900,카드
3566,3790,2026-03-12 15:28:41,33160,13360,19800,카드
3567,3788,2026-03-12 15:31:00,53080,21280,31800,현금
3568,3784,2026-03-12 15:33:42,32710,13110,19600,카드
3569,3786,2026-03-12 15:46:39,66940,26840,40100,카드
3570,3785,2026-03-12 15:59:12,254570,101870,152700,카드
3571,3787,2026-03-12 16:03:44,32680,13080,19600,카드
3572,3789,2026-03-12 16:11:13,259640,103940,155700,카드
3573,3791,2026-03-12 16:14:35,40880,16380,24500,카드
3574,3794,2026-03-13 09:11:35,29350,11750,17600,카드
3575,3793,2026-03-13 09:27:57,29270,11770,17500,카드
3576,3797,2026-03-13 09:28:40,23090,9290,13800,간편결제
3577,3792,2026-03-13 09:33:50,150520,60220,90300,현금
3578,3799,2026-03-13 09:41:48,82830,33230,49600,카드
3579,3795,2026-03-13 09:42:36,241250,96550,144700,카드
3580,3798,2026-03-13 09:49:13,31610,12710,18900,카드
3581,3796,2026-03-13 09:50:38,36780,14780,22000,카드
3582,3801,2026-03-13 10:06:02,128570,51470,77100,카드
3583,3802,2026-03-13 10:09:56,112450,45050,67400,카드
3584,3803,2026-03-13 10:42:32,19920,8020,11900,카드
3585,3804,2026-03-13 10:55:41,35210,14110,21100,카드
3586,3805,2026-03-13 11:11:29,27580,11080,16500,카드
3587,3806,2026-03-13 11:30:44,83360,33360,50000,간편결제
3588,3811,2026-03-13 13:43:47,118180,47280,70900,간편결제
3589,3810,2026-03-13 13:44:20,23660,9560,14100,간편결제
3590,3815,2026-03-13 13:58:45,52030,20830,31200,카드
3591,3807,2026-03-13 13:59:46,34720,13920,20800,카드
3592,3812,2026-03-13 14:03:11,30360,12160,18200,카드
3593,3813,2026-03-13 14:04:48,158020,63220,94800,카드
3594,3817,2026-03-13 14:19:10,29100,11700,17400,간편결제
3595,3816,2026-03-13 14:25:27,27450,11050,16400,간편결제
3596,3820,2026-03-13 14:26:33,71530,28630,42900,현금
3597,3824,2026-03-13 14:30:43,44610,17910,26700,카드
3598,3819,2026-03-13 14:31:26,29870,11970,17900,카드
3599,3821,2026-03-13 14:40:41,34660,13960,20700,카드
3600,3823,2026-03-13 14:42:08,37890,15190,22700,카드
3601,3826,2026-03-13 14:44:46,24710,9910,14800,카드
3602,3822,2026-03-13 14:45:31,170940,68440,102500,카드
3603,3827,2026-03-13 14:50:59,24030,9630,14400,카드
3604,3825,2026-03-13 14:52:46,24650,9950,14700,간편결제
3605,3828,2026-03-13 15:37:01,20630,8330,12300,카드
3606,3835,2026-03-16 09:15:57,168090,67290,100800,카드
3607,3830,2026-03-16 09:16:12,44450,17850,26600,카드
3608,3842,2026-03-16 09:21:24,64590,25890,38700,간편결제
3609,3843,2026-03-16 09:21:28,104860,41960,62900,현금
3610,3829,2026-03-16 09:23:13,171340,68540,102800,카드
3611,3844,2026-03-16 09:24:42,37700,15100,22600,카드
3612,3831,2026-03-16 09:26:06,74460,29860,44600,간편결제
3613,3833,2026-03-16 09:27:30,25540,10240,15300,현금
3614,3834,2026-03-16 09:28:32,197080,78880,118200,카드
3615,3832,2026-03-16 09:31:58,23210,9310,13900,카드
3616,3846,2026-03-16 09:32:17,124060,49660,74400,카드
3617,3836,2026-03-16 09:33:02,41160,16560,24600,카드
3618,3837,2026-03-16 09:37:48,158310,63410,94900,카드
3619,3847,2026-03-16 09:39:08,41270,16570,24700,카드
3620,3849,2026-03-16 09:40:03,25020,10020,15000,카드
3621,3854,2026-03-16 09:56:10,149670,59870,89800,카드
3622,3840,2026-03-16 09:56:24,27730,11130,16600,간편결제
3623,3853,2026-03-16 09:57:40,23690,9490,14200,카드
3624,3838,2026-03-16 09:59:33,256870,102770,154100,카드
3625,3851,2026-03-16 10:03:57,255920,102420,153500,카드
3626,3839,2026-03-16 10:04:53,22920,9220,13700,카드
3627,3848,2026-03-16 10:09:59,264840,105940,158900,카드
3628,3856,2026-03-16 10:17:55,58630,23530,35100,카드
3629,3863,2026-03-16 10:18:09,32980,13280,19700,카드
3630,3845,2026-03-16 10:18:27,64270,25770,38500,현금
3631,3859,2026-03-16 10:18:43,29400,11800,17600,카드
3632,3860,2026-03-16 10:21:52,37280,14980,22300,간편결제
3633,3857,2026-03-16 10:22:38,32050,12850,19200,카드
3634,3858,2026-03-16 10:27:28,93810,37610,56200,카드
3635,3866,2026-03-16 10:29:07,37040,14840,22200,카드
3636,3861,2026-03-16 10:29:07,27880,11180,16700,카드
3637,3852,2026-03-16 10:30:29,161380,64580,96800,카드
3638,3865,2026-03-16 10:31:20,248190,99290,148900,카드
3639,3864,2026-03-16 10:31:46,38210,15310,22900,카드
3640,3850,2026-03-16 10:32:41,126870,50770,76100,카드
3641,3867,2026-03-16 10:36:15,43360,17360,26000,카드
3642,3870,2026-03-16 10:38:58,24130,9730,14400,카드
3643,3855,2026-03-16 10:45:49,136850,54750,82100,카드
3644,3862,2026-03-16 10:49:26,41480,16680,24800,카드
3645,3869,2026-03-16 10:51:32,31510,12610,18900,카드
3646,3868,2026-03-16 10:59:13,72260,28960,43300,카드
3647,3873,2026-03-16 11:02:16,19850,7950,11900,카드
3648,3872,2026-03-16 11:04:33,34450,13850,20600,카드
3649,3871,2026-03-16 11:05:11,22860,9160,13700,카드
3650,3874,2026-03-16 11:42:41,22020,8820,13200,간편결제
3651,3876,2026-03-16 13:40:36,235190,94090,141100,카드
3652,3881,2026-03-16 13:46:22,106030,42430,63600,간편결제
3653,3885,2026-03-16 13:48:59,21870,8770,13100,카드
3654,3882,2026-03-16 13:51:18,21940,8840,13100,카드
3655,3877,2026-03-16 13:52:22,168000,67200,100800,카드
3656,3893,2026-03-16 14:00:42,60450,24250,36200,현금
3657,3878,2026-03-16 14:02:05,174800,70000,104800,현금
3658,3875,2026-03-16 14:02:38,129460,51860,77600,간편결제
3659,3892,2026-03-16 14:05:30,153200,61300,91900,카드
3660,3884,2026-03-16 14:07:13,167270,66970,100300,카드
3661,3879,2026-03-16 14:08:37,40440,16240,24200,카드
3662,3883,2026-03-16 14:09:56,23220,9320,13900,간편결제
3663,3886,2026-03-16 14:13:10,101040,40440,60600,카드
3664,3887,2026-03-16 14:13:17,20120,8120,12000,현금
3665,3896,2026-03-16 14:13:47,151530,60630,90900,카드
3666,3880,2026-03-16 14:14:42,37910,15210,22700,카드
3667,3908,2026-03-16 14:16:26,83660,33560,50100,카드
3668,3897,2026-03-16 14:19:16,42030,16830,25200,간편결제
3669,3909,2026-03-16 14:20:39,208530,83430,125100,카드
3670,3900,2026-03-16 14:24:20,18410,7410,11000,카드
3671,3889,2026-03-16 14:25:07,79140,31740,47400,카드
3672,3899,2026-03-16 14:27:49,248640,99540,149100,카드
3673,3890,2026-03-16 14:28:55,29540,11840,17700,간편결제
3674,3911,2026-03-16 14:30:38,23900,9600,14300,카드
3675,3894,2026-03-16 14:40:35,200760,80360,120400,카드
3676,3888,2026-03-16 14:43:39,285010,114010,171000,카드
3677,3903,2026-03-16 14:44:29,49290,19790,29500,카드
3678,3895,2026-03-16 14:48:35,40270,16170,24100,카드
3679,3913,2026-03-16 14:49:59,216480,86680,129800,카드
3680,3918,2026-03-16 14:50:38,214400,85800,128600,카드
3681,3912,2026-03-16 14:51:57,20810,8410,12400,카드
3682,3891,2026-03-16 14:57:33,29410,11810,17600,카드
3683,3915,2026-03-16 15:00:34,41340,16540,24800,간편결제
3684,3927,2026-03-16 15:01:39,260460,104260,156200,카드
3685,3898,2026-03-16 15:05:54,44880,17980,26900,카드
3686,3902,2026-03-16 15:06:57,54050,21650,32400,카드
3687,3906,2026-03-16 15:17:02,42890,17190,25700,카드
3688,3919,2026-03-16 15:22:14,34230,13730,20500,카드
3689,3901,2026-03-16 15:22:57,70090,28090,42000,카드
3690,3922,2026-03-16 15:24:11,90240,36140,54100,카드
3691,3905,2026-03-16 15:26:43,44180,17680,26500,현금
3692,3933,2026-03-16 15:27:16,21720,8720,13000,카드
3693,3917,2026-03-16 15:28:07,150430,60230,90200,카드
3694,3921,2026-03-16 15:28:23,29720,11920,17800,카드
3695,3907,2026-03-16 15:30:29,32690,13090,19600,카드
3696,3910,2026-03-16 15:34:04,19600,7900,11700,카드
3697,3924,2026-03-16 15:36:48,134070,53670,80400,간편결제
3698,3926,2026-03-16 15:43:30,23310,9410,13900,현금
3699,3934,2026-03-16 15:45:18,24360,9760,14600,간편결제
3700,3935,2026-03-16 15:46:28,152860,61160,91700,카드
3701,3914,2026-03-16 15:47:50,210850,84350,126500,간편결제
3702,3929,2026-03-16 15:50:09,157980,63280,94700,카드
3703,3916,2026-03-16 15:58:04,33540,13440,20100,카드
3704,3937,2026-03-16 16:04:55,28750,11550,17200,카드
3705,3936,2026-03-16 16:07:22,18090,7290,10800,간편결제
3706,3920,2026-03-16 16:18:43,33260,13360,19900,간편결제
3707,3923,2026-03-16 16:21:09,20130,8130,12000,카드
3708,3925,2026-03-16 16:32:24,100660,40360,60300,간편결제
3709,3931,2026-03-16 16:35:12,20750,8350,12400,카드
3710,3928,2026-03-16 16:35:51,35410,14210,21200,간편결제
3711,3941,2026-03-17 09:08:16,264010,105610,158400,카드
3712,3942,2026-03-17 09:13:29,217270,86970,130300,카드
3713,3939,2026-03-17 09:13:48,251720,100720,151000,카드
3714,3938,2026-03-17 09:14:26,161010,64410,96600,카드
3715,3946,2026-03-17 09:15:17,22600,9100,13500,카드
3716,3948,2026-03-17 09:22:36,113160,45360,67800,카드
3717,3956,2026-03-17 09:23:47,23850,9550,14300,카드
3718,3945,2026-03-17 09:24:35,195040,78040,117000,카드
3719,3940,2026-03-17 09:24:57,28780,11580,17200,카드
3720,3951,2026-03-17 09:25:53,20250,8150,12100,카드
3721,3949,2026-03-17 09:26:13,29510,11810,17700,카드
3722,3950,2026-03-17 09:28:27,99650,39950,59700,카드
3723,3944,2026-03-17 09:30:03,271210,108510,162700,카드
3724,3953,2026-03-17 09:30:41,27950,11250,16700,카드
3725,3954,2026-03-17 09:31:01,202030,80830,121200,카드
3726,3947,2026-03-17 09:52:04,285970,114470,171500,간편결제
3727,3952,2026-03-17 09:52:52,33040,13240,19800,카드
3728,3957,2026-03-17 09:56:56,137370,54970,82400,카드
3729,3959,2026-03-17 09:59:37,74510,29810,44700,카드
3730,3960,2026-03-17 10:01:54,28900,11600,17300,카드
3731,3967,2026-03-17 10:02:43,84560,33860,50700,카드
3732,3955,2026-03-17 10:02:54,34550,13850,20700,카드
3733,3958,2026-03-17 10:03:29,39210,15710,23500,카드
3734,3965,2026-03-17 10:04:24,23670,9470,14200,간편결제
3735,3961,2026-03-17 10:05:02,21080,8480,12600,카드
3736,3963,2026-03-17 10:06:28,24180,9680,14500,카드
3737,3964,2026-03-17 10:06:28,40000,16000,24000,카드
3738,3962,2026-03-17 10:19:03,43350,17350,26000,간편결제
3739,3968,2026-03-17 10:28:03,220730,88330,132400,현금
3740,3966,2026-03-17 10:29:45,24720,9920,14800,간편결제
3741,3970,2026-03-17 10:35:53,151040,60440,90600,간편결제
3742,3971,2026-03-17 10:42:29,44120,17720,26400,카드
3743,3972,2026-03-17 10:44:12,23310,9410,13900,현금
3744,3974,2026-03-17 10:47:42,20530,8230,12300,카드
3745,3973,2026-03-17 10:50:07,176730,70730,106000,카드
3746,3975,2026-03-17 11:02:51,175170,70070,105100,카드
3747,3976,2026-03-17 11:17:43,41610,16710,24900,간편결제
3748,3986,2026-03-17 13:47:12,26240,10540,15700,카드
3749,3979,2026-03-17 13:47:30,18010,7210,10800,카드
3750,3981,2026-03-17 13:49:32,97710,39110,58600,카드
3751,3980,2026-03-17 13:56:35,28610,11510,17100,간편결제
3752,3977,2026-03-17 13:58:49,18500,7400,11100,카드
3753,3978,2026-03-17 14:00:06,43060,17260,25800,카드
3754,3984,2026-03-17 14:01:33,39470,15870,23600,현금
3755,3987,2026-03-17 14:04:33,18470,7470,11000,카드
3756,3982,2026-03-17 14:04:45,39860,15960,23900,간편결제
3757,3991,2026-03-17 14:05:53,24190,9690,14500,카드
3758,4000,2026-03-17 14:08:16,157450,63050,94400,카드
3759,3994,2026-03-17 14:11:01,142890,57190,85700,카드
3760,4003,2026-03-17 14:14:24,231690,92690,139000,간편결제
3761,3983,2026-03-17 14:16:20,73270,29370,43900,간편결제
3762,4002,2026-03-17 14:17:01,25340,10140,15200,카드
3763,3988,2026-03-17 14:17:15,29640,11940,17700,카드
3764,3990,2026-03-17 14:18:18,26920,10820,16100,카드
3765,3985,2026-03-17 14:18:49,205040,82040,123000,현금
3766,3992,2026-03-17 14:21:13,24120,9720,14400,카드
3767,3996,2026-03-17 14:23:54,29250,11750,17500,카드
3768,3989,2026-03-17 14:24:05,36170,14470,21700,카드
3769,3997,2026-03-17 14:26:59,100880,40380,60500,카드
3770,3995,2026-03-17 14:29:32,30330,12230,18100,카드
3771,4001,2026-03-17 14:30:29,43550,17450,26100,간편결제
3772,4008,2026-03-17 14:30:59,22370,8970,13400,간편결제
3773,4009,2026-03-17 14:37:37,35650,14350,21300,카드
3774,3993,2026-03-17 14:37:39,37420,15020,22400,카드
3775,3998,2026-03-17 14:38:26,25070,10070,15000,카드
3776,3999,2026-03-17 14:39:35,123180,49280,73900,카드
3777,4007,2026-03-17 14:42:44,19270,7770,11500,카드
3778,4004,2026-03-17 14:43:11,26560,10660,15900,카드
3779,4006,2026-03-17 14:46:15,41360,16560,24800,카드
3780,4012,2026-03-17 14:50:15,34270,13770,20500,간편결제
3781,4005,2026-03-17 14:51:42,21230,8530,12700,카드
3782,4010,2026-03-17 14:51:44,43590,17490,26100,카드
3783,4011,2026-03-17 15:00:59,116340,46540,69800,카드
3784,4016,2026-03-17 15:02:03,66670,26670,40000,간편결제
3785,4014,2026-03-17 15:07:24,26750,10750,16000,카드
3786,4013,2026-03-17 15:10:48,213080,85280,127800,카드
3787,4015,2026-03-17 15:19:32,29640,11940,17700,카드
3788,4018,2026-03-17 15:44:40,288660,115560,173100,카드
3789,4017,2026-03-17 15:56:47,40090,16090,24000,카드
3790,4019,2026-03-17 16:06:26,130350,52150,78200,카드
3791,4022,2026-03-18 09:19:27,137010,54810,82200,카드
3792,4024,2026-03-18 09:23:23,18470,7470,11000,카드
3793,4025,2026-03-18 09:27:46,112130,44930,67200,카드
3794,4026,2026-03-18 09:29:24,153450,61450,92000,간편결제
3795,4020,2026-03-18 09:32:22,40980,16480,24500,카드
3796,4021,2026-03-18 09:33:01,174600,69900,104700,카드
3797,4023,2026-03-18 09:36:18,25140,10140,15000,카드
3798,4027,2026-03-18 09:47:46,38520,15420,23100,카드
3799,4029,2026-03-18 09:50:02,208050,83250,124800,카드
3800,4031,2026-03-18 09:53:16,22380,8980,13400,카드
3801,4030,2026-03-18 09:56:56,40620,16320,24300,현금
3802,4028,2026-03-18 09:56:57,20470,8270,12200,카드
3803,4032,2026-03-18 10:00:32,41530,16630,24900,카드
3804,4033,2026-03-18 10:01:29,110410,44210,66200,현금
3805,4034,2026-03-18 10:27:39,41910,16810,25100,간편결제
3806,4037,2026-03-18 10:33:38,28780,11580,17200,카드
3807,4035,2026-03-18 10:43:07,60140,24140,36000,카드
3808,4036,2026-03-18 10:46:57,44940,18040,26900,카드
3809,4038,2026-03-18 10:57:31,37350,14950,22400,카드
3810,4039,2026-03-18 10:58:52,30340,12140,18200,카드
3811,4041,2026-03-18 11:15:00,34030,13630,20400,간편결제
3812,4042,2026-03-18 11:20:51,103920,41620,62300,카드
3813,4044,2026-03-18 13:48:30,74240,29740,44500,간편결제
3814,4050,2026-03-18 13:50:10,237270,94970,142300,카드
3815,4047,2026-03-18 13:58:33,239290,95790,143500,카드
3816,4045,2026-03-18 14:00:00,125330,50230,75100,카드
3817,4046,2026-03-18 14:00:13,37660,15160,22500,카드
3818,4053,2026-03-18 14:00:51,80150,32150,48000,카드
3819,4043,2026-03-18 14:08:08,65130,26130,39000,카드
3820,4057,2026-03-18 14:11:21,29240,11740,17500,카드
3821,4051,2026-03-18 14:14:56,189010,75610,113400,간편결제
3822,4048,2026-03-18 14:18:11,27700,11100,16600,카드
3823,4049,2026-03-18 14:18:28,28170,11270,16900,카드
3824,4055,2026-03-18 14:32:39,213820,85620,128200,카드
3825,4059,2026-03-18 14:38:07,19560,7860,11700,카드
3826,4054,2026-03-18 14:40:28,25260,10160,15100,간편결제
3827,4058,2026-03-18 14:44:55,186710,74710,112000,카드
3828,4056,2026-03-18 14:47:31,35150,14150,21000,간편결제
3829,4060,2026-03-18 15:07:21,41780,16780,25000,현금
3830,4061,2026-03-18 15:22:52,227990,91290,136700,카드
3831,4062,2026-03-18 15:30:33,26240,10540,15700,카드
3832,4063,2026-03-19 09:10:55,27760,11160,16600,카드
3833,4067,2026-03-19 09:11:37,29210,11710,17500,카드
3834,4070,2026-03-19 09:19:47,22190,8890,13300,카드
3835,4074,2026-03-19 09:24:42,18340,7340,11000,카드
3836,4072,2026-03-19 09:25:33,42020,16820,25200,카드
3837,4066,2026-03-19 09:27:18,64330,25830,38500,카드
3838,4064,2026-03-19 09:31:52,36770,14770,22000,카드
3839,4079,2026-03-19 09:37:14,111110,44510,66600,간편결제
3840,4065,2026-03-19 09:37:18,42560,17060,25500,카드
3841,4077,2026-03-19 09:40:28,146780,58780,88000,카드
3842,4078,2026-03-19 09:43:39,20840,8340,12500,카드
3843,4069,2026-03-19 09:44:21,27160,10960,16200,카드
3844,4068,2026-03-19 09:51:31,40110,16110,24000,카드
3845,4071,2026-03-19 09:56:11,30760,12360,18400,간편결제
3846,4081,2026-03-19 09:57:14,140490,56290,84200,카드
3847,4085,2026-03-19 09:57:20,171970,68870,103100,현금
3848,4073,2026-03-19 10:06:52,25420,10220,15200,카드
3849,4087,2026-03-19 10:07:35,26260,10560,15700,카드
3850,4084,2026-03-19 10:07:49,34980,14080,20900,현금
3851,4075,2026-03-19 10:08:04,43130,17330,25800,카드
3852,4076,2026-03-19 10:15:52,264580,105880,158700,카드
3853,4088,2026-03-19 10:18:06,21320,8620,12700,간편결제
3854,4080,2026-03-19 10:24:29,35460,14260,21200,카드
3855,4090,2026-03-19 10:37:46,240090,96090,144000,카드
3856,4082,2026-03-19 10:45:49,44270,17770,26500,간편결제
3857,4094,2026-03-19 10:46:55,23890,9590,14300,카드
3858,4091,2026-03-19 10:47:06,44590,17890,26700,카드
3859,4086,2026-03-19 10:48:00,26960,10860,16100,카드
3860,4083,2026-03-19 10:51:53,109230,43730,65500,현금
3861,4089,2026-03-19 10:52:48,27510,11010,16500,카드
3862,4092,2026-03-19 10:58:57,20620,8320,12300,카드
3863,4093,2026-03-19 11:16:36,39410,15810,23600,카드
3864,4096,2026-03-19 11:18:29,228170,91270,136900,카드
3865,4095,2026-03-19 11:23:46,129030,51630,77400,카드
3866,4098,2026-03-19 13:48:44,28980,11680,17300,카드
3867,4103,2026-03-19 13:52:04,25380,10180,15200,카드
3868,4100,2026-03-19 13:56:21,33930,13630,20300,카드
3869,4097,2026-03-19 13:58:06,36900,14800,22100,카드
3870,4099,2026-03-19 14:02:43,89430,35830,53600,간편결제
3871,4106,2026-03-19 14:03:05,185920,74420,111500,카드
3872,4104,2026-03-19 14:03:22,38560,15460,23100,간편결제
3873,4111,2026-03-19 14:13:07,21730,8730,13000,카드
3874,4110,2026-03-19 14:15:43,31140,12540,18600,간편결제
3875,4113,2026-03-19 14:21:24,18710,7510,11200,카드
3876,4101,2026-03-19 14:36:49,32190,12890,19300,카드
3877,4102,2026-03-19 14:39:47,43390,17390,26000,카드
3878,4117,2026-03-19 14:41:07,41000,16400,24600,카드
3879,4115,2026-03-19 14:45:34,42100,16900,25200,카드
3880,4105,2026-03-19 15:07:42,29270,11770,17500,카드
3881,4108,2026-03-19 15:17:22,127450,51050,76400,간편결제
3882,4122,2026-03-19 15:20:51,152390,60990,91400,카드
3883,4109,2026-03-19 15:27:19,80950,32450,48500,간편결제
3884,4124,2026-03-19 15:32:31,39690,15890,23800,카드
3885,4123,2026-03-19 15:32:40,110010,44010,66000,간편결제
3886,4116,2026-03-19 15:32:40,19690,7890,11800,카드
3887,4112,2026-03-19 15:34:58,27290,10990,16300,카드
3888,4114,2026-03-19 15:41:43,21670,8670,13000,카드
3889,4118,2026-03-19 15:47:32,42900,17200,25700,카드
3890,4125,2026-03-19 15:52:51,41650,16750,24900,현금
3891,4119,2026-03-19 15:53:16,102000,40800,61200,카드
3892,4120,2026-03-19 15:54:57,234230,93730,140500,카드
3893,4121,2026-03-19 16:10:42,127440,51040,76400,현금
3894,4127,2026-03-19 16:15:45,92090,36890,55200,카드
3895,4128,2026-03-20 09:15:10,67740,27140,40600,간편결제
3896,4129,2026-03-20 09:18:11,72000,28800,43200,카드
3897,4130,2026-03-20 09:22:18,26630,10730,15900,현금
3898,4134,2026-03-20 09:28:32,21790,8790,13000,카드
3899,4133,2026-03-20 09:38:14,29900,12000,17900,카드
3900,4136,2026-03-20 09:42:59,254320,101820,152500,카드
3901,4132,2026-03-20 09:57:00,40100,16100,24000,카드
3902,4135,2026-03-20 10:07:57,42370,16970,25400,현금
3903,4137,2026-03-20 10:18:05,245160,98160,147000,카드
3904,4139,2026-03-20 10:30:31,22020,8820,13200,현금
3905,4140,2026-03-20 10:52:16,40270,16170,24100,카드
3906,4141,2026-03-20 11:03:01,83350,33350,50000,간편결제
3907,4142,2026-03-20 11:11:13,26590,10690,15900,카드
3908,4143,2026-03-20 11:26:14,31270,12570,18700,카드
3909,4144,2026-03-20 11:30:10,131140,52540,78600,카드
3910,4146,2026-03-20 13:39:00,199470,79870,119600,카드
3911,4149,2026-03-20 13:40:40,264950,106050,158900,카드
3912,4159,2026-03-20 13:55:37,56860,22760,34100,간편결제
3913,4145,2026-03-20 13:56:09,32280,12980,19300,카드
3914,4148,2026-03-20 13:58:04,139520,55820,83700,카드
3915,4151,2026-03-20 13:58:19,30390,12190,18200,카드
3916,4155,2026-03-20 14:00:15,31990,12890,19100,카드
3917,4147,2026-03-20 14:01:33,25070,10070,15000,현금
3918,4152,2026-03-20 14:05:47,37830,15230,22600,카드
3919,4150,2026-03-20 14:08:03,22740,9140,13600,카드
3920,4156,2026-03-20 14:11:54,25450,10250,15200,카드
3921,4153,2026-03-20 14:12:51,35820,14420,21400,간편결제
3922,4157,2026-03-20 14:14:40,32840,13140,19700,카드
3923,4162,2026-03-20 14:16:33,203830,81630,122200,카드
3924,4158,2026-03-20 14:17:36,18470,7470,11000,카드
3925,4161,2026-03-20 14:18:59,28690,11490,17200,카드
3926,4154,2026-03-20 14:27:27,44400,17800,26600,카드
3927,4160,2026-03-20 14:35:57,193560,77460,116100,간편결제
3928,4164,2026-03-20 14:36:38,117750,47150,70600,카드
3929,4163,2026-03-20 14:42:58,210470,84270,126200,카드
3930,4165,2026-03-20 14:51:28,28830,11630,17200,간편결제
3931,4167,2026-03-20 14:52:38,42580,17080,25500,간편결제
3932,4166,2026-03-20 15:11:45,41080,16480,24600,카드
3933,4168,2026-03-20 15:13:05,62680,25080,37600,간편결제
3934,4169,2026-03-20 15:13:21,42910,17210,25700,카드
3935,4170,2026-03-20 15:46:05,33560,13460,20100,카드
3936,4171,2026-03-20 15:58:17,38100,15300,22800,카드
3937,4172,2026-03-20 16:12:19,26540,10640,15900,간편결제
3938,4174,2026-03-23 09:11:02,22170,8870,13300,카드
3939,4181,2026-03-23 09:13:55,184390,73790,110600,간편결제
3940,4183,2026-03-23 09:17:36,18130,7330,10800,카드
3941,4185,2026-03-23 09:20:46,267130,106930,160200,현금
3942,4176,2026-03-23 09:24:05,29530,11830,17700,카드
3943,4184,2026-03-23 09:26:22,26580,10680,15900,카드
3944,4182,2026-03-23 09:29:48,269600,107900,161700,카드
3945,4180,2026-03-23 09:31:37,126730,50730,76000,카드
3946,4178,2026-03-23 09:33:51,159060,63660,95400,카드
3947,4186,2026-03-23 09:35:44,27910,11210,16700,간편결제
3948,4173,2026-03-23 09:36:59,29490,11890,17600,카드
3949,4187,2026-03-23 09:38:48,34040,13640,20400,카드
3950,4175,2026-03-23 09:39:19,31890,12790,19100,카드
3951,4179,2026-03-23 09:41:37,44610,17910,26700,카드
3952,4191,2026-03-23 09:48:01,25810,10410,15400,카드
3953,4189,2026-03-23 09:49:47,25190,10090,15100,카드
3954,4190,2026-03-23 09:55:56,24620,9920,14700,카드
3955,4198,2026-03-23 09:59:52,18240,7340,10900,카드
3956,4202,2026-03-23 10:00:07,88410,35410,53000,카드
3957,4196,2026-03-23 10:00:10,155700,62300,93400,카드
3958,4199,2026-03-23 10:00:47,87300,35000,52300,카드
3959,4192,2026-03-23 10:02:02,113090,45290,67800,카드
3960,4177,2026-03-23 10:04:26,66290,26590,39700,카드
3961,4193,2026-03-23 10:05:18,37420,15020,22400,카드
3962,4195,2026-03-23 10:05:21,39470,15870,23600,간편결제
3963,4208,2026-03-23 10:12:49,118290,47390,70900,카드
3964,4194,2026-03-23 10:15:32,209560,83860,125700,카드
3965,4203,2026-03-23 10:17:28,19400,7800,11600,카드
3966,4201,2026-03-23 10:20:30,30880,12380,18500,카드
3967,4197,2026-03-23 10:33:35,55720,22320,33400,카드
3968,4211,2026-03-23 10:42:30,117350,46950,70400,카드
3969,4200,2026-03-23 10:43:22,29090,11690,17400,카드
3970,4206,2026-03-23 10:48:39,42880,17180,25700,카드
3971,4205,2026-03-23 10:56:46,209990,84090,125900,카드
3972,4210,2026-03-23 11:02:15,43780,17580,26200,카드
3973,4216,2026-03-23 11:03:26,157340,62940,94400,카드
3974,4207,2026-03-23 11:03:47,186200,74500,111700,간편결제
3975,4212,2026-03-23 11:04:29,29380,11780,17600,카드
3976,4209,2026-03-23 11:12:14,56380,22580,33800,카드
3977,4213,2026-03-23 11:20:53,189270,75770,113500,카드
3978,4215,2026-03-23 11:21:10,45950,18450,27500,간편결제
3979,4217,2026-03-23 11:25:13,44380,17780,26600,카드
3980,4233,2026-03-23 13:47:14,283950,113650,170300,카드
3981,4219,2026-03-23 13:53:31,33030,13230,19800,간편결제
3982,4235,2026-03-23 13:55:36,142610,57110,85500,카드
3983,4221,2026-03-23 13:56:32,196700,78700,118000,카드
3984,4218,2026-03-23 13:59:42,40200,16100,24100,간편결제
3985,4225,2026-03-23 13:59:53,197740,79140,118600,카드
3986,4237,2026-03-23 13:59:59,19680,7880,11800,카드
3987,4220,2026-03-23 14:00:37,141940,56840,85100,카드
3988,4234,2026-03-23 14:01:33,35190,14090,21100,카드
3989,4241,2026-03-23 14:02:17,78650,31550,47100,카드
3990,4222,2026-03-23 14:03:01,29390,11790,17600,카드
3991,4226,2026-03-23 14:06:23,196150,78550,117600,간편결제
3992,4231,2026-03-23 14:09:09,23060,9260,13800,카드
3993,4227,2026-03-23 14:11:45,41590,16690,24900,카드
3994,4243,2026-03-23 14:13:11,175230,70130,105100,카드
3995,4260,2026-03-23 14:15:39,26430,10630,15800,간편결제
3996,4240,2026-03-23 14:18:39,20520,8220,12300,카드
3997,4236,2026-03-23 14:22:09,20350,8150,12200,카드
3998,4246,2026-03-23 14:23:24,32020,12820,19200,카드
3999,4228,2026-03-23 14:24:03,93380,37380,56000,카드
4000,4252,2026-03-23 14:24:22,29610,11910,17700,간편결제
4001,4244,2026-03-23 14:24:26,41010,16410,24600,카드
4002,4262,2026-03-23 14:25:39,209620,83920,125700,카드
4003,4245,2026-03-23 14:26:54,24680,9880,14800,카드
4004,4230,2026-03-23 14:27:49,28090,11290,16800,카드
4005,4232,2026-03-23 14:32:41,51520,20620,30900,카드
4006,4251,2026-03-23 14:36:22,24080,9680,14400,카드
4007,4259,2026-03-23 14:37:30,36420,14620,21800,카드
4008,4238,2026-03-23 14:41:48,28150,11350,16800,카드
4009,4255,2026-03-23 14:45:31,159740,63940,95800,카드
4010,4247,2026-03-23 14:49:56,141660,56760,84900,카드
4011,4264,2026-03-23 14:54:20,23270,9370,13900,카드
4012,4248,2026-03-23 14:58:12,275720,110320,165400,카드
4013,4239,2026-03-23 14:58:29,29990,12090,17900,간편결제
4014,4242,2026-03-23 15:01:43,28560,11460,17100,간편결제
4015,4261,2026-03-23 15:02:49,19750,7950,11800,현금
4016,4249,2026-03-23 15:04:18,21490,8690,12800,카드
4017,4256,2026-03-23 15:04:50,22980,9280,13700,카드
4018,4257,2026-03-23 15:05:18,20780,8380,12400,간편결제
4019,4263,2026-03-23 15:09:42,241890,96790,145100,간편결제
4020,4265,2026-03-23 15:10:10,33880,13580,20300,현금
4021,4267,2026-03-23 15:11:00,29940,12040,17900,카드
4022,4266,2026-03-23 15:11:14,32920,13220,19700,카드
4023,4254,2026-03-23 15:12:21,20880,8380,12500,카드
4024,4250,2026-03-23 15:15:05,243400,97400,146000,카드
4025,4269,2026-03-23 15:22:45,27770,11170,16600,카드
4026,4271,2026-03-23 15:23:15,246600,98700,147900,카드
4027,4258,2026-03-23 15:27:17,48850,19550,29300,카드
4028,4275,2026-03-23 15:33:58,183260,73360,109900,카드
4029,4268,2026-03-23 15:34:13,43700,17500,26200,카드
4030,4279,2026-03-23 15:35:19,19790,7990,11800,카드
4031,4272,2026-03-23 15:36:00,208190,83290,124900,카드
4032,4270,2026-03-23 15:41:28,218710,87510,131200,카드
4033,4274,2026-03-23 15:43:53,112700,45100,67600,카드
4034,4273,2026-03-23 15:54:27,80710,32310,48400,카드
4035,4277,2026-03-23 15:55:07,63170,25270,37900,카드
4036,4276,2026-03-23 16:01:03,19590,7890,11700,카드
4037,4280,2026-03-23 16:05:10,32700,13100,19600,간편결제
4038,4278,2026-03-23 16:06:06,39240,15740,23500,카드
4039,4285,2026-03-24 09:14:40,44980,18080,26900,카드
4040,4281,2026-03-24 09:22:57,39760,15960,23800,카드
4041,4282,2026-03-24 09:25:41,43200,17300,25900,카드
4042,4294,2026-03-24 09:27:35,149900,60000,89900,카드
4043,4284,2026-03-24 09:27:50,178340,71340,107000,카드
4044,4291,2026-03-24 09:29:01,29630,11930,17700,카드
4045,4286,2026-03-24 09:30:58,60600,24300,36300,간편결제
4046,4295,2026-03-24 09:39:49,103600,41500,62100,간편결제
4047,4290,2026-03-24 09:41:02,40500,16200,24300,간편결제
4048,4300,2026-03-24 09:46:48,28420,11420,17000,간편결제
4049,4288,2026-03-24 09:49:17,31150,12550,18600,카드
4050,4305,2026-03-24 09:51:54,21470,8670,12800,카드
4051,4287,2026-03-24 09:52:13,28670,11470,17200,카드
4052,4289,2026-03-24 09:53:56,27090,10890,16200,간편결제
4053,4292,2026-03-24 09:54:03,255840,102340,153500,카드
4054,4297,2026-03-24 09:56:27,218110,87310,130800,카드
4055,4303,2026-03-24 09:57:30,36850,14750,22100,카드
4056,4307,2026-03-24 09:59:18,36490,14690,21800,카드
4057,4301,2026-03-24 10:00:17,26340,10540,15800,카드
4058,4308,2026-03-24 10:06:38,28520,11420,17100,카드
4059,4306,2026-03-24 10:09:10,43220,17320,25900,카드
4060,4293,2026-03-24 10:18:50,37210,14910,22300,현금
4061,4311,2026-03-24 10:20:56,27800,11200,16600,카드
4062,4296,2026-03-24 10:25:27,58820,23620,35200,카드
4063,4309,2026-03-24 10:29:03,27330,11030,16300,카드
4064,4310,2026-03-24 10:33:54,22370,8970,13400,카드
4065,4313,2026-03-24 10:34:18,98060,39260,58800,간편결제
4066,4298,2026-03-24 10:42:20,42520,17020,25500,카드
4067,4299,2026-03-24 10:55:14,31650,12750,18900,간편결제
4068,4314,2026-03-24 10:59:44,63870,25570,38300,간편결제
4069,4304,2026-03-24 11:07:54,99880,39980,59900,간편결제
4070,4316,2026-03-24 11:10:49,22200,8900,13300,카드
4071,4315,2026-03-24 11:21:15,232200,92900,139300,카드
4072,4312,2026-03-24 11:27:27,195060,78060,117000,간편결제
4073,4317,2026-03-24 11:37:44,41200,16500,24700,간편결제
4074,4318,2026-03-24 11:48:06,34370,13770,20600,카드
4075,4321,2026-03-24 13:48:16,28710,11510,17200,카드
4076,4330,2026-03-24 13:50:29,20030,8030,12000,카드
4077,4319,2026-03-24 13:52:54,26080,10480,15600,카드
4078,4337,2026-03-24 13:53:04,21410,8610,12800,카드
4079,4333,2026-03-24 13:54:20,22530,9030,13500,현금
4080,4323,2026-03-24 13:54:56,270790,108390,162400,카드
4081,4322,2026-03-24 13:55:50,145460,58260,87200,카드
4082,4324,2026-03-24 14:00:05,194540,77840,116700,카드
4083,4325,2026-03-24 14:02:26,184330,73830,110500,카드
4084,4329,2026-03-24 14:04:46,191960,76860,115100,카드
4085,4331,2026-03-24 14:05:32,37590,15090,22500,카드
4086,4336,2026-03-24 14:06:26,141240,56540,84700,카드
4087,4350,2026-03-24 14:06:45,173860,69560,104300,카드
4088,4327,2026-03-24 14:07:29,29020,11620,17400,카드
4089,4326,2026-03-24 14:07:33,37140,14940,22200,카드
4090,4343,2026-03-24 14:08:18,26130,10530,15600,카드
4091,4320,2026-03-24 14:08:33,35370,14170,21200,간편결제
4092,4339,2026-03-24 14:09:35,29520,11820,17700,카드
4093,4344,2026-03-24 14:10:12,28270,11370,16900,현금
4094,4347,2026-03-24 14:11:16,31660,12760,18900,카드
4095,4334,2026-03-24 14:11:54,189400,75800,113600,카드
4096,4348,2026-03-24 14:12:51,22020,8820,13200,현금
4097,4328,2026-03-24 14:21:23,141400,56600,84800,카드
4098,4346,2026-03-24 14:34:39,101850,40750,61100,간편결제
4099,4338,2026-03-24 14:38:07,272790,109190,163600,카드
4100,4351,2026-03-24 14:39:19,33990,13690,20300,간편결제
4101,4335,2026-03-24 14:40:31,119400,47800,71600,현금
4102,4356,2026-03-24 14:45:00,32840,13140,19700,카드
4103,4357,2026-03-24 14:47:41,255280,102180,153100,카드
4104,4352,2026-03-24 14:47:52,200280,80180,120100,카드
4105,4332,2026-03-24 14:53:35,80630,32330,48300,간편결제
4106,4341,2026-03-24 14:56:24,33680,13480,20200,카드
4107,4340,2026-03-24 15:00:06,30920,12420,18500,카드
4108,4360,2026-03-24 15:06:04,103120,41320,61800,간편결제
4109,4358,2026-03-24 15:08:57,195560,78260,117300,카드
4110,4359,2026-03-24 15:12:43,30000,12000,18000,카드
4111,4342,2026-03-24 15:14:31,268670,107470,161200,카드
4112,4345,2026-03-24 15:19:15,172220,68920,103300,간편결제
4113,4361,2026-03-24 15:22:08,19090,7690,11400,카드
4114,4349,2026-03-24 15:28:09,125070,50070,75000,카드
4115,4353,2026-03-24 15:48:07,28250,11350,16900,카드
4116,4354,2026-03-24 16:06:17,29530,11830,17700,카드
4117,4362,2026-03-24 16:07:03,279970,112070,167900,간편결제
4118,4364,2026-03-24 16:19:33,212990,85290,127700,현금
4119,4370,2026-03-25 09:19:07,29850,11950,17900,카드
4120,4365,2026-03-25 09:24:08,224550,89850,134700,간편결제
4121,4366,2026-03-25 09:28:24,35430,14230,21200,카드
4122,4368,2026-03-25 09:29:53,28790,11590,17200,카드
4123,4367,2026-03-25 09:38:19,30820,12420,18400,카드
4124,4371,2026-03-25 09:39:40,40990,16490,24500,간편결제
4125,4374,2026-03-25 09:42:58,90540,36240,54300,간편결제
4126,4369,2026-03-25 09:47:36,39900,16000,23900,카드
4127,4372,2026-03-25 09:48:34,18360,7360,11000,카드
4128,4373,2026-03-25 09:53:11,69420,27820,41600,간편결제
4129,4376,2026-03-25 09:57:40,18960,7660,11300,간편결제
4130,4375,2026-03-25 10:03:47,23200,9300,13900,카드
4131,4377,2026-03-25 10:07:13,98540,39440,59100,카드
4132,4378,2026-03-25 10:11:06,111460,44660,66800,카드
4133,4379,2026-03-25 10:14:01,30240,12140,18100,카드
4134,4380,2026-03-25 10:16:24,147930,59230,88700,카드
4135,4385,2026-03-25 10:27:05,29240,11740,17500,카드
4136,4381,2026-03-25 10:32:20,26530,10630,15900,카드
4137,4382,2026-03-25 10:43:35,27250,10950,16300,카드
4138,4386,2026-03-25 10:58:26,178160,71360,106800,카드
4139,4383,2026-03-25 10:58:36,269820,108020,161800,현금
4140,4384,2026-03-25 11:02:44,19920,8020,11900,간편결제
4141,4387,2026-03-25 11:06:12,25580,10280,15300,간편결제
4142,4389,2026-03-25 11:30:36,32140,12940,19200,카드
4143,4388,2026-03-25 11:32:16,194660,77960,116700,카드
4144,4392,2026-03-25 13:47:49,223550,89450,134100,카드
4145,4394,2026-03-25 13:54:02,186120,74520,111600,카드
4146,4393,2026-03-25 13:54:38,25030,10030,15000,카드
4147,4396,2026-03-25 13:58:56,106420,42620,63800,카드
4148,4391,2026-03-25 14:00:59,28810,11610,17200,간편결제
4149,4395,2026-03-25 14:02:41,35120,14120,21000,카드
4150,4398,2026-03-25 14:09:45,205820,82420,123400,카드
4151,4399,2026-03-25 14:13:02,23150,9350,13800,카드
4152,4400,2026-03-25 14:17:08,208960,83660,125300,카드
4153,4401,2026-03-25 14:20:37,29920,12020,17900,현금
4154,4397,2026-03-25 14:21:19,88000,35200,52800,카드
4155,4404,2026-03-25 14:22:35,29410,11810,17600,카드
4156,4403,2026-03-25 14:22:40,27000,10800,16200,현금
4157,4405,2026-03-25 14:40:14,26950,10850,16100,카드
4158,4406,2026-03-25 14:41:42,26440,10640,15800,카드
4159,4407,2026-03-25 14:48:07,128410,51410,77000,현금
4160,4408,2026-03-25 15:14:35,160350,64150,96200,카드
4161,4409,2026-03-25 15:28:43,33320,13420,19900,카드
4162,4411,2026-03-25 15:43:59,88070,35270,52800,카드
4163,4410,2026-03-25 15:48:07,159210,63710,95500,카드
4164,4416,2026-03-26 09:09:24,24620,9920,14700,현금
4165,4413,2026-03-26 09:11:23,28080,11280,16800,현금
4166,4412,2026-03-26 09:19:25,29600,11900,17700,카드
4167,4421,2026-03-26 09:25:51,28870,11570,17300,카드
4168,4420,2026-03-26 09:27:06,28730,11530,17200,카드
4169,4415,2026-03-26 09:28:22,22910,9210,13700,간편결제
4170,4418,2026-03-26 09:32:02,65550,26250,39300,카드
4171,4426,2026-03-26 09:33:09,33940,13640,20300,카드
4172,4430,2026-03-26 09:42:12,32010,12810,19200,카드
4173,4425,2026-03-26 09:43:45,20450,8250,12200,카드
4174,4419,2026-03-26 09:44:00,36720,14720,22000,카드
4175,4417,2026-03-26 09:47:03,100560,40260,60300,카드
4176,4437,2026-03-26 09:56:26,73500,29400,44100,카드
4177,4422,2026-03-26 09:56:28,204160,81760,122400,현금
4178,4432,2026-03-26 09:57:20,31060,12460,18600,카드
4179,4423,2026-03-26 09:58:00,20190,8090,12100,간편결제
4180,4424,2026-03-26 10:07:30,37090,14890,22200,카드
4181,4436,2026-03-26 10:14:27,30580,12280,18300,카드
4182,4440,2026-03-26 10:15:11,23910,9610,14300,카드
4183,4427,2026-03-26 10:22:59,150520,60220,90300,카드
4184,4444,2026-03-26 10:23:57,23220,9320,13900,카드
4185,4441,2026-03-26 10:28:50,257910,103210,154700,카드
4186,4429,2026-03-26 10:32:02,22140,8940,13200,카드
4187,4446,2026-03-26 10:38:51,31690,12690,19000,현금
4188,4428,2026-03-26 10:48:27,35390,14190,21200,간편결제
4189,4448,2026-03-26 10:49:07,25270,10170,15100,카드
4190,4447,2026-03-26 10:50:54,151170,60470,90700,간편결제
4191,4433,2026-03-26 10:52:27,27880,11180,16700,현금
4192,4434,2026-03-26 10:52:36,18610,7510,11100,카드
4193,4431,2026-03-26 10:55:44,101490,40690,60800,카드
4194,4438,2026-03-26 11:04:34,32810,13210,19600,카드
4195,4439,2026-03-26 11:35:53,110270,44170,66100,카드
4196,4442,2026-03-26 11:44:59,22570,9070,13500,현금
4197,4443,2026-03-26 11:45:06,28000,11200,16800,카드
4198,4445,2026-03-26 11:56:47,43780,17580,26200,카드
4199,4450,2026-03-26 13:48:26,22010,8810,13200,카드
4200,4456,2026-03-26 13:53:38,251150,100550,150600,카드
4201,4455,2026-03-26 13:53:42,95690,38290,57400,간편결제
4202,4462,2026-03-26 13:59:53,244540,97840,146700,카드
4203,4453,2026-03-26 14:00:05,23010,9210,13800,간편결제
4204,4449,2026-03-26 14:01:54,34280,13780,20500,카드
4205,4451,2026-03-26 14:04:25,36740,14740,22000,간편결제
4206,4458,2026-03-26 14:06:51,28720,11520,17200,카드
4207,4457,2026-03-26 14:08:11,29160,11760,17400,간편결제
4208,4461,2026-03-26 14:08:25,28070,11270,16800,카드
4209,4454,2026-03-26 14:10:26,33410,13410,20000,간편결제
4210,4459,2026-03-26 14:15:09,25270,10170,15100,간편결제
4211,4472,2026-03-26 14:17:40,24630,9930,14700,현금
4212,4470,2026-03-26 14:19:19,27630,11130,16500,카드
4213,4471,2026-03-26 14:19:27,186590,74690,111900,카드
4214,4463,2026-03-26 14:22:59,204770,81970,122800,카드
4215,4460,2026-03-26 14:29:16,32300,13000,19300,카드
4216,4467,2026-03-26 14:31:13,29820,12020,17800,간편결제
4217,4475,2026-03-26 14:40:28,40590,16290,24300,카드
4218,4465,2026-03-26 14:44:02,30190,12090,18100,카드
4219,4466,2026-03-26 14:44:48,37100,14900,22200,간편결제
4220,4477,2026-03-26 14:46:22,157830,63230,94600,간편결제
4221,4478,2026-03-26 14:50:56,19040,7640,11400,현금
4222,4479,2026-03-26 14:52:49,39140,15740,23400,카드
4223,4468,2026-03-26 15:09:06,28740,11540,17200,카드
4224,4484,2026-03-26 15:21:48,27080,10880,16200,카드
4225,4469,2026-03-26 15:21:48,37370,14970,22400,카드
4226,4473,2026-03-26 15:27:24,29210,11710,17500,카드
4227,4474,2026-03-26 15:28:00,23920,9620,14300,카드
4228,4486,2026-03-26 15:39:24,32650,13150,19500,카드
4229,4481,2026-03-26 15:43:12,18690,7490,11200,카드
4230,4480,2026-03-26 15:46:33,26900,10800,16100,카드
4231,4483,2026-03-26 15:53:53,92540,37040,55500,카드
4232,4488,2026-03-26 15:59:12,264350,105750,158600,카드
4233,4485,2026-03-26 16:11:14,224400,89800,134600,간편결제
4234,4487,2026-03-26 16:18:40,277010,110810,166200,카드
4235,4489,2026-03-27 09:30:04,172250,68950,103300,카드
4236,4491,2026-03-27 09:32:30,35160,14160,21000,카드
4237,4490,2026-03-27 09:33:51,28790,11590,17200,카드
4238,4493,2026-03-27 09:40:47,183900,73600,110300,카드
4239,4492,2026-03-27 09:45:29,213110,85310,127800,간편결제
4240,4494,2026-03-27 09:46:33,40850,16350,24500,카드
4241,4498,2026-03-27 09:55:28,230180,92080,138100,카드
4242,4500,2026-03-27 10:04:08,26770,10770,16000,카드
4243,4495,2026-03-27 10:04:11,31520,12620,18900,카드
4244,4496,2026-03-27 10:20:19,44060,17660,26400,카드
4245,4497,2026-03-27 10:22:01,189880,75980,113900,카드
4246,4502,2026-03-27 10:43:30,32100,12900,19200,카드
4247,4501,2026-03-27 10:48:59,133110,53310,79800,카드
4248,4504,2026-03-27 10:58:05,27350,10950,16400,카드
4249,4503,2026-03-27 10:59:20,162450,65050,97400,간편결제
4250,4509,2026-03-27 13:49:34,30700,12300,18400,카드
4251,4512,2026-03-27 13:53:16,90210,36110,54100,현금
4252,4508,2026-03-27 13:55:07,18040,7240,10800,간편결제
4253,4506,2026-03-27 13:57:14,228100,91300,136800,카드
4254,4510,2026-03-27 13:57:48,170570,68270,102300,카드
4255,4511,2026-03-27 13:59:18,26030,10430,15600,카드
4256,4517,2026-03-27 14:03:35,217020,86820,130200,간편결제
4257,4514,2026-03-27 14:08:00,18440,7440,11000,간편결제
4258,4516,2026-03-27 14:08:22,103600,41500,62100,카드
4259,4505,2026-03-27 14:08:37,212400,85000,127400,카드
4260,4518,2026-03-27 14:17:22,180250,72150,108100,카드
4261,4519,2026-03-27 14:26:28,40640,16340,24300,카드
4262,4520,2026-03-27 14:28:54,29880,11980,17900,카드
4263,4513,2026-03-27 14:32:49,30510,12210,18300,카드
4264,4521,2026-03-27 14:35:18,281320,112620,168700,카드
4265,4522,2026-03-27 14:47:42,255200,102100,153100,카드
4266,4524,2026-03-27 14:52:32,40480,16280,24200,카드
4267,4523,2026-03-27 14:56:36,253890,101590,152300,카드
4268,4525,2026-03-27 15:02:46,27960,11260,16700,카드
4269,4526,2026-03-27 15:46:26,61430,24630,36800,간편결제
4270,4527,2026-03-30 09:11:47,22600,9100,13500,카드
4271,4529,2026-03-30 09:13:18,21110,8510,12600,카드
4272,4528,2026-03-30 09:21:14,32820,13220,19600,카드
4273,4534,2026-03-30 09:23:05,68880,27580,41300,카드
4274,4531,2026-03-30 09:25:40,191050,76450,114600,카드
4275,4530,2026-03-30 09:30:21,19770,7970,11800,카드
4276,4538,2026-03-30 09:31:57,18610,7510,11100,카드
4277,4535,2026-03-30 09:32:51,20040,8040,12000,카드
4278,4532,2026-03-30 09:33:47,20250,8150,12100,간편결제
4279,4533,2026-03-30 09:35:47,19030,7630,11400,카드
4280,4540,2026-03-30 09:35:55,23870,9570,14300,카드
4281,4545,2026-03-30 09:42:47,43670,17470,26200,현금
4282,4549,2026-03-30 09:43:17,29320,11820,17500,카드
4283,4550,2026-03-30 09:50:19,41280,16580,24700,간편결제
4284,4543,2026-03-30 09:53:22,92220,36920,55300,카드
4285,4553,2026-03-30 09:56:56,230150,92150,138000,카드
4286,4554,2026-03-30 10:01:53,131660,52760,78900,카드
4287,4536,2026-03-30 10:02:53,33160,13360,19800,카드
4288,4542,2026-03-30 10:04:55,197300,79000,118300,카드
4289,4556,2026-03-30 10:08:06,23150,9350,13800,카드
4290,4548,2026-03-30 10:08:45,152420,61020,91400,카드
4291,4541,2026-03-30 10:13:37,231040,92440,138600,카드
4292,4537,2026-03-30 10:13:37,42960,17260,25700,카드
4293,4552,2026-03-30 10:14:37,23290,9390,13900,카드
4294,4539,2026-03-30 10:16:13,18520,7420,11100,카드
4295,4547,2026-03-30 10:19:40,22330,9030,13300,카드
4296,4544,2026-03-30 10:30:19,32550,13050,19500,카드
4297,4546,2026-03-30 10:37:31,27310,11010,16300,카드
4298,4551,2026-03-30 10:44:35,20270,8170,12100,간편결제
4299,4559,2026-03-30 10:49:03,38740,15540,23200,카드
4300,4563,2026-03-30 10:52:19,26030,10430,15600,카드
4301,4557,2026-03-30 10:53:03,70460,28260,42200,간편결제
4302,4560,2026-03-30 10:57:30,37340,14940,22400,카드
4303,4561,2026-03-30 10:58:58,39740,15940,23800,간편결제
4304,4555,2026-03-30 11:00:55,289140,115740,173400,카드
4305,4558,2026-03-30 11:16:32,121380,48580,72800,카드
4306,4562,2026-03-30 11:16:48,42480,17080,25400,카드
4307,4567,2026-03-30 13:47:47,44610,17910,26700,간편결제
4308,4565,2026-03-30 13:48:06,33830,13630,20200,카드
4309,4566,2026-03-30 13:51:39,41090,16490,24600,카드
4310,4570,2026-03-30 13:53:25,39770,15970,23800,간편결제
4311,4575,2026-03-30 13:57:45,192020,76820,115200,카드
4312,4579,2026-03-30 13:58:02,20150,8150,12000,카드
4313,4574,2026-03-30 13:58:17,18760,7560,11200,카드
4314,4572,2026-03-30 14:06:31,20360,8160,12200,간편결제
4315,4586,2026-03-30 14:06:58,27030,10830,16200,카드
4316,4573,2026-03-30 14:08:43,43650,17550,26100,카드
4317,4581,2026-03-30 14:10:40,223230,89330,133900,카드
4318,4580,2026-03-30 14:10:45,27550,11050,16500,카드
4319,4568,2026-03-30 14:12:57,39670,15870,23800,카드
4320,4569,2026-03-30 14:14:27,30100,12100,18000,카드
4321,4571,2026-03-30 14:15:02,26170,10470,15700,현금
4322,4576,2026-03-30 14:16:27,237440,95040,142400,카드
4323,4595,2026-03-30 14:18:04,211050,84450,126600,카드
4324,4582,2026-03-30 14:21:35,41030,16430,24600,카드
4325,4593,2026-03-30 14:25:36,18210,7310,10900,간편결제
4326,4596,2026-03-30 14:25:50,21110,8510,12600,카드
4327,4602,2026-03-30 14:27:11,33270,13370,19900,카드
4328,4600,2026-03-30 14:30:16,42420,17020,25400,카드
4329,4584,2026-03-30 14:30:23,25340,10140,15200,간편결제
4330,4607,2026-03-30 14:32:38,28420,11420,17000,카드
4331,4577,2026-03-30 14:36:14,38440,15440,23000,카드
4332,4585,2026-03-30 14:40:56,28740,11540,17200,카드
4333,4606,2026-03-30 14:46:46,36640,14740,21900,카드
4334,4604,2026-03-30 14:49:48,164040,65640,98400,카드
4335,4583,2026-03-30 14:51:07,40950,16450,24500,카드
4336,4614,2026-03-30 14:56:17,41230,16530,24700,간편결제
4337,4588,2026-03-30 14:58:18,37720,15120,22600,간편결제
4338,4592,2026-03-30 15:00:20,39830,16030,23800,간편결제
4339,4597,2026-03-30 15:01:59,138950,55650,83300,카드
4340,4618,2026-03-30 15:02:29,34320,13820,20500,카드
4341,4589,2026-03-30 15:03:23,29420,11820,17600,간편결제
4342,4610,2026-03-30 15:08:10,21570,8670,12900,카드
4343,4617,2026-03-30 15:09:56,21250,8550,12700,카드
4344,4591,2026-03-30 15:10:32,24890,9990,14900,카드
4345,4590,2026-03-30 15:11:49,226910,90810,136100,카드
4346,4594,2026-03-30 15:17:16,99310,39810,59500,카드
4347,4598,2026-03-30 15:17:21,42700,17100,25600,카드
4348,4613,2026-03-30 15:25:54,27210,10910,16300,카드
4349,4621,2026-03-30 15:29:19,37700,15100,22600,간편결제
4350,4620,2026-03-30 15:30:27,193030,77230,115800,카드
4351,4603,2026-03-30 15:30:43,25920,10420,15500,카드
4352,4599,2026-03-30 15:41:11,33490,13490,20000,카드
4353,4605,2026-03-30 15:49:03,20080,8080,12000,간편결제
4354,4601,2026-03-30 15:49:20,41050,16450,24600,카드
4355,4616,2026-03-30 15:51:01,27710,11110,16600,현금
4356,4608,2026-03-30 15:51:59,23670,9470,14200,현금
4357,4609,2026-03-30 15:55:18,172270,68970,103300,간편결제
4358,4615,2026-03-30 16:02:04,23950,9650,14300,카드
4359,4623,2026-03-30 16:03:17,28060,11260,16800,카드
4360,4612,2026-03-30 16:04:07,20660,8360,12300,카드
4361,4619,2026-03-30 16:08:52,26290,10590,15700,카드
4362,4622,2026-03-30 16:11:03,26460,10660,15800,카드
4363,4624,2026-03-31 09:14:51,27780,11180,16600,카드
4364,4633,2026-03-31 09:16:39,62460,25060,37400,현금
4365,4630,2026-03-31 09:18:57,103430,41430,62000,카드
4366,4625,2026-03-31 09:19:57,27310,11010,16300,간편결제
4367,4627,2026-03-31 09:20:13,27160,10960,16200,카드
4368,4632,2026-03-31 09:24:00,239010,95610,143400,현금
4369,4647,2026-03-31 09:28:04,215420,86220,129200,카드
4370,4629,2026-03-31 09:28:10,34120,13720,20400,카드
4371,4626,2026-03-31 09:28:13,44050,17650,26400,카드
4372,4644,2026-03-31 09:33:17,42650,17150,25500,카드
4373,4635,2026-03-31 09:35:17,37960,15260,22700,간편결제
4374,4638,2026-03-31 09:35:24,37940,15240,22700,카드
4375,4634,2026-03-31 09:35:58,21780,8780,13000,카드
4376,4646,2026-03-31 09:41:28,21170,8470,12700,카드
4377,4641,2026-03-31 09:41:45,20920,8420,12500,간편결제
4378,4645,2026-03-31 09:42:09,29290,11790,17500,카드
4379,4628,2026-03-31 09:45:12,44690,17890,26800,카드
4380,4642,2026-03-31 09:48:37,251690,100690,151000,카드
4381,4636,2026-03-31 09:50:51,210270,84170,126100,카드
4382,4650,2026-03-31 09:53:38,83430,33430,50000,현금
4383,4631,2026-03-31 09:55:04,34510,13810,20700,간편결제
4384,4649,2026-03-31 10:00:09,21970,8870,13100,카드
4385,4643,2026-03-31 10:02:27,21990,8890,13100,카드
4386,4637,2026-03-31 10:05:24,29800,12000,17800,카드
4387,4651,2026-03-31 10:09:21,268090,107290,160800,카드
4388,4639,2026-03-31 10:20:52,267420,107020,160400,카드
4389,4658,2026-03-31 10:24:39,22830,9230,13600,카드
4390,4659,2026-03-31 10:25:10,204270,81770,122500,카드
4391,4653,2026-03-31 10:27:02,91110,36510,54600,현금
4392,4652,2026-03-31 10:27:19,24070,9670,14400,카드
4393,4640,2026-03-31 10:30:56,261050,104450,156600,카드
4394,4656,2026-03-31 10:31:19,22970,9270,13700,카드
4395,4648,2026-03-31 10:37:18,190550,76250,114300,카드
4396,4654,2026-03-31 10:44:15,34880,13980,20900,카드
4397,4662,2026-03-31 10:51:29,61870,24770,37100,간편결제
4398,4657,2026-03-31 10:53:50,26670,10670,16000,현금
4399,4660,2026-03-31 10:57:42,88980,35680,53300,카드
4400,4655,2026-03-31 10:58:20,21710,8710,13000,카드
4401,4663,2026-03-31 11:13:49,29070,11670,17400,카드
4402,4661,2026-03-31 11:14:04,39330,15830,23500,카드
4403,4664,2026-03-31 11:15:10,24540,9840,14700,카드
4404,4669,2026-03-31 13:37:43,154510,61810,92700,카드
4405,4667,2026-03-31 13:44:27,91540,36640,54900,카드
4406,4666,2026-03-31 13:47:18,35550,14250,21300,간편결제
4407,4671,2026-03-31 13:55:34,26580,10680,15900,카드
4408,4676,2026-03-31 13:57:10,28940,11640,17300,카드
4409,4683,2026-03-31 13:58:51,20640,8340,12300,간편결제
4410,4668,2026-03-31 13:59:19,43170,17270,25900,카드
4411,4688,2026-03-31 13:59:33,21000,8400,12600,현금
4412,4686,2026-03-31 13:59:39,24410,9810,14600,카드
4413,4673,2026-03-31 14:00:10,20860,8360,12500,카드
4414,4677,2026-03-31 14:02:13,132980,53280,79700,카드
4415,4680,2026-03-31 14:03:07,32370,12970,19400,카드
4416,4670,2026-03-31 14:04:30,178670,71470,107200,카드
4417,4696,2026-03-31 14:04:40,25590,10290,15300,카드
4418,4675,2026-03-31 14:09:43,36210,14510,21700,카드
4419,4690,2026-03-31 14:11:12,30980,12480,18500,카드
4420,4672,2026-03-31 14:11:14,277550,111050,166500,카드
4421,4678,2026-03-31 14:15:43,32950,13250,19700,카드
4422,4674,2026-03-31 14:15:48,268740,107540,161200,카드
4423,4691,2026-03-31 14:16:13,37490,15090,22400,카드
4424,4703,2026-03-31 14:17:11,95440,38240,57200,카드
4425,4709,2026-03-31 14:18:12,224200,89700,134500,간편결제
4426,4679,2026-03-31 14:19:02,24940,10040,14900,카드
4427,4697,2026-03-31 14:19:48,215860,86360,129500,카드
4428,4699,2026-03-31 14:20:44,18280,7380,10900,카드
4429,4681,2026-03-31 14:22:41,102800,41200,61600,현금
4430,4693,2026-03-31 14:24:45,129240,51740,77500,카드
4431,4708,2026-03-31 14:25:34,24060,9660,14400,현금
4432,4687,2026-03-31 14:28:55,35120,14120,21000,카드
4433,4682,2026-03-31 14:30:55,24160,9760,14400,카드
4434,4684,2026-03-31 14:31:57,218710,87510,131200,카드
4435,4712,2026-03-31 14:32:04,83370,33370,50000,간편결제
4436,4694,2026-03-31 14:32:55,35070,14070,21000,카드
4437,4698,2026-03-31 14:38:24,187700,75100,112600,카드
4438,4714,2026-03-31 14:47:33,35160,14160,21000,카드
4439,4689,2026-03-31 14:48:06,18760,7560,11200,카드
4440,4685,2026-03-31 14:52:47,257690,103090,154600,간편결제
4441,4704,2026-03-31 14:59:03,35240,14140,21100,카드
4442,4692,2026-03-31 14:59:08,65930,26430,39500,카드
4443,4700,2026-03-31 15:00:34,88770,35570,53200,간편결제
4444,4695,2026-03-31 15:03:00,245250,98150,147100,카드
4445,4719,2026-03-31 15:11:43,18710,7510,11200,카드
4446,4702,2026-03-31 15:14:28,23090,9290,13800,카드
4447,4701,2026-03-31 15:19:24,82450,33050,49400,카드
4448,4706,2026-03-31 15:22:09,29900,12000,17900,카드
4449,4710,2026-03-31 15:25:28,161440,64640,96800,카드
4450,4713,2026-03-31 15:25:42,19000,7600,11400,카드
4451,4711,2026-03-31 15:35:11,42390,16990,25400,카드
4452,4716,2026-03-31 15:37:45,179430,71830,107600,카드
4453,4707,2026-03-31 15:39:55,43340,17340,26000,카드
4454,4720,2026-03-31 15:44:39,39410,15810,23600,카드
4455,4721,2026-03-31 15:45:06,145880,58380,87500,카드
4456,4717,2026-03-31 15:47:41,37520,15020,22500,카드
4457,4715,2026-03-31 15:48:08,106620,42720,63900,카드
4458,4723,2026-03-31 15:54:54,22990,9290,13700,카드
4459,4725,2026-03-31 16:02:01,278020,111220,166800,카드
4460,4718,2026-03-31 16:03:35,259180,103680,155500,카드
4461,4724,2026-03-31 16:04:15,43580,17480,26100,카드
4462,4722,2026-03-31 16:11:31,26610,10710,15900,카드
4463,4726,2026-03-31 16:18:21,33110,13310,19800,카드
4464,4728,2026-04-01 09:12:54,146740,58740,88000,카드
4465,4730,2026-04-01 09:15:44,25980,10480,15500,카드
4466,4727,2026-04-01 09:22:19,206580,82680,123900,간편결제
4467,4731,2026-04-01 09:26:12,77330,31030,46300,카드
4468,4733,2026-04-01 09:35:30,197890,79190,118700,카드
4469,4732,2026-04-01 09:36:32,22740,9140,13600,카드
4470,4729,2026-04-01 09:40:58,41650,16750,24900,카드
4471,4735,2026-04-01 09:48:06,154490,61890,92600,현금
4472,4734,2026-04-01 09:58:50,106050,42450,63600,카드
4473,4736,2026-04-01 10:00:14,28170,11270,16900,카드
4474,4737,2026-04-01 10:09:29,32660,13160,19500,카드
4475,4738,2026-04-01 10:20:19,28170,11270,16900,카드
4476,4739,2026-04-01 10:28:14,18110,7310,10800,카드
4477,4740,2026-04-01 10:36:08,18400,7400,11000,카드
4478,4741,2026-04-01 10:36:18,24360,9760,14600,현금
4479,4744,2026-04-01 10:39:25,40190,16090,24100,카드
4480,4742,2026-04-01 10:39:46,161070,64470,96600,카드
4481,4743,2026-04-01 10:45:22,24910,10010,14900,카드
4482,4745,2026-04-01 11:04:23,27700,11100,16600,카드
4483,4746,2026-04-01 13:39:40,169490,67890,101600,카드
4484,4747,2026-04-01 13:48:05,125290,50190,75100,카드
4485,4748,2026-04-01 13:52:59,178090,71290,106800,카드
4486,4749,2026-04-01 13:58:17,23640,9540,14100,카드
4487,4750,2026-04-01 14:03:03,206430,82630,123800,카드
4488,4752,2026-04-01 14:03:31,244950,98050,146900,카드
4489,4751,2026-04-01 14:15:07,26660,10760,15900,간편결제
4490,4755,2026-04-01 14:16:42,21210,8510,12700,카드
4491,4756,2026-04-01 14:31:19,114730,45930,68800,카드
4492,4754,2026-04-01 14:33:02,36300,14600,21700,현금
4493,4757,2026-04-01 14:36:47,229930,92030,137900,간편결제
4494,4759,2026-04-01 14:39:45,32300,13000,19300,카드
4495,4758,2026-04-01 14:44:05,29690,11890,17800,간편결제
4496,4761,2026-04-01 15:00:18,40760,16360,24400,현금
4497,4763,2026-04-01 15:08:09,19550,7850,11700,간편결제
4498,4762,2026-04-01 15:10:34,21740,8740,13000,카드
4499,4760,2026-04-01 15:15:29,18510,7410,11100,카드
4500,4764,2026-04-01 15:18:11,33050,13250,19800,카드
4501,4765,2026-04-01 15:34:44,90180,36080,54100,카드
4502,4769,2026-04-02 09:12:47,27220,10920,16300,카드
4503,4768,2026-04-02 09:22:53,26860,10760,16100,카드
4504,4775,2026-04-02 09:22:57,92620,37120,55500,카드
4505,4771,2026-04-02 09:23:00,23140,9340,13800,카드
4506,4772,2026-04-02 09:26:35,33600,13500,20100,카드
4507,4777,2026-04-02 09:27:34,19490,7890,11600,간편결제
4508,4778,2026-04-02 09:27:48,19510,7810,11700,카드
4509,4767,2026-04-02 09:28:01,34210,13710,20500,카드
4510,4770,2026-04-02 09:29:14,18040,7240,10800,카드
4511,4781,2026-04-02 09:34:26,243430,97430,146000,카드
4512,4773,2026-04-02 09:40:55,31210,12510,18700,카드
4513,4785,2026-04-02 09:44:40,31130,12530,18600,카드
4514,4776,2026-04-02 09:44:54,25850,10350,15500,카드
4515,4801,2026-04-02 09:46:02,25650,10350,15300,간편결제
4516,4774,2026-04-02 09:46:57,96410,38610,57800,카드
4517,4791,2026-04-02 09:49:05,24800,10000,14800,카드
4518,4793,2026-04-02 09:51:05,105920,42420,63500,카드
4519,4780,2026-04-02 09:51:19,23090,9290,13800,간편결제
4520,4779,2026-04-02 09:54:57,25110,10110,15000,카드
4521,4797,2026-04-02 09:57:48,19450,7850,11600,카드
4522,4782,2026-04-02 09:58:08,91980,36880,55100,카드
4523,4805,2026-04-02 10:00:16,21790,8790,13000,카드
4524,4784,2026-04-02 10:00:23,18270,7370,10900,카드
4525,4787,2026-04-02 10:00:54,66580,26680,39900,간편결제
4526,4783,2026-04-02 10:01:38,32260,12960,19300,간편결제
4527,4792,2026-04-02 10:04:38,40150,16150,24000,카드
4528,4800,2026-04-02 10:05:39,203530,81430,122100,간편결제
4529,4799,2026-04-02 10:08:42,186090,74490,111600,카드
4530,4795,2026-04-02 10:13:10,28260,11360,16900,간편결제
4531,4806,2026-04-02 10:16:45,29360,11760,17600,카드
4532,4804,2026-04-02 10:21:28,162660,65160,97500,카드
4533,4786,2026-04-02 10:22:28,203890,81590,122300,카드
4534,4789,2026-04-02 10:25:31,27980,11280,16700,카드
4535,4788,2026-04-02 10:26:02,154770,61970,92800,카드
4536,4807,2026-04-02 10:27:13,26010,10410,15600,카드
4537,4809,2026-04-02 10:35:10,211260,84560,126700,간편결제
4538,4812,2026-04-02 10:40:09,75190,30090,45100,카드
4539,4790,2026-04-02 10:44:02,38990,15690,23300,카드
4540,4794,2026-04-02 10:59:55,165040,66040,99000,카드
4541,4803,2026-04-02 11:02:01,24210,9710,14500,카드
4542,4802,2026-04-02 11:07:12,38980,15680,23300,간편결제
4543,4808,2026-04-02 11:14:20,23320,9420,13900,카드
4544,4813,2026-04-02 11:21:30,264480,105880,158600,카드
4545,4814,2026-04-02 11:35:29,151510,60610,90900,현금
4546,4815,2026-04-02 11:37:34,41190,16490,24700,카드
4547,4816,2026-04-02 13:37:33,235460,94260,141200,카드
4548,4818,2026-04-02 13:41:19,18650,7550,11100,간편결제
4549,4821,2026-04-02 13:52:11,41250,16550,24700,카드
4550,4820,2026-04-02 13:52:52,234500,93800,140700,카드
4551,4817,2026-04-02 13:57:37,28440,11440,17000,카드
4552,4822,2026-04-02 13:59:41,41090,16490,24600,카드
4553,4826,2026-04-02 14:06:03,225620,90320,135300,카드
4554,4824,2026-04-02 14:08:52,23070,9270,13800,카드
4555,4827,2026-04-02 14:14:34,204730,81930,122800,카드
4556,4823,2026-04-02 14:14:53,38050,15250,22800,카드
4557,4828,2026-04-02 14:16:54,24000,9600,14400,카드
4558,4829,2026-04-02 14:19:57,26610,10710,15900,카드
4559,4832,2026-04-02 14:26:34,186410,74610,111800,간편결제
4560,4825,2026-04-02 14:31:16,21000,8400,12600,카드
4561,4830,2026-04-02 14:32:43,73750,29550,44200,카드
4562,4831,2026-04-02 14:41:00,35180,14080,21100,카드
4563,4833,2026-04-02 14:45:46,27460,11060,16400,카드
4564,4834,2026-04-02 14:49:36,24250,9750,14500,카드
4565,4835,2026-04-02 15:12:33,30110,12110,18000,카드
4566,4836,2026-04-02 15:17:35,35910,14410,21500,카드
4567,4839,2026-04-02 15:32:32,23730,9530,14200,카드
4568,4837,2026-04-02 15:38:05,41300,16600,24700,간편결제
4569,4842,2026-04-02 15:41:34,100100,40100,60000,카드
4570,4840,2026-04-02 15:45:36,19070,7670,11400,카드
4571,4838,2026-04-02 15:46:22,29440,11840,17600,카드
4572,4841,2026-04-02 15:54:39,95050,38050,57000,카드
4573,4843,2026-04-02 16:03:03,36020,14420,21600,카드
4574,4844,2026-04-02 16:16:34,26420,10620,15800,현금
4575,4849,2026-04-03 09:12:22,19150,7750,11400,카드
4576,4845,2026-04-03 09:26:59,160300,64200,96100,카드
4577,4846,2026-04-03 09:27:17,26320,10620,15700,카드
4578,4847,2026-04-03 09:27:32,27350,10950,16400,카드
4579,4850,2026-04-03 09:31:18,28550,11450,17100,간편결제
4580,4848,2026-04-03 09:32:19,36950,14850,22100,카드
4581,4855,2026-04-03 09:40:23,28230,11330,16900,카드
4582,4854,2026-04-03 09:46:55,69610,27910,41700,카드
4583,4857,2026-04-03 09:56:47,251670,100670,151000,카드
4584,4856,2026-04-03 09:57:51,37610,15110,22500,카드
4585,4851,2026-04-03 09:58:07,32920,13220,19700,현금
4586,4852,2026-04-03 10:03:18,29290,11790,17500,카드
4587,4858,2026-04-03 10:18:32,29910,12010,17900,현금
4588,4859,2026-04-03 10:32:25,38880,15580,23300,카드
4589,4860,2026-04-03 10:34:48,24920,10020,14900,카드
4590,4861,2026-04-03 10:54:11,35050,14050,21000,카드
4591,4862,2026-04-03 11:18:10,44190,17690,26500,카드
4592,4863,2026-04-03 11:22:50,42400,17000,25400,간편결제
4593,4864,2026-04-03 11:43:52,28020,11220,16800,카드
4594,4874,2026-04-03 13:46:08,218060,87260,130800,카드
4595,4871,2026-04-03 13:47:55,26330,10630,15700,카드
4596,4875,2026-04-03 13:51:17,30090,12090,18000,카드
4597,4873,2026-04-03 13:51:42,25900,10400,15500,간편결제
4598,4867,2026-04-03 13:51:44,18380,7380,11000,간편결제
4599,4866,2026-04-03 13:52:48,31290,12590,18700,카드
4600,4865,2026-04-03 13:54:04,22900,9200,13700,카드
4601,4881,2026-04-03 13:55:10,27820,11220,16600,카드
4602,4869,2026-04-03 13:56:46,122930,49230,73700,간편결제
4603,4878,2026-04-03 13:57:17,47490,19090,28400,현금
4604,4870,2026-04-03 14:03:59,85170,34070,51100,카드
4605,4880,2026-04-03 14:09:38,86460,34660,51800,카드
4606,4876,2026-04-03 14:09:47,36950,14850,22100,카드
4607,4877,2026-04-03 14:11:17,28670,11470,17200,카드
4608,4868,2026-04-03 14:22:36,41540,16640,24900,카드
4609,4885,2026-04-03 14:24:38,43610,17510,26100,카드
4610,4879,2026-04-03 14:24:51,202650,81150,121500,간편결제
4611,4886,2026-04-03 14:27:29,44970,18070,26900,카드
4612,4882,2026-04-03 14:31:29,29600,11900,17700,카드
4613,4872,2026-04-03 14:32:44,43930,17630,26300,카드
4614,4887,2026-04-03 14:38:29,43480,17480,26000,카드
4615,4883,2026-04-03 14:44:23,28940,11640,17300,카드
4616,4884,2026-04-03 14:50:01,255750,102350,153400,카드
4617,4888,2026-04-03 14:57:04,19570,7870,11700,카드
4618,4889,2026-04-03 14:58:42,35050,14050,21000,카드
4619,4890,2026-04-03 15:10:50,41150,16550,24600,카드
4620,4892,2026-04-03 15:14:09,219930,88030,131900,현금
4621,4891,2026-04-03 15:16:15,20860,8360,12500,카드
4622,4893,2026-04-03 15:20:50,32410,13010,19400,카드
4623,4894,2026-04-03 15:30:26,279370,111770,167600,카드
4624,4896,2026-04-03 15:38:47,268950,107650,161300,카드
4625,4906,2026-04-06 09:09:33,24300,9800,14500,현금
4626,4899,2026-04-06 09:19:35,27780,11180,16600,카드
4627,4897,2026-04-06 09:22:05,28360,11360,17000,카드
4628,4900,2026-04-06 09:31:30,30630,12330,18300,카드
4629,4901,2026-04-06 09:32:09,32190,12890,19300,카드
4630,4898,2026-04-06 09:35:31,180020,72020,108000,카드
4631,4903,2026-04-06 09:36:29,29840,11940,17900,카드
4632,4902,2026-04-06 09:43:53,20820,8420,12400,간편결제
4633,4912,2026-04-06 09:45:12,29060,11660,17400,카드
4634,4915,2026-04-06 09:53:38,182050,72850,109200,간편결제
4635,4916,2026-04-06 09:57:20,42710,17110,25600,카드
4636,4907,2026-04-06 09:58:36,21400,8600,12800,카드
4637,4921,2026-04-06 09:59:06,159680,63880,95800,카드
4638,4904,2026-04-06 10:00:19,37980,15280,22700,카드
4639,4917,2026-04-06 10:03:21,34010,13610,20400,카드
4640,4905,2026-04-06 10:04:10,274140,109740,164400,카드
4641,4920,2026-04-06 10:06:49,27490,11090,16400,현금
4642,4922,2026-04-06 10:12:22,224680,89880,134800,카드
4643,4909,2026-04-06 10:15:34,19820,8020,11800,카드
4644,4927,2026-04-06 10:16:21,32410,13010,19400,현금
4645,4908,2026-04-06 10:17:32,28950,11650,17300,카드
4646,4930,2026-04-06 10:22:42,251510,100610,150900,카드
4647,4919,2026-04-06 10:23:50,36720,14720,22000,간편결제
4648,4926,2026-04-06 10:28:01,157960,63260,94700,카드
4649,4928,2026-04-06 10:34:57,36210,14510,21700,현금
4650,4910,2026-04-06 10:36:35,151950,60850,91100,카드
4651,4911,2026-04-06 10:48:02,31610,12710,18900,카드
4652,4913,2026-04-06 10:51:56,20910,8410,12500,카드
4653,4933,2026-04-06 11:02:11,31510,12610,18900,카드
4654,4934,2026-04-06 11:06:03,25670,10270,15400,카드
4655,4935,2026-04-06 11:11:04,40750,16350,24400,카드
4656,4914,2026-04-06 11:14:36,33540,13440,20100,카드
4657,4918,2026-04-06 11:16:04,34150,13750,20400,현금
4658,4923,2026-04-06 11:29:21,256720,102720,154000,카드
4659,4924,2026-04-06 11:43:37,18670,7470,11200,카드
4660,4925,2026-04-06 11:52:09,127790,51190,76600,간편결제
4661,4929,2026-04-06 12:03:21,31320,12620,18700,카드
4662,4932,2026-04-06 12:12:02,43070,17270,25800,간편결제
4663,4931,2026-04-06 12:17:39,282680,113080,169600,카드
4664,4945,2026-04-06 13:54:09,20730,8330,12400,간편결제
4665,4942,2026-04-06 13:55:28,20470,8270,12200,카드
4666,4937,2026-04-06 14:01:20,102740,41140,61600,카드
4667,4950,2026-04-06 14:02:59,124840,49940,74900,카드
4668,4959,2026-04-06 14:03:32,31380,12580,18800,간편결제
4669,4938,2026-04-06 14:04:28,36600,14700,21900,카드
4670,4948,2026-04-06 14:05:20,25920,10420,15500,카드
4671,4939,2026-04-06 14:06:36,139970,56070,83900,간편결제
4672,4955,2026-04-06 14:06:52,37860,15160,22700,간편결제
4673,4940,2026-04-06 14:10:36,39230,15730,23500,카드
4674,4951,2026-04-06 14:12:47,274150,109750,164400,카드
4675,4954,2026-04-06 14:14:26,23800,9600,14200,간편결제
4676,4949,2026-04-06 14:15:52,138780,55580,83200,카드
4677,4956,2026-04-06 14:17:40,230250,92150,138100,카드
4678,4961,2026-04-06 14:19:05,65820,26420,39400,카드
4679,4971,2026-04-06 14:23:15,29080,11680,17400,카드
4680,4953,2026-04-06 14:23:35,38380,15380,23000,카드
4681,4941,2026-04-06 14:24:37,22240,8940,13300,카드
4682,4967,2026-04-06 14:25:13,145200,58100,87100,카드
4683,4964,2026-04-06 14:26:18,34130,13730,20400,카드
4684,4957,2026-04-06 14:29:29,38040,15240,22800,카드
4685,4965,2026-04-06 14:33:29,113020,45220,67800,카드
4686,4977,2026-04-06 14:39:38,22410,9010,13400,카드
4687,4944,2026-04-06 14:39:38,104120,41720,62400,카드
4688,4976,2026-04-06 14:41:32,21650,8750,12900,카드
4689,4958,2026-04-06 14:43:06,28360,11360,17000,카드
4690,4972,2026-04-06 14:44:01,190940,76440,114500,카드
4691,4952,2026-04-06 14:48:24,25530,10230,15300,카드
4692,4946,2026-04-06 14:48:34,42820,17220,25600,카드
4693,4973,2026-04-06 14:49:19,20960,8460,12500,카드
4694,4981,2026-04-06 14:55:57,171310,68610,102700,간편결제
4695,4975,2026-04-06 15:04:28,20530,8230,12300,간편결제
4696,4978,2026-04-06 15:07:53,31660,12760,18900,카드
4697,4984,2026-04-06 15:08:44,44600,17900,26700,현금
4698,4985,2026-04-06 15:10:15,29620,11920,17700,카드
4699,4982,2026-04-06 15:10:34,22490,9090,13400,카드
4700,4979,2026-04-06 15:13:34,51160,20560,30600,간편결제
4701,4962,2026-04-06 15:15:34,34640,13940,20700,카드
4702,4986,2026-04-06 15:21:20,28010,11210,16800,카드
4703,4966,2026-04-06 15:23:02,18090,7290,10800,카드
4704,4983,2026-04-06 15:29:57,30740,12340,18400,카드
4705,4969,2026-04-06 15:31:11,229430,91830,137600,카드
4706,4987,2026-04-06 15:32:12,238370,95370,143000,카드
4707,4980,2026-04-06 15:51:23,18280,7380,10900,카드
4708,4989,2026-04-06 15:58:38,40510,16210,24300,현금
4709,4991,2026-04-06 16:06:39,159020,63620,95400,카드
4710,4988,2026-04-06 16:22:51,30210,12110,18100,카드
4711,4990,2026-04-06 16:27:20,20530,8230,12300,카드
4712,4992,2026-04-06 16:27:53,158050,63250,94800,카드
4713,4996,2026-04-07 09:15:50,72220,28920,43300,간편결제
4714,4994,2026-04-07 09:21:45,41780,16780,25000,카드
4715,4997,2026-04-07 09:23:21,222510,89010,133500,현금
4716,4999,2026-04-07 09:25:36,249500,99800,149700,카드
4717,4993,2026-04-07 09:25:55,54540,21840,32700,카드
4718,4995,2026-04-07 09:26:41,243480,97480,146000,카드
4719,4998,2026-04-07 09:28:51,24860,9960,14900,카드
4720,5007,2026-04-07 09:29:28,29760,11960,17800,카드
4721,5010,2026-04-07 09:31:10,41690,16690,25000,카드
4722,5004,2026-04-07 09:31:32,42840,17140,25700,카드
4723,5003,2026-04-07 09:34:50,20480,8280,12200,카드
4724,5008,2026-04-07 09:37:04,44280,17780,26500,카드
4725,5005,2026-04-07 09:42:30,38690,15490,23200,카드
4726,5002,2026-04-07 09:43:58,191140,76540,114600,카드
4727,5009,2026-04-07 09:48:02,39960,16060,23900,카드
4728,5013,2026-04-07 09:49:52,72750,29150,43600,카드
4729,5012,2026-04-07 09:53:00,243030,97230,145800,카드
4730,5011,2026-04-07 09:53:10,212760,85160,127600,카드
4731,5014,2026-04-07 09:54:20,25920,10420,15500,카드
4732,5006,2026-04-07 09:57:32,277780,111180,166600,카드
4733,5000,2026-04-07 09:58:30,127390,50990,76400,카드
4734,5017,2026-04-07 09:58:44,20660,8360,12300,카드
4735,5015,2026-04-07 09:59:07,40910,16410,24500,카드
4736,5023,2026-04-07 10:06:26,274530,109830,164700,간편결제
4737,5016,2026-04-07 10:07:44,145260,58160,87100,카드
4738,5001,2026-04-07 10:08:58,29500,11800,17700,카드
4739,5020,2026-04-07 10:09:50,39070,15670,23400,카드
4740,5025,2026-04-07 10:11:08,42130,16930,25200,카드
4741,5024,2026-04-07 10:13:08,270660,108360,162300,카드
4742,5019,2026-04-07 10:14:20,28020,11220,16800,카드
4743,5028,2026-04-07 10:20:07,29340,11740,17600,간편결제
4744,5026,2026-04-07 10:21:21,75510,30210,45300,현금
4745,5027,2026-04-07 10:21:55,43210,17310,25900,카드
4746,5018,2026-04-07 10:22:51,148630,59530,89100,카드
4747,5021,2026-04-07 10:23:55,20940,8440,12500,카드
4748,5030,2026-04-07 10:32:49,27750,11150,16600,카드
4749,5031,2026-04-07 10:33:07,34690,13890,20800,카드
4750,5033,2026-04-07 10:36:32,24830,10030,14800,카드
4751,5029,2026-04-07 10:44:28,279570,111870,167700,카드
4752,5032,2026-04-07 10:48:45,23110,9310,13800,간편결제
4753,5036,2026-04-07 10:56:48,233420,93420,140000,카드
4754,5034,2026-04-07 10:58:42,41130,16530,24600,카드
4755,5039,2026-04-07 11:04:50,25390,10190,15200,카드
4756,5035,2026-04-07 11:08:21,121780,48780,73000,카드
4757,5040,2026-04-07 11:11:20,20790,8390,12400,카드
4758,5038,2026-04-07 11:23:08,24800,10000,14800,카드
4759,5042,2026-04-07 13:47:37,44410,17810,26600,간편결제
4760,5044,2026-04-07 13:49:24,24600,9900,14700,카드
4761,5048,2026-04-07 13:49:25,282300,113000,169300,카드
4762,5046,2026-04-07 13:50:07,186120,74520,111600,카드
4763,5043,2026-04-07 13:52:14,33010,13210,19800,카드
4764,5045,2026-04-07 13:54:01,173210,69310,103900,카드
4765,5053,2026-04-07 13:54:54,22330,9030,13300,카드
4766,5050,2026-04-07 13:58:13,37760,15160,22600,카드
4767,5051,2026-04-07 14:03:16,247600,99100,148500,간편결제
4768,5049,2026-04-07 14:04:00,34680,13880,20800,카드
4769,5063,2026-04-07 14:04:55,29070,11670,17400,카드
4770,5047,2026-04-07 14:06:00,59870,23970,35900,카드
4771,5055,2026-04-07 14:12:36,22620,9120,13500,간편결제
4772,5052,2026-04-07 14:15:01,26030,10430,15600,카드
4773,5059,2026-04-07 14:16:31,35250,14150,21100,카드
4774,5060,2026-04-07 14:19:08,282510,113010,169500,카드
4775,5062,2026-04-07 14:20:17,25980,10480,15500,카드
4776,5061,2026-04-07 14:21:09,32570,13070,19500,카드
4777,5054,2026-04-07 14:21:37,31940,12840,19100,카드
4778,5056,2026-04-07 14:27:01,21810,8810,13000,카드
4779,5065,2026-04-07 14:35:00,29750,11950,17800,카드
4780,5066,2026-04-07 14:35:05,27180,10880,16300,카드
4781,5070,2026-04-07 14:39:23,29300,11800,17500,현금
4782,5064,2026-04-07 14:45:45,189940,76040,113900,카드
4783,5069,2026-04-07 14:47:56,19930,8030,11900,카드
4784,5058,2026-04-07 14:50:39,38780,15580,23200,간편결제
4785,5067,2026-04-07 14:51:44,28940,11640,17300,카드
4786,5068,2026-04-07 14:52:04,42470,17070,25400,현금
4787,5057,2026-04-07 14:52:37,37610,15110,22500,카드
4788,5072,2026-04-07 14:54:07,117100,46900,70200,간편결제
4789,5071,2026-04-07 14:54:55,22880,9180,13700,카드
4790,5074,2026-04-07 15:05:41,55920,22420,33500,카드
4791,5075,2026-04-07 15:07:28,113820,45620,68200,카드
4792,5073,2026-04-07 15:15:09,26700,10700,16000,카드
4793,5076,2026-04-07 15:28:30,235040,94040,141000,카드
4794,5077,2026-04-07 15:41:51,36730,14730,22000,간편결제
4795,5079,2026-04-07 15:51:12,24970,10070,14900,카드
4796,5080,2026-04-07 15:57:31,269210,107710,161500,카드
4797,5081,2026-04-08 09:18:50,124770,49970,74800,간편결제
4798,5083,2026-04-08 09:20:56,160570,64270,96300,카드
4799,5085,2026-04-08 09:26:13,31740,12740,19000,카드
4800,5082,2026-04-08 09:32:05,197970,79270,118700,간편결제
4801,5090,2026-04-08 09:33:51,43960,17660,26300,간편결제
4802,5088,2026-04-08 09:35:59,255990,102490,153500,카드
4803,5087,2026-04-08 09:36:06,110150,44150,66000,카드
4804,5086,2026-04-08 09:39:31,65800,26400,39400,카드
4805,5094,2026-04-08 09:46:12,85320,34220,51100,카드
4806,5092,2026-04-08 09:49:34,216910,86810,130100,카드
4807,5089,2026-04-08 09:53:01,208610,83510,125100,카드
4808,5093,2026-04-08 10:00:00,29340,11740,17600,카드
4809,5091,2026-04-08 10:02:50,44850,17950,26900,카드
4810,5105,2026-04-08 10:02:58,42890,17190,25700,카드
4811,5099,2026-04-08 10:04:24,220220,88120,132100,카드
4812,5095,2026-04-08 10:05:15,218030,87230,130800,카드
4813,5098,2026-04-08 10:08:18,29720,11920,17800,카드
4814,5096,2026-04-08 10:09:47,42700,17100,25600,카드
4815,5097,2026-04-08 10:15:48,235590,94290,141300,카드
4816,5110,2026-04-08 10:15:51,27750,11150,16600,카드
4817,5103,2026-04-08 10:16:43,26360,10560,15800,카드
4818,5100,2026-04-08 10:17:15,26370,10570,15800,카드
4819,5102,2026-04-08 10:20:17,28050,11250,16800,카드
4820,5104,2026-04-08 10:21:07,176120,70520,105600,카드
4821,5101,2026-04-08 10:31:40,33860,13560,20300,현금
4822,5108,2026-04-08 10:39:40,82150,32950,49200,카드
4823,5106,2026-04-08 10:50:24,111780,44780,67000,간편결제
4824,5107,2026-04-08 10:56:22,19380,7780,11600,카드
4825,5111,2026-04-08 11:10:33,145960,58460,87500,카드
4826,5109,2026-04-08 11:11:01,34650,13950,20700,카드
4827,5112,2026-04-08 11:22:07,22170,8870,13300,카드
4828,5113,2026-04-08 13:42:23,28670,11470,17200,카드
4829,5116,2026-04-08 13:55:14,38780,15580,23200,카드
4830,5118,2026-04-08 14:02:57,35160,14160,21000,카드
4831,5115,2026-04-08 14:07:23,40820,16420,24400,카드
4832,5114,2026-04-08 14:11:02,30440,12240,18200,카드
4833,5117,2026-04-08 14:11:52,22080,8880,13200,카드
4834,5119,2026-04-08 14:15:19,126810,50810,76000,카드
4835,5121,2026-04-08 14:15:49,112090,44890,67200,간편결제
4836,5122,2026-04-08 14:23:22,29710,11910,17800,카드
4837,5125,2026-04-08 14:27:27,134840,53940,80900,카드
4838,5123,2026-04-08 14:28:49,29210,11710,17500,카드
4839,5124,2026-04-08 14:30:44,271680,108680,163000,카드
4840,5127,2026-04-08 14:42:04,27340,10940,16400,카드
4841,5126,2026-04-08 14:43:27,36970,14870,22100,현금
4842,5128,2026-04-08 14:56:56,38370,15370,23000,카드
4843,5129,2026-04-08 15:14:31,222050,88850,133200,간편결제
4844,5130,2026-04-08 15:32:42,21550,8650,12900,카드
4845,5131,2026-04-08 15:41:43,36160,14560,21600,카드
4846,5142,2026-04-09 09:11:41,41440,16640,24800,카드
4847,5132,2026-04-09 09:14:09,235800,94400,141400,카드
4848,5143,2026-04-09 09:18:15,198970,79670,119300,현금
4849,5135,2026-04-09 09:18:15,228300,91400,136900,현금
4850,5136,2026-04-09 09:19:21,88670,35470,53200,카드
4851,5134,2026-04-09 09:20:33,44880,17980,26900,간편결제
4852,5151,2026-04-09 09:23:50,29470,11870,17600,카드
4853,5141,2026-04-09 09:33:50,241220,96520,144700,간편결제
4854,5137,2026-04-09 09:34:24,33080,13280,19800,간편결제
4855,5133,2026-04-09 09:35:18,262980,105280,157700,카드
4856,5157,2026-04-09 09:39:31,28980,11680,17300,간편결제
4857,5139,2026-04-09 09:39:45,201260,80560,120700,현금
4858,5159,2026-04-09 09:43:56,28480,11480,17000,카드
4859,5144,2026-04-09 09:45:37,27550,11050,16500,카드
4860,5138,2026-04-09 09:45:58,41830,16830,25000,간편결제
4861,5148,2026-04-09 09:56:36,34370,13770,20600,간편결제
4862,5146,2026-04-09 09:56:56,285970,114470,171500,카드
4863,5149,2026-04-09 09:58:42,28630,11530,17100,카드
4864,5152,2026-04-09 09:59:00,29570,11870,17700,카드
4865,5140,2026-04-09 09:59:36,20790,8390,12400,카드
4866,5154,2026-04-09 10:00:07,20120,8120,12000,카드
4867,5156,2026-04-09 10:01:07,21240,8540,12700,간편결제
4868,5158,2026-04-09 10:05:07,21950,8850,13100,간편결제
4869,5162,2026-04-09 10:09:30,29920,12020,17900,카드
4870,5147,2026-04-09 10:10:29,25080,10080,15000,카드
4871,5163,2026-04-09 10:13:41,35380,14180,21200,간편결제
4872,5160,2026-04-09 10:14:56,218150,87350,130800,카드
4873,5145,2026-04-09 10:17:38,28070,11270,16800,간편결제
4874,5161,2026-04-09 10:24:13,92940,37240,55700,카드
4875,5153,2026-04-09 10:25:13,40670,16270,24400,카드
4876,5164,2026-04-09 10:25:49,173800,69600,104200,카드
4877,5150,2026-04-09 10:28:52,64760,25960,38800,간편결제
4878,5155,2026-04-09 10:38:35,44830,18030,26800,카드
4879,5165,2026-04-09 10:40:50,18110,7310,10800,카드
4880,5170,2026-04-09 10:55:18,21810,8810,13000,카드
4881,5169,2026-04-09 10:56:05,28500,11400,17100,카드
4882,5167,2026-04-09 10:57:03,23410,9410,14000,카드
4883,5171,2026-04-09 11:02:02,20810,8410,12400,카드
4884,5172,2026-04-09 11:02:21,193150,77350,115800,카드
4885,5166,2026-04-09 11:02:50,44660,17960,26700,카드
4886,5168,2026-04-09 11:10:49,85140,34140,51000,카드
4887,5175,2026-04-09 11:16:28,26360,10560,15800,카드
4888,5173,2026-04-09 11:27:19,28570,11470,17100,현금
4889,5174,2026-04-09 11:34:28,257000,102800,154200,카드
4890,5188,2026-04-09 13:40:49,20380,8180,12200,카드
4891,5187,2026-04-09 13:46:17,24330,9830,14500,간편결제
4892,5185,2026-04-09 13:51:19,41520,16620,24900,카드
4893,5177,2026-04-09 13:55:46,28930,11630,17300,카드
4894,5179,2026-04-09 13:57:47,271900,108800,163100,현금
4895,5191,2026-04-09 13:59:23,18280,7380,10900,간편결제
4896,5176,2026-04-09 14:02:29,38700,15500,23200,카드
4897,5190,2026-04-09 14:05:13,30860,12360,18500,간편결제
4898,5180,2026-04-09 14:16:52,100760,40360,60400,간편결제
4899,5178,2026-04-09 14:17:16,146930,58830,88100,카드
4900,5195,2026-04-09 14:19:21,25100,10100,15000,간편결제
4901,5193,2026-04-09 14:22:07,20690,8290,12400,카드
4902,5204,2026-04-09 14:23:46,23990,9690,14300,카드
4903,5181,2026-04-09 14:28:07,43540,17440,26100,카드
4904,5200,2026-04-09 14:28:49,193160,77360,115800,카드
4905,5203,2026-04-09 14:33:53,187120,74920,112200,간편결제
4906,5207,2026-04-09 14:35:24,52600,21100,31500,간편결제
4907,5194,2026-04-09 14:38:37,33640,13540,20100,카드
4908,5183,2026-04-09 14:43:32,21250,8550,12700,카드
4909,5186,2026-04-09 14:48:11,42150,16950,25200,카드
4910,5201,2026-04-09 14:49:11,22090,8890,13200,카드
4911,5184,2026-04-09 14:50:15,24290,9790,14500,카드
4912,5189,2026-04-09 14:57:23,37960,15260,22700,간편결제
4913,5197,2026-04-09 15:10:43,27150,10950,16200,카드
4914,5198,2026-04-09 15:11:34,20460,8260,12200,카드
4915,5211,2026-04-09 15:19:06,20740,8340,12400,카드
4916,5210,2026-04-09 15:26:18,28610,11510,17100,카드
4917,5199,2026-04-09 15:26:52,125600,50300,75300,카드
4918,5206,2026-04-09 15:29:23,174130,69730,104400,카드
4919,5209,2026-04-09 15:31:33,180920,72420,108500,카드
4920,5213,2026-04-09 15:37:21,25730,10330,15400,카드
4921,5212,2026-04-09 15:39:19,274960,110060,164900,카드
4922,5214,2026-04-09 15:56:58,27810,11210,16600,카드
4923,5217,2026-04-10 09:16:11,23850,9550,14300,간편결제
4924,5218,2026-04-10 09:31:18,91430,36630,54800,간편결제
4925,5216,2026-04-10 09:31:44,176500,70600,105900,카드
4926,5215,2026-04-10 09:39:29,30810,12410,18400,카드
4927,5219,2026-04-10 09:50:42,181780,72780,109000,카드
4928,5224,2026-04-10 09:52:21,30660,12360,18300,카드
4929,5220,2026-04-10 10:00:27,162230,64930,97300,간편결제
4930,5221,2026-04-10 10:01:39,139210,55710,83500,카드
4931,5223,2026-04-10 10:04:47,30460,12260,18200,카드
4932,5226,2026-04-10 10:12:01,31970,12870,19100,간편결제
4933,5227,2026-04-10 10:17:41,231070,92470,138600,현금
4934,5228,2026-04-10 10:27:02,28540,11440,17100,카드
4935,5229,2026-04-10 10:41:42,25550,10250,15300,카드
4936,5230,2026-04-10 10:49:42,19180,7680,11500,카드
4937,5237,2026-04-10 13:42:21,27560,11060,16500,카드
4938,5231,2026-04-10 13:51:35,24820,10020,14800,카드
4939,5233,2026-04-10 13:55:55,57990,23290,34700,카드
4940,5235,2026-04-10 13:59:23,41310,16610,24700,카드
4941,5238,2026-04-10 14:01:32,30800,12400,18400,카드
4942,5232,2026-04-10 14:07:10,32770,13170,19600,현금
4943,5234,2026-04-10 14:07:27,229420,91820,137600,간편결제
4944,5236,2026-04-10 14:08:10,70740,28340,42400,카드
4945,5239,2026-04-10 14:17:35,177000,70800,106200,카드
4946,5240,2026-04-10 14:18:48,33880,13580,20300,간편결제
4947,5241,2026-04-10 14:22:25,39570,15870,23700,간편결제
4948,5242,2026-04-10 14:29:20,103560,41460,62100,간편결제
4949,5243,2026-04-10 14:40:19,99930,40030,59900,간편결제
4950,5245,2026-04-10 15:00:58,119170,47670,71500,카드
4951,5246,2026-04-10 15:25:13,40050,16050,24000,간편결제
4952,5248,2026-04-10 15:38:39,25050,10050,15000,카드
4953,5249,2026-04-10 15:47:55,153460,61460,92000,카드
4954,5262,2026-04-13 09:13:29,197530,79030,118500,카드
4955,5263,2026-04-13 09:18:24,20500,8200,12300,카드
4956,5251,2026-04-13 09:19:29,40370,16170,24200,카드
4957,5258,2026-04-13 09:21:54,28740,11540,17200,간편결제
4958,5256,2026-04-13 09:26:02,139380,55780,83600,카드
4959,5260,2026-04-13 09:26:10,71080,28480,42600,현금
4960,5252,2026-04-13 09:28:44,44960,18060,26900,카드
4961,5264,2026-04-13 09:31:45,28740,11540,17200,카드
4962,5250,2026-04-13 09:32:49,133000,53200,79800,카드
4963,5253,2026-04-13 09:34:04,23950,9650,14300,카드
4964,5255,2026-04-13 09:34:17,28010,11210,16800,카드
4965,5266,2026-04-13 09:35:06,28830,11630,17200,카드
4966,5273,2026-04-13 09:36:33,94850,37950,56900,카드
4967,5257,2026-04-13 09:47:55,237320,95020,142300,카드
4968,5254,2026-04-13 09:48:26,200240,80140,120100,카드
4969,5268,2026-04-13 09:51:52,273520,109420,164100,현금
4970,5261,2026-04-13 09:52:18,34870,13970,20900,카드
4971,5265,2026-04-13 09:53:08,20480,8280,12200,카드
4972,5259,2026-04-13 09:53:32,42770,17170,25600,카드
4973,5269,2026-04-13 10:03:54,265020,106020,159000,카드
4974,5276,2026-04-13 10:03:56,24420,9820,14600,카드
4975,5270,2026-04-13 10:06:36,35250,14150,21100,카드
4976,5272,2026-04-13 10:08:24,46430,18630,27800,카드
4977,5271,2026-04-13 10:08:59,125940,50440,75500,현금
4978,5279,2026-04-13 10:14:40,29150,11750,17400,카드
4979,5277,2026-04-13 10:15:56,110310,44210,66100,간편결제
4980,5278,2026-04-13 10:23:18,24740,9940,14800,간편결제
4981,5274,2026-04-13 10:24:12,28320,11420,16900,카드
4982,5280,2026-04-13 10:29:24,25030,10030,15000,카드
4983,5275,2026-04-13 10:39:27,22350,8950,13400,카드
4984,5282,2026-04-13 10:45:59,22410,9010,13400,카드
4985,5281,2026-04-13 10:51:51,45630,18330,27300,카드
4986,5283,2026-04-13 11:20:37,36540,14640,21900,카드
4987,5287,2026-04-13 13:46:25,29790,11990,17800,카드
4988,5289,2026-04-13 13:46:56,22430,9030,13400,카드
4989,5292,2026-04-13 13:52:55,97200,38900,58300,카드
4990,5299,2026-04-13 13:56:36,30320,12220,18100,카드
4991,5288,2026-04-13 13:57:47,31450,12650,18800,카드
4992,5295,2026-04-13 13:59:37,21900,8800,13100,카드
4993,5305,2026-04-13 14:00:09,28040,11240,16800,카드
4994,5284,2026-04-13 14:00:14,31960,12860,19100,카드
4995,5286,2026-04-13 14:00:42,26340,10540,15800,현금
4996,5304,2026-04-13 14:02:24,143740,57540,86200,간편결제
4997,5285,2026-04-13 14:03:27,41740,16740,25000,카드
4998,5290,2026-04-13 14:09:51,20250,8150,12100,간편결제
4999,5294,2026-04-13 14:15:10,37370,14970,22400,카드
5000,5293,2026-04-13 14:16:23,25470,10270,15200,카드
5001,5296,2026-04-13 14:18:23,64110,25710,38400,간편결제
5002,5312,2026-04-13 14:20:48,19250,7750,11500,간편결제
5003,5318,2026-04-13 14:20:49,25720,10320,15400,카드
5004,5315,2026-04-13 14:21:42,28750,11550,17200,카드
5005,5317,2026-04-13 14:22:43,48110,19310,28800,현금
5006,5298,2026-04-13 14:24:08,25160,10160,15000,카드
5007,5302,2026-04-13 14:26:56,252410,101010,151400,카드
5008,5309,2026-04-13 14:27:03,32650,13150,19500,카드
5009,5316,2026-04-13 14:30:26,24750,9950,14800,현금
5010,5297,2026-04-13 14:30:55,66300,26600,39700,카드
5011,5300,2026-04-13 14:36:15,29060,11660,17400,카드
5012,5306,2026-04-13 14:37:02,39190,15690,23500,카드
5013,5323,2026-04-13 14:39:14,128780,51580,77200,간편결제
5014,5320,2026-04-13 14:41:44,18720,7520,11200,카드
5015,5307,2026-04-13 14:42:51,28560,11460,17100,카드
5016,5310,2026-04-13 14:43:43,19740,7940,11800,카드
5017,5311,2026-04-13 14:43:55,29300,11800,17500,현금
5018,5313,2026-04-13 14:45:04,28620,11520,17100,카드
5019,5319,2026-04-13 14:48:11,26400,10600,15800,카드
5020,5301,2026-04-13 14:50:37,38930,15630,23300,간편결제
5021,5324,2026-04-13 14:50:45,31820,12820,19000,카드
5022,5314,2026-04-13 15:00:07,41620,16720,24900,카드
5023,5308,2026-04-13 15:01:25,183730,73530,110200,카드
5024,5325,2026-04-13 15:04:58,85690,34290,51400,카드
5025,5321,2026-04-13 15:05:22,41570,16670,24900,카드
5026,5326,2026-04-13 15:08:07,19480,7880,11600,카드
5027,5322,2026-04-13 15:10:21,126130,50530,75600,카드
5028,5328,2026-04-13 15:17:43,38660,15560,23100,간편결제
5029,5331,2026-04-13 15:21:04,35090,14090,21000,카드
5030,5327,2026-04-13 15:23:03,68140,27340,40800,간편결제
5031,5333,2026-04-13 15:39:07,30770,12370,18400,간편결제
5032,5337,2026-04-13 15:39:19,43090,17290,25800,카드
5033,5338,2026-04-13 15:48:37,226400,90600,135800,카드
5034,5334,2026-04-13 15:48:49,72110,28910,43200,카드
5035,5336,2026-04-13 15:58:19,29560,11860,17700,카드
5036,5335,2026-04-13 16:02:00,135940,54440,81500,간편결제
5037,5339,2026-04-14 09:18:17,192750,77150,115600,카드
5038,5342,2026-04-14 09:18:52,140380,56180,84200,카드
5039,5341,2026-04-14 09:27:05,38290,15390,22900,카드
5040,5345,2026-04-14 09:27:08,27300,11000,16300,카드
5041,5344,2026-04-14 09:28:12,207510,83010,124500,카드
5042,5349,2026-04-14 09:29:15,27860,11160,16700,카드
5043,5343,2026-04-14 09:30:46,43150,17350,25800,카드
5044,5346,2026-04-14 09:32:32,27870,11170,16700,카드
5045,5340,2026-04-14 09:32:53,34850,13950,20900,카드
5046,5347,2026-04-14 09:36:11,29200,11700,17500,카드
5047,5359,2026-04-14 09:41:37,146690,58690,88000,카드
5048,5358,2026-04-14 09:46:03,226390,90590,135800,카드
5049,5348,2026-04-14 09:49:45,24870,9970,14900,카드
5050,5351,2026-04-14 09:58:39,59000,23600,35400,현금
5051,5350,2026-04-14 09:58:55,44450,17850,26600,간편결제
5052,5352,2026-04-14 10:00:22,121920,48820,73100,간편결제
5053,5363,2026-04-14 10:01:12,25920,10420,15500,간편결제
5054,5367,2026-04-14 10:06:31,266650,106750,159900,카드
5055,5355,2026-04-14 10:07:22,262000,104800,157200,간편결제
5056,5368,2026-04-14 10:11:37,44810,18010,26800,카드
5057,5364,2026-04-14 10:11:50,256740,102740,154000,카드
5058,5357,2026-04-14 10:14:54,22690,9090,13600,카드
5059,5362,2026-04-14 10:17:09,28150,11350,16800,현금
5060,5353,2026-04-14 10:17:31,28700,11500,17200,카드
5061,5371,2026-04-14 10:25:21,43830,17630,26200,카드
5062,5360,2026-04-14 10:27:47,29740,11940,17800,카드
5063,5354,2026-04-14 10:32:11,42370,16970,25400,카드
5064,5369,2026-04-14 10:41:37,26600,10700,15900,간편결제
5065,5373,2026-04-14 10:41:37,150040,60040,90000,간편결제
5066,5365,2026-04-14 10:44:27,33010,13210,19800,카드
5067,5366,2026-04-14 10:51:20,50920,20420,30500,카드
5068,5370,2026-04-14 11:00:13,106900,42800,64100,카드
5069,5375,2026-04-14 11:02:46,19670,7870,11800,카드
5070,5372,2026-04-14 11:19:42,41170,16470,24700,현금
5071,5376,2026-04-14 11:24:01,40190,16090,24100,카드
5072,5377,2026-04-14 11:30:46,24560,9860,14700,카드
5073,5388,2026-04-14 13:38:46,69040,27640,41400,카드
5074,5384,2026-04-14 13:40:29,133520,53420,80100,카드
5075,5390,2026-04-14 13:47:47,29820,12020,17800,카드
5076,5378,2026-04-14 13:48:12,28330,11430,16900,카드
5077,5381,2026-04-14 13:51:08,138420,55420,83000,카드
5078,5380,2026-04-14 13:51:53,27310,11010,16300,현금
5079,5385,2026-04-14 13:57:01,38000,15200,22800,카드
5080,5396,2026-04-14 13:57:32,105500,42200,63300,카드
5081,5386,2026-04-14 13:58:27,29290,11790,17500,카드
5082,5395,2026-04-14 14:04:42,29060,11660,17400,카드
5083,5403,2026-04-14 14:07:47,25640,10340,15300,간편결제
5084,5389,2026-04-14 14:11:35,202420,81020,121400,카드
5085,5391,2026-04-14 14:12:35,40110,16110,24000,간편결제
5086,5382,2026-04-14 14:13:43,23310,9410,13900,카드
5087,5399,2026-04-14 14:16:43,43590,17490,26100,현금
5088,5387,2026-04-14 14:19:26,19310,7810,11500,카드
5089,5392,2026-04-14 14:20:52,31780,12780,19000,카드
5090,5415,2026-04-14 14:21:05,246710,98710,148000,카드
5091,5404,2026-04-14 14:21:13,43900,17600,26300,카드
5092,5416,2026-04-14 14:23:57,21780,8780,13000,카드
5093,5400,2026-04-14 14:25:07,43740,17540,26200,간편결제
5094,5383,2026-04-14 14:26:06,167150,66950,100200,카드
5095,5409,2026-04-14 14:30:08,32240,12940,19300,간편결제
5096,5394,2026-04-14 14:32:01,19700,7900,11800,카드
5097,5393,2026-04-14 14:34:29,60420,24220,36200,카드
5098,5407,2026-04-14 14:35:03,22910,9210,13700,카드
5099,5398,2026-04-14 14:43:51,41930,16830,25100,카드
5100,5402,2026-04-14 14:44:21,23100,9300,13800,카드
5101,5397,2026-04-14 14:50:14,31400,12600,18800,카드
5102,5420,2026-04-14 14:52:34,276660,110760,165900,카드
5103,5413,2026-04-14 14:55:01,36830,14830,22000,카드
5104,5406,2026-04-14 14:57:22,149080,59680,89400,카드
5105,5421,2026-04-14 14:57:56,145890,58390,87500,간편결제
5106,5422,2026-04-14 15:02:30,106780,42780,64000,카드
5107,5401,2026-04-14 15:03:41,75910,30410,45500,간편결제
5108,5426,2026-04-14 15:04:26,26290,10590,15700,카드
5109,5417,2026-04-14 15:05:48,129610,51910,77700,카드
5110,5423,2026-04-14 15:12:26,37370,14970,22400,카드
5111,5430,2026-04-14 15:13:18,18600,7500,11100,간편결제
5112,5424,2026-04-14 15:21:22,40630,16330,24300,간편결제
5113,5410,2026-04-14 15:28:08,40560,16260,24300,카드
5114,5408,2026-04-14 15:33:58,74670,29870,44800,간편결제
5115,5414,2026-04-14 15:37:23,166090,66490,99600,카드
5116,5432,2026-04-14 15:49:07,21590,8690,12900,카드
5117,5431,2026-04-14 15:52:01,38580,15480,23100,간편결제
5118,5411,2026-04-14 15:53:34,30200,12100,18100,카드
5119,5418,2026-04-14 15:54:32,258260,103360,154900,카드
5120,5419,2026-04-14 15:56:22,20560,8260,12300,카드
5121,5433,2026-04-14 15:59:28,44260,17760,26500,카드
5122,5428,2026-04-14 16:18:48,87070,34870,52200,카드
5123,5429,2026-04-14 16:21:57,25370,10170,15200,카드
5124,5435,2026-04-15 09:08:55,18490,7490,11000,카드
5125,5438,2026-04-15 09:11:16,21870,8770,13100,카드
5126,5437,2026-04-15 09:17:10,31110,12510,18600,카드
5127,5434,2026-04-15 09:24:55,257020,102820,154200,카드
5128,5436,2026-04-15 09:34:15,258230,103330,154900,카드
5129,5439,2026-04-15 09:40:04,43440,17440,26000,현금
5130,5449,2026-04-15 09:49:29,20070,8070,12000,카드
5131,5440,2026-04-15 09:51:32,68530,27430,41100,간편결제
5132,5443,2026-04-15 09:54:58,31500,12600,18900,카드
5133,5441,2026-04-15 09:56:11,178830,71630,107200,카드
5134,5445,2026-04-15 09:56:13,35250,14150,21100,카드
5135,5446,2026-04-15 10:04:27,69370,27770,41600,카드
5136,5444,2026-04-15 10:14:53,151840,60740,91100,카드
5137,5448,2026-04-15 10:20:34,18580,7480,11100,카드
5138,5451,2026-04-15 10:22:12,24600,9900,14700,카드
5139,5450,2026-04-15 10:23:15,43090,17290,25800,카드
5140,5452,2026-04-15 10:40:11,173410,69410,104000,카드
5141,5454,2026-04-15 10:49:37,200310,80210,120100,카드
5142,5453,2026-04-15 10:56:20,42400,17000,25400,카드
5143,5455,2026-04-15 11:29:32,79950,32050,47900,카드
5144,5456,2026-04-15 11:44:38,18290,7390,10900,카드
5145,5458,2026-04-15 13:47:47,164620,65920,98700,카드
5146,5462,2026-04-15 13:55:22,18000,7200,10800,카드
5147,5457,2026-04-15 13:58:22,86130,34530,51600,카드
5148,5460,2026-04-15 14:01:44,29790,11990,17800,카드
5149,5459,2026-04-15 14:09:14,33530,13430,20100,카드
5150,5461,2026-04-15 14:10:28,18090,7290,10800,카드
5151,5464,2026-04-15 14:19:26,41820,16820,25000,카드
5152,5465,2026-04-15 14:25:42,18050,7250,10800,카드
5153,5467,2026-04-15 14:35:09,77520,31020,46500,카드
5154,5468,2026-04-15 14:38:27,29660,11960,17700,카드
5155,5466,2026-04-15 14:40:39,230970,92470,138500,간편결제
5156,5469,2026-04-15 14:41:49,249780,99980,149800,간편결제
5157,5471,2026-04-15 14:56:47,174200,69700,104500,카드
5158,5475,2026-04-15 15:00:42,29710,11910,17800,카드
5159,5474,2026-04-15 15:01:20,23040,9240,13800,카드
5160,5472,2026-04-15 15:04:11,28190,11290,16900,카드
5161,5473,2026-04-15 15:32:09,29050,11650,17400,카드
5162,5477,2026-04-15 15:38:13,175920,70420,105500,카드
5163,5476,2026-04-15 15:42:40,88330,35430,52900,간편결제
5164,5478,2026-04-16 09:09:27,123470,49470,74000,간편결제
5165,5479,2026-04-16 09:17:37,25590,10290,15300,카드
5166,5482,2026-04-16 09:25:10,29710,11910,17800,카드
5167,5483,2026-04-16 09:26:04,146570,58670,87900,카드
5168,5484,2026-04-16 09:27:21,175030,70030,105000,카드
5169,5487,2026-04-16 09:33:42,18040,7240,10800,카드
5170,5481,2026-04-16 09:33:47,139520,55820,83700,카드
5171,5485,2026-04-16 09:36:13,80380,32180,48200,카드
5172,5489,2026-04-16 09:38:30,22140,8940,13200,카드
5173,5499,2026-04-16 09:42:29,25350,10150,15200,카드
5174,5480,2026-04-16 09:43:11,29420,11820,17600,카드
5175,5488,2026-04-16 09:46:02,20590,8290,12300,카드
5176,5502,2026-04-16 09:50:53,189220,75720,113500,카드
5177,5503,2026-04-16 09:56:19,26100,10500,15600,간편결제
5178,5491,2026-04-16 10:00:13,38500,15400,23100,현금
5179,5493,2026-04-16 10:04:03,261340,104540,156800,카드
5180,5492,2026-04-16 10:09:56,243240,97340,145900,카드
5181,5495,2026-04-16 10:10:03,40340,16140,24200,간편결제
5182,5494,2026-04-16 10:13:59,39260,15760,23500,카드
5183,5505,2026-04-16 10:21:39,21000,8400,12600,카드
5184,5508,2026-04-16 10:25:43,23740,9540,14200,카드
5185,5509,2026-04-16 10:26:49,19840,7940,11900,카드
5186,5507,2026-04-16 10:27:29,43700,17500,26200,카드
5187,5501,2026-04-16 10:30:33,231220,92520,138700,카드
5188,5504,2026-04-16 10:30:45,41420,16620,24800,카드
5189,5500,2026-04-16 10:32:02,152310,61010,91300,카드
5190,5506,2026-04-16 10:35:44,33800,13600,20200,카드
5191,5511,2026-04-16 10:50:43,22820,9220,13600,카드
5192,5513,2026-04-16 10:57:29,19710,7910,11800,카드
5193,5512,2026-04-16 10:58:14,28670,11470,17200,카드
5194,5516,2026-04-16 10:59:22,22630,9130,13500,카드
5195,5514,2026-04-16 11:08:43,39080,15680,23400,카드
5196,5517,2026-04-16 11:19:33,42380,16980,25400,카드
5197,5515,2026-04-16 11:20:23,33330,13430,19900,카드
5198,5524,2026-04-16 13:36:51,206050,82450,123600,카드
5199,5518,2026-04-16 13:43:41,28050,11250,16800,간편결제
5200,5523,2026-04-16 13:44:47,31110,12510,18600,간편결제
5201,5525,2026-04-16 13:45:44,21600,8700,12900,카드
5202,5520,2026-04-16 13:47:06,37960,15260,22700,카드
5203,5521,2026-04-16 13:47:31,24070,9670,14400,카드
5204,5527,2026-04-16 13:58:23,275580,110280,165300,카드
5205,5528,2026-04-16 14:01:06,34840,13940,20900,카드
5206,5535,2026-04-16 14:01:36,40730,16330,24400,간편결제
5207,5519,2026-04-16 14:05:14,37120,14920,22200,카드
5208,5534,2026-04-16 14:08:07,20090,8090,12000,카드
5209,5522,2026-04-16 14:15:18,39500,15800,23700,카드
5210,5531,2026-04-16 14:15:39,41100,16500,24600,카드
5211,5529,2026-04-16 14:17:11,26820,10820,16000,카드
5212,5526,2026-04-16 14:19:40,28740,11540,17200,카드
5213,5542,2026-04-16 14:28:32,78210,31310,46900,현금
5214,5532,2026-04-16 14:29:22,146010,58410,87600,카드
5215,5533,2026-04-16 14:29:54,25490,10290,15200,카드
5216,5539,2026-04-16 14:31:07,44260,17760,26500,카드
5217,5544,2026-04-16 14:39:16,24020,9620,14400,카드
5218,5536,2026-04-16 14:41:07,29760,11960,17800,카드
5219,5543,2026-04-16 14:52:00,34070,13670,20400,카드
5220,5541,2026-04-16 14:54:14,18150,7350,10800,카드
5221,5537,2026-04-16 14:57:52,24010,9610,14400,카드
5222,5538,2026-04-16 15:01:01,256640,102740,153900,카드
5223,5548,2026-04-16 15:01:14,21020,8420,12600,카드
5224,5540,2026-04-16 15:01:30,149040,59640,89400,카드
5225,5549,2026-04-16 15:04:50,38360,15360,23000,카드
5226,5545,2026-04-16 15:07:49,37700,15100,22600,현금
5227,5546,2026-04-16 15:12:02,18140,7340,10800,간편결제
5228,5551,2026-04-16 15:12:13,35330,14230,21100,카드
5229,5547,2026-04-16 15:18:23,28090,11290,16800,현금
5230,5550,2026-04-16 15:21:51,178060,71260,106800,카드
5231,5552,2026-04-16 15:22:51,137870,55170,82700,카드
5232,5555,2026-04-16 15:26:25,29950,12050,17900,카드
5233,5553,2026-04-16 15:37:43,198200,79300,118900,카드
5234,5557,2026-04-16 15:54:35,21010,8410,12600,현금
5235,5554,2026-04-16 15:54:57,244880,97980,146900,카드
5236,5556,2026-04-16 15:59:21,44690,17890,26800,카드
5237,5560,2026-04-17 09:13:35,43840,17540,26300,현금
5238,5558,2026-04-17 09:16:51,159390,63790,95600,간편결제
5239,5561,2026-04-17 09:22:01,27340,10940,16400,카드
5240,5559,2026-04-17 09:24:13,19030,7630,11400,카드
5241,5563,2026-04-17 09:36:21,270470,108270,162200,카드
5242,5562,2026-04-17 09:42:17,41070,16470,24600,카드
5243,5564,2026-04-17 09:42:49,52630,21130,31500,카드
5244,5565,2026-04-17 09:59:35,42110,16910,25200,간편결제
5245,5566,2026-04-17 10:41:14,41550,16650,24900,카드
5246,5571,2026-04-17 13:47:35,27470,11070,16400,카드
5247,5574,2026-04-17 13:48:23,29460,11860,17600,카드
5248,5568,2026-04-17 13:52:29,26210,10510,15700,카드
5249,5578,2026-04-17 13:53:04,250320,100220,150100,카드
5250,5567,2026-04-17 13:58:25,37460,15060,22400,간편결제
5251,5580,2026-04-17 13:58:51,25900,10400,15500,카드
5252,5576,2026-04-17 14:07:16,40040,16040,24000,간편결제
5253,5575,2026-04-17 14:09:44,23530,9430,14100,카드
5254,5572,2026-04-17 14:10:30,253140,101340,151800,카드
5255,5577,2026-04-17 14:13:57,25140,10140,15000,현금
5256,5570,2026-04-17 14:14:03,55370,22170,33200,카드
5257,5581,2026-04-17 14:14:23,187300,75000,112300,카드
5258,5583,2026-04-17 14:23:59,29840,11940,17900,카드
5259,5582,2026-04-17 14:33:14,27140,10940,16200,카드
5260,5579,2026-04-17 14:36:52,115020,46020,69000,카드
5261,5585,2026-04-17 14:46:40,21140,8540,12600,카드
5262,5587,2026-04-17 14:54:26,18420,7420,11000,카드
5263,5584,2026-04-17 14:55:04,228160,91360,136800,간편결제
5264,5588,2026-04-17 14:59:53,37280,14980,22300,카드
5265,5586,2026-04-17 15:05:20,233830,93630,140200,카드
5266,5589,2026-04-17 15:15:53,19430,7830,11600,카드
5267,5590,2026-04-17 15:30:21,219100,87700,131400,카드
5268,5591,2026-04-17 15:58:17,26160,10560,15600,간편결제
5269,5597,2026-04-20 09:18:35,34040,13640,20400,카드
5270,5592,2026-04-20 09:20:49,138200,55300,82900,카드
5271,5598,2026-04-20 09:22:02,20620,8320,12300,카드
5272,5603,2026-04-20 09:24:44,38200,15300,22900,간편결제
5273,5595,2026-04-20 09:25:07,71520,28620,42900,카드
5274,5601,2026-04-20 09:27:38,232700,93100,139600,카드
5275,5593,2026-04-20 09:28:11,37460,15060,22400,카드
5276,5605,2026-04-20 09:34:00,18850,7550,11300,카드
5277,5604,2026-04-20 09:34:54,35360,14160,21200,카드
5278,5608,2026-04-20 09:35:03,27670,11070,16600,카드
5279,5615,2026-04-20 09:38:03,23090,9290,13800,카드
5280,5606,2026-04-20 09:42:42,60110,24110,36000,카드
5281,5594,2026-04-20 09:43:19,196620,78720,117900,간편결제
5282,5596,2026-04-20 09:46:44,79740,31940,47800,현금
5283,5607,2026-04-20 09:49:02,22800,9200,13600,카드
5284,5617,2026-04-20 09:53:56,141700,56700,85000,카드
5285,5599,2026-04-20 10:06:10,153040,61240,91800,카드
5286,5610,2026-04-20 10:07:10,173340,69340,104000,카드
5287,5602,2026-04-20 10:08:17,23140,9340,13800,카드
5288,5600,2026-04-20 10:10:59,31090,12490,18600,카드
5289,5620,2026-04-20 10:13:19,78260,31360,46900,현금
5290,5614,2026-04-20 10:13:56,36900,14800,22100,카드
5291,5612,2026-04-20 10:15:30,28910,11610,17300,카드
5292,5613,2026-04-20 10:23:39,20060,8060,12000,카드
5293,5622,2026-04-20 10:25:09,171750,68750,103000,카드
5294,5623,2026-04-20 10:30:02,70220,28120,42100,카드
5295,5627,2026-04-20 10:33:09,64280,25780,38500,카드
5296,5626,2026-04-20 10:33:24,159940,64040,95900,카드
5297,5616,2026-04-20 10:37:59,36520,14620,21900,카드
5298,5618,2026-04-20 10:47:15,28920,11620,17300,카드
5299,5619,2026-04-20 10:47:33,43120,17320,25800,카드
5300,5628,2026-04-20 10:51:06,33700,13500,20200,카드
5301,5629,2026-04-20 10:52:20,33610,13510,20100,카드
5302,5633,2026-04-20 11:07:08,54340,21740,32600,카드
5303,5631,2026-04-20 11:09:22,29880,11980,17900,카드
5304,5632,2026-04-20 11:11:33,147630,59130,88500,카드
5305,5621,2026-04-20 11:15:14,153610,61510,92100,카드
5306,5636,2026-04-20 11:17:49,18130,7330,10800,간편결제
5307,5624,2026-04-20 11:20:59,25370,10170,15200,카드
5308,5625,2026-04-20 11:25:52,37100,14900,22200,카드
5309,5634,2026-04-20 11:31:47,259510,103810,155700,카드
5310,5638,2026-04-20 11:35:31,31810,12810,19000,카드
5311,5639,2026-04-20 11:37:02,94840,37940,56900,카드
5312,5630,2026-04-20 11:44:39,122100,48900,73200,카드
5313,5635,2026-04-20 11:52:10,37490,15090,22400,카드
5314,5637,2026-04-20 12:06:11,41290,16590,24700,카드
5315,5652,2026-04-20 13:43:38,223530,89430,134100,간편결제
5316,5648,2026-04-20 13:48:56,158130,63330,94800,카드
5317,5645,2026-04-20 13:49:01,21910,8810,13100,카드
5318,5656,2026-04-20 13:50:41,27970,11270,16700,카드
5319,5642,2026-04-20 13:58:03,28210,11310,16900,간편결제
5320,5641,2026-04-20 13:59:30,21030,8430,12600,카드
5321,5651,2026-04-20 14:02:39,43360,17360,26000,카드
5322,5649,2026-04-20 14:04:55,90490,36290,54200,카드
5323,5653,2026-04-20 14:06:25,42740,17140,25600,현금
5324,5668,2026-04-20 14:10:19,263260,105360,157900,현금
5325,5650,2026-04-20 14:11:24,266020,106420,159600,카드
5326,5663,2026-04-20 14:13:23,220960,88460,132500,카드
5327,5657,2026-04-20 14:17:07,35240,14140,21100,카드
5328,5654,2026-04-20 14:19:42,37510,15010,22500,카드
5329,5644,2026-04-20 14:20:57,33660,13560,20100,카드
5330,5669,2026-04-20 14:26:04,208190,83290,124900,카드
5331,5659,2026-04-20 14:26:52,27980,11280,16700,카드
5332,5662,2026-04-20 14:33:46,29360,11760,17600,카드
5333,5655,2026-04-20 14:34:26,34330,13830,20500,카드
5334,5675,2026-04-20 14:34:49,24070,9670,14400,카드
5335,5674,2026-04-20 14:36:40,27900,11200,16700,카드
5336,5672,2026-04-20 14:38:10,28940,11640,17300,카드
5337,5658,2026-04-20 14:38:18,41430,16630,24800,카드
5338,5671,2026-04-20 14:41:51,151760,60760,91000,카드
5339,5684,2026-04-20 14:42:56,22000,8800,13200,카드
5340,5664,2026-04-20 14:45:32,191630,76730,114900,카드
5341,5676,2026-04-20 14:46:11,176930,70830,106100,카드
5342,5660,2026-04-20 14:47:27,19610,7910,11700,카드
5343,5686,2026-04-20 14:50:11,258400,103400,155000,카드
5344,5673,2026-04-20 14:51:42,37660,15160,22500,카드
5345,5665,2026-04-20 14:53:12,28080,11280,16800,카드
5346,5687,2026-04-20 14:55:32,28530,11430,17100,카드
5347,5689,2026-04-20 14:56:21,77360,30960,46400,카드
5348,5690,2026-04-20 14:59:06,38440,15440,23000,카드
5349,5697,2026-04-20 15:02:03,26610,10710,15900,카드
5350,5693,2026-04-20 15:05:43,25280,10180,15100,카드
5351,5677,2026-04-20 15:08:45,33020,13220,19800,카드
5352,5691,2026-04-20 15:10:42,215290,86190,129100,카드
5353,5699,2026-04-20 15:11:42,25650,10350,15300,카드
5354,5679,2026-04-20 15:20:33,139310,55810,83500,카드
5355,5681,2026-04-20 15:20:42,27350,10950,16400,카드
5356,5678,2026-04-20 15:26:25,210670,84270,126400,카드
5357,5703,2026-04-20 15:27:32,24780,9980,14800,카드
5358,5701,2026-04-20 15:29:49,38520,15420,23100,카드
5359,5692,2026-04-20 15:30:36,43590,17490,26100,카드
5360,5682,2026-04-20 15:33:06,187230,74930,112300,카드
5361,5702,2026-04-20 15:33:30,19110,7710,11400,현금
5362,5706,2026-04-20 15:36:36,21810,8810,13000,카드
5363,5700,2026-04-20 15:37:01,41160,16560,24600,카드
5364,5680,2026-04-20 15:37:22,26040,10440,15600,간편결제
5365,5667,2026-04-20 15:37:52,30910,12410,18500,카드
5366,5670,2026-04-20 15:39:05,24410,9810,14600,카드
5367,5685,2026-04-20 15:41:17,38720,15520,23200,카드
5368,5683,2026-04-20 15:42:10,135560,54260,81300,간편결제
5369,5688,2026-04-20 15:44:54,127170,50870,76300,카드
5370,5695,2026-04-20 15:52:52,32740,13140,19600,간편결제
5371,5707,2026-04-20 15:53:11,18890,7590,11300,카드
5372,5694,2026-04-20 16:01:55,116150,46550,69600,카드
5373,5705,2026-04-20 16:02:14,36190,14490,21700,카드
5374,5696,2026-04-20 16:10:31,40760,16360,24400,카드
5375,5704,2026-04-20 16:29:48,264760,105960,158800,카드
5376,5698,2026-04-20 16:37:56,35200,14100,21100,카드
5377,5712,2026-04-21 09:11:44,19330,7830,11500,카드
5378,5709,2026-04-21 09:23:43,41200,16500,24700,간편결제
5379,5717,2026-04-21 09:24:59,273640,109540,164100,간편결제
5380,5719,2026-04-21 09:28:22,24500,9800,14700,카드
5381,5715,2026-04-21 09:29:41,40890,16390,24500,카드
5382,5713,2026-04-21 09:31:37,23920,9620,14300,현금
5383,5710,2026-04-21 09:31:46,143490,57490,86000,카드
5384,5711,2026-04-21 09:31:49,26510,10610,15900,카드
5385,5714,2026-04-21 09:33:14,35180,14080,21100,카드
5386,5718,2026-04-21 09:34:24,43550,17450,26100,카드
5387,5729,2026-04-21 09:36:01,18530,7430,11100,현금
5388,5723,2026-04-21 09:36:13,149940,60040,89900,카드
5389,5732,2026-04-21 09:40:28,30920,12420,18500,카드
5390,5733,2026-04-21 09:40:51,21310,8610,12700,카드
5391,5728,2026-04-21 09:43:34,25870,10370,15500,카드
5392,5725,2026-04-21 09:44:14,77370,30970,46400,카드
5393,5721,2026-04-21 09:44:37,43710,17510,26200,카드
5394,5735,2026-04-21 09:45:26,24240,9740,14500,카드
5395,5722,2026-04-21 09:47:11,65810,26410,39400,카드
5396,5727,2026-04-21 09:47:20,50070,20070,30000,카드
5397,5724,2026-04-21 09:47:53,167230,66930,100300,카드
5398,5720,2026-04-21 09:48:35,25850,10350,15500,카드
5399,5716,2026-04-21 09:49:25,38000,15200,22800,카드
5400,5726,2026-04-21 09:57:47,43890,17590,26300,카드
5401,5740,2026-04-21 09:58:58,23630,9530,14100,카드
5402,5730,2026-04-21 10:01:37,32980,13280,19700,간편결제
5403,5749,2026-04-21 10:03:46,26150,10550,15600,간편결제
5404,5734,2026-04-21 10:05:21,127930,51230,76700,카드
5405,5737,2026-04-21 10:06:41,207360,82960,124400,카드
5406,5742,2026-04-21 10:10:19,26370,10570,15800,카드
5407,5743,2026-04-21 10:11:21,126890,50790,76100,간편결제
5408,5731,2026-04-21 10:11:25,114990,46090,68900,카드
5409,5739,2026-04-21 10:11:57,164420,65820,98600,간편결제
5410,5745,2026-04-21 10:13:01,40730,16330,24400,카드
5411,5746,2026-04-21 10:13:53,244870,97970,146900,카드
5412,5741,2026-04-21 10:15:27,189060,75660,113400,카드
5413,5744,2026-04-21 10:17:22,44430,17830,26600,카드
5414,5736,2026-04-21 10:18:21,29890,11990,17900,현금
5415,5751,2026-04-21 10:23:49,21900,8800,13100,카드
5416,5747,2026-04-21 10:25:50,151530,60630,90900,카드
5417,5754,2026-04-21 10:31:18,18970,7670,11300,카드
5418,5752,2026-04-21 10:37:21,40600,16300,24300,간편결제
5419,5750,2026-04-21 10:39:17,137380,54980,82400,카드
5420,5757,2026-04-21 10:42:31,43480,17480,26000,카드
5421,5756,2026-04-21 10:43:04,24090,9690,14400,간편결제
5422,5759,2026-04-21 10:45:15,192650,77150,115500,카드
5423,5755,2026-04-21 10:52:49,37430,15030,22400,카드
5424,5761,2026-04-21 11:07:05,36590,14690,21900,카드
5425,5762,2026-04-21 11:10:34,37600,15100,22500,카드
5426,5758,2026-04-21 11:12:53,44070,17670,26400,카드
5427,5763,2026-04-21 11:22:41,24140,9740,14400,현금
5428,5767,2026-04-21 13:48:16,39340,15740,23600,카드
5429,5781,2026-04-21 13:54:23,25070,10070,15000,간편결제
5430,5782,2026-04-21 13:58:03,25030,10030,15000,카드
5431,5772,2026-04-21 13:58:50,234630,93930,140700,카드
5432,5773,2026-04-21 13:59:04,19670,7870,11800,카드
5433,5768,2026-04-21 13:59:05,263910,105610,158300,카드
5434,5765,2026-04-21 14:03:05,259350,103750,155600,카드
5435,5804,2026-04-21 14:03:22,26330,10630,15700,카드
5436,5766,2026-04-21 14:04:17,41940,16840,25100,카드
5437,5770,2026-04-21 14:05:47,41490,16690,24800,카드
5438,5808,2026-04-21 14:07:12,23350,9350,14000,간편결제
5439,5764,2026-04-21 14:07:57,29460,11860,17600,현금
5440,5769,2026-04-21 14:08:49,28630,11530,17100,카드
5441,5789,2026-04-21 14:10:18,27850,11150,16700,카드
5442,5771,2026-04-21 14:12:48,20980,8480,12500,카드
5443,5777,2026-04-21 14:14:59,197030,78830,118200,카드
5444,5799,2026-04-21 14:15:04,25780,10380,15400,카드
5445,5776,2026-04-21 14:16:55,33320,13420,19900,카드
5446,5775,2026-04-21 14:18:42,39050,15650,23400,카드
5447,5783,2026-04-21 14:19:34,217660,87160,130500,카드
5448,5774,2026-04-21 14:20:07,44420,17820,26600,카드
5449,5779,2026-04-21 14:21:00,38760,15560,23200,현금
5450,5785,2026-04-21 14:21:16,151300,60600,90700,현금
5451,5814,2026-04-21 14:28:39,188070,75270,112800,카드
5452,5790,2026-04-21 14:31:49,42400,17000,25400,간편결제
5453,5794,2026-04-21 14:32:04,29500,11800,17700,카드
5454,5803,2026-04-21 14:33:37,32550,13050,19500,카드
5455,5787,2026-04-21 14:34:29,20410,8210,12200,카드
5456,5780,2026-04-21 14:35:08,38210,15310,22900,간편결제
5457,5795,2026-04-21 14:36:04,43380,17380,26000,카드
5458,5784,2026-04-21 14:37:07,26630,10730,15900,카드
5459,5798,2026-04-21 14:38:41,24730,9930,14800,카드
5460,5810,2026-04-21 14:39:41,183040,73240,109800,간편결제
5461,5788,2026-04-21 14:40:51,20380,8180,12200,카드
5462,5793,2026-04-21 14:42:08,29400,11800,17600,카드
5463,5815,2026-04-21 14:43:16,25670,10270,15400,카드
5464,5796,2026-04-21 14:46:22,282340,112940,169400,카드
5465,5786,2026-04-21 14:46:23,35780,14380,21400,카드
5466,5821,2026-04-21 14:48:05,38970,15670,23300,간편결제
5467,5809,2026-04-21 14:51:25,138600,55500,83100,카드
5468,5797,2026-04-21 14:54:43,201840,80740,121100,카드
5469,5820,2026-04-21 14:57:55,33300,13400,19900,카드
5470,5801,2026-04-21 15:02:43,34150,13750,20400,간편결제
5471,5791,2026-04-21 15:02:46,31420,12620,18800,카드
5472,5806,2026-04-21 15:07:57,210070,84070,126000,카드
5473,5812,2026-04-21 15:08:32,88890,35590,53300,간편결제
5474,5824,2026-04-21 15:10:30,27080,10880,16200,카드
5475,5826,2026-04-21 15:14:01,26170,10470,15700,카드
5476,5813,2026-04-21 15:14:43,38270,15370,22900,카드
5477,5828,2026-04-21 15:14:46,27300,11000,16300,카드
5478,5822,2026-04-21 15:17:15,93890,37590,56300,카드
5479,5816,2026-04-21 15:19:16,35560,14260,21300,카드
5480,5800,2026-04-21 15:19:30,224810,90010,134800,카드
5481,5830,2026-04-21 15:19:31,20430,8230,12200,카드
5482,5792,2026-04-21 15:19:55,33280,13380,19900,카드
5483,5817,2026-04-21 15:34:07,41710,16710,25000,카드
5484,5829,2026-04-21 15:38:01,120820,48420,72400,카드
5485,5833,2026-04-21 15:38:20,43160,17360,25800,카드
5486,5837,2026-04-21 15:41:29,26950,10850,16100,카드
5487,5802,2026-04-21 15:44:17,24700,9900,14800,카드
5488,5831,2026-04-21 15:48:59,29620,11920,17700,카드
5489,5805,2026-04-21 15:49:29,41440,16640,24800,현금
5490,5836,2026-04-21 15:55:59,21510,8610,12900,카드
5491,5807,2026-04-21 15:59:43,176770,70770,106000,카드
5492,5835,2026-04-21 16:05:00,249280,99780,149500,카드
5493,5818,2026-04-21 16:09:12,23320,9420,13900,카드
5494,5811,2026-04-21 16:09:48,44710,17910,26800,카드
5495,5825,2026-04-21 16:20:43,74360,29760,44600,카드
5496,5819,2026-04-21 16:21:35,195020,78020,117000,카드
5497,5827,2026-04-21 16:24:18,33410,13410,20000,카드
5498,5834,2026-04-21 16:35:54,25160,10160,15000,간편결제
5499,5841,2026-04-22 09:17:40,28120,11320,16800,간편결제
5500,5848,2026-04-22 09:22:48,19070,7670,11400,카드
5501,5851,2026-04-22 09:26:56,22220,8920,13300,카드
5502,5839,2026-04-22 09:30:59,210390,84190,126200,카드
5503,5838,2026-04-22 09:35:32,40540,16240,24300,카드
5504,5843,2026-04-22 09:36:11,29720,11920,17800,간편결제
5505,5840,2026-04-22 09:42:53,36240,14540,21700,카드
5506,5842,2026-04-22 09:43:53,123910,49610,74300,현금
5507,5844,2026-04-22 09:53:10,27390,10990,16400,카드
5508,5853,2026-04-22 09:55:38,26250,10550,15700,카드
5509,5846,2026-04-22 09:55:50,19180,7680,11500,간편결제
5510,5845,2026-04-22 09:59:32,38450,15450,23000,카드
5511,5847,2026-04-22 10:02:37,20500,8200,12300,간편결제
5512,5854,2026-04-22 10:11:42,19770,7970,11800,간편결제
5513,5858,2026-04-22 10:15:01,21740,8740,13000,카드
5514,5850,2026-04-22 10:20:53,31750,12750,19000,카드
5515,5849,2026-04-22 10:22:40,35890,14390,21500,카드
5516,5856,2026-04-22 10:23:56,20330,8230,12100,카드
5517,5852,2026-04-22 10:24:29,34240,13740,20500,카드
5518,5857,2026-04-22 10:32:14,22330,9030,13300,카드
5519,5855,2026-04-22 10:37:47,31590,12690,18900,카드
5520,5859,2026-04-22 10:43:00,20990,8490,12500,카드
5521,5861,2026-04-22 10:55:38,23680,9480,14200,카드
5522,5860,2026-04-22 11:07:10,41720,16720,25000,카드
5523,5862,2026-04-22 11:26:54,190240,76140,114100,카드
5524,5864,2026-04-22 13:52:01,30570,12270,18300,카드
5525,5865,2026-04-22 13:53:54,23890,9590,14300,카드
5526,5866,2026-04-22 13:56:35,260770,104370,156400,카드
5527,5872,2026-04-22 13:57:39,29110,11710,17400,카드
5528,5863,2026-04-22 13:57:44,23290,9390,13900,카드
5529,5871,2026-04-22 14:08:48,24440,9840,14600,카드
5530,5867,2026-04-22 14:23:34,139900,56000,83900,카드
5531,5869,2026-04-22 14:35:13,75470,30270,45200,카드
5532,5870,2026-04-22 14:36:51,233010,93210,139800,카드
5533,5873,2026-04-22 14:38:45,19500,7800,11700,카드
5534,5875,2026-04-22 14:47:46,227840,91140,136700,카드
5535,5874,2026-04-22 14:48:24,21950,8850,13100,카드
5536,5882,2026-04-22 15:03:45,35810,14410,21400,카드
5537,5879,2026-04-22 15:06:56,33770,13570,20200,카드
5538,5877,2026-04-22 15:07:30,43790,17590,26200,카드
5539,5883,2026-04-22 15:26:07,22500,9000,13500,간편결제
5540,5880,2026-04-22 15:30:21,26510,10610,15900,카드
5541,5884,2026-04-22 15:52:18,21110,8510,12600,카드
5542,5890,2026-04-23 09:11:26,228210,91310,136900,현금
5543,5885,2026-04-23 09:14:58,22750,9150,13600,현금
5544,5888,2026-04-23 09:23:18,231890,92790,139100,카드
5545,5897,2026-04-23 09:24:36,33030,13230,19800,카드
5546,5893,2026-04-23 09:24:40,24030,9630,14400,카드
5547,5898,2026-04-23 09:25:21,209220,83720,125500,카드
5548,5886,2026-04-23 09:25:32,78820,31620,47200,카드
5549,5896,2026-04-23 09:25:59,18190,7290,10900,카드
5550,5894,2026-04-23 09:26:54,184390,73790,110600,카드
5551,5887,2026-04-23 09:28:20,277580,111080,166500,현금
5552,5892,2026-04-23 09:37:53,29250,11750,17500,현금
5553,5901,2026-04-23 09:40:21,109720,43920,65800,카드
5554,5900,2026-04-23 09:44:19,22520,9020,13500,카드
5555,5906,2026-04-23 09:45:07,267660,107160,160500,카드
5556,5895,2026-04-23 09:47:55,29250,11750,17500,카드
5557,5889,2026-04-23 09:48:55,30670,12270,18400,카드
5558,5907,2026-04-23 09:50:22,37530,15030,22500,현금
5559,5913,2026-04-23 09:52:53,52870,21170,31700,카드
5560,5904,2026-04-23 10:06:52,42960,17260,25700,카드
5561,5903,2026-04-23 10:07:54,128050,51250,76800,카드
5562,5909,2026-04-23 10:09:06,38790,15590,23200,현금
5563,5911,2026-04-23 10:12:50,27910,11210,16700,카드
5564,5923,2026-04-23 10:12:59,30910,12410,18500,카드
5565,5915,2026-04-23 10:13:45,94440,37840,56600,카드
5566,5905,2026-04-23 10:15:12,152270,60970,91300,카드
5567,5921,2026-04-23 10:19:20,206340,82540,123800,간편결제
5568,5916,2026-04-23 10:21:25,30070,12070,18000,카드
5569,5908,2026-04-23 10:22:01,18580,7480,11100,카드
5570,5910,2026-04-23 10:24:38,27950,11250,16700,카드
5571,5919,2026-04-23 10:25:44,21570,8670,12900,카드
5572,5912,2026-04-23 10:29:28,28850,11550,17300,현금
5573,5914,2026-04-23 10:29:41,19670,7870,11800,간편결제
5574,5925,2026-04-23 10:36:31,20990,8490,12500,카드
5575,5920,2026-04-23 10:42:15,31360,12560,18800,카드
5576,5918,2026-04-23 10:43:20,227740,91140,136600,카드
5577,5917,2026-04-23 10:47:16,21460,8660,12800,카드
5578,5924,2026-04-23 10:50:55,184350,73750,110600,카드
5579,5931,2026-04-23 11:03:54,238000,95200,142800,카드
5580,5922,2026-04-23 11:10:32,224580,89880,134700,카드
5581,5929,2026-04-23 11:14:40,18270,7370,10900,카드
5582,5928,2026-04-23 11:24:32,43710,17510,26200,카드
5583,5930,2026-04-23 11:35:37,31530,12630,18900,카드
5584,5932,2026-04-23 11:40:35,29790,11990,17800,카드
5585,5933,2026-04-23 11:43:28,24870,9970,14900,카드
5586,5941,2026-04-23 13:53:48,35700,14300,21400,카드
5587,5957,2026-04-23 13:54:20,193570,77470,116100,카드
5588,5939,2026-04-23 13:57:05,23410,9410,14000,간편결제
5589,5935,2026-04-23 13:57:19,23780,9580,14200,카드
5590,5949,2026-04-23 14:00:02,25840,10340,15500,카드
5591,5934,2026-04-23 14:00:56,200610,80310,120300,카드
5592,5948,2026-04-23 14:01:55,37450,15050,22400,카드
5593,5940,2026-04-23 14:03:56,20700,8300,12400,카드
5594,5936,2026-04-23 14:06:15,18110,7310,10800,간편결제
5595,5946,2026-04-23 14:07:13,237410,95010,142400,카드
5596,5943,2026-04-23 14:10:08,18850,7550,11300,카드
5597,5938,2026-04-23 14:14:29,18360,7360,11000,카드
5598,5942,2026-04-23 14:16:34,221030,88430,132600,카드
5599,5952,2026-04-23 14:21:23,29490,11890,17600,카드
5600,5962,2026-04-23 14:22:10,140660,56360,84300,카드
5601,5945,2026-04-23 14:29:34,118030,47230,70800,카드
5602,5953,2026-04-23 14:31:08,42850,17150,25700,카드
5603,5947,2026-04-23 14:33:06,79330,31830,47500,카드
5604,5954,2026-04-23 14:41:06,188720,75520,113200,카드
5605,5950,2026-04-23 14:41:17,31340,12540,18800,카드
5606,5951,2026-04-23 14:47:00,20960,8460,12500,카드
5607,5961,2026-04-23 14:51:28,217650,87150,130500,카드
5608,5965,2026-04-23 14:54:34,24720,9920,14800,간편결제
5609,5966,2026-04-23 15:02:28,26990,10890,16100,카드
5610,5963,2026-04-23 15:03:17,31420,12620,18800,카드
5611,5969,2026-04-23 15:12:24,42480,17080,25400,카드
5612,5968,2026-04-23 15:14:47,29710,11910,17800,카드
5613,5955,2026-04-23 15:16:43,36960,14860,22100,카드
5614,5960,2026-04-23 15:21:35,70600,28300,42300,간편결제
5615,5956,2026-04-23 15:24:06,24750,9950,14800,간편결제
5616,5958,2026-04-23 15:27:16,237530,95030,142500,카드
5617,5964,2026-04-23 15:36:20,247490,99090,148400,카드
5618,5967,2026-04-23 15:49:03,38180,15280,22900,카드
5619,5971,2026-04-24 09:12:42,210990,84490,126500,현금
5620,5972,2026-04-24 09:25:27,44510,17810,26700,카드
5621,5973,2026-04-24 09:26:37,142100,56900,85200,간편결제
5622,5974,2026-04-24 09:28:08,27630,11130,16500,현금
5623,5976,2026-04-24 09:29:00,123310,49410,73900,간편결제
5624,5975,2026-04-24 09:31:01,199590,79890,119700,카드
5625,5977,2026-04-24 09:36:45,22100,8900,13200,카드
5626,5978,2026-04-24 09:50:02,21880,8780,13100,카드
5627,5980,2026-04-24 09:56:29,169940,68040,101900,카드
5628,5979,2026-04-24 10:01:33,25210,10110,15100,카드
5629,5982,2026-04-24 10:43:29,21180,8480,12700,카드
5630,5981,2026-04-24 10:50:53,165660,66360,99300,카드
5631,5983,2026-04-24 11:27:12,25020,10020,15000,카드
5632,5984,2026-04-24 13:40:16,112370,44970,67400,카드
5633,5988,2026-04-24 13:52:54,60920,24420,36500,카드
5634,5992,2026-04-24 13:57:16,197470,79070,118400,현금
5635,5985,2026-04-24 14:01:55,31780,12780,19000,간편결제
5636,5989,2026-04-24 14:11:56,133910,53610,80300,카드
5637,5990,2026-04-24 14:17:12,163820,65620,98200,간편결제
5638,5986,2026-04-24 14:19:54,43570,17470,26100,간편결제
5639,5987,2026-04-24 14:20:58,41470,16670,24800,카드
5640,5994,2026-04-24 14:23:02,19050,7650,11400,카드
5641,5995,2026-04-24 14:29:14,159540,63840,95700,카드
5642,5991,2026-04-24 14:42:37,39730,15930,23800,간편결제
5643,5993,2026-04-24 14:44:01,41480,16680,24800,카드
5644,5996,2026-04-24 14:44:40,33970,13670,20300,카드
5645,5997,2026-04-24 15:04:20,252950,101250,151700,카드
5646,5998,2026-04-24 15:38:56,21500,8600,12900,카드
5647,6010,2026-04-27 09:18:41,29830,12030,17800,카드
5648,5999,2026-04-27 09:20:13,20870,8370,12500,현금
5649,6014,2026-04-27 09:22:39,28010,11210,16800,카드
5650,6006,2026-04-27 09:23:03,28840,11540,17300,카드
5651,6016,2026-04-27 09:24:12,31350,12550,18800,카드
5652,6000,2026-04-27 09:27:06,120510,48210,72300,카드
5653,6023,2026-04-27 09:33:56,29270,11770,17500,카드
5654,6005,2026-04-27 09:37:11,33010,13210,19800,카드
5655,6009,2026-04-27 09:37:56,180120,72120,108000,카드
5656,6001,2026-04-27 09:39:28,39820,16020,23800,카드
5657,6004,2026-04-27 09:39:49,178780,71580,107200,카드
5658,6002,2026-04-27 09:40:47,41260,16560,24700,카드
5659,6013,2026-04-27 09:42:26,20300,8200,12100,카드
5660,6026,2026-04-27 09:42:35,27710,11110,16600,현금
5661,6003,2026-04-27 09:44:20,270860,108360,162500,카드
5662,6020,2026-04-27 09:50:34,26180,10480,15700,카드
5663,6022,2026-04-27 09:50:42,30320,12220,18100,카드
5664,6007,2026-04-27 09:53:22,25670,10270,15400,간편결제
5665,6021,2026-04-27 09:54:32,29540,11840,17700,카드
5666,6028,2026-04-27 09:56:13,29560,11860,17700,카드
5667,6024,2026-04-27 09:56:24,44690,17890,26800,카드
5668,6008,2026-04-27 10:05:03,29160,11760,17400,카드
5669,6037,2026-04-27 10:09:10,23620,9520,14100,카드
5670,6032,2026-04-27 10:11:10,27590,11090,16500,카드
5671,6031,2026-04-27 10:18:14,21540,8640,12900,간편결제
5672,6033,2026-04-27 10:20:11,39520,15820,23700,카드
5673,6011,2026-04-27 10:22:27,43510,17410,26100,카드
5674,6039,2026-04-27 10:22:46,106020,42420,63600,현금
5675,6015,2026-04-27 10:24:13,29550,11850,17700,카드
5676,6012,2026-04-27 10:24:23,24410,9810,14600,카드
5677,6042,2026-04-27 10:27:13,21840,8740,13100,카드
5678,6038,2026-04-27 10:30:51,129730,51930,77800,카드
5679,6018,2026-04-27 10:34:16,27570,11070,16500,카드
5680,6035,2026-04-27 10:39:47,35710,14310,21400,카드
5681,6019,2026-04-27 10:45:26,36830,14830,22000,현금
5682,6043,2026-04-27 10:54:22,210110,84110,126000,카드
5683,6041,2026-04-27 10:58:21,28130,11330,16800,카드
5684,6029,2026-04-27 11:03:38,130150,52150,78000,카드
5685,6044,2026-04-27 11:06:54,124020,49620,74400,카드
5686,6036,2026-04-27 11:10:48,36250,14550,21700,카드
5687,6030,2026-04-27 11:14:54,28870,11570,17300,간편결제
5688,6058,2026-04-27 13:39:15,27520,11020,16500,카드
5689,6046,2026-04-27 13:46:04,188260,75360,112900,카드
5690,6045,2026-04-27 13:47:57,34320,13820,20500,카드
5691,6047,2026-04-27 13:52:49,38210,15310,22900,카드
5692,6053,2026-04-27 13:55:01,24740,9940,14800,카드
5693,6066,2026-04-27 13:58:42,236220,94520,141700,카드
5694,6052,2026-04-27 13:58:48,24380,9780,14600,카드
5695,6049,2026-04-27 14:00:54,185190,74090,111100,간편결제
5696,6054,2026-04-27 14:01:16,24910,10010,14900,카드
5697,6076,2026-04-27 14:01:20,28750,11550,17200,카드
5698,6050,2026-04-27 14:04:51,19560,7860,11700,카드
5699,6056,2026-04-27 14:07:40,109040,43640,65400,간편결제
5700,6078,2026-04-27 14:07:47,39640,15940,23700,간편결제
5701,6055,2026-04-27 14:10:53,43540,17440,26100,간편결제
5702,6071,2026-04-27 14:12:31,172710,69110,103600,카드
5703,6062,2026-04-27 14:16:56,230630,92330,138300,카드
5704,6080,2026-04-27 14:20:28,29580,11880,17700,현금
5705,6051,2026-04-27 14:21:01,46850,18750,28100,카드
5706,6059,2026-04-27 14:21:10,26850,10750,16100,간편결제
5707,6084,2026-04-27 14:23:58,226490,90690,135800,간편결제
5708,6061,2026-04-27 14:24:23,27270,10970,16300,카드
5709,6060,2026-04-27 14:29:32,24070,9670,14400,카드
5710,6086,2026-04-27 14:31:52,135040,54040,81000,카드
5711,6091,2026-04-27 14:36:34,19810,8010,11800,카드
5712,6073,2026-04-27 14:39:47,30070,12070,18000,카드
5713,6069,2026-04-27 14:40:39,82600,33100,49500,카드
5714,6064,2026-04-27 14:41:05,28110,11310,16800,카드
5715,6065,2026-04-27 14:42:40,21540,8640,12900,카드
5716,6072,2026-04-27 14:43:35,20770,8370,12400,카드
5717,6063,2026-04-27 14:46:01,44960,18060,26900,간편결제
5718,6085,2026-04-27 14:47:39,240320,96220,144100,카드
5719,6077,2026-04-27 14:49:18,230870,92370,138500,카드
5720,6088,2026-04-27 14:52:56,24450,9850,14600,카드
5721,6090,2026-04-27 14:57:38,36270,14570,21700,카드
5722,6098,2026-04-27 14:59:55,23680,9480,14200,카드
5723,6087,2026-04-27 14:59:56,41640,16740,24900,카드
5724,6067,2026-04-27 15:03:19,40650,16350,24300,카드
5725,6089,2026-04-27 15:04:51,26450,10650,15800,간편결제
5726,6095,2026-04-27 15:05:57,31650,12750,18900,카드
5727,6099,2026-04-27 15:10:13,38340,15340,23000,카드
5728,6093,2026-04-27 15:13:49,171960,68860,103100,카드
5729,6096,2026-04-27 15:13:53,39980,16080,23900,카드
5730,6068,2026-04-27 15:16:40,30370,12170,18200,카드
5731,6097,2026-04-27 15:16:42,28410,11410,17000,카드
5732,6101,2026-04-27 15:17:20,30730,12330,18400,카드
5733,6100,2026-04-27 15:24:06,237780,95180,142600,간편결제
5734,6070,2026-04-27 15:25:07,29120,11720,17400,카드
5735,6103,2026-04-27 15:29:48,20120,8120,12000,카드
5736,6104,2026-04-27 15:30:03,24710,9910,14800,간편결제
5737,6079,2026-04-27 15:38:41,36740,14740,22000,현금
5738,6105,2026-04-27 15:44:32,36600,14700,21900,카드
5739,6081,2026-04-27 15:58:50,27310,11010,16300,카드
5740,6083,2026-04-27 15:59:22,225880,90380,135500,현금
5741,6092,2026-04-27 16:00:45,261700,104700,157000,카드
5742,6094,2026-04-27 16:14:03,37360,14960,22400,카드
5743,6102,2026-04-27 16:34:43,44050,17650,26400,카드
5744,6110,2026-04-28 09:22:51,24950,10050,14900,카드
5745,6114,2026-04-28 09:23:37,92760,37160,55600,카드
5746,6108,2026-04-28 09:24:57,34850,13950,20900,카드
5747,6112,2026-04-28 09:25:04,21220,8520,12700,간편결제
5748,6107,2026-04-28 09:25:43,29370,11770,17600,카드
5749,6115,2026-04-28 09:26:32,29160,11760,17400,카드
5750,6119,2026-04-28 09:33:27,26280,10580,15700,간편결제
5751,6120,2026-04-28 09:33:42,105270,42170,63100,카드
5752,6106,2026-04-28 09:34:03,37440,15040,22400,카드
5753,6111,2026-04-28 09:34:57,38950,15650,23300,카드
5754,6117,2026-04-28 09:36:25,38860,15560,23300,간편결제
5755,6109,2026-04-28 09:37:29,39570,15870,23700,카드
5756,6116,2026-04-28 09:38:44,29480,11880,17600,카드
5757,6118,2026-04-28 09:49:19,198330,79430,118900,카드
5758,6121,2026-04-28 09:52:33,32590,13090,19500,카드
5759,6113,2026-04-28 09:54:03,19550,7850,11700,현금
5760,6127,2026-04-28 09:54:48,24270,9770,14500,카드
5761,6122,2026-04-28 09:55:32,113760,45560,68200,간편결제
5762,6124,2026-04-28 10:06:30,28220,11320,16900,카드
5763,6128,2026-04-28 10:07:13,66000,26400,39600,카드
5764,6123,2026-04-28 10:09:51,31140,12540,18600,간편결제
5765,6125,2026-04-28 10:18:46,28700,11500,17200,카드
5766,6130,2026-04-28 10:23:02,265470,106270,159200,간편결제
5767,6129,2026-04-28 10:27:28,27100,10900,16200,카드
5768,6131,2026-04-28 10:35:33,26460,10660,15800,카드
5769,6132,2026-04-28 10:37:59,28260,11360,16900,카드
5770,6133,2026-04-28 11:11:41,223400,89400,134000,카드
5771,6134,2026-04-28 11:12:11,280090,112090,168000,카드
5772,6137,2026-04-28 13:47:43,28610,11510,17100,현금
5773,6135,2026-04-28 13:48:32,111210,44510,66700,카드
5774,6136,2026-04-28 13:54:40,27920,11220,16700,카드
5775,6148,2026-04-28 13:55:22,23900,9600,14300,카드
5776,6142,2026-04-28 13:59:41,271000,108400,162600,카드
5777,6138,2026-04-28 14:01:45,219650,87950,131700,카드
5778,6139,2026-04-28 14:04:26,259690,103890,155800,간편결제
5779,6147,2026-04-28 14:04:33,39860,15960,23900,카드
5780,6149,2026-04-28 14:04:43,34100,13700,20400,현금
5781,6141,2026-04-28 14:06:37,178690,71490,107200,카드
5782,6156,2026-04-28 14:09:28,154850,61950,92900,카드
5783,6145,2026-04-28 14:12:00,26220,10520,15700,간편결제
5784,6161,2026-04-28 14:13:21,141160,56560,84600,카드
5785,6162,2026-04-28 14:13:48,80790,32390,48400,카드
5786,6151,2026-04-28 14:14:41,84600,33900,50700,간편결제
5787,6153,2026-04-28 14:18:09,34010,13610,20400,카드
5788,6143,2026-04-28 14:27:44,34940,14040,20900,카드
5789,6154,2026-04-28 14:29:30,219970,88070,131900,카드
5790,6166,2026-04-28 14:29:49,32690,13090,19600,카드
5791,6167,2026-04-28 14:35:42,38680,15480,23200,카드
5792,6158,2026-04-28 14:36:15,107550,43050,64500,카드
5793,6169,2026-04-28 14:38:26,28590,11490,17100,현금
5794,6163,2026-04-28 14:38:35,42500,17000,25500,카드
5795,6146,2026-04-28 14:39:09,18470,7470,11000,카드
5796,6144,2026-04-28 14:40:41,75420,30220,45200,카드
5797,6150,2026-04-28 14:43:23,28850,11550,17300,카드
5798,6155,2026-04-28 15:01:39,40960,16460,24500,카드
5799,6159,2026-04-28 15:20:10,25640,10340,15300,카드
5800,6168,2026-04-28 15:21:54,19290,7790,11500,카드
5801,6160,2026-04-28 15:27:49,30340,12140,18200,간편결제
5802,6175,2026-04-28 15:29:30,39690,15890,23800,카드
5803,6170,2026-04-28 15:38:28,27140,10940,16200,간편결제
5804,6172,2026-04-28 15:38:36,160230,64130,96100,카드
5805,6177,2026-04-28 15:43:24,19580,7880,11700,카드
5806,6174,2026-04-28 15:44:39,223990,89690,134300,카드
5807,6176,2026-04-28 15:48:11,33400,13400,20000,카드
5808,6178,2026-04-28 16:06:09,190400,76200,114200,간편결제
5809,6181,2026-04-29 09:06:53,20570,8270,12300,카드
5810,6183,2026-04-29 09:13:45,173630,69530,104100,카드
5811,6182,2026-04-29 09:15:43,41440,16640,24800,카드
5812,6180,2026-04-29 09:16:47,20180,8080,12100,카드
5813,6184,2026-04-29 09:21:23,35510,14210,21300,카드
5814,6188,2026-04-29 09:33:02,116700,46700,70000,카드
5815,6185,2026-04-29 09:39:35,29790,11990,17800,간편결제
5816,6191,2026-04-29 09:42:11,37500,15000,22500,카드
5817,6187,2026-04-29 09:47:38,21690,8690,13000,카드
5818,6186,2026-04-29 09:48:45,161160,64560,96600,카드
5819,6189,2026-04-29 09:55:10,21530,8630,12900,현금
5820,6193,2026-04-29 09:59:10,122160,48960,73200,카드
5821,6194,2026-04-29 10:03:48,26220,10520,15700,카드
5822,6190,2026-04-29 10:14:01,29440,11840,17600,카드
5823,6196,2026-04-29 10:19:34,37630,15130,22500,카드
5824,6195,2026-04-29 10:25:28,35020,14020,21000,카드
5825,6197,2026-04-29 10:51:09,293490,117490,176000,간편결제
5826,6198,2026-04-29 11:20:24,224020,89620,134400,현금
5827,6201,2026-04-29 13:37:14,22970,9270,13700,카드
5828,6199,2026-04-29 13:40:41,58910,23610,35300,카드
5829,6202,2026-04-29 13:44:19,23510,9410,14100,카드
5830,6203,2026-04-29 14:00:57,22920,9220,13700,카드
5831,6200,2026-04-29 14:03:54,37200,14900,22300,간편결제
5832,6204,2026-04-29 14:07:53,25980,10480,15500,간편결제
5833,6207,2026-04-29 14:32:23,121200,48500,72700,카드
5834,6205,2026-04-29 14:32:56,141830,56830,85000,카드
5835,6206,2026-04-29 14:34:49,26520,10620,15900,간편결제
5836,6208,2026-04-29 14:44:42,35800,14400,21400,카드
5837,6210,2026-04-29 14:45:41,32170,12870,19300,카드
5838,6212,2026-04-29 14:48:10,62370,24970,37400,카드
5839,6214,2026-04-29 14:58:48,111100,44500,66600,카드
5840,6215,2026-04-29 15:13:10,27000,10800,16200,간편결제
5841,6216,2026-04-29 15:59:18,27870,11170,16700,카드
5842,6217,2026-04-30 09:10:02,27510,11010,16500,카드
5843,6221,2026-04-30 09:15:13,21640,8740,12900,카드
5844,6220,2026-04-30 09:17:55,21540,8640,12900,카드
5845,6234,2026-04-30 09:20:59,26580,10680,15900,카드
5846,6230,2026-04-30 09:25:54,230720,92320,138400,카드
5847,6219,2026-04-30 09:26:25,37460,15060,22400,간편결제
5848,6231,2026-04-30 09:31:35,150780,60380,90400,간편결제
5849,6240,2026-04-30 09:32:16,270980,108480,162500,현금
5850,6236,2026-04-30 09:32:35,29200,11700,17500,카드
5851,6244,2026-04-30 09:33:09,29320,11820,17500,카드
5852,6222,2026-04-30 09:35:19,21790,8790,13000,현금
5853,6218,2026-04-30 09:35:58,36890,14790,22100,카드
5854,6237,2026-04-30 09:36:10,36800,14800,22000,카드
5855,6232,2026-04-30 09:36:34,23860,9560,14300,카드
5856,6239,2026-04-30 09:36:36,241780,96780,145000,카드
5857,6224,2026-04-30 09:42:35,19760,7960,11800,카드
5858,6247,2026-04-30 09:44:02,28510,11410,17100,카드
5859,6243,2026-04-30 09:45:45,70530,28230,42300,카드
5860,6255,2026-04-30 09:50:18,18220,7320,10900,카드
5861,6256,2026-04-30 09:51:57,28010,11210,16800,간편결제
5862,6242,2026-04-30 09:52:25,29970,12070,17900,카드
5863,6223,2026-04-30 09:55:01,87950,35250,52700,카드
5864,6225,2026-04-30 10:02:10,144040,57640,86400,간편결제
5865,6250,2026-04-30 10:03:32,256540,102640,153900,현금
5866,6248,2026-04-30 10:04:46,164920,66020,98900,카드
5867,6245,2026-04-30 10:06:08,84770,33970,50800,카드
5868,6227,2026-04-30 10:21:30,167340,66940,100400,카드
5869,6257,2026-04-30 10:21:54,28860,11560,17300,카드
5870,6228,2026-04-30 10:26:02,282820,113220,169600,카드
5871,6252,2026-04-30 10:27:20,37450,15050,22400,간편결제
5872,6229,2026-04-30 10:37:33,31570,12670,18900,카드
5873,6233,2026-04-30 10:38:48,152260,60960,91300,카드
5874,6261,2026-04-30 10:40:06,148080,59280,88800,카드
5875,6253,2026-04-30 10:46:23,32000,12800,19200,카드
5876,6235,2026-04-30 10:46:24,33470,13470,20000,간편결제
5877,6262,2026-04-30 10:46:53,108780,43580,65200,카드
5878,6260,2026-04-30 10:53:41,100260,40160,60100,카드
5879,6238,2026-04-30 10:55:34,21870,8770,13100,카드
5880,6259,2026-04-30 11:02:25,228790,91590,137200,카드
5881,6265,2026-04-30 11:03:02,19800,8000,11800,카드
5882,6263,2026-04-30 11:05:11,30310,12210,18100,카드
5883,6241,2026-04-30 11:18:22,30220,12120,18100,카드
5884,6249,2026-04-30 11:19:48,29490,11890,17600,현금
5885,6251,2026-04-30 11:31:18,20650,8350,12300,간편결제
5886,6254,2026-04-30 11:38:57,222400,89000,133400,카드
5887,6264,2026-04-30 11:42:34,29130,11730,17400,현금
5888,6258,2026-04-30 11:45:33,223800,89600,134200,카드
5889,6267,2026-04-30 13:46:25,170060,68060,102000,카드
5890,6270,2026-04-30 13:46:50,27300,11000,16300,카드
5891,6277,2026-04-30 13:52:51,29270,11770,17500,카드
5892,6268,2026-04-30 13:54:35,38930,15630,23300,간편결제
5893,6273,2026-04-30 13:57:02,33150,13350,19800,카드
5894,6272,2026-04-30 13:58:01,249630,99930,149700,카드
5895,6266,2026-04-30 13:59:18,78950,31650,47300,현금
5896,6288,2026-04-30 14:07:28,26790,10790,16000,카드
5897,6286,2026-04-30 14:08:45,29180,11680,17500,카드
5898,6287,2026-04-30 14:09:45,41380,16580,24800,간편결제
5899,6284,2026-04-30 14:14:14,29740,11940,17800,카드
5900,6279,2026-04-30 14:15:50,29990,12090,17900,카드
5901,6283,2026-04-30 14:23:38,27490,11090,16400,간편결제
5902,6290,2026-04-30 14:24:26,278140,111340,166800,카드
5903,6275,2026-04-30 14:26:41,32300,13000,19300,간편결제
5904,6294,2026-04-30 14:27:50,29160,11760,17400,카드
5905,6269,2026-04-30 14:28:26,41220,16520,24700,카드
5906,6274,2026-04-30 14:30:52,123240,49340,73900,간편결제
5907,6271,2026-04-30 14:36:54,50220,20120,30100,카드
5908,6292,2026-04-30 14:37:08,22050,8850,13200,카드
5909,6291,2026-04-30 14:38:34,39860,15960,23900,카드
5910,6280,2026-04-30 14:41:55,268420,107420,161000,카드
5911,6282,2026-04-30 14:44:57,111850,44750,67100,카드
5912,6296,2026-04-30 14:48:16,30330,12230,18100,카드
5913,6285,2026-04-30 14:54:15,26660,10760,15900,카드
5914,6289,2026-04-30 15:16:31,37040,14840,22200,카드
5915,6298,2026-04-30 15:21:02,41700,16700,25000,카드
5916,6303,2026-04-30 15:29:33,37380,14980,22400,카드
5917,6301,2026-04-30 15:31:32,141700,56700,85000,카드
5918,6297,2026-04-30 15:36:01,25470,10270,15200,카드
5919,6295,2026-04-30 15:36:18,172980,69280,103700,카드
5920,6302,2026-04-30 15:41:37,193680,77480,116200,카드
5921,6304,2026-04-30 15:45:10,89190,35690,53500,카드
5922,6299,2026-04-30 15:57:55,29450,11850,17600,카드
5923,6300,2026-04-30 16:00:22,88710,35510,53200,카드
5924,6308,2026-05-01 09:18:28,34680,13880,20800,간편결제
5925,6305,2026-05-01 09:22:46,28130,11330,16800,카드
5926,6311,2026-05-01 09:33:34,154520,61820,92700,카드
5927,6307,2026-05-01 09:36:01,117880,47180,70700,카드
5928,6309,2026-05-01 09:42:35,29290,11790,17500,카드
5929,6310,2026-05-01 09:43:58,23960,9660,14300,카드
5930,6313,2026-05-01 09:54:31,142160,56960,85200,간편결제
5931,6312,2026-05-01 10:05:48,188370,75370,113000,현금
5932,6315,2026-05-01 10:09:09,28800,11600,17200,간편결제
5933,6314,2026-05-01 10:11:40,204300,81800,122500,카드
5934,6316,2026-05-01 10:14:19,89090,35690,53400,카드
5935,6317,2026-05-01 10:47:52,28900,11600,17300,간편결제
5936,6318,2026-05-01 11:21:39,203020,81220,121800,카드
5937,6319,2026-05-01 13:42:06,21600,8700,12900,카드
5938,6322,2026-05-01 13:45:38,177230,70930,106300,현금
5939,6320,2026-05-01 13:48:39,142490,57090,85400,카드
5940,6325,2026-05-01 13:49:22,41400,16600,24800,카드
5941,6323,2026-05-01 13:55:47,27860,11160,16700,간편결제
5942,6330,2026-05-01 14:04:31,211360,84560,126800,카드
5943,6327,2026-05-01 14:07:25,132060,52860,79200,간편결제
5944,6332,2026-05-01 14:07:53,64100,25700,38400,카드
5945,6324,2026-05-01 14:08:48,34330,13830,20500,카드
5946,6326,2026-05-01 14:22:14,101450,40650,60800,카드
5947,6329,2026-05-01 14:23:08,33090,13290,19800,카드
5948,6333,2026-05-01 14:23:16,36720,14720,22000,카드
5949,6328,2026-05-01 14:27:04,40190,16090,24100,카드
5950,6336,2026-05-01 14:28:48,25630,10330,15300,카드
5951,6334,2026-05-01 14:33:37,46870,18770,28100,카드
5952,6331,2026-05-01 14:39:52,19910,8010,11900,간편결제
5953,6340,2026-05-01 14:48:25,28380,11380,17000,간편결제
5954,6335,2026-05-01 14:53:13,250030,100030,150000,카드
5955,6337,2026-05-01 14:55:08,43380,17380,26000,간편결제
5956,6339,2026-05-01 14:57:14,38640,15540,23100,카드
5957,6343,2026-05-01 15:04:12,28050,11250,16800,카드
5958,6341,2026-05-01 15:09:22,140010,56010,84000,카드
5959,6344,2026-05-01 15:09:46,29100,11700,17400,카드
5960,6342,2026-05-01 15:17:04,183780,73580,110200,간편결제
5961,6345,2026-05-01 15:25:43,144460,57860,86600,간편결제
5962,6346,2026-05-01 16:04:22,265110,106110,159000,카드
5963,6351,2026-05-04 09:13:53,26110,10510,15600,카드
5964,6348,2026-05-04 09:15:34,147060,58860,88200,카드
5965,6350,2026-05-04 09:16:57,30720,12320,18400,카드
5966,6349,2026-05-04 09:21:11,29530,11830,17700,카드
5967,6347,2026-05-04 09:23:39,24250,9750,14500,현금
5968,6352,2026-05-04 09:26:29,29640,11940,17700,카드
5969,6361,2026-05-04 09:28:41,19340,7740,11600,카드
5970,6353,2026-05-04 09:29:56,116070,46470,69600,카드
5971,6367,2026-05-04 09:30:59,103040,41240,61800,카드
5972,6362,2026-05-04 09:32:26,213380,85380,128000,카드
5973,6360,2026-05-04 09:32:27,21680,8680,13000,카드
5974,6357,2026-05-04 09:34:49,22060,8860,13200,카드
5975,6354,2026-05-04 09:35:02,41110,16510,24600,카드
5976,6359,2026-05-04 09:35:19,25770,10370,15400,카드
5977,6355,2026-05-04 09:35:55,266630,106730,159900,카드
5978,6358,2026-05-04 09:44:35,251850,100750,151100,카드
5979,6356,2026-05-04 09:53:02,70150,28150,42000,카드
5980,6365,2026-05-04 09:53:55,127070,50870,76200,카드
5981,6372,2026-05-04 09:58:17,149360,59760,89600,카드
5982,6369,2026-05-04 10:01:59,100730,40330,60400,카드
5983,6364,2026-05-04 10:02:13,249690,99890,149800,간편결제
5984,6368,2026-05-04 10:02:24,23790,9590,14200,카드
5985,6380,2026-05-04 10:05:19,20440,8240,12200,카드
5986,6385,2026-05-04 10:05:37,43100,17300,25800,카드
5987,6370,2026-05-04 10:06:46,124740,49940,74800,카드
5988,6363,2026-05-04 10:07:33,33690,13490,20200,카드
5989,6366,2026-05-04 10:11:58,26220,10520,15700,카드
5990,6375,2026-05-04 10:17:16,30450,12250,18200,카드
5991,6374,2026-05-04 10:20:24,39350,15750,23600,카드
5992,6371,2026-05-04 10:22:30,37120,14920,22200,카드
5993,6378,2026-05-04 10:25:40,27610,11110,16500,카드
5994,6373,2026-05-04 10:30:19,22120,8920,13200,카드
5995,6382,2026-05-04 10:31:20,65950,26450,39500,현금
5996,6384,2026-05-04 10:32:56,18380,7380,11000,카드
5997,6377,2026-05-04 10:35:14,205900,82400,123500,카드
5998,6383,2026-05-04 10:41:32,39810,16010,23800,카드
5999,6381,2026-05-04 10:47:36,35490,14290,21200,간편결제
6000,6386,2026-05-04 10:51:07,18670,7470,11200,카드
6001,6387,2026-05-04 10:57:57,42710,17110,25600,카드
6002,6388,2026-05-04 11:10:19,34290,13790,20500,카드
6003,6391,2026-05-04 11:20:43,29380,11780,17600,카드
6004,6392,2026-05-04 11:35:44,22100,8900,13200,카드
6005,6394,2026-05-04 11:41:55,38470,15470,23000,카드
6006,6393,2026-05-04 11:50:58,18610,7510,11100,카드
6007,6401,2026-05-04 13:39:23,20730,8330,12400,카드
6008,6408,2026-05-04 13:46:03,26400,10600,15800,현금
6009,6398,2026-05-04 13:46:14,27350,10950,16400,카드
6010,6397,2026-05-04 13:48:38,19970,8070,11900,간편결제
6011,6395,2026-05-04 13:48:41,81540,32640,48900,카드
6012,6396,2026-05-04 13:49:51,26260,10560,15700,카드
6013,6417,2026-05-04 13:51:54,41480,16680,24800,카드
6014,6400,2026-05-04 14:01:44,30570,12270,18300,카드
6015,6399,2026-05-04 14:05:53,76390,30590,45800,카드
6016,6415,2026-05-04 14:06:50,67460,27060,40400,간편결제
6017,6420,2026-05-04 14:07:14,27050,10850,16200,카드
6018,6414,2026-05-04 14:10:25,274350,109750,164600,간편결제
6019,6402,2026-05-04 14:10:51,175260,70160,105100,카드
6020,6409,2026-05-04 14:16:33,29610,11910,17700,현금
6021,6410,2026-05-04 14:19:03,248200,99300,148900,카드
6022,6403,2026-05-04 14:19:29,37450,15050,22400,카드
6023,6430,2026-05-04 14:24:37,26160,10560,15600,카드
6024,6404,2026-05-04 14:25:03,26950,10850,16100,현금
6025,6426,2026-05-04 14:25:12,22410,9010,13400,현금
6026,6405,2026-05-04 14:25:20,39870,15970,23900,카드
6027,6421,2026-05-04 14:29:15,19030,7630,11400,카드
6028,6413,2026-05-04 14:34:02,29130,11730,17400,카드
6029,6433,2026-05-04 14:34:32,25170,10070,15100,카드
6030,6418,2026-05-04 14:35:05,203730,81530,122200,카드
6031,6424,2026-05-04 14:36:22,34880,13980,20900,카드
6032,6434,2026-05-04 14:36:37,32090,12890,19200,간편결제
6033,6419,2026-05-04 14:38:18,38030,15230,22800,간편결제
6034,6437,2026-05-04 14:38:59,27870,11170,16700,카드
6035,6406,2026-05-04 14:39:36,39390,15790,23600,카드
6036,6442,2026-05-04 14:41:24,24850,9950,14900,카드
6037,6423,2026-05-04 14:41:41,40830,16430,24400,카드
6038,6441,2026-05-04 14:44:46,22000,8800,13200,간편결제
6039,6436,2026-05-04 14:45:26,51050,20450,30600,간편결제
6040,6429,2026-05-04 14:49:15,23720,9520,14200,카드
6041,6427,2026-05-04 14:50:48,25540,10240,15300,카드
6042,6428,2026-05-04 14:52:02,18800,7600,11200,현금
6043,6425,2026-05-04 14:54:47,43160,17360,25800,카드
6044,6431,2026-05-04 14:55:39,27690,11090,16600,카드
6045,6416,2026-05-04 14:55:59,26690,10690,16000,카드
6046,6422,2026-05-04 15:01:20,21190,8490,12700,카드
6047,6432,2026-05-04 15:01:20,20200,8100,12100,카드
6048,6440,2026-05-04 15:04:51,40550,16250,24300,현금
6049,6446,2026-05-04 15:05:57,30300,12200,18100,카드
6050,6443,2026-05-04 15:11:55,34080,13680,20400,간편결제
6051,6435,2026-05-04 15:12:45,41840,16740,25100,카드
6052,6438,2026-05-04 15:14:35,25410,10210,15200,카드
6053,6450,2026-05-04 15:29:03,28670,11470,17200,카드
6054,6439,2026-05-04 15:29:41,24300,9800,14500,카드
6055,6454,2026-05-04 15:29:45,29850,11950,17900,카드
6056,6447,2026-05-04 15:31:02,21030,8430,12600,간편결제
6057,6445,2026-05-04 15:31:53,27850,11150,16700,카드
6058,6449,2026-05-04 15:32:59,21990,8890,13100,카드
6059,6455,2026-05-04 15:35:40,27590,11090,16500,카드
6060,6444,2026-05-04 15:38:42,32030,12830,19200,현금
6061,6448,2026-05-04 15:39:45,128820,51620,77200,카드
6062,6451,2026-05-04 15:47:22,147090,58890,88200,간편결제
6063,6457,2026-05-04 15:48:36,204210,81710,122500,카드
6064,6458,2026-05-04 16:02:28,29460,11860,17600,카드
6065,6456,2026-05-04 16:04:36,27920,11220,16700,카드
6066,6452,2026-05-04 16:04:39,27150,10950,16200,간편결제
6067,6460,2026-05-04 16:16:18,140970,56470,84500,카드
6068,6462,2026-05-06 09:12:04,257670,103070,154600,카드
6069,6475,2026-05-06 09:27:54,22660,9160,13500,간편결제
6070,6461,2026-05-06 09:30:43,135780,54380,81400,카드
6071,6467,2026-05-06 09:30:53,170830,68430,102400,카드
6072,6463,2026-05-06 09:34:32,44500,17800,26700,간편결제
6073,6477,2026-05-06 09:38:25,170740,68340,102400,카드
6074,6472,2026-05-06 09:38:28,41790,16790,25000,카드
6075,6469,2026-05-06 09:39:58,34750,13950,20800,카드
6076,6465,2026-05-06 09:40:04,23860,9560,14300,간편결제
6077,6468,2026-05-06 09:42:41,19350,7750,11600,간편결제
6078,6466,2026-05-06 09:43:56,153270,61370,91900,카드
6079,6474,2026-05-06 09:47:55,138290,55390,82900,카드
6080,6471,2026-05-06 09:48:37,248420,99420,149000,간편결제
6081,6470,2026-05-06 10:02:00,36560,14660,21900,카드
6082,6473,2026-05-06 10:03:31,29970,12070,17900,카드
6083,6478,2026-05-06 10:04:09,117110,46910,70200,간편결제
6084,6476,2026-05-06 10:07:58,22110,8910,13200,카드
6085,6488,2026-05-06 10:10:28,25740,10340,15400,카드
6086,6490,2026-05-06 10:12:19,36000,14400,21600,카드
6087,6480,2026-05-06 10:12:37,38870,15570,23300,카드
6088,6492,2026-05-06 10:17:31,26800,10800,16000,카드
6089,6482,2026-05-06 10:18:17,36750,14750,22000,간편결제
6090,6479,2026-05-06 10:21:11,143120,57320,85800,간편결제
6091,6484,2026-05-06 10:26:57,110450,44250,66200,카드
6092,6483,2026-05-06 10:29:34,18040,7240,10800,카드
6093,6485,2026-05-06 10:31:22,27890,11190,16700,간편결제
6094,6481,2026-05-06 10:39:20,18910,7610,11300,간편결제
6095,6487,2026-05-06 10:42:36,42960,17260,25700,카드
6096,6486,2026-05-06 10:44:03,28820,11620,17200,간편결제
6097,6491,2026-05-06 10:55:30,42110,16910,25200,카드
6098,6489,2026-05-06 10:57:04,224550,89850,134700,카드
6099,6495,2026-05-06 11:05:54,34530,13830,20700,카드
6100,6493,2026-05-06 11:10:42,19490,7890,11600,카드
6101,6496,2026-05-06 11:18:10,31480,12680,18800,카드
6102,6494,2026-05-06 11:24:34,29310,11810,17500,카드
6103,6500,2026-05-06 13:48:46,227080,90880,136200,카드
6104,6501,2026-05-06 13:49:04,18870,7570,11300,카드
6105,6502,2026-05-06 13:51:56,23670,9470,14200,간편결제
6106,6499,2026-05-06 13:53:50,255790,102390,153400,카드
6107,6497,2026-05-06 13:54:59,29770,11970,17800,카드
6108,6503,2026-05-06 13:55:26,28660,11560,17100,카드
6109,6498,2026-05-06 14:02:02,105360,42160,63200,간편결제
6110,6507,2026-05-06 14:11:17,24060,9660,14400,카드
6111,6509,2026-05-06 14:12:51,44570,17870,26700,카드
6112,6504,2026-05-06 14:13:23,220620,88320,132300,카드
6113,6510,2026-05-06 14:16:16,144220,57720,86500,카드
6114,6505,2026-05-06 14:16:59,36260,14560,21700,카드
6115,6508,2026-05-06 14:29:46,32600,13100,19500,카드
6116,6506,2026-05-06 14:30:07,77290,30990,46300,간편결제
6117,6512,2026-05-06 14:45:07,27000,10800,16200,카드
6118,6511,2026-05-06 14:48:11,36000,14400,21600,카드
6119,6513,2026-05-06 14:50:11,18040,7240,10800,카드
6120,6515,2026-05-06 14:54:16,29620,11920,17700,카드
6121,6514,2026-05-06 15:08:38,95090,38090,57000,카드
6122,6516,2026-05-06 15:23:17,265690,106290,159400,카드
6123,6518,2026-05-06 15:30:02,20460,8260,12200,간편결제
6124,6517,2026-05-06 15:30:21,56260,22560,33700,간편결제
6125,6519,2026-05-06 15:36:49,28300,11400,16900,카드
6126,6521,2026-05-06 15:42:50,26130,10530,15600,카드
6127,6520,2026-05-06 15:47:51,35460,14260,21200,카드
6128,6522,2026-05-06 15:55:53,29070,11670,17400,카드
6129,6528,2026-05-07 09:11:33,23880,9580,14300,카드
6130,6531,2026-05-07 09:20:42,226520,90620,135900,카드
6131,6525,2026-05-07 09:20:49,184370,73770,110600,카드
6132,6526,2026-05-07 09:21:14,23960,9660,14300,현금
6133,6535,2026-05-07 09:25:08,80390,32190,48200,카드
6134,6530,2026-05-07 09:27:29,37110,14910,22200,카드
6135,6523,2026-05-07 09:29:33,76070,30470,45600,카드
6136,6538,2026-05-07 09:39:16,181440,72640,108800,카드
6137,6524,2026-05-07 09:39:41,221200,88500,132700,카드
6138,6527,2026-05-07 09:42:52,168010,67210,100800,카드
6139,6544,2026-05-07 09:46:28,144730,57930,86800,카드
6140,6539,2026-05-07 09:49:47,33860,13560,20300,카드
6141,6532,2026-05-07 09:51:33,44520,17820,26700,카드
6142,6546,2026-05-07 09:55:24,32900,13200,19700,카드
6143,6529,2026-05-07 09:56:07,19350,7750,11600,카드
6144,6548,2026-05-07 09:58:37,72730,29130,43600,카드
6145,6542,2026-05-07 09:58:58,26370,10570,15800,카드
6146,6545,2026-05-07 09:59:24,186010,74410,111600,카드
6147,6533,2026-05-07 10:00:19,37810,15210,22600,간편결제
6148,6540,2026-05-07 10:00:26,41090,16490,24600,간편결제
6149,6534,2026-05-07 10:01:17,170220,68120,102100,카드
6150,6547,2026-05-07 10:02:42,28320,11420,16900,카드
6151,6551,2026-05-07 10:05:12,29190,11690,17500,카드
6152,6537,2026-05-07 10:26:02,32420,13020,19400,카드
6153,6536,2026-05-07 10:32:21,44380,17780,26600,간편결제
6154,6541,2026-05-07 10:49:36,18260,7360,10900,카드
6155,6543,2026-05-07 10:59:58,40990,16490,24500,카드
6156,6549,2026-05-07 11:03:31,19620,7920,11700,카드
6157,6552,2026-05-07 11:10:42,60140,24140,36000,카드
6158,6553,2026-05-07 11:22:59,22910,9210,13700,카드
6159,6558,2026-05-07 11:23:58,28660,11560,17100,카드
6160,6560,2026-05-07 11:32:28,18940,7640,11300,간편결제
6161,6555,2026-05-07 11:33:22,18740,7540,11200,카드
6162,6557,2026-05-07 11:39:24,164780,65980,98800,카드
6163,6554,2026-05-07 11:40:18,42030,16830,25200,현금
6164,6559,2026-05-07 11:56:26,27520,11020,16500,카드
6165,6561,2026-05-07 13:41:55,27890,11190,16700,카드
6166,6562,2026-05-07 13:46:31,42100,16900,25200,간편결제
6167,6567,2026-05-07 13:47:46,147520,59020,88500,카드
6168,6575,2026-05-07 13:49:16,18320,7420,10900,카드
6169,6563,2026-05-07 13:51:40,182820,73220,109600,카드
6170,6568,2026-05-07 13:53:36,26580,10680,15900,카드
6171,6579,2026-05-07 13:54:38,25670,10270,15400,카드
6172,6564,2026-05-07 13:56:35,21840,8740,13100,카드
6173,6566,2026-05-07 13:56:42,32060,12860,19200,현금
6174,6570,2026-05-07 13:57:01,197560,79060,118500,카드
6175,6576,2026-05-07 14:01:44,86790,34790,52000,카드
6176,6565,2026-05-07 14:05:04,31090,12490,18600,카드
6177,6569,2026-05-07 14:05:29,23840,9540,14300,카드
6178,6574,2026-05-07 14:06:51,186350,74550,111800,카드
6179,6572,2026-05-07 14:08:18,21340,8540,12800,카드
6180,6577,2026-05-07 14:12:51,22990,9290,13700,카드
6181,6578,2026-05-07 14:14:19,27880,11180,16700,카드
6182,6571,2026-05-07 14:16:01,33710,13510,20200,현금
6183,6582,2026-05-07 14:16:35,22350,8950,13400,카드
6184,6596,2026-05-07 14:18:27,21210,8510,12700,카드
6185,6588,2026-05-07 14:18:30,61390,24590,36800,카드
6186,6580,2026-05-07 14:18:44,25420,10220,15200,카드
6187,6573,2026-05-07 14:20:35,105230,42130,63100,카드
6188,6593,2026-05-07 14:23:28,33640,13540,20100,카드
6189,6586,2026-05-07 14:23:51,23020,9220,13800,카드
6190,6587,2026-05-07 14:28:57,28770,11570,17200,간편결제
6191,6584,2026-05-07 14:29:30,26040,10440,15600,간편결제
6192,6602,2026-05-07 14:31:43,18190,7290,10900,간편결제
6193,6589,2026-05-07 14:33:51,26310,10610,15700,카드
6194,6595,2026-05-07 14:36:13,25080,10080,15000,간편결제
6195,6585,2026-05-07 14:36:17,39010,15610,23400,카드
6196,6581,2026-05-07 14:39:33,267270,106970,160300,현금
6197,6591,2026-05-07 14:39:35,22420,9020,13400,현금
6198,6610,2026-05-07 14:41:48,246820,98820,148000,카드
6199,6604,2026-05-07 14:45:55,52360,20960,31400,간편결제
6200,6599,2026-05-07 14:46:18,187980,75280,112700,카드
6201,6597,2026-05-07 14:46:51,31250,12550,18700,카드
6202,6600,2026-05-07 14:50:39,19360,7760,11600,카드
6203,6603,2026-05-07 14:50:48,24440,9840,14600,카드
6204,6590,2026-05-07 14:57:03,29760,11960,17800,현금
6205,6605,2026-05-07 14:58:41,23920,9620,14300,현금
6206,6601,2026-05-07 14:59:18,118160,47360,70800,간편결제
6207,6607,2026-05-07 15:09:50,40380,16180,24200,카드
6208,6611,2026-05-07 15:13:28,26000,10400,15600,카드
6209,6594,2026-05-07 15:16:12,18640,7540,11100,카드
6210,6592,2026-05-07 15:18:26,33260,13360,19900,간편결제
6211,6616,2026-05-07 15:19:55,28110,11310,16800,카드
6212,6598,2026-05-07 15:25:45,236850,94750,142100,카드
6213,6612,2026-05-07 15:25:58,189230,75730,113500,카드
6214,6618,2026-05-07 15:30:41,241220,96520,144700,카드
6215,6609,2026-05-07 15:32:59,23720,9520,14200,간편결제
6216,6619,2026-05-07 15:37:18,24580,9880,14700,카드
6217,6613,2026-05-07 15:43:37,39480,15880,23600,카드
6218,6614,2026-05-07 15:50:58,268060,107260,160800,간편결제
6219,6621,2026-05-07 15:56:49,26230,10530,15700,카드
6220,6615,2026-05-07 16:02:29,38930,15630,23300,현금
6221,6620,2026-05-07 16:04:40,21680,8680,13000,카드
6222,6622,2026-05-07 16:09:23,29180,11680,17500,카드
6223,6623,2026-05-08 09:12:16,84220,33720,50500,간편결제
6224,6624,2026-05-08 09:30:43,37930,15230,22700,카드
6225,6628,2026-05-08 09:35:19,26660,10760,15900,카드
6226,6626,2026-05-08 09:40:54,31850,12750,19100,카드
6227,6627,2026-05-08 09:43:00,33830,13630,20200,카드
6228,6631,2026-05-08 09:43:13,22200,8900,13300,카드
6229,6636,2026-05-08 09:49:59,37810,15210,22600,카드
6230,6630,2026-05-08 10:06:26,282410,113010,169400,카드
6231,6637,2026-05-08 10:07:19,41640,16740,24900,간편결제
6232,6633,2026-05-08 10:10:20,25760,10360,15400,카드
6233,6632,2026-05-08 10:19:18,38060,15260,22800,카드
6234,6639,2026-05-08 10:19:21,28890,11590,17300,현금
6235,6641,2026-05-08 10:29:06,21290,8590,12700,카드
6236,6642,2026-05-08 10:31:47,53490,21490,32000,카드
6237,6638,2026-05-08 10:34:00,85900,34400,51500,카드
6238,6634,2026-05-08 10:36:21,41670,16670,25000,카드
6239,6635,2026-05-08 10:36:30,247830,99230,148600,카드
6240,6640,2026-05-08 10:40:48,215410,86210,129200,카드
6241,6644,2026-05-08 10:58:15,28140,11340,16800,카드
6242,6645,2026-05-08 11:08:41,22740,9140,13600,카드
6243,6646,2026-05-08 13:53:29,30770,12370,18400,카드
6244,6652,2026-05-08 13:54:42,162090,64890,97200,카드
6245,6647,2026-05-08 13:57:52,23820,9620,14200,카드
6246,6649,2026-05-08 13:59:18,143990,57690,86300,간편결제
6247,6658,2026-05-08 14:02:16,19770,7970,11800,카드
6248,6650,2026-05-08 14:03:28,29660,11960,17700,카드
6249,6657,2026-05-08 14:11:33,27870,11170,16700,카드
6250,6661,2026-05-08 14:17:48,259710,103910,155800,카드
6251,6660,2026-05-08 14:29:24,27620,11120,16500,카드
6252,6662,2026-05-08 14:29:29,18440,7440,11000,카드
6253,6654,2026-05-08 14:30:11,208340,83340,125000,간편결제
6254,6653,2026-05-08 14:33:10,21120,8520,12600,카드
6255,6665,2026-05-08 14:33:51,28410,11410,17000,카드
6256,6655,2026-05-08 14:34:31,35200,14100,21100,현금
6257,6663,2026-05-08 14:40:45,160940,64440,96500,카드
6258,6668,2026-05-08 14:43:48,273580,109480,164100,카드
6259,6666,2026-05-08 14:50:00,34330,13830,20500,카드
6260,6656,2026-05-08 14:51:00,26690,10690,16000,간편결제
6261,6659,2026-05-08 14:53:02,242160,96960,145200,카드
6262,6664,2026-05-08 15:09:13,31630,12730,18900,카드
6263,6669,2026-05-08 15:15:18,205910,82410,123500,카드
6264,6670,2026-05-08 15:27:45,19240,7740,11500,간편결제
6265,6667,2026-05-08 15:27:52,210950,84450,126500,간편결제
6266,6672,2026-05-08 15:30:40,25970,10470,15500,카드
6267,6674,2026-05-08 15:36:32,154600,61900,92700,카드
6268,6673,2026-05-08 15:42:23,228000,91200,136800,카드
6269,6671,2026-05-08 15:53:14,98960,39660,59300,카드
6270,6675,2026-05-11 09:12:17,126070,50470,75600,카드
6271,6676,2026-05-11 09:15:06,27830,11230,16600,카드
6272,6687,2026-05-11 09:20:05,22110,8910,13200,카드
6273,6680,2026-05-11 09:20:58,98790,39590,59200,카드
6274,6690,2026-05-11 09:23:04,27420,11020,16400,카드
6275,6684,2026-05-11 09:25:05,40630,16330,24300,카드
6276,6688,2026-05-11 09:26:23,35980,14480,21500,카드
6277,6678,2026-05-11 09:26:49,66290,26590,39700,카드
6278,6677,2026-05-11 09:31:13,26800,10800,16000,카드
6279,6681,2026-05-11 09:31:35,42180,16880,25300,간편결제
6280,6679,2026-05-11 09:36:24,30730,12330,18400,카드
6281,6691,2026-05-11 09:38:25,25820,10420,15400,카드
6282,6695,2026-05-11 09:43:52,287680,115080,172600,카드
6283,6689,2026-05-11 09:44:25,24870,9970,14900,현금
6284,6685,2026-05-11 09:47:06,256170,102470,153700,카드
6285,6692,2026-05-11 09:49:00,29460,11860,17600,카드
6286,6694,2026-05-11 09:49:28,22820,9220,13600,카드
6287,6698,2026-05-11 09:56:57,39120,15720,23400,카드
6288,6683,2026-05-11 10:01:23,52430,21030,31400,카드
6289,6686,2026-05-11 10:04:55,123420,49420,74000,카드
6290,6682,2026-05-11 10:09:31,34320,13820,20500,현금
6291,6701,2026-05-11 10:11:20,26900,10800,16100,카드
6292,6709,2026-05-11 10:12:58,42270,16970,25300,카드
6293,6700,2026-05-11 10:15:36,42560,17060,25500,간편결제
6294,6703,2026-05-11 10:32:56,229740,91940,137800,카드
6295,6710,2026-05-11 10:34:06,18540,7440,11100,현금
6296,6693,2026-05-11 10:34:42,115570,46270,69300,카드
6297,6705,2026-05-11 10:35:15,38710,15510,23200,카드
6298,6706,2026-05-11 10:42:26,21440,8640,12800,카드
6299,6702,2026-05-11 10:43:26,216460,86660,129800,카드
6300,6697,2026-05-11 10:45:26,31140,12540,18600,카드
6301,6714,2026-05-11 10:46:04,116740,46740,70000,카드
6302,6708,2026-05-11 10:46:52,146470,58670,87800,카드
6303,6713,2026-05-11 11:00:31,37500,15000,22500,간편결제
6304,6711,2026-05-11 11:03:00,34450,13850,20600,카드
6305,6707,2026-05-11 11:03:49,178620,71520,107100,현금
6306,6718,2026-05-11 11:04:23,21790,8790,13000,카드
6307,6717,2026-05-11 11:08:50,27060,10860,16200,카드
6308,6712,2026-05-11 11:30:09,138640,55540,83100,현금
6309,6715,2026-05-11 11:34:05,28420,11420,17000,카드
6310,6716,2026-05-11 11:41:46,231650,92750,138900,카드
6311,6719,2026-05-11 11:44:51,28820,11620,17200,현금
6312,6721,2026-05-11 13:39:08,63430,25430,38000,카드
6313,6731,2026-05-11 13:47:30,27790,11190,16600,카드
6314,6723,2026-05-11 13:51:37,20600,8300,12300,카드
6315,6724,2026-05-11 13:51:43,84260,33760,50500,카드
6316,6720,2026-05-11 13:52:07,37060,14860,22200,카드
6317,6737,2026-05-11 13:54:28,23040,9240,13800,카드
6318,6722,2026-05-11 13:54:44,26720,10720,16000,카드
6319,6728,2026-05-11 13:55:11,22460,9060,13400,카드
6320,6730,2026-05-11 14:04:01,33370,13370,20000,간편결제
6321,6732,2026-05-11 14:04:31,20270,8170,12100,카드
6322,6745,2026-05-11 14:09:17,20810,8410,12400,현금
6323,6725,2026-05-11 14:12:06,22390,8990,13400,카드
6324,6726,2026-05-11 14:13:30,25390,10190,15200,간편결제
6325,6729,2026-05-11 14:13:33,36270,14570,21700,카드
6326,6739,2026-05-11 14:15:47,272110,108910,163200,카드
6327,6746,2026-05-11 14:19:38,41890,16790,25100,간편결제
6328,6734,2026-05-11 14:24:10,69480,27880,41600,카드
6329,6749,2026-05-11 14:25:28,22420,9020,13400,현금
6330,6753,2026-05-11 14:35:20,159710,63910,95800,카드
6331,6754,2026-05-11 14:37:58,43680,17480,26200,카드
6332,6755,2026-05-11 14:39:39,26700,10700,16000,카드
6333,6768,2026-05-11 14:47:20,31460,12660,18800,카드
6334,6763,2026-05-11 14:47:44,18250,7350,10900,카드
6335,6762,2026-05-11 14:48:09,28410,11410,17000,카드
6336,6776,2026-05-11 14:48:54,29380,11780,17600,간편결제
6337,6767,2026-05-11 14:50:15,22290,8990,13300,카드
6338,6735,2026-05-11 14:50:34,126620,50720,75900,현금
6339,6770,2026-05-11 14:52:43,236330,94630,141700,카드
6340,6744,2026-05-11 14:53:23,31680,12680,19000,간편결제
6341,6747,2026-05-11 14:56:56,258610,103510,155100,카드
6342,6736,2026-05-11 15:01:50,38020,15220,22800,카드
6343,6769,2026-05-11 15:02:28,32220,12920,19300,카드
6344,6779,2026-05-11 15:02:45,22110,8910,13200,카드
6345,6740,2026-05-11 15:06:27,109640,43940,65700,카드
6346,6738,2026-05-11 15:10:20,177440,71040,106400,카드
6347,6758,2026-05-11 15:12:18,21440,8640,12800,카드
6348,6761,2026-05-11 15:12:28,26480,10680,15800,카드
6349,6756,2026-05-11 15:12:51,41930,16830,25100,현금
6350,6774,2026-05-11 15:12:56,24580,9880,14700,카드
6351,6741,2026-05-11 15:18:33,21370,8570,12800,현금
6352,6748,2026-05-11 15:23:05,38700,15500,23200,간편결제
6353,6780,2026-05-11 15:23:57,246200,98500,147700,카드
6354,6766,2026-05-11 15:28:42,43820,17620,26200,카드
6355,6751,2026-05-11 15:31:18,37410,15010,22400,현금
6356,6757,2026-05-11 15:32:44,248890,99590,149300,카드
6357,6781,2026-05-11 15:37:12,33820,13620,20200,카드
6358,6782,2026-05-11 15:44:02,68180,27280,40900,간편결제
6359,6777,2026-05-11 15:44:23,176240,70540,105700,간편결제
6360,6783,2026-05-11 15:48:19,20590,8290,12300,카드
6361,6775,2026-05-11 15:52:44,225890,90390,135500,카드
6362,6773,2026-05-11 15:53:25,18100,7300,10800,카드
6363,6778,2026-05-11 15:54:49,26490,10690,15800,카드
6364,6759,2026-05-11 16:04:00,193600,77500,116100,간편결제
6365,6760,2026-05-11 16:07:51,20280,8180,12100,간편결제
6366,6764,2026-05-11 16:16:12,102360,40960,61400,간편결제
6367,6765,2026-05-11 16:24:38,78710,31510,47200,현금
6368,6785,2026-05-12 09:09:22,22760,9160,13600,카드
6369,6792,2026-05-12 09:21:27,26050,10450,15600,간편결제
6370,6798,2026-05-12 09:23:26,86880,34780,52100,카드
6371,6796,2026-05-12 09:23:34,25170,10070,15100,현금
6372,6790,2026-05-12 09:28:04,20170,8070,12100,카드
6373,6784,2026-05-12 09:28:52,241510,96610,144900,간편결제
6374,6786,2026-05-12 09:29:19,192180,76880,115300,카드
6375,6787,2026-05-12 09:29:35,32410,13010,19400,카드
6376,6791,2026-05-12 09:30:23,21870,8770,13100,카드
6377,6794,2026-05-12 09:33:28,25930,10430,15500,카드
6378,6788,2026-05-12 09:33:40,23300,9400,13900,카드
6379,6795,2026-05-12 09:34:04,23520,9420,14100,간편결제
6380,6804,2026-05-12 09:34:47,26000,10400,15600,카드
6381,6789,2026-05-12 09:35:21,168070,67270,100800,카드
6382,6799,2026-05-12 09:39:03,209160,83760,125400,카드
6383,6809,2026-05-12 09:39:21,34470,13870,20600,카드
6384,6805,2026-05-12 09:44:39,22340,8940,13400,카드
6385,6793,2026-05-12 09:46:43,35500,14200,21300,카드
6386,6800,2026-05-12 09:47:07,35530,14230,21300,카드
6387,6801,2026-05-12 09:49:16,21190,8490,12700,카드
6388,6812,2026-05-12 09:55:20,37870,15170,22700,카드
6389,6819,2026-05-12 09:56:02,128620,51520,77100,간편결제
6390,6811,2026-05-12 09:56:38,236900,94800,142100,카드
6391,6806,2026-05-12 09:57:26,27720,11120,16600,카드
6392,6803,2026-05-12 10:00:26,42540,17040,25500,카드
6393,6797,2026-05-12 10:00:52,29350,11750,17600,카드
6394,6816,2026-05-12 10:03:59,50140,20140,30000,카드
6395,6821,2026-05-12 10:04:37,27390,10990,16400,카드
6396,6817,2026-05-12 10:05:52,21330,8630,12700,카드
6397,6807,2026-05-12 10:09:04,41360,16560,24800,카드
6398,6820,2026-05-12 10:13:05,38690,15490,23200,간편결제
6399,6808,2026-05-12 10:17:48,28400,11400,17000,카드
6400,6826,2026-05-12 10:20:39,239850,95950,143900,카드
6401,6827,2026-05-12 10:21:09,19810,8010,11800,카드
6402,6810,2026-05-12 10:26:03,24750,9950,14800,카드
6403,6813,2026-05-12 10:27:46,233550,93450,140100,카드
6404,6828,2026-05-12 10:33:02,35070,14070,21000,카드
6405,6824,2026-05-12 10:36:20,38950,15650,23300,카드
6406,6814,2026-05-12 10:39:27,177030,70830,106200,카드
6407,6832,2026-05-12 10:41:36,26030,10430,15600,간편결제
6408,6815,2026-05-12 10:46:11,24450,9850,14600,카드
6409,6822,2026-05-12 10:47:52,18320,7420,10900,카드
6410,6818,2026-05-12 10:48:16,25060,10060,15000,카드
6411,6823,2026-05-12 10:48:50,29720,11920,17800,카드
6412,6834,2026-05-12 10:49:35,254750,101950,152800,현금
6413,6831,2026-05-12 10:54:00,228050,91250,136800,간편결제
6414,6835,2026-05-12 11:12:18,28210,11310,16900,현금
6415,6829,2026-05-12 11:14:34,32310,13010,19300,현금
6416,6836,2026-05-12 11:17:50,39240,15740,23500,카드
6417,6825,2026-05-12 11:19:12,30410,12210,18200,카드
6418,6838,2026-05-12 11:28:03,25400,10200,15200,카드
6419,6833,2026-05-12 11:35:51,21390,8590,12800,간편결제
6420,6830,2026-05-12 11:39:14,44870,17970,26900,카드
6421,6837,2026-05-12 11:48:58,29680,11880,17800,현금
6422,6848,2026-05-12 13:46:59,28340,11340,17000,간편결제
6423,6845,2026-05-12 13:49:08,28480,11480,17000,카드
6424,6844,2026-05-12 13:54:51,253690,101490,152200,카드
6425,6839,2026-05-12 13:56:56,38920,15620,23300,현금
6426,6840,2026-05-12 13:57:00,198620,79520,119100,카드
6427,6847,2026-05-12 13:57:16,29010,11610,17400,카드
6428,6843,2026-05-12 13:58:18,25650,10350,15300,카드
6429,6842,2026-05-12 13:58:19,19180,7680,11500,카드
6430,6853,2026-05-12 13:58:36,42480,17080,25400,카드
6431,6855,2026-05-12 14:03:09,24790,9990,14800,간편결제
6432,6865,2026-05-12 14:07:22,24920,10020,14900,카드
6433,6850,2026-05-12 14:09:11,28090,11290,16800,현금
6434,6851,2026-05-12 14:10:31,39150,15750,23400,카드
6435,6849,2026-05-12 14:11:36,42940,17240,25700,현금
6436,6868,2026-05-12 14:18:46,19460,7860,11600,카드
6437,6859,2026-05-12 14:19:55,228690,91490,137200,간편결제
6438,6846,2026-05-12 14:22:02,36180,14480,21700,카드
6439,6869,2026-05-12 14:22:14,20980,8480,12500,카드
6440,6856,2026-05-12 14:23:54,21950,8850,13100,카드
6441,6857,2026-05-12 14:24:33,27020,10820,16200,카드
6442,6854,2026-05-12 14:25:43,32950,13250,19700,간편결제
6443,6858,2026-05-12 14:27:51,127250,50950,76300,카드
6444,6852,2026-05-12 14:28:03,100040,40040,60000,카드
6445,6861,2026-05-12 14:35:52,29860,11960,17900,카드
6446,6870,2026-05-12 14:42:12,232660,93160,139500,카드
6447,6864,2026-05-12 14:44:59,36560,14660,21900,카드
6448,6860,2026-05-12 14:47:16,32410,13010,19400,카드
6449,6863,2026-05-12 14:48:04,260140,104140,156000,카드
6450,6871,2026-05-12 14:54:15,39060,15660,23400,카드
6451,6862,2026-05-12 14:55:33,167820,67220,100600,카드
6452,6866,2026-05-12 14:56:02,118660,47560,71100,간편결제
6453,6873,2026-05-12 15:10:56,34680,13880,20800,간편결제
6454,6867,2026-05-12 15:13:18,35720,14320,21400,카드
6455,6881,2026-05-12 15:13:30,44730,17930,26800,카드
6456,6885,2026-05-12 15:15:20,29600,11900,17700,카드
6457,6882,2026-05-12 15:16:01,34070,13670,20400,카드
6458,6872,2026-05-12 15:21:03,36020,14420,21600,카드
6459,6874,2026-05-12 15:26:02,43930,17630,26300,카드
6460,6886,2026-05-12 15:27:15,18620,7520,11100,현금
6461,6887,2026-05-12 15:27:56,26790,10790,16000,카드
6462,6875,2026-05-12 15:39:00,28900,11600,17300,카드
6463,6888,2026-05-12 15:41:12,230250,92150,138100,카드
6464,6876,2026-05-12 15:49:50,27540,11040,16500,카드
6465,6877,2026-05-12 15:49:55,93340,37340,56000,간편결제
6466,6880,2026-05-12 16:03:59,20410,8210,12200,간편결제
6467,6883,2026-05-12 16:11:00,275370,110170,165200,카드
6468,6890,2026-05-12 16:11:39,26860,10760,16100,카드
6469,6879,2026-05-12 16:13:06,37630,15130,22500,카드
6470,6889,2026-05-12 16:28:05,185240,74140,111100,카드
6471,6893,2026-05-13 09:10:45,200420,80220,120200,간편결제
6472,6902,2026-05-13 09:12:02,26190,10490,15700,카드
6473,6894,2026-05-13 09:15:38,55320,22220,33100,카드
6474,6897,2026-05-13 09:20:45,20100,8100,12000,카드
6475,6892,2026-05-13 09:29:20,135300,54200,81100,간편결제
6476,6895,2026-05-13 09:31:50,23330,9430,13900,카드
6477,6898,2026-05-13 09:38:04,37430,15030,22400,간편결제
6478,6896,2026-05-13 09:43:39,42180,16880,25300,카드
6479,6910,2026-05-13 09:55:41,26380,10580,15800,카드
6480,6908,2026-05-13 09:57:08,244090,97690,146400,카드
6481,6901,2026-05-13 09:58:25,38180,15280,22900,카드
6482,6899,2026-05-13 10:01:23,33770,13570,20200,카드
6483,6900,2026-05-13 10:02:56,247910,99210,148700,카드
6484,6911,2026-05-13 10:08:01,22840,9140,13700,카드
6485,6904,2026-05-13 10:11:12,63420,25420,38000,간편결제
6486,6913,2026-05-13 10:11:52,43630,17530,26100,현금
6487,6903,2026-05-13 10:15:08,22200,8900,13300,카드
6488,6912,2026-05-13 10:15:19,25880,10380,15500,간편결제
6489,6915,2026-05-13 10:18:00,21600,8700,12900,현금
6490,6905,2026-05-13 10:30:11,33080,13280,19800,카드
6491,6918,2026-05-13 10:32:20,249500,99800,149700,카드
6492,6906,2026-05-13 10:45:52,60000,24000,36000,카드
6493,6920,2026-05-13 10:55:55,28410,11410,17000,카드
6494,6907,2026-05-13 10:58:43,34940,14040,20900,카드
6495,6914,2026-05-13 11:01:48,24370,9770,14600,카드
6496,6909,2026-05-13 11:02:12,26290,10590,15700,카드
6497,6917,2026-05-13 11:09:02,224470,89870,134600,카드
6498,6916,2026-05-13 11:11:47,157820,63220,94600,카드
6499,6922,2026-05-13 13:46:48,40020,16020,24000,간편결제
6500,6924,2026-05-13 13:51:28,139840,55940,83900,현금
6501,6925,2026-05-13 13:57:49,252350,100950,151400,간편결제
6502,6921,2026-05-13 14:00:33,22420,9020,13400,카드
6503,6923,2026-05-13 14:05:29,29550,11850,17700,카드
6504,6927,2026-05-13 14:11:35,20500,8200,12300,간편결제
6505,6926,2026-05-13 14:14:53,26370,10570,15800,카드
6506,6928,2026-05-13 14:41:29,125970,50470,75500,현금
6507,6929,2026-05-13 14:46:39,29360,11760,17600,카드
6508,6930,2026-05-13 15:36:55,39900,16000,23900,현금
6509,6931,2026-05-13 15:54:03,20560,8260,12300,카드
6510,6932,2026-05-13 15:55:47,24140,9740,14400,간편결제
6511,6933,2026-05-14 09:11:59,20190,8090,12100,카드
6512,6941,2026-05-14 09:19:21,222480,89080,133400,카드
6513,6939,2026-05-14 09:25:02,23700,9500,14200,카드
6514,6938,2026-05-14 09:26:01,19870,7970,11900,현금
6515,6947,2026-05-14 09:27:04,240670,96270,144400,카드
6516,6936,2026-05-14 09:29:11,23660,9560,14100,현금
6517,6940,2026-05-14 09:30:42,41360,16560,24800,카드
6518,6935,2026-05-14 09:31:39,39860,15960,23900,카드
6519,6942,2026-05-14 09:32:20,29540,11840,17700,카드
6520,6934,2026-05-14 09:33:45,79530,31830,47700,카드
6521,6949,2026-05-14 09:40:00,40140,16140,24000,카드
6522,6957,2026-05-14 09:43:01,32760,13160,19600,간편결제
6523,6943,2026-05-14 09:44:10,27130,10930,16200,카드
6524,6953,2026-05-14 09:45:26,28080,11280,16800,카드
6525,6944,2026-05-14 09:48:33,215180,86080,129100,카드
6526,6937,2026-05-14 09:49:08,29320,11820,17500,현금
6527,6954,2026-05-14 10:04:44,27760,11160,16600,카드
6528,6960,2026-05-14 10:05:31,23210,9310,13900,카드
6529,6945,2026-05-14 10:06:24,40430,16230,24200,카드
6530,6946,2026-05-14 10:08:48,81600,32700,48900,카드
6531,6950,2026-05-14 10:12:27,22100,8900,13200,카드
6532,6961,2026-05-14 10:14:04,126060,50460,75600,카드
6533,6966,2026-05-14 10:15:03,96210,38510,57700,카드
6534,6948,2026-05-14 10:15:39,203000,81200,121800,간편결제
6535,6962,2026-05-14 10:19:05,28880,11580,17300,카드
6536,6969,2026-05-14 10:22:43,19890,7990,11900,간편결제
6537,6952,2026-05-14 10:27:16,24440,9840,14600,카드
6538,6970,2026-05-14 10:31:35,41540,16640,24900,간편결제
6539,6951,2026-05-14 10:35:15,280120,112120,168000,카드
6540,6955,2026-05-14 10:36:22,36300,14600,21700,카드
6541,6973,2026-05-14 10:42:52,54460,21860,32600,현금
6542,6968,2026-05-14 10:44:11,32880,13180,19700,카드
6543,6956,2026-05-14 10:48:28,24110,9710,14400,카드
6544,6958,2026-05-14 10:52:14,28380,11380,17000,카드
6545,6972,2026-05-14 10:53:21,23840,9540,14300,카드
6546,6974,2026-05-14 11:06:59,35690,14290,21400,카드
6547,6959,2026-05-14 11:10:54,232440,93040,139400,카드
6548,6963,2026-05-14 11:19:07,32920,13220,19700,카드
6549,6965,2026-05-14 11:20:40,18430,7430,11000,카드
6550,6964,2026-05-14 11:24:29,20980,8480,12500,간편결제
6551,6975,2026-05-14 11:36:18,20890,8390,12500,간편결제
6552,6967,2026-05-14 11:38:03,20810,8410,12400,카드
6553,6971,2026-05-14 11:40:33,189630,75930,113700,카드
6554,6986,2026-05-14 13:49:27,18090,7290,10800,카드
6555,6978,2026-05-14 13:53:12,28860,11560,17300,카드
6556,6977,2026-05-14 13:53:17,26890,10790,16100,카드
6557,6980,2026-05-14 13:53:41,31460,12660,18800,카드
6558,6992,2026-05-14 13:55:45,189100,75700,113400,카드
6559,6981,2026-05-14 13:59:30,28030,11230,16800,카드
6560,6987,2026-05-14 14:02:08,38030,15230,22800,카드
6561,6991,2026-05-14 14:07:29,21710,8710,13000,카드
6562,6989,2026-05-14 14:09:34,28760,11560,17200,카드
6563,6979,2026-05-14 14:12:02,44780,17980,26800,카드
6564,6993,2026-05-14 14:12:50,90060,36060,54000,카드
6565,6982,2026-05-14 14:13:02,31810,12810,19000,현금
6566,6999,2026-05-14 14:15:09,66010,26410,39600,카드
6567,6983,2026-05-14 14:17:10,26940,10840,16100,간편결제
6568,6988,2026-05-14 14:21:50,39910,16010,23900,카드
6569,6998,2026-05-14 14:24:23,114080,45680,68400,카드
6570,7002,2026-05-14 14:29:11,32030,12830,19200,간편결제
6571,7003,2026-05-14 14:33:49,29840,11940,17900,카드
6572,6984,2026-05-14 14:40:49,170230,68130,102100,카드
6573,7006,2026-05-14 14:44:30,278040,111240,166800,카드
6574,6990,2026-05-14 14:48:57,224210,89710,134500,카드
6575,7007,2026-05-14 14:49:11,30260,12160,18100,카드
6576,6985,2026-05-14 14:52:53,36770,14770,22000,현금
6577,7008,2026-05-14 14:55:22,113980,45680,68300,카드
6578,6994,2026-05-14 15:03:58,195640,78340,117300,카드
6579,7000,2026-05-14 15:04:37,20630,8330,12300,카드
6580,7010,2026-05-14 15:06:53,32170,12870,19300,카드
6581,6997,2026-05-14 15:11:12,29350,11750,17600,카드
6582,6996,2026-05-14 15:15:23,27040,10840,16200,카드
6583,7001,2026-05-14 15:25:19,123070,49270,73800,카드
6584,7004,2026-05-14 15:39:52,29130,11730,17400,카드
6585,7005,2026-05-14 15:45:48,29250,11750,17500,카드
6586,7009,2026-05-14 15:47:07,33780,13580,20200,카드
6587,7012,2026-05-14 16:09:20,28960,11660,17300,카드
6588,7011,2026-05-14 16:14:08,29460,11860,17600,카드
6589,7013,2026-05-15 09:08:34,26530,10630,15900,간편결제
6590,7017,2026-05-15 09:21:29,25930,10430,15500,카드
6591,7015,2026-05-15 09:27:24,269160,107760,161400,카드
6592,7019,2026-05-15 09:36:40,29560,11860,17700,현금
6593,7016,2026-05-15 09:46:00,91470,36670,54800,카드
6594,7022,2026-05-15 09:49:45,38840,15540,23300,카드
6595,7018,2026-05-15 09:51:38,218650,87550,131100,간편결제
6596,7020,2026-05-15 10:01:26,19740,7940,11800,카드
6597,7024,2026-05-15 10:04:51,241410,96610,144800,간편결제
6598,7023,2026-05-15 10:07:31,25730,10330,15400,카드
6599,7021,2026-05-15 10:13:45,31900,12800,19100,카드
6600,7026,2026-05-15 10:22:53,245180,98080,147100,카드
6601,7025,2026-05-15 10:41:43,33650,13550,20100,간편결제
6602,7027,2026-05-15 10:42:42,30360,12160,18200,카드
6603,7028,2026-05-15 11:04:56,28540,11440,17100,카드
6604,7029,2026-05-15 11:23:27,20790,8390,12400,카드
6605,7030,2026-05-15 13:44:20,26280,10580,15700,간편결제
6606,7032,2026-05-15 13:47:39,262160,104960,157200,간편결제
6607,7034,2026-05-15 13:51:04,254690,101890,152800,카드
6608,7035,2026-05-15 14:01:27,35960,14460,21500,카드
6609,7037,2026-05-15 14:04:31,113670,45470,68200,카드
6610,7039,2026-05-15 14:09:57,26070,10470,15600,카드
6611,7036,2026-05-15 14:10:29,104250,41750,62500,카드
6612,7038,2026-05-15 14:14:42,31950,12850,19100,카드
6613,7040,2026-05-15 14:15:16,23910,9610,14300,카드
6614,7041,2026-05-15 14:17:01,95930,38430,57500,카드
6615,7042,2026-05-15 14:32:57,29240,11740,17500,카드
6616,7045,2026-05-15 14:49:32,28920,11620,17300,카드
6617,7047,2026-05-15 14:50:51,23660,9560,14100,간편결제
6618,7048,2026-05-15 14:53:20,18130,7330,10800,카드
6619,7043,2026-05-15 14:57:10,243830,97630,146200,카드
6620,7044,2026-05-15 14:58:47,33150,13350,19800,간편결제
6621,7046,2026-05-15 14:58:56,26220,10520,15700,카드
6622,7050,2026-05-15 15:29:30,71060,28460,42600,카드
6623,7049,2026-05-15 15:32:45,39510,15810,23700,현금
6624,7051,2026-05-18 09:17:27,228890,91590,137300,카드
6625,7052,2026-05-18 09:22:28,153040,61240,91800,카드
6626,7054,2026-05-18 09:28:55,21470,8670,12800,카드
6627,7057,2026-05-18 09:29:03,21380,8580,12800,카드
6628,7053,2026-05-18 09:30:12,226330,90630,135700,카드
6629,7056,2026-05-18 09:31:00,27160,10960,16200,카드
6630,7067,2026-05-18 09:34:59,39730,15930,23800,카드
6631,7058,2026-05-18 09:47:48,35060,14060,21000,현금
6632,7055,2026-05-18 09:48:55,35200,14100,21100,카드
6633,7069,2026-05-18 09:51:38,37290,14990,22300,카드
6634,7059,2026-05-18 09:53:03,21370,8570,12800,간편결제
6635,7060,2026-05-18 09:59:28,97130,38930,58200,간편결제
6636,7061,2026-05-18 10:01:08,77760,31160,46600,현금
6637,7072,2026-05-18 10:02:20,19160,7760,11400,카드
6638,7070,2026-05-18 10:03:29,130580,52280,78300,카드
6639,7083,2026-05-18 10:04:58,29600,11900,17700,카드
6640,7068,2026-05-18 10:10:57,18430,7430,11000,카드
6641,7062,2026-05-18 10:16:47,150670,60270,90400,카드
6642,7063,2026-05-18 10:17:12,40220,16120,24100,카드
6643,7071,2026-05-18 10:28:13,104610,41910,62700,카드
6644,7073,2026-05-18 10:32:12,26200,10500,15700,간편결제
6645,7064,2026-05-18 10:35:02,35640,14340,21300,카드
6646,7065,2026-05-18 10:36:49,25990,10490,15500,간편결제
6647,7092,2026-05-18 10:43:10,21100,8500,12600,카드
6648,7088,2026-05-18 10:44:27,33530,13430,20100,카드
6649,7075,2026-05-18 10:44:51,242550,97050,145500,카드
6650,7090,2026-05-18 10:45:22,25920,10420,15500,카드
6651,7076,2026-05-18 10:45:40,28800,11600,17200,간편결제
6652,7066,2026-05-18 10:49:57,29610,11910,17700,카드
6653,7094,2026-05-18 11:08:15,189670,75870,113800,카드
6654,7079,2026-05-18 11:09:54,173890,69590,104300,카드
6655,7077,2026-05-18 11:12:48,23050,9250,13800,카드
6656,7085,2026-05-18 11:18:46,22080,8880,13200,카드
6657,7095,2026-05-18 11:20:24,25740,10340,15400,간편결제
6658,7080,2026-05-18 11:21:17,260980,104480,156500,현금
6659,7081,2026-05-18 11:21:21,241080,96480,144600,현금
6660,7086,2026-05-18 11:23:41,200720,80320,120400,카드
6661,7078,2026-05-18 11:33:03,33490,13490,20000,카드
6662,7097,2026-05-18 11:41:36,72310,29010,43300,카드
6663,7082,2026-05-18 11:42:34,218080,87280,130800,카드
6664,7089,2026-05-18 11:42:43,156710,62710,94000,카드
6665,7096,2026-05-18 11:42:58,27340,10940,16400,카드
6666,7093,2026-05-18 11:50:55,36550,14650,21900,간편결제
6667,7084,2026-05-18 11:55:34,34100,13700,20400,카드
6668,7087,2026-05-18 11:55:54,19740,7940,11800,간편결제
6669,7091,2026-05-18 12:15:49,38450,15450,23000,간편결제
6670,7110,2026-05-18 13:47:24,28200,11300,16900,카드
6671,7105,2026-05-18 13:52:41,18500,7400,11100,카드
6672,7099,2026-05-18 13:56:27,20800,8400,12400,카드
6673,7100,2026-05-18 14:00:00,29460,11860,17600,카드
6674,7102,2026-05-18 14:04:32,38370,15370,23000,카드
6675,7107,2026-05-18 14:04:40,86690,34690,52000,카드
6676,7098,2026-05-18 14:05:22,80240,32140,48100,간편결제
6677,7104,2026-05-18 14:05:45,117500,47000,70500,현금
6678,7121,2026-05-18 14:06:04,28590,11490,17100,카드
6679,7113,2026-05-18 14:07:32,24800,10000,14800,카드
6680,7119,2026-05-18 14:12:36,18590,7490,11100,카드
6681,7103,2026-05-18 14:13:34,22310,9010,13300,카드
6682,7125,2026-05-18 14:15:09,39810,16010,23800,카드
6683,7109,2026-05-18 14:18:48,263040,105240,157800,카드
6684,7111,2026-05-18 14:21:30,37710,15110,22600,카드
6685,7101,2026-05-18 14:23:40,272660,109160,163500,카드
6686,7122,2026-05-18 14:24:16,221470,88670,132800,카드
6687,7106,2026-05-18 14:24:51,20070,8070,12000,카드
6688,7108,2026-05-18 14:28:10,32240,12940,19300,카드
6689,7114,2026-05-18 14:31:05,44090,17690,26400,카드
6690,7112,2026-05-18 14:33:16,26720,10720,16000,간편결제
6691,7115,2026-05-18 14:41:51,18360,7360,11000,카드
6692,7133,2026-05-18 14:48:15,27760,11160,16600,카드
6693,7117,2026-05-18 14:51:32,277100,110900,166200,카드
6694,7118,2026-05-18 14:56:48,25460,10260,15200,카드
6695,7116,2026-05-18 14:57:16,35140,14140,21000,카드
6696,7140,2026-05-18 15:04:22,124530,49830,74700,카드
6697,7124,2026-05-18 15:04:58,28950,11650,17300,카드
6698,7127,2026-05-18 15:11:11,35060,14060,21000,카드
6699,7123,2026-05-18 15:11:45,112470,45070,67400,카드
6700,7126,2026-05-18 15:19:01,282740,113140,169600,카드
6701,7131,2026-05-18 15:27:41,27330,11030,16300,카드
6702,7129,2026-05-18 15:30:00,36810,14810,22000,카드
6703,7128,2026-05-18 15:30:01,26010,10410,15600,카드
6704,7144,2026-05-18 15:34:28,25560,10260,15300,카드
6705,7130,2026-05-18 15:38:51,26250,10550,15700,카드
6706,7136,2026-05-18 15:38:55,20890,8390,12500,카드
6707,7135,2026-05-18 15:39:37,18790,7590,11200,카드
6708,7134,2026-05-18 15:42:02,26820,10820,16000,카드
6709,7137,2026-05-18 15:43:03,260610,104310,156300,카드
6710,7132,2026-05-18 15:43:46,26180,10480,15700,카드
6711,7141,2026-05-18 15:52:42,58900,23600,35300,카드
6712,7143,2026-05-18 15:53:09,25990,10490,15500,간편결제
6713,7138,2026-05-18 15:58:06,29790,11990,17800,카드
6714,7139,2026-05-18 16:00:55,210950,84450,126500,현금
6715,7142,2026-05-18 16:07:56,190370,76170,114200,간편결제
6716,7146,2026-05-19 09:19:00,42140,16940,25200,카드
6717,7155,2026-05-19 09:20:56,19900,8000,11900,카드
6718,7152,2026-05-19 09:21:08,264680,105880,158800,카드
6719,7149,2026-05-19 09:22:19,29400,11800,17600,카드
6720,7154,2026-05-19 09:24:41,190700,76300,114400,현금
6721,7145,2026-05-19 09:28:45,30080,12080,18000,카드
6722,7147,2026-05-19 09:29:35,33340,13340,20000,카드
6723,7148,2026-05-19 09:37:38,84380,33780,50600,카드
6724,7150,2026-05-19 09:42:27,211680,84680,127000,간편결제
6725,7151,2026-05-19 09:46:34,40770,16370,24400,카드
6726,7159,2026-05-19 09:46:45,22660,9160,13500,간편결제
6727,7160,2026-05-19 09:48:30,118560,47460,71100,현금
6728,7164,2026-05-19 09:49:42,21930,8830,13100,간편결제
6729,7156,2026-05-19 09:52:43,272960,109260,163700,현금
6730,7153,2026-05-19 09:53:50,28400,11400,17000,카드
6731,7158,2026-05-19 09:54:44,34930,14030,20900,카드
6732,7157,2026-05-19 09:56:06,44130,17730,26400,카드
6733,7162,2026-05-19 09:58:46,23630,9530,14100,카드
6734,7163,2026-05-19 09:59:50,28600,11500,17100,카드
6735,7167,2026-05-19 10:02:18,24340,9740,14600,카드
6736,7161,2026-05-19 10:04:23,23120,9320,13800,카드
6737,7173,2026-05-19 10:09:18,41160,16560,24600,카드
6738,7168,2026-05-19 10:11:21,58640,23540,35100,카드
6739,7165,2026-05-19 10:12:13,18890,7590,11300,카드
6740,7172,2026-05-19 10:17:56,31430,12630,18800,간편결제
6741,7170,2026-05-19 10:21:00,36810,14810,22000,현금
6742,7171,2026-05-19 10:28:45,21560,8660,12900,카드
6743,7174,2026-05-19 10:33:53,259940,104040,155900,간편결제
6744,7175,2026-05-19 10:36:26,22950,9250,13700,카드
6745,7178,2026-05-19 10:40:41,189870,75970,113900,카드
6746,7179,2026-05-19 10:45:04,257980,103280,154700,카드
6747,7176,2026-05-19 10:45:53,44370,17770,26600,간편결제
6748,7180,2026-05-19 10:48:26,23700,9500,14200,카드
6749,7181,2026-05-19 10:54:35,241950,96850,145100,현금
6750,7177,2026-05-19 10:58:57,39500,15800,23700,카드
6751,7182,2026-05-19 11:03:11,184160,73760,110400,카드
6752,7183,2026-05-19 11:29:43,29650,11950,17700,현금
6753,7185,2026-05-19 13:39:19,161400,64600,96800,카드
6754,7186,2026-05-19 13:52:04,20490,8290,12200,카드
6755,7192,2026-05-19 13:52:12,28040,11240,16800,카드
6756,7197,2026-05-19 13:54:24,185700,74300,111400,카드
6757,7184,2026-05-19 13:55:09,41400,16600,24800,카드
6758,7199,2026-05-19 13:56:49,175420,70220,105200,카드
6759,7187,2026-05-19 13:57:59,23580,9480,14100,간편결제
6760,7188,2026-05-19 14:00:05,43300,17400,25900,카드
6761,7209,2026-05-19 14:00:09,27560,11060,16500,카드
6762,7190,2026-05-19 14:03:03,40880,16380,24500,카드
6763,7205,2026-05-19 14:04:24,20330,8230,12100,카드
6764,7194,2026-05-19 14:04:28,20570,8270,12300,간편결제
6765,7204,2026-05-19 14:04:48,27560,11060,16500,간편결제
6766,7191,2026-05-19 14:06:36,114220,45720,68500,카드
6767,7203,2026-05-19 14:08:27,33710,13510,20200,카드
6768,7222,2026-05-19 14:13:26,194460,77860,116600,카드
6769,7223,2026-05-19 14:16:07,62480,25080,37400,카드
6770,7217,2026-05-19 14:16:54,19500,7800,11700,카드
6771,7196,2026-05-19 14:17:55,19130,7730,11400,카드
6772,7189,2026-05-19 14:18:18,65020,26020,39000,간편결제
6773,7207,2026-05-19 14:18:37,27840,11140,16700,카드
6774,7202,2026-05-19 14:18:54,29680,11880,17800,카드
6775,7200,2026-05-19 14:19:34,21320,8620,12700,카드
6776,7193,2026-05-19 14:23:13,192040,76840,115200,간편결제
6777,7195,2026-05-19 14:28:25,34790,13990,20800,카드
6778,7212,2026-05-19 14:31:37,42530,17030,25500,카드
6779,7211,2026-05-19 14:36:01,36800,14800,22000,카드
6780,7201,2026-05-19 14:36:11,28520,11420,17100,카드
6781,7208,2026-05-19 14:37:24,28830,11630,17200,카드
6782,7224,2026-05-19 14:39:03,158980,63680,95300,카드
6783,7227,2026-05-19 14:41:45,33810,13610,20200,카드
6784,7214,2026-05-19 14:43:08,44850,17950,26900,카드
6785,7229,2026-05-19 14:45:32,23480,9480,14000,카드
6786,7213,2026-05-19 14:51:10,34380,13780,20600,카드
6787,7210,2026-05-19 14:54:31,18150,7350,10800,간편결제
6788,7230,2026-05-19 14:56:16,183500,73400,110100,카드
6789,7228,2026-05-19 14:57:17,28080,11280,16800,카드
6790,7234,2026-05-19 15:09:53,218260,87360,130900,카드
6791,7216,2026-05-19 15:19:12,42910,17210,25700,카드
6792,7233,2026-05-19 15:19:20,24240,9740,14500,간편결제
6793,7219,2026-05-19 15:19:40,169590,67890,101700,현금
6794,7231,2026-05-19 15:19:49,43670,17470,26200,간편결제
6795,7221,2026-05-19 15:38:06,120990,48490,72500,카드
6796,7225,2026-05-19 15:38:31,21870,8770,13100,카드
6797,7220,2026-05-19 15:38:42,40500,16200,24300,카드
6798,7232,2026-05-19 16:08:38,19140,7740,11400,현금
6799,7226,2026-05-19 16:10:50,39020,15620,23400,카드
6800,7237,2026-05-20 09:17:56,194430,77830,116600,카드
6801,7235,2026-05-20 09:19:40,40360,16160,24200,카드
6802,7236,2026-05-20 09:23:01,28180,11280,16900,카드
6803,7238,2026-05-20 09:36:48,39240,15740,23500,카드
6804,7240,2026-05-20 09:37:18,22510,9010,13500,간편결제
6805,7241,2026-05-20 09:45:16,36700,14700,22000,카드
6806,7242,2026-05-20 09:46:56,242290,96990,145300,현금
6807,7243,2026-05-20 09:47:33,98150,39350,58800,카드
6808,7239,2026-05-20 09:48:45,22850,9150,13700,카드
6809,7244,2026-05-20 09:49:38,162450,65050,97400,카드
6810,7245,2026-05-20 09:57:14,170140,68140,102000,카드
6811,7247,2026-05-20 10:24:00,33430,13430,20000,간편결제
6812,7246,2026-05-20 10:32:03,61520,24620,36900,카드
6813,7248,2026-05-20 10:34:36,24250,9750,14500,카드
6814,7249,2026-05-20 10:52:51,28430,11430,17000,간편결제
6815,7250,2026-05-20 10:54:48,192960,77260,115700,카드
6816,7251,2026-05-20 11:24:08,25770,10370,15400,카드
6817,7252,2026-05-20 13:53:06,29570,11870,17700,간편결제
6818,7254,2026-05-20 13:53:19,19850,7950,11900,현금
6819,7255,2026-05-20 13:53:27,92870,37170,55700,간편결제
6820,7253,2026-05-20 13:54:16,26330,10630,15700,카드
6821,7258,2026-05-20 13:59:08,30610,12310,18300,카드
6822,7256,2026-05-20 14:07:52,32560,13060,19500,카드
6823,7259,2026-05-20 14:09:24,128980,51680,77300,카드
6824,7257,2026-05-20 14:10:14,171300,68600,102700,카드
6825,7261,2026-05-20 14:17:35,39620,15920,23700,카드
6826,7260,2026-05-20 14:19:31,19740,7940,11800,카드
6827,7262,2026-05-20 14:33:46,222020,88820,133200,카드
6828,7266,2026-05-20 14:37:02,32170,12870,19300,카드
6829,7263,2026-05-20 14:41:56,34720,13920,20800,간편결제
6830,7267,2026-05-20 14:54:07,33950,13650,20300,카드
6831,7264,2026-05-20 14:56:41,43060,17260,25800,카드
6832,7269,2026-05-20 15:10:32,31050,12450,18600,간편결제
6833,7265,2026-05-20 15:24:27,266280,106580,159700,현금
6834,7268,2026-05-20 15:25:37,44590,17890,26700,간편결제
6835,7270,2026-05-20 15:29:07,247980,99280,148700,카드
6836,7271,2026-05-20 15:34:42,189380,75780,113600,카드
6837,7275,2026-05-20 15:40:06,26080,10480,15600,카드
6838,7272,2026-05-20 15:44:14,252210,100910,151300,카드
6839,7273,2026-05-20 15:52:12,217260,86960,130300,카드
6840,7274,2026-05-20 16:01:48,89650,35950,53700,카드
6841,7276,2026-05-21 09:11:03,29210,11710,17500,카드
6842,7282,2026-05-21 09:14:49,23110,9310,13800,간편결제
6843,7278,2026-05-21 09:15:17,72610,29110,43500,간편결제
6844,7286,2026-05-21 09:19:50,27950,11250,16700,간편결제
6845,7277,2026-05-21 09:26:10,29020,11620,17400,간편결제
6846,7281,2026-05-21 09:28:41,35100,14100,21000,현금
6847,7285,2026-05-21 09:38:59,18800,7600,11200,카드
6848,7289,2026-05-21 09:40:52,44120,17720,26400,카드
6849,7290,2026-05-21 09:46:53,24950,10050,14900,카드
6850,7283,2026-05-21 09:47:16,25050,10050,15000,카드
6851,7284,2026-05-21 09:50:14,36800,14800,22000,카드
6852,7287,2026-05-21 09:56:13,26870,10770,16100,간편결제
6853,7291,2026-05-21 09:56:14,32760,13160,19600,카드
6854,7298,2026-05-21 10:00:41,185140,74140,111000,현금
6855,7293,2026-05-21 10:15:08,269190,107690,161500,카드
6856,7302,2026-05-21 10:16:20,44360,17760,26600,카드
6857,7292,2026-05-21 10:18:17,29860,11960,17900,카드
6858,7300,2026-05-21 10:19:24,39580,15880,23700,간편결제
6859,7299,2026-05-21 10:23:58,28420,11420,17000,간편결제
6860,7295,2026-05-21 10:24:26,278240,111340,166900,카드
6861,7296,2026-05-21 10:28:01,26480,10680,15800,카드
6862,7297,2026-05-21 10:32:15,19020,7620,11400,현금
6863,7294,2026-05-21 10:33:46,30790,12390,18400,현금
6864,7301,2026-05-21 10:43:53,182800,73200,109600,카드
6865,7309,2026-05-21 10:45:46,203730,81530,122200,카드
6866,7306,2026-05-21 10:49:23,18610,7510,11100,카드
6867,7310,2026-05-21 10:49:28,28140,11340,16800,카드
6868,7307,2026-05-21 10:51:47,25840,10340,15500,카드
6869,7304,2026-05-21 10:53:49,33870,13570,20300,카드
6870,7305,2026-05-21 10:54:10,27160,10960,16200,카드
6871,7313,2026-05-21 10:56:39,144180,57680,86500,카드
6872,7308,2026-05-21 10:59:25,29240,11740,17500,카드
6873,7312,2026-05-21 11:02:42,44160,17760,26400,카드
6874,7311,2026-05-21 11:03:54,29660,11960,17700,간편결제
6875,7314,2026-05-21 13:44:43,187640,75140,112500,현금
6876,7322,2026-05-21 13:55:47,224730,89930,134800,카드
6877,7315,2026-05-21 13:56:46,20880,8380,12500,간편결제
6878,7316,2026-05-21 13:57:12,180390,72190,108200,카드
6879,7317,2026-05-21 14:02:00,197240,78940,118300,현금
6880,7318,2026-05-21 14:02:52,22680,9080,13600,카드
6881,7319,2026-05-21 14:05:01,26060,10460,15600,카드
6882,7333,2026-05-21 14:05:02,18820,7620,11200,카드
6883,7321,2026-05-21 14:06:20,18320,7420,10900,카드
6884,7325,2026-05-21 14:15:05,29740,11940,17800,카드
6885,7320,2026-05-21 14:15:49,27880,11180,16700,카드
6886,7323,2026-05-21 14:21:42,21710,8710,13000,간편결제
6887,7324,2026-05-21 14:24:03,28980,11680,17300,카드
6888,7336,2026-05-21 14:24:33,19880,7980,11900,카드
6889,7327,2026-05-21 14:26:30,216560,86660,129900,카드
6890,7335,2026-05-21 14:27:33,36540,14640,21900,간편결제
6891,7331,2026-05-21 14:31:23,22570,9070,13500,카드
6892,7328,2026-05-21 14:32:17,25610,10310,15300,카드
6893,7341,2026-05-21 14:34:23,126490,50690,75800,간편결제
6894,7330,2026-05-21 14:35:24,44100,17700,26400,간편결제
6895,7326,2026-05-21 14:40:44,30500,12200,18300,카드
6896,7339,2026-05-21 14:41:39,40170,16070,24100,카드
6897,7338,2026-05-21 14:44:38,20060,8060,12000,카드
6898,7329,2026-05-21 14:50:00,30370,12170,18200,카드
6899,7340,2026-05-21 14:56:04,29600,11900,17700,카드
6900,7344,2026-05-21 15:00:53,113400,45400,68000,카드
6901,7332,2026-05-21 15:06:58,27150,10950,16200,카드
6902,7334,2026-05-21 15:07:43,112670,45070,67600,카드
6903,7347,2026-05-21 15:11:20,28780,11580,17200,카드
6904,7349,2026-05-21 15:11:40,44690,17890,26800,카드
6905,7348,2026-05-21 15:16:18,105790,42390,63400,카드
6906,7346,2026-05-21 15:18:21,32510,13010,19500,현금
6907,7342,2026-05-21 15:22:37,28480,11480,17000,간편결제
6908,7351,2026-05-21 15:29:55,24360,9760,14600,카드
6909,7350,2026-05-21 15:32:28,235440,94240,141200,카드
6910,7352,2026-05-21 15:50:41,64350,25750,38600,카드
6911,7353,2026-05-21 16:05:46,32040,12840,19200,카드
6912,7354,2026-05-21 16:15:01,113980,45680,68300,간편결제
6913,7355,2026-05-22 09:10:04,173010,69210,103800,카드
6914,7357,2026-05-22 09:10:43,19220,7720,11500,카드
6915,7356,2026-05-22 09:15:40,25390,10190,15200,카드
6916,7359,2026-05-22 09:20:27,22380,8980,13400,간편결제
6917,7361,2026-05-22 09:31:55,40080,16080,24000,카드
6918,7360,2026-05-22 09:35:31,26450,10650,15800,카드
6919,7358,2026-05-22 09:37:20,203380,81380,122000,카드
6920,7362,2026-05-22 09:44:19,35840,14340,21500,카드
6921,7364,2026-05-22 09:50:36,32910,13210,19700,카드
6922,7367,2026-05-22 09:57:28,131250,52550,78700,카드
6923,7363,2026-05-22 10:02:37,206900,82800,124100,카드
6924,7366,2026-05-22 10:07:14,278060,111260,166800,간편결제
6925,7365,2026-05-22 10:11:13,28140,11340,16800,카드
6926,7368,2026-05-22 10:31:48,101310,40610,60700,카드
6927,7369,2026-05-22 10:55:54,79400,31800,47600,카드
6928,7370,2026-05-22 11:10:10,22980,9280,13700,카드
6929,7371,2026-05-22 11:11:23,28390,11390,17000,카드
6930,7372,2026-05-22 13:46:38,26270,10570,15700,카드
6931,7377,2026-05-22 13:46:41,160290,64190,96100,카드
6932,7376,2026-05-22 13:50:35,24600,9900,14700,카드
6933,7373,2026-05-22 13:52:17,28580,11480,17100,카드
6934,7380,2026-05-22 13:58:30,44530,17830,26700,카드
6935,7379,2026-05-22 13:59:19,23950,9650,14300,간편결제
6936,7375,2026-05-22 14:03:38,125020,50020,75000,간편결제
6937,7378,2026-05-22 14:03:40,18610,7510,11100,카드
6938,7381,2026-05-22 14:04:32,75700,30300,45400,카드
6939,7382,2026-05-22 14:07:59,20900,8400,12500,간편결제
6940,7384,2026-05-22 14:23:51,28170,11270,16900,카드
6941,7385,2026-05-22 14:28:38,36780,14780,22000,간편결제
6942,7383,2026-05-22 14:34:33,28820,11620,17200,카드
6943,7387,2026-05-22 14:44:02,22080,8880,13200,카드
6944,7386,2026-05-22 14:47:17,30740,12340,18400,카드
6945,7388,2026-05-22 14:58:44,271050,108450,162600,간편결제
6946,7391,2026-05-22 15:17:11,40640,16340,24300,카드
6947,7390,2026-05-22 15:22:19,92150,36950,55200,간편결제
6948,7392,2026-05-22 15:28:34,33150,13350,19800,카드
6949,7411,2026-05-26 09:11:23,29410,11810,17600,현금
6950,7397,2026-05-26 09:12:37,24980,10080,14900,카드
6951,7394,2026-05-26 09:14:13,22020,8820,13200,카드
6952,7413,2026-05-26 09:14:20,27520,11020,16500,간편결제
6953,7398,2026-05-26 09:18:00,137890,55190,82700,카드
6954,7403,2026-05-26 09:23:00,21630,8730,12900,카드
6955,7395,2026-05-26 09:28:45,24830,10030,14800,카드
6956,7406,2026-05-26 09:31:32,87460,35060,52400,카드
6957,7414,2026-05-26 09:33:23,19410,7810,11600,간편결제
6958,7407,2026-05-26 09:34:58,44920,18020,26900,카드
6959,7422,2026-05-26 09:36:10,197330,79030,118300,카드
6960,7396,2026-05-26 09:36:23,205090,82090,123000,카드
6961,7405,2026-05-26 09:37:46,283230,113330,169900,현금
6962,7400,2026-05-26 09:38:12,199370,79770,119600,간편결제
6963,7408,2026-05-26 09:39:26,261840,104740,157100,간편결제
6964,7404,2026-05-26 09:40:40,43330,17430,25900,카드
6965,7401,2026-05-26 09:46:30,34740,13940,20800,카드
6966,7424,2026-05-26 09:47:06,267040,106840,160200,간편결제
6967,7423,2026-05-26 09:47:15,29390,11790,17600,카드
6968,7417,2026-05-26 09:49:39,21720,8720,13000,카드
6969,7412,2026-05-26 09:54:53,19470,7870,11600,카드
6970,7402,2026-05-26 09:56:13,26890,10790,16100,카드
6971,7428,2026-05-26 09:59:41,93660,37560,56100,카드
6972,7415,2026-05-26 09:59:54,34320,13820,20500,카드
6973,7436,2026-05-26 10:00:40,219890,87990,131900,카드
6974,7429,2026-05-26 10:00:42,22370,8970,13400,카드
6975,7439,2026-05-26 10:02:55,28710,11510,17200,카드
6976,7425,2026-05-26 10:06:33,109350,43750,65600,카드
6977,7418,2026-05-26 10:08:05,44400,17800,26600,간편결제
6978,7409,2026-05-26 10:08:44,29820,12020,17800,카드
6979,7416,2026-05-26 10:14:46,18320,7420,10900,간편결제
6980,7410,2026-05-26 10:15:58,28900,11600,17300,현금
6981,7447,2026-05-26 10:19:11,83790,33590,50200,카드
6982,7449,2026-05-26 10:20:39,61530,24630,36900,카드
6983,7426,2026-05-26 10:21:26,33120,13320,19800,현금
6984,7419,2026-05-26 10:22:11,209770,83970,125800,카드
6985,7451,2026-05-26 10:22:32,31280,12580,18700,카드
6986,7420,2026-05-26 10:22:55,38770,15570,23200,간편결제
6987,7438,2026-05-26 10:24:18,38430,15430,23000,카드
6988,7443,2026-05-26 10:26:01,22310,9010,13300,현금
6989,7442,2026-05-26 10:30:40,33210,13310,19900,간편결제
6990,7453,2026-05-26 10:32:50,26120,10520,15600,카드
6991,7444,2026-05-26 10:33:24,171460,68660,102800,카드
6992,7434,2026-05-26 10:40:23,26060,10460,15600,카드
6993,7456,2026-05-26 10:40:34,18110,7310,10800,간편결제
6994,7432,2026-05-26 10:40:36,22230,8930,13300,카드
6995,7427,2026-05-26 10:40:39,34700,13900,20800,현금
6996,7430,2026-05-26 10:41:14,159020,63620,95400,카드
6997,7454,2026-05-26 10:44:19,34890,13990,20900,카드
6998,7431,2026-05-26 10:45:50,28970,11670,17300,간편결제
6999,7445,2026-05-26 10:48:24,41180,16480,24700,현금
7000,7441,2026-05-26 10:51:33,25960,10460,15500,카드
7001,7435,2026-05-26 10:52:10,230280,92180,138100,카드
7002,7458,2026-05-26 10:58:29,33090,13290,19800,카드
7003,7446,2026-05-26 11:00:30,29810,12010,17800,현금
7004,7459,2026-05-26 11:03:47,71710,28710,43000,카드
7005,7440,2026-05-26 11:04:55,28890,11590,17300,카드
7006,7448,2026-05-26 11:05:44,74690,29890,44800,현금
7007,7461,2026-05-26 11:08:42,42090,16890,25200,카드
7008,7437,2026-05-26 11:10:19,180580,72280,108300,카드
7009,7460,2026-05-26 11:14:02,39430,15830,23600,카드
7010,7450,2026-05-26 11:15:45,19840,7940,11900,카드
7011,7465,2026-05-26 11:19:35,95970,38470,57500,카드
7012,7463,2026-05-26 11:20:43,42860,17160,25700,카드
7013,7457,2026-05-26 11:22:07,29140,11740,17400,현금
7014,7466,2026-05-26 11:29:10,249400,99800,149600,카드
7015,7452,2026-05-26 11:31:06,234250,93750,140500,간편결제
7016,7455,2026-05-26 11:33:42,23180,9280,13900,간편결제
7017,7462,2026-05-26 11:46:14,251510,100610,150900,카드
7018,7464,2026-05-26 11:48:48,137930,55230,82700,카드
7019,7468,2026-05-26 13:50:59,163200,65300,97900,카드
7020,7477,2026-05-26 13:51:13,20760,8360,12400,카드
7021,7481,2026-05-26 13:51:20,24080,9680,14400,카드
7022,7467,2026-05-26 13:52:34,19180,7680,11500,카드
7023,7475,2026-05-26 13:53:22,246170,98470,147700,카드
7024,7478,2026-05-26 13:54:34,65580,26280,39300,카드
7025,7499,2026-05-26 13:54:37,111230,44530,66700,카드
7026,7471,2026-05-26 13:54:54,35960,14460,21500,간편결제
7027,7470,2026-05-26 13:55:03,234040,93640,140400,간편결제
7028,7473,2026-05-26 13:56:41,43630,17530,26100,간편결제
7029,7469,2026-05-26 13:57:37,133700,53500,80200,간편결제
7030,7483,2026-05-26 13:57:51,22660,9160,13500,카드
7031,7474,2026-05-26 13:58:25,26320,10620,15700,현금
7032,7484,2026-05-26 14:04:49,38170,15270,22900,카드
7033,7489,2026-05-26 14:05:33,29960,12060,17900,간편결제
7034,7476,2026-05-26 14:06:59,94660,37960,56700,카드
7035,7482,2026-05-26 14:08:32,23930,9630,14300,카드
7036,7494,2026-05-26 14:08:41,22580,9080,13500,간편결제
7037,7479,2026-05-26 14:14:16,157070,62870,94200,카드
7038,7488,2026-05-26 14:14:24,36260,14560,21700,카드
7039,7493,2026-05-26 14:16:02,198050,79250,118800,카드
7040,7485,2026-05-26 14:18:33,140110,56110,84000,카드
7041,7505,2026-05-26 14:20:27,43250,17350,25900,간편결제
7042,7498,2026-05-26 14:21:08,20040,8040,12000,카드
7043,7487,2026-05-26 14:21:21,25380,10180,15200,카드
7044,7472,2026-05-26 14:23:36,35340,14140,21200,카드
7045,7490,2026-05-26 14:24:35,27020,10820,16200,카드
7046,7491,2026-05-26 14:31:15,42570,17070,25500,카드
7047,7500,2026-05-26 14:32:15,41140,16540,24600,카드
7048,7516,2026-05-26 14:32:16,18450,7450,11000,현금
7049,7514,2026-05-26 14:32:28,39920,16020,23900,카드
7050,7480,2026-05-26 14:33:00,44730,17930,26800,카드
7051,7513,2026-05-26 14:34:26,44940,18040,26900,카드
7052,7511,2026-05-26 14:35:07,36990,14890,22100,카드
7053,7510,2026-05-26 14:35:38,40240,16140,24100,현금
7054,7502,2026-05-26 14:37:42,22410,9010,13400,카드
7055,7515,2026-05-26 14:39:32,33780,13580,20200,카드
7056,7496,2026-05-26 14:41:33,196590,78690,117900,간편결제
7057,7495,2026-05-26 14:49:36,259510,103810,155700,카드
7058,7497,2026-05-26 14:51:46,39680,15880,23800,카드
7059,7504,2026-05-26 14:55:06,35670,14270,21400,간편결제
7060,7501,2026-05-26 14:57:45,27390,10990,16400,현금
7061,7517,2026-05-26 14:58:40,28300,11400,16900,간편결제
7062,7527,2026-05-26 15:00:15,206690,82690,124000,카드
7063,7519,2026-05-26 15:01:37,273190,109290,163900,카드
7064,7512,2026-05-26 15:05:19,171790,68790,103000,카드
7065,7507,2026-05-26 15:06:55,114620,45920,68700,카드
7066,7525,2026-05-26 15:07:01,184070,73670,110400,카드
7067,7524,2026-05-26 15:08:15,274010,109610,164400,카드
7068,7531,2026-05-26 15:08:28,29220,11720,17500,카드
7069,7522,2026-05-26 15:10:12,211020,84420,126600,카드
7070,7521,2026-05-26 15:11:49,33400,13400,20000,카드
7071,7508,2026-05-26 15:11:59,203990,81690,122300,현금
7072,7529,2026-05-26 15:14:43,22080,8880,13200,카드
7073,7536,2026-05-26 15:22:13,41070,16470,24600,카드
7074,7534,2026-05-26 15:22:53,33080,13280,19800,카드
7075,7526,2026-05-26 15:28:23,253580,101480,152100,카드
7076,7518,2026-05-26 15:33:51,18100,7300,10800,카드
7077,7523,2026-05-26 15:38:26,138180,55280,82900,현금
7078,7530,2026-05-26 15:41:48,147150,58950,88200,카드
7079,7532,2026-05-26 15:42:00,58730,23530,35200,카드
7080,7520,2026-05-26 15:43:05,43410,17410,26000,카드
7081,7538,2026-05-26 15:44:05,39120,15720,23400,카드
7082,7537,2026-05-26 15:54:34,127550,51050,76500,카드
7083,7528,2026-05-26 15:55:06,218260,87360,130900,카드
7084,7533,2026-05-26 15:56:28,21290,8590,12700,카드
7085,7539,2026-05-26 15:58:04,19080,7680,11400,카드
7086,7549,2026-05-27 09:15:50,25560,10260,15300,현금
7087,7542,2026-05-27 09:16:17,29820,12020,17800,간편결제
7088,7550,2026-05-27 09:19:36,22730,9130,13600,카드
7089,7543,2026-05-27 09:21:15,29650,11950,17700,카드
7090,7540,2026-05-27 09:22:41,194220,77720,116500,현금
7091,7541,2026-05-27 09:29:55,34090,13690,20400,간편결제
7092,7545,2026-05-27 09:33:16,42980,17280,25700,카드
7093,7553,2026-05-27 09:38:22,177300,71000,106300,카드
7094,7556,2026-05-27 09:43:13,18920,7620,11300,간편결제
7095,7551,2026-05-27 09:44:55,275250,110150,165100,카드
7096,7555,2026-05-27 09:45:02,230150,92150,138000,카드
7097,7546,2026-05-27 09:46:12,23650,9550,14100,현금
7098,7544,2026-05-27 09:46:25,26880,10780,16100,카드
7099,7547,2026-05-27 09:50:03,36190,14490,21700,간편결제
7100,7562,2026-05-27 09:55:17,21760,8760,13000,카드
7101,7548,2026-05-27 10:08:08,87690,35090,52600,카드
7102,7552,2026-05-27 10:10:33,24340,9740,14600,카드
7103,7559,2026-05-27 10:11:45,39370,15770,23600,카드
7104,7554,2026-05-27 10:14:34,170190,68090,102100,카드
7105,7564,2026-05-27 10:16:39,260010,104010,156000,간편결제
7106,7560,2026-05-27 10:19:37,87310,35010,52300,카드
7107,7563,2026-05-27 10:21:13,208560,83460,125100,카드
7108,7557,2026-05-27 10:22:18,42010,16810,25200,간편결제
7109,7558,2026-05-27 10:34:53,18400,7400,11000,카드
7110,7565,2026-05-27 10:40:50,22640,9140,13500,카드
7111,7561,2026-05-27 10:46:01,260000,104000,156000,카드
7112,7567,2026-05-27 10:46:40,22510,9010,13500,카드
7113,7566,2026-05-27 11:05:31,129640,51940,77700,카드
7114,7573,2026-05-27 11:06:16,27910,11210,16700,카드
7115,7568,2026-05-27 11:20:42,260500,104200,156300,카드
7116,7571,2026-05-27 11:25:50,153630,61530,92100,간편결제
7117,7569,2026-05-27 11:27:03,18160,7360,10800,카드
7118,7574,2026-05-27 11:34:05,18850,7550,11300,간편결제
7119,7572,2026-05-27 11:38:51,27310,11010,16300,카드
7120,7575,2026-05-27 13:47:16,21550,8650,12900,카드
7121,7577,2026-05-27 13:56:19,143150,57350,85800,카드
7122,7576,2026-05-27 14:05:54,128520,51420,77100,카드
7123,7578,2026-05-27 14:11:52,34040,13640,20400,카드
7124,7582,2026-05-27 14:16:49,238280,95380,142900,카드
7125,7579,2026-05-27 14:20:50,165110,66110,99000,카드
7126,7580,2026-05-27 14:24:40,21220,8520,12700,카드
7127,7583,2026-05-27 14:33:13,23510,9410,14100,카드
7128,7585,2026-05-27 15:04:24,22670,9070,13600,카드
7129,7584,2026-05-27 15:07:16,19010,7610,11400,현금
7130,7587,2026-05-27 15:07:50,21530,8630,12900,카드
7131,7586,2026-05-27 15:14:19,19710,7910,11800,카드
7132,7588,2026-05-27 15:54:07,35700,14300,21400,카드
7133,7591,2026-05-28 09:09:40,170400,68200,102200,간편결제
7134,7593,2026-05-28 09:14:29,25020,10020,15000,카드
7135,7595,2026-05-28 09:14:31,29860,11960,17900,간편결제
7136,7596,2026-05-28 09:20:36,41280,16580,24700,카드
7137,7589,2026-05-28 09:23:53,196380,78580,117800,카드
7138,7592,2026-05-28 09:28:40,246810,98810,148000,카드
7139,7599,2026-05-28 09:29:00,21830,8830,13000,카드
7140,7598,2026-05-28 09:30:56,76960,30860,46100,카드
7141,7597,2026-05-28 09:33:08,19060,7660,11400,카드
7142,7594,2026-05-28 09:36:06,44320,17820,26500,카드
7143,7602,2026-05-28 09:41:25,214810,86010,128800,간편결제
7144,7600,2026-05-28 09:42:31,180080,72080,108000,카드
7145,7601,2026-05-28 09:49:24,42250,16950,25300,카드
7146,7603,2026-05-28 09:50:12,66000,26400,39600,카드
7147,7605,2026-05-28 09:51:14,29220,11720,17500,카드
7148,7613,2026-05-28 09:51:31,25600,10300,15300,간편결제
7149,7607,2026-05-28 09:51:58,23550,9450,14100,카드
7150,7606,2026-05-28 09:55:44,40730,16330,24400,카드
7151,7604,2026-05-28 09:56:53,26720,10720,16000,간편결제
7152,7609,2026-05-28 10:02:41,34280,13780,20500,카드
7153,7608,2026-05-28 10:02:44,46300,18600,27700,카드
7154,7622,2026-05-28 10:05:19,209940,84040,125900,간편결제
7155,7610,2026-05-28 10:06:34,62830,25230,37600,간편결제
7156,7623,2026-05-28 10:07:50,59960,24060,35900,카드
7157,7616,2026-05-28 10:08:07,24980,10080,14900,카드
7158,7614,2026-05-28 10:08:46,32920,13220,19700,카드
7159,7612,2026-05-28 10:14:06,25960,10460,15500,카드
7160,7626,2026-05-28 10:19:40,98890,39590,59300,카드
7161,7619,2026-05-28 10:21:33,29590,11890,17700,카드
7162,7615,2026-05-28 10:21:48,214710,85910,128800,간편결제
7163,7620,2026-05-28 10:22:23,35710,14310,21400,카드
7164,7617,2026-05-28 10:23:45,38000,15200,22800,간편결제
7165,7627,2026-05-28 10:30:45,30180,12080,18100,간편결제
7166,7621,2026-05-28 10:38:18,21370,8570,12800,간편결제
7167,7629,2026-05-28 10:41:47,24840,9940,14900,간편결제
7168,7625,2026-05-28 10:46:21,24450,9850,14600,카드
7169,7618,2026-05-28 10:51:27,162440,65040,97400,카드
7170,7628,2026-05-28 10:51:57,33210,13310,19900,현금
7171,7630,2026-05-28 11:00:43,29080,11680,17400,카드
7172,7633,2026-05-28 11:02:54,221970,88870,133100,현금
7173,7631,2026-05-28 11:04:45,23220,9320,13900,카드
7174,7632,2026-05-28 11:14:18,28660,11560,17100,카드
7175,7635,2026-05-28 11:33:23,18340,7340,11000,간편결제
7176,7634,2026-05-28 11:36:03,132510,53010,79500,카드
7177,7636,2026-05-28 11:40:16,40450,16250,24200,카드
7178,7637,2026-05-28 13:43:50,26050,10450,15600,카드
7179,7644,2026-05-28 13:46:46,145500,58200,87300,카드
7180,7641,2026-05-28 13:49:44,26460,10660,15800,카드
7181,7638,2026-05-28 13:55:00,239850,95950,143900,카드
7182,7653,2026-05-28 13:56:38,88050,35250,52800,카드
7183,7640,2026-05-28 13:58:59,28540,11440,17100,카드
7184,7650,2026-05-28 13:59:02,35100,14100,21000,카드
7185,7639,2026-05-28 14:03:42,36120,14520,21600,카드
7186,7646,2026-05-28 14:08:55,175150,70150,105000,카드
7187,7643,2026-05-28 14:09:30,115540,46240,69300,간편결제
7188,7647,2026-05-28 14:10:50,36530,14630,21900,카드
7189,7642,2026-05-28 14:10:59,37790,15190,22600,현금
7190,7651,2026-05-28 14:13:39,33520,13420,20100,카드
7191,7648,2026-05-28 14:17:10,27870,11170,16700,카드
7192,7654,2026-05-28 14:17:44,81110,32510,48600,카드
7193,7649,2026-05-28 14:27:08,41060,16460,24600,간편결제
7194,7656,2026-05-28 14:31:05,24610,9910,14700,카드
7195,7662,2026-05-28 14:41:46,31410,12610,18800,카드
7196,7655,2026-05-28 14:45:38,166320,66620,99700,카드
7197,7652,2026-05-28 14:50:33,33770,13570,20200,현금
7198,7661,2026-05-28 14:51:10,37630,15130,22500,카드
7199,7664,2026-05-28 14:51:41,43060,17260,25800,카드
7200,7657,2026-05-28 14:54:15,194970,78070,116900,간편결제
7201,7666,2026-05-28 14:55:34,97100,38900,58200,카드
7202,7658,2026-05-28 15:05:34,24360,9760,14600,카드
7203,7659,2026-05-28 15:09:08,22720,9120,13600,간편결제
7204,7660,2026-05-28 15:20:23,86030,34430,51600,카드
7205,7669,2026-05-28 15:20:46,39290,15790,23500,현금
7206,7663,2026-05-28 15:38:35,27020,10820,16200,카드
7207,7665,2026-05-28 15:40:43,18200,7300,10900,카드
7208,7671,2026-05-28 15:52:12,196670,78670,118000,카드
7209,7668,2026-05-28 15:55:05,91320,36620,54700,카드
7210,7667,2026-05-28 15:55:29,42540,17040,25500,카드
7211,7670,2026-05-28 16:13:32,41170,16470,24700,카드
7212,7672,2026-05-28 16:26:05,254250,101750,152500,간편결제
7213,7678,2026-05-29 09:14:34,141350,56550,84800,카드
7214,7676,2026-05-29 09:20:52,25260,10160,15100,현금
7215,7673,2026-05-29 09:27:59,20330,8230,12100,카드
7216,7679,2026-05-29 09:29:22,26050,10450,15600,카드
7217,7675,2026-05-29 09:35:25,147130,58930,88200,카드
7218,7677,2026-05-29 09:35:28,21870,8770,13100,카드
7219,7680,2026-05-29 09:52:52,36380,14580,21800,카드
7220,7682,2026-05-29 09:58:21,23820,9620,14200,카드
7221,7683,2026-05-29 10:00:45,33160,13360,19800,카드
7222,7686,2026-05-29 10:25:13,18400,7400,11000,카드
7223,7684,2026-05-29 10:28:39,28080,11280,16800,카드
7224,7685,2026-05-29 10:30:19,23010,9210,13800,카드
7225,7687,2026-05-29 10:35:19,27980,11280,16700,카드
7226,7688,2026-05-29 11:21:30,95020,38020,57000,카드
7227,7696,2026-05-29 13:45:00,40330,16230,24100,간편결제
7228,7691,2026-05-29 13:48:16,31240,12540,18700,간편결제
7229,7690,2026-05-29 14:06:49,26680,10680,16000,카드
7230,7689,2026-05-29 14:08:38,117710,47110,70600,카드
7231,7692,2026-05-29 14:09:16,29450,11850,17600,현금
7232,7714,2026-05-29 14:11:12,245520,98220,147300,카드
7233,7695,2026-05-29 14:13:04,173480,69480,104000,카드
7234,7693,2026-05-29 14:13:12,41320,16620,24700,카드
7235,7701,2026-05-29 14:16:36,51930,20830,31100,카드
7236,7709,2026-05-29 14:18:43,250370,100170,150200,간편결제
7237,7713,2026-05-29 14:19:00,234260,93760,140500,간편결제
7238,7705,2026-05-29 14:20:16,42480,17080,25400,카드
7239,7710,2026-05-29 14:22:26,19360,7760,11600,카드
7240,7707,2026-05-29 14:24:48,22850,9150,13700,카드
7241,7694,2026-05-29 14:25:55,43990,17690,26300,카드
7242,7712,2026-05-29 14:29:22,146970,58870,88100,간편결제
7243,7715,2026-05-29 14:34:01,41960,16860,25100,간편결제
7244,7698,2026-05-29 14:37:29,28790,11590,17200,카드
7245,7700,2026-05-29 14:49:45,223590,89490,134100,간편결제
7246,7699,2026-05-29 14:58:06,28620,11520,17100,카드
7247,7702,2026-05-29 15:04:08,291620,116720,174900,간편결제
7248,7720,2026-05-29 15:07:11,41290,16590,24700,카드
7249,7722,2026-05-29 15:08:01,23940,9640,14300,카드
7250,7719,2026-05-29 15:08:47,197750,79150,118600,카드
7251,7703,2026-05-29 15:11:09,21520,8620,12900,카드
7252,7725,2026-05-29 15:14:58,18020,7220,10800,카드
7253,7723,2026-05-29 15:22:33,141390,56590,84800,카드
7254,7706,2026-05-29 15:23:15,36780,14780,22000,카드
7255,7724,2026-05-29 15:25:09,28500,11400,17100,간편결제
7256,7704,2026-05-29 15:26:12,21760,8760,13000,카드
7257,7726,2026-05-29 15:41:10,35310,14210,21100,카드
7258,7727,2026-05-29 15:42:36,30890,12390,18500,카드
7259,7708,2026-05-29 15:55:24,61000,24400,36600,카드
7260,7711,2026-05-29 16:04:19,31420,12620,18800,카드
7261,7716,2026-05-29 16:10:03,32920,13220,19700,카드
7262,7717,2026-05-29 16:21:22,192480,77080,115400,간편결제
7263,7718,2026-05-29 16:43:37,37140,14940,22200,카드
7264,7728,2026-05-29 16:51:02,27540,11040,16500,카드
7265,7732,2026-06-01 09:18:03,36220,14520,21700,카드
7266,7735,2026-06-01 09:18:54,34780,13980,20800,카드
7267,7736,2026-06-01 09:20:53,155510,62210,93300,카드
7268,7734,2026-06-01 09:22:00,157850,63150,94700,카드
7269,7731,2026-06-01 09:23:59,156030,62430,93600,카드
7270,7741,2026-06-01 09:25:16,219560,87860,131700,카드
7271,7729,2026-06-01 09:26:04,23230,9330,13900,카드
7272,7752,2026-06-01 09:31:13,29420,11820,17600,카드
7273,7743,2026-06-01 09:34:14,26980,10880,16100,간편결제
7274,7737,2026-06-01 09:36:30,25180,10080,15100,카드
7275,7730,2026-06-01 09:39:40,21020,8420,12600,간편결제
7276,7744,2026-06-01 09:40:09,37430,15030,22400,카드
7277,7733,2026-06-01 09:40:34,29290,11790,17500,카드
7278,7740,2026-06-01 09:43:09,31640,12740,18900,카드
7279,7758,2026-06-01 09:43:19,28760,11560,17200,카드
7280,7738,2026-06-01 09:43:46,111010,44410,66600,카드
7281,7742,2026-06-01 09:44:55,28930,11630,17300,카드
7282,7739,2026-06-01 09:45:35,31150,12550,18600,카드
7283,7759,2026-06-01 09:55:49,42310,17010,25300,카드
7284,7745,2026-06-01 09:57:31,24270,9770,14500,카드
7285,7749,2026-06-01 10:00:20,38470,15470,23000,카드
7286,7746,2026-06-01 10:04:44,42600,17100,25500,카드
7287,7751,2026-06-01 10:06:53,42860,17160,25700,간편결제
7288,7753,2026-06-01 10:08:42,23250,9350,13900,카드
7289,7763,2026-06-01 10:11:28,42970,17270,25700,간편결제
7290,7762,2026-06-01 10:11:49,197260,78960,118300,현금
7291,7772,2026-06-01 10:14:11,125590,50290,75300,카드
7292,7747,2026-06-01 10:16:34,43120,17320,25800,카드
7293,7768,2026-06-01 10:17:54,123090,49290,73800,카드
7294,7775,2026-06-01 10:22:22,25900,10400,15500,현금
7295,7761,2026-06-01 10:22:55,28440,11440,17000,간편결제
7296,7776,2026-06-01 10:23:18,43060,17260,25800,카드
7297,7770,2026-06-01 10:26:36,27040,10840,16200,카드
7298,7779,2026-06-01 10:31:01,22050,8850,13200,카드
7299,7778,2026-06-01 10:33:09,43740,17540,26200,카드
7300,7766,2026-06-01 10:36:27,27880,11180,16700,카드
7301,7765,2026-06-01 10:37:16,118890,47590,71300,간편결제
7302,7780,2026-06-01 10:37:19,27640,11140,16500,간편결제
7303,7748,2026-06-01 10:38:00,31790,12790,19000,카드
7304,7754,2026-06-01 10:38:02,264960,106060,158900,카드
7305,7756,2026-06-01 10:40:39,44350,17750,26600,카드
7306,7767,2026-06-01 10:41:32,21320,8620,12700,카드
7307,7760,2026-06-01 10:42:08,28020,11220,16800,카드
7308,7782,2026-06-01 10:42:11,209020,83620,125400,카드
7309,7783,2026-06-01 10:47:43,26360,10560,15800,카드
7310,7784,2026-06-01 10:52:05,39530,15830,23700,카드
7311,7764,2026-06-01 10:55:51,28030,11230,16800,카드
7312,7769,2026-06-01 11:05:06,280190,112090,168100,간편결제
7313,7787,2026-06-01 11:13:43,29540,11840,17700,현금
7314,7773,2026-06-01 11:17:17,33520,13420,20100,카드
7315,7788,2026-06-01 11:20:53,131110,52510,78600,카드
7316,7785,2026-06-01 11:22:08,204490,81890,122600,카드
7317,7774,2026-06-01 11:22:30,34210,13710,20500,간편결제
7318,7789,2026-06-01 11:27:01,41520,16620,24900,카드
7319,7786,2026-06-01 11:28:12,40530,16230,24300,카드
7320,7777,2026-06-01 11:28:45,156900,62800,94100,카드
7321,7794,2026-06-01 13:42:06,20860,8360,12500,카드
7322,7808,2026-06-01 13:42:44,29880,11980,17900,카드
7323,7792,2026-06-01 13:47:14,23470,9470,14000,카드
7324,7798,2026-06-01 13:51:55,92910,37210,55700,카드
7325,7791,2026-06-01 13:55:25,212590,85090,127500,카드
7326,7799,2026-06-01 13:58:59,18410,7410,11000,카드
7327,7802,2026-06-01 14:02:56,23150,9350,13800,카드
7328,7795,2026-06-01 14:04:20,141130,56530,84600,카드
7329,7817,2026-06-01 14:04:25,32920,13220,19700,카드
7330,7819,2026-06-01 14:05:15,21460,8660,12800,간편결제
7331,7800,2026-06-01 14:05:24,73990,29690,44300,카드
7332,7803,2026-06-01 14:07:42,21890,8790,13100,카드
7333,7797,2026-06-01 14:08:01,27960,11260,16700,카드
7334,7796,2026-06-01 14:08:34,29630,11930,17700,카드
7335,7793,2026-06-01 14:09:30,122710,49110,73600,카드
7336,7806,2026-06-01 14:09:42,167100,66900,100200,카드
7337,7823,2026-06-01 14:13:09,74470,29870,44600,간편결제
7338,7818,2026-06-01 14:19:09,78090,31290,46800,현금
7339,7807,2026-06-01 14:21:25,143050,57250,85800,카드
7340,7813,2026-06-01 14:22:01,23320,9420,13900,카드
7341,7804,2026-06-01 14:24:21,28090,11290,16800,카드
7342,7811,2026-06-01 14:29:59,22970,9270,13700,카드
7343,7809,2026-06-01 14:30:29,27940,11240,16700,카드
7344,7825,2026-06-01 14:30:36,41250,16550,24700,간편결제
7345,7821,2026-06-01 14:30:44,41330,16630,24700,카드
7346,7838,2026-06-01 14:33:35,155820,62420,93400,현금
7347,7815,2026-06-01 14:39:48,153830,61630,92200,카드
7348,7814,2026-06-01 14:41:36,38060,15260,22800,현금
7349,7831,2026-06-01 14:43:03,39850,15950,23900,카드
7350,7816,2026-06-01 14:43:27,29380,11780,17600,카드
7351,7835,2026-06-01 14:45:32,28250,11350,16900,카드
7352,7840,2026-06-01 14:48:46,18560,7460,11100,카드
7353,7833,2026-06-01 14:50:25,131140,52540,78600,간편결제
7354,7839,2026-06-01 14:53:08,20370,8170,12200,카드
7355,7841,2026-06-01 14:53:37,20850,8350,12500,카드
7356,7810,2026-06-01 14:55:33,37450,15050,22400,카드
7357,7848,2026-06-01 15:00:16,21280,8580,12700,카드
7358,7828,2026-06-01 15:02:33,148300,59400,88900,간편결제
7359,7812,2026-06-01 15:03:31,37070,14870,22200,간편결제
7360,7826,2026-06-01 15:04:50,182340,72940,109400,간편결제
7361,7824,2026-06-01 15:08:03,150850,60350,90500,카드
7362,7846,2026-06-01 15:14:40,18380,7380,11000,현금
7363,7845,2026-06-01 15:18:46,233200,93300,139900,카드
7364,7820,2026-06-01 15:20:07,204320,81820,122500,카드
7365,7832,2026-06-01 15:20:45,75570,30270,45300,간편결제
7366,7822,2026-06-01 15:22:07,43690,17490,26200,카드
7367,7852,2026-06-01 15:22:12,24890,9990,14900,간편결제
7368,7830,2026-06-01 15:32:34,20360,8160,12200,카드
7369,7853,2026-06-01 15:35:07,41540,16640,24900,카드
7370,7827,2026-06-01 15:36:01,35850,14350,21500,카드
7371,7847,2026-06-01 15:39:43,29550,11850,17700,카드
7372,7844,2026-06-01 15:43:17,213280,85380,127900,간편결제
7373,7854,2026-06-01 15:44:49,41640,16740,24900,카드
7374,7834,2026-06-01 15:45:11,44930,18030,26900,카드
7375,7843,2026-06-01 15:46:55,37300,15000,22300,카드
7376,7836,2026-06-01 15:47:15,29150,11750,17400,카드
7377,7842,2026-06-01 15:48:56,240330,96230,144100,카드
7378,7856,2026-06-01 15:59:46,28300,11400,16900,현금
7379,7850,2026-06-01 16:07:43,101000,40400,60600,카드
7380,7849,2026-06-01 16:12:55,40830,16430,24400,카드
7381,7855,2026-06-01 16:21:29,257380,102980,154400,카드
7382,7851,2026-06-01 16:21:47,43750,17550,26200,간편결제
7383,7857,2026-06-02 09:12:23,23500,9400,14100,카드
7384,7869,2026-06-02 09:16:30,58450,23450,35000,간편결제
7385,7858,2026-06-02 09:20:12,22430,9030,13400,카드
7386,7864,2026-06-02 09:22:04,20800,8400,12400,카드
7387,7875,2026-06-02 09:24:45,29860,11960,17900,카드
7388,7877,2026-06-02 09:26:01,25620,10320,15300,카드
7389,7861,2026-06-02 09:29:51,164030,65630,98400,카드
7390,7876,2026-06-02 09:31:02,18970,7670,11300,카드
7391,7862,2026-06-02 09:31:18,21680,8680,13000,카드
7392,7879,2026-06-02 09:32:29,172540,69040,103500,카드
7393,7880,2026-06-02 09:34:05,40530,16230,24300,간편결제
7394,7860,2026-06-02 09:39:06,32920,13220,19700,카드
7395,7859,2026-06-02 09:39:18,38620,15520,23100,현금
7396,7886,2026-06-02 09:40:06,34100,13700,20400,카드
7397,7870,2026-06-02 09:45:28,31720,12720,19000,카드
7398,7889,2026-06-02 09:45:37,227370,90970,136400,카드
7399,7863,2026-06-02 09:45:50,25800,10400,15400,카드
7400,7896,2026-06-02 09:49:52,20470,8270,12200,카드
7401,7866,2026-06-02 09:51:03,32340,12940,19400,카드
7402,7865,2026-06-02 09:55:32,205120,82120,123000,카드
7403,7894,2026-06-02 09:55:54,26180,10480,15700,카드
7404,7883,2026-06-02 09:57:03,40740,16340,24400,간편결제
7405,7892,2026-06-02 10:04:33,97410,39010,58400,카드
7406,7872,2026-06-02 10:08:17,252950,101250,151700,카드
7407,7874,2026-06-02 10:09:18,161790,64790,97000,현금
7408,7885,2026-06-02 10:12:40,42830,17230,25600,카드
7409,7867,2026-06-02 10:18:23,39580,15880,23700,카드
7410,7891,2026-06-02 10:19:44,18720,7520,11200,카드
7411,7871,2026-06-02 10:23:10,259600,103900,155700,카드
7412,7878,2026-06-02 10:26:11,18290,7390,10900,카드
7413,7901,2026-06-02 10:26:52,29090,11690,17400,카드
7414,7898,2026-06-02 10:27:50,97520,39020,58500,카드
7415,7882,2026-06-02 10:31:43,34680,13880,20800,카드
7416,7902,2026-06-02 10:36:00,137360,54960,82400,카드
7417,7899,2026-06-02 10:37:21,137190,54890,82300,카드
7418,7881,2026-06-02 10:39:05,281500,112600,168900,카드
7419,7873,2026-06-02 10:40:24,28870,11570,17300,카드
7420,7905,2026-06-02 10:46:14,49890,19990,29900,카드
7421,7888,2026-06-02 10:51:54,42090,16890,25200,카드
7422,7900,2026-06-02 10:53:59,154880,61980,92900,간편결제
7423,7884,2026-06-02 11:04:13,39470,15870,23600,카드
7424,7887,2026-06-02 11:13:31,36110,14510,21600,카드
7425,7906,2026-06-02 11:17:16,87750,35150,52600,카드
7426,7895,2026-06-02 11:18:18,22220,8920,13300,카드
7427,7890,2026-06-02 11:29:28,38110,15310,22800,카드
7428,7904,2026-06-02 11:36:50,42520,17020,25500,현금
7429,7915,2026-06-02 13:40:42,28610,11510,17100,카드
7430,7909,2026-06-02 13:51:17,23250,9350,13900,카드
7431,7917,2026-06-02 13:51:27,199460,79860,119600,카드
7432,7922,2026-06-02 13:55:08,199090,79690,119400,간편결제
7433,7923,2026-06-02 13:58:46,173350,69350,104000,간편결제
7434,7907,2026-06-02 13:59:59,39250,15750,23500,카드
7435,7918,2026-06-02 14:03:05,41310,16610,24700,카드
7436,7908,2026-06-02 14:07:34,96070,38470,57600,간편결제
7437,7910,2026-06-02 14:11:34,29340,11740,17600,카드
7438,7919,2026-06-02 14:12:05,36230,14530,21700,카드
7439,7930,2026-06-02 14:14:31,22860,9160,13700,카드
7440,7912,2026-06-02 14:17:13,22750,9150,13600,카드
7441,7911,2026-06-02 14:17:59,21700,8700,13000,카드
7442,7921,2026-06-02 14:18:22,28710,11510,17200,현금
7443,7927,2026-06-02 14:19:40,22530,9030,13500,카드
7444,7924,2026-06-02 14:23:33,237370,94970,142400,카드
7445,7929,2026-06-02 14:25:29,231470,92670,138800,카드
7446,7926,2026-06-02 14:26:10,37470,15070,22400,카드
7447,7931,2026-06-02 14:26:55,119850,47950,71900,카드
7448,7925,2026-06-02 14:31:59,22850,9150,13700,간편결제
7449,7928,2026-06-02 14:32:01,258450,103450,155000,간편결제
7450,7913,2026-06-02 14:36:59,30400,12200,18200,카드
7451,7938,2026-06-02 14:44:01,171170,68470,102700,카드
7452,7934,2026-06-02 14:44:12,38170,15270,22900,간편결제
7453,7933,2026-06-02 14:46:40,256790,102790,154000,카드
7454,7916,2026-06-02 14:47:47,28150,11350,16800,카드
7455,7914,2026-06-02 14:49:24,149610,59910,89700,카드
7456,7935,2026-06-02 14:56:30,20940,8440,12500,카드
7457,7942,2026-06-02 14:59:10,142110,56910,85200,카드
7458,7940,2026-06-02 14:59:26,29800,12000,17800,간편결제
7459,7944,2026-06-02 15:02:50,124810,50010,74800,카드
7460,7939,2026-06-02 15:03:17,28050,11250,16800,카드
7461,7936,2026-06-02 15:04:26,282470,113070,169400,카드
7462,7946,2026-06-02 15:05:01,27660,11160,16500,카드
7463,7937,2026-06-02 15:10:21,63530,25430,38100,카드
7464,7945,2026-06-02 15:11:45,19370,7770,11600,카드
7465,7943,2026-06-02 15:12:21,18370,7370,11000,카드
7466,7941,2026-06-02 15:14:06,216170,86470,129700,카드
7467,7947,2026-06-02 15:32:24,36820,14820,22000,간편결제
7468,7948,2026-06-02 15:43:05,137710,55110,82600,카드
7469,7949,2026-06-02 16:13:25,247020,98820,148200,카드
7470,7950,2026-06-04 09:14:26,32300,13000,19300,카드
7471,7957,2026-06-04 09:17:56,18810,7610,11200,현금
7472,7954,2026-06-04 09:19:26,44120,17720,26400,카드
7473,7960,2026-06-04 09:20:00,27770,11170,16600,카드
7474,7953,2026-06-04 09:20:39,21810,8810,13000,간편결제
7475,7955,2026-06-04 09:20:54,29190,11690,17500,간편결제
7476,7951,2026-06-04 09:24:58,28790,11590,17200,현금
7477,7958,2026-06-04 09:27:47,43660,17560,26100,카드
7478,7976,2026-06-04 09:31:28,28430,11430,17000,카드
7479,7956,2026-06-04 09:33:15,124660,49960,74700,카드
7480,7952,2026-06-04 09:33:41,174600,69900,104700,카드
7481,7972,2026-06-04 09:35:05,29860,11960,17900,카드
7482,7961,2026-06-04 09:35:57,41910,16810,25100,현금
7483,7959,2026-06-04 09:41:35,30200,12100,18100,카드
7484,7965,2026-06-04 09:41:46,28700,11500,17200,현금
7485,7964,2026-06-04 09:42:54,39610,15910,23700,카드
7486,7966,2026-06-04 09:46:44,112220,44920,67300,간편결제
7487,7962,2026-06-04 09:49:04,234900,94000,140900,간편결제
7488,7969,2026-06-04 09:50:32,268080,107280,160800,카드
7489,7981,2026-06-04 09:53:38,18630,7530,11100,카드
7490,7970,2026-06-04 10:00:05,30220,12120,18100,카드
7491,7984,2026-06-04 10:02:09,24780,9980,14800,카드
7492,7982,2026-06-04 10:09:30,68800,27600,41200,카드
7493,7963,2026-06-04 10:09:52,43770,17570,26200,카드
7494,7988,2026-06-04 10:13:04,20410,8210,12200,카드
7495,7968,2026-06-04 10:15:53,240810,96410,144400,현금
7496,7973,2026-06-04 10:17:25,29680,11880,17800,카드
7497,7967,2026-06-04 10:17:49,216130,86530,129600,카드
7498,7980,2026-06-04 10:20:12,42550,17050,25500,카드
7499,7990,2026-06-04 10:24:00,159180,63680,95500,카드
7500,7985,2026-06-04 10:24:50,22630,9130,13500,카드
7501,7971,2026-06-04 10:27:38,41200,16500,24700,카드
7502,7992,2026-06-04 10:28:48,239620,95920,143700,카드
7503,7987,2026-06-04 10:30:06,26290,10590,15700,현금
7504,7986,2026-06-04 10:37:00,19830,8030,11800,간편결제
7505,7974,2026-06-04 10:37:24,158710,63510,95200,카드
7506,7975,2026-06-04 10:42:38,18550,7450,11100,카드
7507,7993,2026-06-04 10:43:07,35110,14110,21000,카드
7508,7991,2026-06-04 10:46:49,19590,7890,11700,카드
7509,8002,2026-06-04 10:52:53,28730,11530,17200,카드
7510,7989,2026-06-04 10:55:03,29000,11600,17400,카드
7511,7977,2026-06-04 10:55:22,146520,58620,87900,카드
7512,7978,2026-06-04 11:00:34,83940,33640,50300,카드
7513,7994,2026-06-04 11:02:43,68900,27600,41300,카드
7514,8005,2026-06-04 11:06:00,39660,15960,23700,카드
7515,7979,2026-06-04 11:06:12,34760,13960,20800,카드
7516,7996,2026-06-04 11:07:13,85830,34430,51400,카드
7517,8008,2026-06-04 11:07:19,27810,11210,16600,현금
7518,8007,2026-06-04 11:15:01,87160,34960,52200,카드
7519,7983,2026-06-04 11:16:29,36870,14770,22100,현금
7520,7995,2026-06-04 11:28:51,22000,8800,13200,카드
7521,7997,2026-06-04 11:36:30,43330,17430,25900,카드
7522,8003,2026-06-04 11:36:57,198130,79330,118800,카드
7523,7998,2026-06-04 11:38:31,241770,96770,145000,현금
7524,7999,2026-06-04 11:40:12,60820,24420,36400,카드
7525,8000,2026-06-04 11:49:57,193340,77340,116000,카드
7526,8004,2026-06-04 11:54:08,247310,99010,148300,카드
7527,8001,2026-06-04 12:00:45,23140,9340,13800,카드
7528,8006,2026-06-04 12:02:25,43050,17250,25800,카드
7529,8009,2026-06-04 12:04:20,254560,101860,152700,카드
7530,8012,2026-06-04 13:41:52,91770,36770,55000,카드
7531,8016,2026-06-04 13:42:16,24930,10030,14900,간편결제
7532,8018,2026-06-04 13:46:37,25570,10270,15300,카드
7533,8028,2026-06-04 13:48:23,24540,9840,14700,카드
7534,8011,2026-06-04 13:56:50,23340,9340,14000,카드
7535,8017,2026-06-04 14:00:03,24570,9870,14700,카드
7536,8013,2026-06-04 14:03:33,128520,51420,77100,간편결제
7537,8019,2026-06-04 14:05:34,23700,9500,14200,간편결제
7538,8020,2026-06-04 14:06:23,22420,9020,13400,간편결제
7539,8014,2026-06-04 14:08:31,210050,84050,126000,카드
7540,8015,2026-06-04 14:09:44,215580,86280,129300,카드
7541,8021,2026-06-04 14:14:37,21340,8540,12800,간편결제
7542,8025,2026-06-04 14:15:00,123760,49560,74200,카드
7543,8026,2026-06-04 14:20:35,155160,62160,93000,간편결제
7544,8023,2026-06-04 14:21:20,30900,12400,18500,간편결제
7545,8024,2026-06-04 14:24:49,253740,101540,152200,카드
7546,8027,2026-06-04 14:27:14,37740,15140,22600,카드
7547,8032,2026-06-04 14:28:47,133590,53490,80100,카드
7548,8037,2026-06-04 14:34:03,47920,19220,28700,카드
7549,8035,2026-06-04 14:39:07,185430,74230,111200,카드
7550,8029,2026-06-04 14:39:12,221970,88870,133100,카드
7551,8030,2026-06-04 14:45:18,187260,74960,112300,카드
7552,8036,2026-06-04 14:49:42,21140,8540,12600,카드
7553,8031,2026-06-04 14:51:02,233690,93490,140200,카드
7554,8039,2026-06-04 15:01:14,115820,46420,69400,카드
7555,8038,2026-06-04 15:03:57,34010,13610,20400,카드
7556,8044,2026-06-04 15:05:49,34150,13750,20400,카드
7557,8033,2026-06-04 15:06:02,22970,9270,13700,카드
7558,8040,2026-06-04 15:12:08,172810,69210,103600,카드
7559,8043,2026-06-04 15:13:02,20820,8420,12400,카드
7560,8041,2026-06-04 15:22:08,31760,12760,19000,카드
7561,8042,2026-06-04 15:29:41,40920,16420,24500,카드
7562,8045,2026-06-04 15:30:47,24060,9660,14400,카드
7563,8047,2026-06-04 15:36:48,114170,45670,68500,간편결제
7564,8046,2026-06-04 15:45:44,31810,12810,19000,카드
7565,8048,2026-06-04 15:50:15,30770,12370,18400,카드
7566,8049,2026-06-04 16:25:18,80960,32460,48500,카드
7567,8052,2026-06-05 09:22:53,123060,49260,73800,카드
7568,8051,2026-06-05 09:26:31,145110,58110,87000,카드
7569,8057,2026-06-05 09:34:54,239780,95980,143800,카드
7570,8055,2026-06-05 09:37:09,35800,14400,21400,간편결제
7571,8054,2026-06-05 09:38:21,154890,61990,92900,카드
7572,8053,2026-06-05 09:41:56,61340,24540,36800,카드
7573,8056,2026-06-05 09:49:55,40820,16420,24400,카드
7574,8058,2026-06-05 10:05:35,30360,12160,18200,카드
7575,8060,2026-06-05 10:19:47,69330,27830,41500,카드
7576,8059,2026-06-05 10:21:28,20770,8370,12400,카드
7577,8061,2026-06-05 10:44:49,90750,36350,54400,카드
7578,8062,2026-06-05 10:58:42,25040,10040,15000,카드
7579,8064,2026-06-05 11:23:40,21780,8780,13000,간편결제
7580,8063,2026-06-05 11:33:08,28120,11320,16800,카드
7581,8066,2026-06-05 13:45:19,88200,35300,52900,카드
7582,8070,2026-06-05 13:53:09,19360,7760,11600,현금
7583,8071,2026-06-05 13:53:34,29100,11700,17400,카드
7584,8069,2026-06-05 13:53:56,257960,103260,154700,카드
7585,8065,2026-06-05 13:55:57,103570,41470,62100,카드
7586,8076,2026-06-05 13:59:43,136540,54640,81900,카드
7587,8078,2026-06-05 14:03:32,30990,12490,18500,간편결제
7588,8079,2026-06-05 14:04:02,30940,12440,18500,간편결제
7589,8067,2026-06-05 14:05:47,40350,16150,24200,카드
7590,8072,2026-06-05 14:07:12,265180,106080,159100,카드
7591,8084,2026-06-05 14:07:56,266910,106810,160100,간편결제
7592,8081,2026-06-05 14:09:09,18500,7400,11100,간편결제
7593,8082,2026-06-05 14:14:48,26390,10590,15800,간편결제
7594,8085,2026-06-05 14:17:27,34690,13890,20800,현금
7595,8080,2026-06-05 14:18:06,35170,14070,21100,현금
7596,8073,2026-06-05 14:33:23,32000,12800,19200,카드
7597,8074,2026-06-05 14:36:37,30080,12080,18000,카드
7598,8094,2026-06-05 14:41:29,26160,10560,15600,카드
7599,8086,2026-06-05 14:42:27,39470,15870,23600,카드
7600,8098,2026-06-05 14:51:19,44070,17670,26400,현금
7601,8096,2026-06-05 14:51:25,103010,41210,61800,간편결제
7602,8077,2026-06-05 14:53:49,222980,89280,133700,카드
7603,8075,2026-06-05 15:01:41,128810,51610,77200,카드
7604,8099,2026-06-05 15:06:05,167540,67040,100500,간편결제
7605,8095,2026-06-05 15:07:52,233710,93510,140200,간편결제
7606,8083,2026-06-05 15:14:57,243260,97360,145900,카드
7607,8088,2026-06-05 15:20:43,64950,26050,38900,카드
7608,8087,2026-06-05 15:21:45,22170,8870,13300,카드
7609,8089,2026-06-05 15:38:45,20780,8380,12400,카드
7610,8090,2026-06-05 15:47:19,23870,9570,14300,간편결제
7611,8097,2026-06-05 15:55:42,36940,14840,22100,간편결제
7612,8093,2026-06-05 16:03:00,41790,16790,25000,카드
7613,8100,2026-06-05 16:08:18,40990,16490,24500,카드
7614,8101,2026-06-05 16:19:39,262380,104980,157400,간편결제
7615,8102,2026-06-05 16:30:24,28430,11430,17000,카드
7616,8104,2026-06-08 09:12:48,73130,29330,43800,카드
7617,8107,2026-06-08 09:21:58,21670,8670,13000,간편결제
7618,8114,2026-06-08 09:22:02,18130,7330,10800,카드
7619,8109,2026-06-08 09:26:06,36550,14650,21900,카드
7620,8115,2026-06-08 09:29:08,31810,12810,19000,간편결제
7621,8108,2026-06-08 09:29:27,38290,15390,22900,카드
7622,8112,2026-06-08 09:31:32,272890,109190,163700,카드
7623,8124,2026-06-08 09:36:21,39970,16070,23900,카드
7624,8106,2026-06-08 09:40:31,27340,10940,16400,카드
7625,8110,2026-06-08 09:43:01,20310,8210,12100,카드
7626,8105,2026-06-08 09:47:04,273590,109490,164100,카드
7627,8120,2026-06-08 09:55:01,18280,7380,10900,카드
7628,8131,2026-06-08 09:56:38,38960,15660,23300,간편결제
7629,8118,2026-06-08 09:56:43,243650,97550,146100,카드
7630,8111,2026-06-08 10:01:33,42200,16900,25300,카드
7631,8126,2026-06-08 10:07:23,37190,14890,22300,카드
7632,8113,2026-06-08 10:08:39,34170,13670,20500,카드
7633,8116,2026-06-08 10:10:08,42420,17020,25400,카드
7634,8117,2026-06-08 10:11:21,23340,9340,14000,카드
7635,8122,2026-06-08 10:15:41,27460,11060,16400,카드
7636,8125,2026-06-08 10:17:14,231220,92520,138700,카드
7637,8119,2026-06-08 10:17:40,76180,30480,45700,카드
7638,8123,2026-06-08 10:18:31,138360,55360,83000,카드
7639,8127,2026-06-08 10:19:11,31570,12670,18900,카드
7640,8128,2026-06-08 10:28:07,38920,15620,23300,카드
7641,8121,2026-06-08 10:36:30,180160,72160,108000,카드
7642,8129,2026-06-08 10:37:11,30330,12230,18100,카드
7643,8137,2026-06-08 10:37:43,35410,14210,21200,카드
7644,8132,2026-06-08 10:46:23,27410,11010,16400,카드
7645,8136,2026-06-08 10:51:50,42880,17180,25700,카드
7646,8140,2026-06-08 10:55:01,169410,67810,101600,카드
7647,8130,2026-06-08 10:58:18,34600,13900,20700,카드
7648,8134,2026-06-08 11:01:16,20880,8380,12500,카드
7649,8143,2026-06-08 11:06:21,190870,76370,114500,카드
7650,8138,2026-06-08 11:12:18,27580,11080,16500,카드
7651,8144,2026-06-08 11:16:29,26540,10640,15900,카드
7652,8139,2026-06-08 11:21:12,37400,15000,22400,카드
7653,8135,2026-06-08 11:25:25,38950,15650,23300,카드
7654,8142,2026-06-08 11:40:00,32070,12870,19200,카드
7655,8149,2026-06-08 13:42:40,24260,9760,14500,현금
7656,8145,2026-06-08 13:44:28,40530,16230,24300,카드
7657,8147,2026-06-08 13:45:43,42060,16860,25200,카드
7658,8151,2026-06-08 13:49:03,164030,65630,98400,카드
7659,8150,2026-06-08 13:50:22,23920,9620,14300,카드
7660,8152,2026-06-08 13:50:31,122920,49220,73700,카드
7661,8146,2026-06-08 13:54:20,28290,11390,16900,현금
7662,8158,2026-06-08 13:58:10,35700,14300,21400,카드
7663,8148,2026-06-08 14:00:00,20070,8070,12000,카드
7664,8165,2026-06-08 14:06:39,153860,61560,92300,카드
7665,8153,2026-06-08 14:08:50,19210,7710,11500,카드
7666,8156,2026-06-08 14:10:38,242310,97010,145300,카드
7667,8154,2026-06-08 14:12:04,52600,21100,31500,간편결제
7668,8169,2026-06-08 14:13:06,24540,9840,14700,카드
7669,8171,2026-06-08 14:14:13,34650,13950,20700,카드
7670,8164,2026-06-08 14:15:10,20770,8370,12400,카드
7671,8181,2026-06-08 14:17:00,204950,82050,122900,카드
7672,8166,2026-06-08 14:20:12,34880,13980,20900,간편결제
7673,8157,2026-06-08 14:24:53,34190,13690,20500,간편결제
7674,8160,2026-06-08 14:26:35,39130,15730,23400,카드
7675,8192,2026-06-08 14:26:50,21120,8520,12600,간편결제
7676,8183,2026-06-08 14:26:50,36810,14810,22000,카드
7677,8191,2026-06-08 14:26:55,29690,11890,17800,카드
7678,8186,2026-06-08 14:34:21,27550,11050,16500,카드
7679,8168,2026-06-08 14:37:29,18120,7320,10800,카드
7680,8161,2026-06-08 14:37:33,40940,16440,24500,카드
7681,8194,2026-06-08 14:38:24,145560,58260,87300,간편결제
7682,8163,2026-06-08 14:39:36,249380,99780,149600,카드
7683,8172,2026-06-08 14:42:08,255190,102090,153100,카드
7684,8173,2026-06-08 14:46:13,214870,85970,128900,카드
7685,8162,2026-06-08 14:46:23,86780,34780,52000,카드
7686,8177,2026-06-08 14:47:24,26230,10530,15700,카드
7687,8179,2026-06-08 14:47:37,34990,14090,20900,카드
7688,8178,2026-06-08 14:48:50,29650,11950,17700,카드
7689,8167,2026-06-08 14:51:01,18750,7550,11200,현금
7690,8198,2026-06-08 14:53:07,29900,12000,17900,카드
7691,8175,2026-06-08 14:53:31,229950,92050,137900,간편결제
7692,8174,2026-06-08 14:55:44,65670,26270,39400,간편결제
7693,8180,2026-06-08 14:57:38,163140,65340,97800,현금
7694,8188,2026-06-08 15:02:49,28600,11500,17100,카드
7695,8200,2026-06-08 15:04:26,28160,11360,16800,간편결제
7696,8182,2026-06-08 15:07:17,31720,12720,19000,카드
7697,8184,2026-06-08 15:10:11,21250,8550,12700,카드
7698,8193,2026-06-08 15:11:27,44690,17890,26800,카드
7699,8189,2026-06-08 15:12:36,29140,11740,17400,카드
7700,8190,2026-06-08 15:12:47,81230,32530,48700,카드
7701,8205,2026-06-08 15:18:19,27810,11210,16600,카드
7702,8204,2026-06-08 15:19:49,43430,17430,26000,카드
7703,8196,2026-06-08 15:25:24,32670,13070,19600,카드
7704,8195,2026-06-08 15:26:20,86650,34750,51900,카드
7705,8207,2026-06-08 15:33:34,184140,73740,110400,카드
7706,8197,2026-06-08 15:43:36,42420,17020,25400,현금
7707,8209,2026-06-08 15:52:10,124670,49870,74800,카드
7708,8199,2026-06-08 15:58:36,30340,12140,18200,카드
7709,8201,2026-06-08 16:06:16,41550,16650,24900,카드
7710,8208,2026-06-08 16:06:52,33070,13270,19800,카드
7711,8203,2026-06-08 16:16:30,19240,7740,11500,카드
7712,8206,2026-06-08 16:16:54,39890,15990,23900,간편결제
7713,8211,2026-06-09 09:14:09,25670,10270,15400,카드
7714,8212,2026-06-09 09:15:32,162210,64910,97300,카드
7715,8213,2026-06-09 09:15:38,62310,25010,37300,카드
7716,8223,2026-06-09 09:19:01,174260,69760,104500,카드
7717,8215,2026-06-09 09:20:29,29880,11980,17900,카드
7718,8216,2026-06-09 09:25:33,158690,63490,95200,카드
7719,8227,2026-06-09 09:27:28,38120,15320,22800,카드
7720,8226,2026-06-09 09:28:15,40420,16220,24200,카드
7721,8219,2026-06-09 09:31:54,33220,13320,19900,카드
7722,8225,2026-06-09 09:36:10,23700,9500,14200,카드
7723,8231,2026-06-09 09:36:25,39730,15930,23800,현금
7724,8217,2026-06-09 09:41:22,149510,59810,89700,간편결제
7725,8218,2026-06-09 09:42:28,29410,11810,17600,카드
7726,8230,2026-06-09 09:43:24,30090,12090,18000,간편결제
7727,8220,2026-06-09 09:45:31,44560,17860,26700,카드
7728,8214,2026-06-09 09:46:20,42500,17000,25500,간편결제
7729,8224,2026-06-09 09:47:59,87070,34870,52200,간편결제
7730,8229,2026-06-09 09:50:58,19880,7980,11900,카드
7731,8233,2026-06-09 09:55:33,161870,64770,97100,카드
7732,8239,2026-06-09 09:55:45,19910,8010,11900,카드
7733,8228,2026-06-09 09:56:22,29130,11730,17400,카드
7734,8241,2026-06-09 10:03:46,31460,12660,18800,카드
7735,8234,2026-06-09 10:04:07,175140,70140,105000,카드
7736,8232,2026-06-09 10:04:53,28910,11610,17300,카드
7737,8222,2026-06-09 10:11:11,28560,11460,17100,카드
7738,8237,2026-06-09 10:14:05,19560,7860,11700,카드
7739,8242,2026-06-09 10:16:04,35350,14150,21200,카드
7740,8240,2026-06-09 10:17:05,79090,31690,47400,카드
7741,8245,2026-06-09 10:22:01,29230,11730,17500,카드
7742,8235,2026-06-09 10:24:20,36060,14460,21600,간편결제
7743,8248,2026-06-09 10:29:50,191650,76750,114900,카드
7744,8244,2026-06-09 10:30:38,24480,9880,14600,간편결제
7745,8246,2026-06-09 10:30:45,178270,71370,106900,카드
7746,8250,2026-06-09 10:32:09,37370,14970,22400,카드
7747,8254,2026-06-09 10:36:57,26360,10560,15800,카드
7748,8249,2026-06-09 10:39:28,26580,10680,15900,카드
7749,8238,2026-06-09 10:40:23,34730,13930,20800,간편결제
7750,8243,2026-06-09 10:43:52,28740,11540,17200,카드
7751,8247,2026-06-09 10:45:42,18090,7290,10800,간편결제
7752,8252,2026-06-09 10:45:58,28570,11470,17100,카드
7753,8251,2026-06-09 10:49:14,176320,70620,105700,간편결제
7754,8253,2026-06-09 10:49:27,28960,11660,17300,현금
7755,8258,2026-06-09 10:51:23,19010,7610,11400,카드
7756,8257,2026-06-09 10:59:40,27760,11160,16600,카드
7757,8255,2026-06-09 11:01:26,43610,17510,26100,현금
7758,8256,2026-06-09 11:02:24,18570,7470,11100,카드
7759,8260,2026-06-09 11:10:20,118590,47490,71100,간편결제
7760,8262,2026-06-09 11:29:15,41630,16730,24900,카드
7761,8259,2026-06-09 11:29:42,43420,17420,26000,카드
7762,8261,2026-06-09 11:37:18,34270,13770,20500,카드
7763,8263,2026-06-09 11:46:52,34700,13900,20800,카드
7764,8264,2026-06-09 13:46:14,134100,53700,80400,카드
7765,8265,2026-06-09 13:46:31,147690,59090,88600,카드
7766,8269,2026-06-09 13:49:59,22460,9060,13400,카드
7767,8267,2026-06-09 14:02:09,28730,11530,17200,카드
7768,8268,2026-06-09 14:05:45,114260,45760,68500,카드
7769,8274,2026-06-09 14:06:17,106080,42480,63600,카드
7770,8270,2026-06-09 14:07:55,52250,20950,31300,현금
7771,8266,2026-06-09 14:08:37,32850,13150,19700,카드
7772,8272,2026-06-09 14:09:14,41000,16400,24600,간편결제
7773,8277,2026-06-09 14:10:47,22270,8970,13300,간편결제
7774,8278,2026-06-09 14:11:56,29300,11800,17500,카드
7775,8271,2026-06-09 14:15:28,42250,16950,25300,카드
7776,8275,2026-06-09 14:15:53,21080,8480,12600,카드
7777,8283,2026-06-09 14:23:54,25010,10010,15000,카드
7778,8276,2026-06-09 14:25:30,125610,50310,75300,카드
7779,8280,2026-06-09 14:28:30,261770,104770,157000,카드
7780,8279,2026-06-09 14:28:37,89970,36070,53900,간편결제
7781,8273,2026-06-09 14:30:16,164090,65690,98400,카드
7782,8284,2026-06-09 14:32:13,74000,29600,44400,카드
7783,8289,2026-06-09 14:33:00,19040,7640,11400,간편결제
7784,8286,2026-06-09 14:33:15,19810,8010,11800,카드
7785,8291,2026-06-09 14:34:57,34140,13740,20400,현금
7786,8282,2026-06-09 14:37:21,30730,12330,18400,카드
7787,8290,2026-06-09 14:37:21,20400,8200,12200,카드
7788,8287,2026-06-09 14:39:53,26690,10690,16000,카드
7789,8293,2026-06-09 14:43:32,28140,11340,16800,카드
7790,8294,2026-06-09 14:45:40,28480,11480,17000,카드
7791,8292,2026-06-09 14:45:59,30930,12430,18500,카드
7792,8288,2026-06-09 14:46:21,33460,13460,20000,현금
7793,8295,2026-06-09 14:54:10,214630,85930,128700,카드
7794,8297,2026-06-09 14:54:17,225180,90080,135100,간편결제
7795,8298,2026-06-09 14:55:17,26660,10760,15900,간편결제
7796,8299,2026-06-09 14:56:18,102890,41190,61700,카드
7797,8300,2026-06-09 15:03:36,41740,16740,25000,간편결제
7798,8305,2026-06-09 15:06:22,18940,7640,11300,간편결제
7799,8301,2026-06-09 15:07:51,41540,16640,24900,카드
7800,8296,2026-06-09 15:14:56,42120,16920,25200,카드
7801,8306,2026-06-09 15:26:27,22690,9090,13600,카드
7802,8303,2026-06-09 15:33:37,140810,56410,84400,카드
7803,8304,2026-06-09 15:39:37,32230,12930,19300,카드
7804,8307,2026-06-09 15:49:40,118890,47590,71300,카드
7805,8308,2026-06-09 15:50:41,25640,10340,15300,간편결제
7806,8309,2026-06-09 16:16:48,42050,16850,25200,간편결제
7807,8315,2026-06-10 09:14:41,90220,36120,54100,현금
7808,8312,2026-06-10 09:23:05,30040,12040,18000,카드
7809,8310,2026-06-10 09:29:48,159940,64040,95900,카드
7810,8316,2026-06-10 09:37:00,23650,9550,14100,카드
7811,8311,2026-06-10 09:40:09,33680,13480,20200,카드
7812,8314,2026-06-10 09:40:19,180150,72150,108000,카드
7813,8321,2026-06-10 09:40:43,114780,45980,68800,카드
7814,8320,2026-06-10 09:40:56,235960,94460,141500,간편결제
7815,8317,2026-06-10 09:41:32,191500,76600,114900,간편결제
7816,8313,2026-06-10 09:43:57,54550,21850,32700,카드
7817,8322,2026-06-10 09:53:27,20140,8140,12000,간편결제
7818,8319,2026-06-10 10:00:37,36780,14780,22000,카드
7819,8323,2026-06-10 10:12:31,32550,13050,19500,카드
7820,8325,2026-06-10 10:20:15,221120,88520,132600,카드
7821,8326,2026-06-10 10:45:53,136600,54700,81900,간편결제
7822,8328,2026-06-10 10:53:31,224610,89910,134700,카드
7823,8327,2026-06-10 10:54:13,28690,11490,17200,간편결제
7824,8329,2026-06-10 11:15:14,44000,17600,26400,카드
7825,8330,2026-06-10 11:20:39,34510,13810,20700,카드
7826,8334,2026-06-10 13:51:38,21070,8470,12600,카드
7827,8331,2026-06-10 13:56:21,25330,10230,15100,카드
7828,8333,2026-06-10 13:59:37,108950,43650,65300,카드
7829,8332,2026-06-10 14:06:14,28720,11520,17200,카드
7830,8338,2026-06-10 14:15:21,28110,11310,16800,카드
7831,8340,2026-06-10 14:17:25,18630,7530,11100,카드
7832,8339,2026-06-10 14:20:34,105830,42430,63400,카드
7833,8342,2026-06-10 14:24:49,44960,18060,26900,간편결제
7834,8337,2026-06-10 14:25:00,18810,7610,11200,현금
7835,8343,2026-06-10 14:27:30,28280,11380,16900,카드
7836,8341,2026-06-10 14:28:26,29150,11750,17400,카드
7837,8347,2026-06-10 14:37:11,19750,7950,11800,카드
7838,8345,2026-06-10 14:41:35,23690,9490,14200,현금
7839,8348,2026-06-10 14:48:45,18980,7680,11300,간편결제
7840,8346,2026-06-10 14:50:42,245490,98290,147200,카드
7841,8344,2026-06-10 14:52:01,38930,15630,23300,현금
7842,8349,2026-06-10 14:57:43,37950,15250,22700,카드
7843,8350,2026-06-10 15:23:13,29890,11990,17900,간편결제
7844,8351,2026-06-10 15:45:56,43950,17650,26300,카드
7845,8352,2026-06-11 09:12:17,27490,11090,16400,카드
7846,8356,2026-06-11 09:14:46,24330,9830,14500,카드
7847,8358,2026-06-11 09:17:12,19900,8000,11900,카드
7848,8354,2026-06-11 09:20:09,20520,8220,12300,카드
7849,8360,2026-06-11 09:32:25,26740,10740,16000,카드
7850,8376,2026-06-11 09:33:20,18120,7320,10800,카드
7851,8361,2026-06-11 09:35:35,114250,45750,68500,간편결제
7852,8362,2026-06-11 09:36:21,28720,11520,17200,카드
7853,8353,2026-06-11 09:39:23,63080,25280,37800,카드
7854,8359,2026-06-11 09:42:14,18550,7450,11100,간편결제
7855,8355,2026-06-11 09:44:24,60250,24150,36100,카드
7856,8357,2026-06-11 09:44:58,105730,42330,63400,카드
7857,8365,2026-06-11 09:45:03,26970,10870,16100,카드
7858,8366,2026-06-11 09:45:55,29450,11850,17600,카드
7859,8375,2026-06-11 09:47:44,42230,16930,25300,카드
7860,8367,2026-06-11 09:48:20,21650,8750,12900,카드
7861,8381,2026-06-11 09:52:40,269450,107850,161600,카드
7862,8368,2026-06-11 09:54:42,199500,79800,119700,간편결제
7863,8369,2026-06-11 09:59:35,31360,12560,18800,카드
7864,8364,2026-06-11 10:05:08,130370,52170,78200,카드
7865,8379,2026-06-11 10:06:13,28780,11580,17200,카드
7866,8373,2026-06-11 10:07:34,22330,9030,13300,카드
7867,8385,2026-06-11 10:08:27,29430,11830,17600,카드
7868,8388,2026-06-11 10:12:33,190450,76250,114200,카드
7869,8371,2026-06-11 10:15:09,42200,16900,25300,카드
7870,8370,2026-06-11 10:15:36,21980,8880,13100,카드
7871,8372,2026-06-11 10:17:05,44590,17890,26700,카드
7872,8374,2026-06-11 10:17:18,205060,82060,123000,카드
7873,8382,2026-06-11 10:24:28,22940,9240,13700,카드
7874,8377,2026-06-11 10:35:55,223510,89410,134100,카드
7875,8378,2026-06-11 10:39:39,23810,9610,14200,카드
7876,8383,2026-06-11 10:42:25,108080,43280,64800,카드
7877,8386,2026-06-11 10:49:13,92780,37180,55600,카드
7878,8380,2026-06-11 10:53:36,241960,96860,145100,간편결제
7879,8390,2026-06-11 11:07:18,36390,14590,21800,카드
7880,8396,2026-06-11 11:16:34,22090,8890,13200,카드
7881,8384,2026-06-11 11:18:18,20480,8280,12200,카드
7882,8391,2026-06-11 11:18:41,24440,9840,14600,간편결제
7883,8389,2026-06-11 11:19:29,126620,50720,75900,카드
7884,8394,2026-06-11 11:20:49,239580,95880,143700,카드
7885,8393,2026-06-11 11:31:36,136820,54820,82000,카드
7886,8397,2026-06-11 11:35:14,31200,12500,18700,카드
7887,8395,2026-06-11 11:39:27,20870,8370,12500,카드
7888,8400,2026-06-11 13:47:35,44150,17750,26400,카드
7889,8402,2026-06-11 13:48:45,29310,11810,17500,간편결제
7890,8398,2026-06-11 13:51:37,27350,10950,16400,카드
7891,8399,2026-06-11 13:53:05,24710,9910,14800,카드
7892,8403,2026-06-11 13:57:23,20050,8050,12000,카드
7893,8412,2026-06-11 14:00:46,44130,17730,26400,카드
7894,8411,2026-06-11 14:05:49,24110,9710,14400,카드
7895,8401,2026-06-11 14:06:38,40030,16030,24000,카드
7896,8413,2026-06-11 14:13:10,22690,9090,13600,카드
7897,8416,2026-06-11 14:16:15,155370,62170,93200,간편결제
7898,8415,2026-06-11 14:17:43,34380,13780,20600,카드
7899,8419,2026-06-11 14:25:34,32970,13270,19700,간편결제
7900,8405,2026-06-11 14:27:53,192820,77220,115600,카드
7901,8418,2026-06-11 14:29:15,30740,12340,18400,카드
7902,8420,2026-06-11 14:37:53,39370,15770,23600,카드
7903,8407,2026-06-11 14:38:47,29190,11690,17500,카드
7904,8421,2026-06-11 14:40:17,239460,95860,143600,카드
7905,8406,2026-06-11 14:42:33,266590,106690,159900,카드
7906,8422,2026-06-11 14:44:55,23410,9410,14000,카드
7907,8425,2026-06-11 14:47:50,34530,13830,20700,카드
7908,8408,2026-06-11 14:52:33,41230,16530,24700,현금
7909,8432,2026-06-11 14:56:12,111760,44760,67000,카드
7910,8426,2026-06-11 15:00:26,30570,12270,18300,간편결제
7911,8409,2026-06-11 15:04:03,18260,7360,10900,카드
7912,8429,2026-06-11 15:10:35,32960,13260,19700,카드
7913,8410,2026-06-11 15:11:46,277990,111290,166700,카드
7914,8427,2026-06-11 15:17:15,19380,7780,11600,간편결제
7915,8414,2026-06-11 15:17:26,27450,11050,16400,카드
7916,8417,2026-06-11 15:19:37,80310,32210,48100,현금
7917,8430,2026-06-11 15:23:30,35170,14070,21100,카드
7918,8434,2026-06-11 15:23:56,19400,7800,11600,간편결제
7919,8433,2026-06-11 15:26:51,21600,8700,12900,카드
7920,8431,2026-06-11 15:29:09,95090,38090,57000,간편결제
7921,8423,2026-06-11 15:31:55,40900,16400,24500,카드
7922,8424,2026-06-11 15:44:54,278560,111460,167100,현금
7923,8437,2026-06-11 15:46:00,35390,14190,21200,카드
7924,8435,2026-06-11 15:53:59,29690,11890,17800,카드
7925,8428,2026-06-11 16:02:30,105590,42290,63300,카드
7926,8439,2026-06-11 16:06:13,201870,80770,121100,간편결제
7927,8438,2026-06-11 16:09:40,244000,97600,146400,카드
7928,8436,2026-06-11 16:14:34,216760,86760,130000,현금
7929,8440,2026-06-11 16:19:49,42920,17220,25700,카드
7930,8449,2026-06-12 09:22:22,202520,81020,121500,간편결제
7931,8444,2026-06-12 09:23:48,24570,9870,14700,현금
7932,8445,2026-06-12 09:26:41,254740,101940,152800,카드
7933,8442,2026-06-12 09:27:40,23910,9610,14300,카드
7934,8443,2026-06-12 09:27:56,28340,11340,17000,카드
7935,8441,2026-06-12 09:29:44,127020,50820,76200,간편결제
7936,8447,2026-06-12 09:35:00,40270,16170,24100,카드
7937,8446,2026-06-12 09:53:04,18240,7340,10900,간편결제
7938,8450,2026-06-12 09:56:26,116000,46400,69600,간편결제
7939,8448,2026-06-12 09:56:30,19990,8090,11900,카드
7940,8451,2026-06-12 10:22:53,20620,8320,12300,카드
7941,8452,2026-06-12 11:21:10,24310,9810,14500,카드
7942,8455,2026-06-12 13:42:01,20850,8350,12500,카드
7943,8453,2026-06-12 13:47:26,40820,16420,24400,카드
7944,8457,2026-06-12 13:49:10,241740,96740,145000,카드
7945,8458,2026-06-12 13:50:42,110160,44160,66000,카드
7946,8460,2026-06-12 13:54:36,259280,103780,155500,카드
7947,8465,2026-06-12 14:01:33,36410,14610,21800,카드
7948,8463,2026-06-12 14:02:49,44150,17750,26400,카드
7949,8466,2026-06-12 14:03:51,58530,23430,35100,카드
7950,8464,2026-06-12 14:07:56,19550,7850,11700,카드
7951,8456,2026-06-12 14:13:31,23560,9460,14100,카드
7952,8468,2026-06-12 14:14:33,36580,14680,21900,카드
7953,8470,2026-06-12 14:18:45,216650,86750,129900,카드
7954,8461,2026-06-12 14:22:49,160650,64350,96300,카드
7955,8467,2026-06-12 14:27:35,137420,55020,82400,카드
7956,8469,2026-06-12 14:27:59,192610,77110,115500,카드
7957,8471,2026-06-12 14:42:00,141780,56780,85000,카드
7958,8474,2026-06-12 14:46:11,223060,89260,133800,간편결제
7959,8476,2026-06-12 15:03:30,33900,13600,20300,간편결제
7960,8475,2026-06-12 15:09:49,292260,116960,175300,카드
7961,8477,2026-06-12 15:33:32,173670,69470,104200,카드
7962,8478,2026-06-12 15:38:33,38400,15400,23000,카드
7963,8479,2026-06-12 15:43:15,34740,13940,20800,카드
7964,8480,2026-06-12 15:50:11,25960,10460,15500,카드
7965,8481,2026-06-12 15:58:08,257140,102940,154200,카드
7966,8484,2026-06-15 09:10:39,29730,11930,17800,카드
7967,8486,2026-06-15 09:20:11,21470,8670,12800,카드
7968,8483,2026-06-15 09:21:24,124980,50080,74900,카드
7969,8488,2026-06-15 09:32:05,43390,17390,26000,카드
7970,8494,2026-06-15 09:32:39,42440,17040,25400,카드
7971,8482,2026-06-15 09:33:28,32840,13140,19700,카드
7972,8485,2026-06-15 09:35:17,270590,108290,162300,카드
7973,8495,2026-06-15 09:44:03,31970,12870,19100,카드
7974,8497,2026-06-15 09:46:11,44940,18040,26900,카드
7975,8490,2026-06-15 09:47:13,28560,11460,17100,카드
7976,8498,2026-06-15 09:52:11,28940,11640,17300,간편결제
7977,8499,2026-06-15 09:56:17,60870,24370,36500,현금
7978,8487,2026-06-15 10:00:05,38810,15610,23200,카드
7979,8500,2026-06-15 10:01:45,23000,9200,13800,카드
7980,8489,2026-06-15 10:07:35,19930,8030,11900,카드
7981,8506,2026-06-15 10:10:56,42120,16920,25200,간편결제
7982,8504,2026-06-15 10:11:30,29970,12070,17900,카드
7983,8492,2026-06-15 10:13:00,162660,65160,97500,카드
7984,8505,2026-06-15 10:14:09,23540,9440,14100,카드
7985,8502,2026-06-15 10:15:30,33130,13330,19800,카드
7986,8496,2026-06-15 10:19:11,41420,16620,24800,카드
7987,8493,2026-06-15 10:19:55,29600,11900,17700,카드
7988,8507,2026-06-15 10:21:35,91240,36540,54700,카드
7989,8503,2026-06-15 10:34:26,28550,11450,17100,카드
7990,8509,2026-06-15 10:39:05,26950,10850,16100,카드
7991,8512,2026-06-15 10:47:34,40520,16220,24300,카드
7992,8513,2026-06-15 10:53:46,255880,102380,153500,카드
7993,8511,2026-06-15 10:55:40,40680,16280,24400,카드
7994,8517,2026-06-15 10:56:16,198170,79270,118900,카드
7995,8508,2026-06-15 10:56:37,42510,17010,25500,카드
7996,8520,2026-06-15 11:08:16,34380,13780,20600,카드
7997,8514,2026-06-15 11:08:45,36370,14570,21800,카드
7998,8515,2026-06-15 11:14:38,40960,16460,24500,간편결제
7999,8519,2026-06-15 11:23:48,178440,71440,107000,카드
8000,8516,2026-06-15 11:32:10,18980,7680,11300,카드
8001,8518,2026-06-15 11:34:19,27520,11020,16500,카드
8002,8523,2026-06-15 11:45:36,228370,91370,137000,카드
8003,8522,2026-06-15 11:52:14,194460,77860,116600,간편결제
8004,8521,2026-06-15 11:53:53,37320,15020,22300,카드
8005,8525,2026-06-15 13:45:19,18780,7580,11200,카드
8006,8538,2026-06-15 13:46:04,24640,9940,14700,간편결제
8007,8526,2026-06-15 13:47:50,28320,11420,16900,간편결제
8008,8536,2026-06-15 13:49:37,212280,84980,127300,카드
8009,8539,2026-06-15 13:50:10,23320,9420,13900,간편결제
8010,8524,2026-06-15 13:51:43,33470,13470,20000,카드
8011,8528,2026-06-15 13:52:24,29480,11880,17600,카드
8012,8527,2026-06-15 13:52:59,22340,8940,13400,카드
8013,8531,2026-06-15 13:56:11,39170,15670,23500,간편결제
8014,8542,2026-06-15 14:04:38,242920,97220,145700,카드
8015,8541,2026-06-15 14:07:38,23730,9530,14200,카드
8016,8532,2026-06-15 14:09:48,142570,57070,85500,카드
8017,8544,2026-06-15 14:14:31,223900,89600,134300,카드
8018,8550,2026-06-15 14:18:04,135740,54340,81400,카드
8019,8534,2026-06-15 14:18:39,105440,42240,63200,간편결제
8020,8529,2026-06-15 14:20:03,29120,11720,17400,카드
8021,8546,2026-06-15 14:20:10,258970,103670,155300,카드
8022,8530,2026-06-15 14:20:28,18070,7270,10800,카드
8023,8548,2026-06-15 14:21:10,82950,33250,49700,카드
8024,8556,2026-06-15 14:27:26,120350,48150,72200,카드
8025,8558,2026-06-15 14:31:19,39960,16060,23900,현금
8026,8543,2026-06-15 14:31:25,19620,7920,11700,카드
8027,8551,2026-06-15 14:34:35,80650,32350,48300,카드
8028,8560,2026-06-15 14:34:43,23400,9400,14000,카드
8029,8535,2026-06-15 14:35:34,29060,11660,17400,간편결제
8030,8549,2026-06-15 14:40:59,28210,11310,16900,카드
8031,8537,2026-06-15 14:42:05,50810,20410,30400,카드
8032,8562,2026-06-15 14:47:24,118100,47300,70800,간편결제
8033,8540,2026-06-15 14:58:22,19450,7850,11600,카드
8034,8575,2026-06-15 14:59:06,23860,9560,14300,카드
8035,8545,2026-06-15 15:00:40,61710,24710,37000,간편결제
8036,8564,2026-06-15 15:02:35,30220,12120,18100,카드
8037,8567,2026-06-15 15:03:06,25280,10180,15100,카드
8038,8565,2026-06-15 15:03:57,159340,63740,95600,간편결제
8039,8573,2026-06-15 15:04:34,20800,8400,12400,카드
8040,8568,2026-06-15 15:05:00,19650,7950,11700,카드
8041,8569,2026-06-15 15:12:32,60060,24060,36000,현금
8042,8574,2026-06-15 15:20:03,19630,7930,11700,현금
8043,8555,2026-06-15 15:22:58,21230,8530,12700,카드
8044,8572,2026-06-15 15:26:41,222530,89030,133500,카드
8045,8566,2026-06-15 15:28:02,36680,14680,22000,카드
8046,8552,2026-06-15 15:28:42,29810,12010,17800,카드
8047,8577,2026-06-15 15:31:21,42070,16870,25200,카드
8048,8578,2026-06-15 15:36:06,18120,7320,10800,카드
8049,8557,2026-06-15 15:41:06,38440,15440,23000,카드
8050,8561,2026-06-15 15:41:47,25910,10410,15500,카드
8051,8579,2026-06-15 15:48:23,188590,75490,113100,카드
8052,8581,2026-06-15 15:48:34,186680,74680,112000,카드
8053,8559,2026-06-15 15:51:28,22730,9130,13600,간편결제
8054,8571,2026-06-15 16:03:04,115610,46310,69300,카드
8055,8580,2026-06-15 16:05:26,43900,17600,26300,현금
8056,8563,2026-06-15 16:08:15,36140,14540,21600,카드
8057,8582,2026-06-15 16:22:28,29860,11960,17900,간편결제
8058,8576,2026-06-15 16:27:19,26780,10780,16000,카드
8059,8583,2026-06-16 09:25:26,32270,12970,19300,카드
8060,8585,2026-06-16 09:25:40,18600,7500,11100,카드
8061,8593,2026-06-16 09:28:37,29930,12030,17900,카드
8062,8592,2026-06-16 09:28:37,22930,9230,13700,카드
8063,8603,2026-06-16 09:33:51,32800,13200,19600,카드
8064,8587,2026-06-16 09:35:07,35890,14390,21500,현금
8065,8605,2026-06-16 09:35:15,65070,26070,39000,현금
8066,8600,2026-06-16 09:35:39,203170,81270,121900,카드
8067,8594,2026-06-16 09:35:56,149440,59840,89600,카드
8068,8584,2026-06-16 09:37:24,28290,11390,16900,카드
8069,8604,2026-06-16 09:44:49,18850,7550,11300,카드
8070,8610,2026-06-16 09:45:17,25740,10340,15400,카드
8071,8596,2026-06-16 09:46:45,29030,11630,17400,간편결제
8072,8609,2026-06-16 09:49:30,43890,17590,26300,간편결제
8073,8586,2026-06-16 09:49:32,38950,15650,23300,간편결제
8074,8608,2026-06-16 09:51:05,24130,9730,14400,현금
8075,8616,2026-06-16 09:53:44,96490,38690,57800,카드
8076,8602,2026-06-16 09:53:50,43550,17450,26100,카드
8077,8612,2026-06-16 09:56:39,28920,11620,17300,카드
8078,8590,2026-06-16 09:59:06,32920,13220,19700,카드
8079,8589,2026-06-16 10:01:13,90850,36350,54500,카드
8080,8607,2026-06-16 10:02:33,21130,8530,12600,카드
8081,8613,2026-06-16 10:06:32,86370,34570,51800,카드
8082,8591,2026-06-16 10:09:20,143720,57520,86200,카드
8083,8615,2026-06-16 10:16:03,25170,10070,15100,카드
8084,8617,2026-06-16 10:16:14,25980,10480,15500,카드
8085,8619,2026-06-16 10:29:43,40550,16250,24300,간편결제
8086,8618,2026-06-16 10:31:29,24550,9850,14700,카드
8087,8595,2026-06-16 10:35:29,44570,17870,26700,카드
8088,8597,2026-06-16 10:40:32,26590,10690,15900,현금
8089,8599,2026-06-16 10:53:16,40220,16120,24100,현금
8090,8601,2026-06-16 10:54:19,22130,8930,13200,카드
8091,8620,2026-06-16 10:59:28,28010,11210,16800,카드
8092,8621,2026-06-16 11:03:34,269900,108000,161900,카드
8093,8622,2026-06-16 11:13:36,43850,17550,26300,카드
8094,8606,2026-06-16 11:22:27,151120,60520,90600,카드
8095,8611,2026-06-16 11:22:57,37350,14950,22400,카드
8096,8614,2026-06-16 11:37:29,38760,15560,23200,카드
8097,8624,2026-06-16 11:47:37,28280,11380,16900,카드
8098,8639,2026-06-16 13:42:04,60170,24070,36100,카드
8099,8641,2026-06-16 13:47:11,25560,10260,15300,카드
8100,8640,2026-06-16 13:48:59,33440,13440,20000,카드
8101,8642,2026-06-16 13:51:54,23430,9430,14000,카드
8102,8632,2026-06-16 13:52:05,271880,108780,163100,카드
8103,8631,2026-06-16 13:57:09,241670,96670,145000,현금
8104,8634,2026-06-16 13:58:05,36100,14500,21600,간편결제
8105,8625,2026-06-16 14:01:07,30340,12140,18200,카드
8106,8627,2026-06-16 14:03:38,34610,13910,20700,카드
8107,8633,2026-06-16 14:04:20,40460,16260,24200,카드
8108,8645,2026-06-16 14:05:43,18650,7550,11100,카드
8109,8626,2026-06-16 14:07:30,205980,82480,123500,간편결제
8110,8636,2026-06-16 14:12:03,96860,38760,58100,현금
8111,8646,2026-06-16 14:12:37,263620,105520,158100,카드
8112,8628,2026-06-16 14:12:53,264460,105860,158600,간편결제
8113,8638,2026-06-16 14:13:04,215820,86420,129400,카드
8114,8635,2026-06-16 14:13:08,37910,15210,22700,카드
8115,8643,2026-06-16 14:14:54,249510,99810,149700,카드
8116,8650,2026-06-16 14:15:22,160790,64390,96400,카드
8117,8657,2026-06-16 14:18:43,43560,17460,26100,카드
8118,8629,2026-06-16 14:24:11,35730,14330,21400,간편결제
8119,8651,2026-06-16 14:27:18,21990,8890,13100,카드
8120,8656,2026-06-16 14:28:26,19970,8070,11900,카드
8121,8647,2026-06-16 14:30:46,106410,42610,63800,카드
8122,8652,2026-06-16 14:34:58,26500,10600,15900,간편결제
8123,8649,2026-06-16 14:35:00,204630,81930,122700,카드
8124,8637,2026-06-16 14:36:54,41930,16830,25100,현금
8125,8630,2026-06-16 14:41:28,43190,17290,25900,간편결제
8126,8663,2026-06-16 14:44:35,251370,100570,150800,카드
8127,8659,2026-06-16 14:44:46,195120,78120,117000,카드
8128,8664,2026-06-16 14:45:49,145170,58070,87100,카드
8129,8660,2026-06-16 14:54:04,29960,12060,17900,카드
8130,8653,2026-06-16 14:57:17,41690,16690,25000,카드
8131,8662,2026-06-16 14:58:00,32280,12980,19300,카드
8132,8661,2026-06-16 14:59:10,20810,8410,12400,카드
8133,8654,2026-06-16 15:01:14,37190,14890,22300,카드
8134,8644,2026-06-16 15:05:16,135640,54340,81300,카드
8135,8668,2026-06-16 15:10:03,103170,41270,61900,간편결제
8136,8665,2026-06-16 15:12:18,226350,90550,135800,간편결제
8137,8655,2026-06-16 15:20:04,29040,11640,17400,카드
8138,8672,2026-06-16 15:20:37,190770,76370,114400,카드
8139,8658,2026-06-16 15:30:20,43780,17580,26200,간편결제
8140,8673,2026-06-16 15:34:59,144950,58050,86900,카드
8141,8674,2026-06-16 15:36:12,40620,16320,24300,카드
8142,8666,2026-06-16 15:40:18,50690,20290,30400,간편결제
8143,8667,2026-06-16 15:48:34,39570,15870,23700,카드
8144,8669,2026-06-16 16:02:19,20430,8230,12200,카드
8145,8670,2026-06-16 16:02:48,23570,9470,14100,카드
8146,8671,2026-06-16 16:21:32,41580,16680,24900,간편결제
8147,8675,2026-06-16 16:27:44,25200,10100,15100,카드
8148,8679,2026-06-17 09:19:19,208140,83340,124800,카드
8149,8678,2026-06-17 09:21:44,39840,15940,23900,카드
8150,8680,2026-06-17 09:25:22,38190,15290,22900,카드
8151,8676,2026-06-17 09:28:07,28220,11320,16900,카드
8152,8686,2026-06-17 09:34:01,25000,10000,15000,카드
8153,8677,2026-06-17 09:35:53,37070,14870,22200,카드
8154,8683,2026-06-17 09:36:07,40160,16160,24000,카드
8155,8681,2026-06-17 09:39:46,21920,8820,13100,현금
8156,8682,2026-06-17 09:41:29,32350,12950,19400,카드
8157,8685,2026-06-17 09:47:21,202960,81260,121700,카드
8158,8684,2026-06-17 09:54:30,24880,9980,14900,카드
8159,8688,2026-06-17 09:56:39,29540,11840,17700,현금
8160,8691,2026-06-17 10:04:42,28030,11230,16800,간편결제
8161,8689,2026-06-17 10:06:39,140720,56320,84400,현금
8162,8690,2026-06-17 10:08:30,36020,14420,21600,카드
8163,8692,2026-06-17 10:10:53,75750,30350,45400,카드
8164,8695,2026-06-17 10:24:13,25260,10160,15100,카드
8165,8694,2026-06-17 10:27:58,18710,7510,11200,카드
8166,8693,2026-06-17 10:35:06,21590,8690,12900,카드
8167,8697,2026-06-17 10:44:13,42130,16930,25200,카드
8168,8696,2026-06-17 10:45:22,31360,12560,18800,카드
8169,8698,2026-06-17 11:08:26,107350,42950,64400,카드
8170,8699,2026-06-17 11:22:52,202380,80980,121400,카드
8171,8701,2026-06-17 11:25:59,38730,15530,23200,현금
8172,8702,2026-06-17 13:38:59,28750,11550,17200,카드
8173,8707,2026-06-17 13:54:07,242730,97130,145600,카드
8174,8705,2026-06-17 13:55:47,28230,11330,16900,카드
8175,8703,2026-06-17 14:02:45,44610,17910,26700,카드
8176,8708,2026-06-17 14:06:18,28140,11340,16800,카드
8177,8709,2026-06-17 14:08:28,42740,17140,25600,카드
8178,8710,2026-06-17 14:16:01,43560,17460,26100,현금
8179,8704,2026-06-17 14:17:02,39810,16010,23800,카드
8180,8712,2026-06-17 14:22:12,40900,16400,24500,카드
8181,8706,2026-06-17 14:24:36,228880,91580,137300,간편결제
8182,8715,2026-06-17 14:36:05,160510,64210,96300,현금
8183,8711,2026-06-17 14:37:34,21950,8850,13100,카드
8184,8714,2026-06-17 14:37:44,93140,37340,55800,간편결제
8185,8713,2026-06-17 14:39:11,24800,10000,14800,카드
8186,8716,2026-06-17 14:47:29,23320,9420,13900,간편결제
8187,8717,2026-06-17 14:59:26,264510,105810,158700,현금
8188,8718,2026-06-17 15:02:46,20360,8160,12200,카드
8189,8719,2026-06-17 15:05:42,25280,10180,15100,카드
8190,8723,2026-06-18 09:16:25,20650,8350,12300,카드
8191,8721,2026-06-18 09:18:11,29820,12020,17800,카드
8192,8724,2026-06-18 09:23:38,228540,91440,137100,카드
8193,8722,2026-06-18 09:27:33,25420,10220,15200,간편결제
8194,8720,2026-06-18 09:28:52,25140,10140,15000,카드
8195,8730,2026-06-18 09:30:38,22360,8960,13400,카드
8196,8732,2026-06-18 09:39:02,38670,15470,23200,카드
8197,8725,2026-06-18 09:41:53,125030,50030,75000,카드
8198,8733,2026-06-18 09:42:34,21570,8670,12900,간편결제
8199,8727,2026-06-18 09:44:50,240700,96300,144400,카드
8200,8734,2026-06-18 09:48:50,254640,101940,152700,카드
8201,8735,2026-06-18 09:51:19,39640,15940,23700,간편결제
8202,8731,2026-06-18 09:52:11,24210,9710,14500,카드
8203,8726,2026-06-18 09:54:25,26950,10850,16100,카드
8204,8740,2026-06-18 10:01:13,61480,24680,36800,카드
8205,8737,2026-06-18 10:01:17,27050,10850,16200,카드
8206,8743,2026-06-18 10:02:28,32140,12940,19200,카드
8207,8749,2026-06-18 10:02:48,31060,12460,18600,카드
8208,8738,2026-06-18 10:04:20,29220,11720,17500,카드
8209,8746,2026-06-18 10:07:33,21420,8620,12800,카드
8210,8736,2026-06-18 10:08:56,61490,24690,36800,카드
8211,8741,2026-06-18 10:09:46,235870,94370,141500,카드
8212,8739,2026-06-18 10:14:09,41310,16610,24700,카드
8213,8747,2026-06-18 10:15:42,26070,10470,15600,카드
8214,8742,2026-06-18 10:21:15,29000,11600,17400,카드
8215,8758,2026-06-18 10:22:43,44230,17730,26500,카드
8216,8760,2026-06-18 10:32:48,221080,88480,132600,카드
8217,8759,2026-06-18 10:35:44,23820,9620,14200,카드
8218,8750,2026-06-18 10:37:23,18250,7350,10900,카드
8219,8744,2026-06-18 10:39:13,124070,49670,74400,카드
8220,8745,2026-06-18 10:42:48,22010,8810,13200,카드
8221,8751,2026-06-18 10:45:39,30000,12000,18000,간편결제
8222,8763,2026-06-18 10:47:38,81610,32710,48900,카드
8223,8756,2026-06-18 10:51:24,27430,11030,16400,카드
8224,8755,2026-06-18 10:53:33,35990,14490,21500,카드
8225,8752,2026-06-18 11:02:00,42680,17080,25600,현금
8226,8754,2026-06-18 11:07:53,25540,10240,15300,카드
8227,8761,2026-06-18 11:10:48,164770,65970,98800,간편결제
8228,8762,2026-06-18 11:22:00,23940,9640,14300,카드
8229,8764,2026-06-18 11:22:19,29250,11750,17500,간편결제
8230,8765,2026-06-18 11:27:29,88090,35290,52800,카드
8231,8767,2026-06-18 11:30:49,257400,103000,154400,카드
8232,8768,2026-06-18 11:34:35,27680,11080,16600,간편결제
8233,8766,2026-06-18 11:44:07,29710,11910,17800,카드
8234,8769,2026-06-18 13:51:45,26390,10590,15800,카드
8235,8772,2026-06-18 13:53:30,135720,54320,81400,현금
8236,8773,2026-06-18 13:54:04,268290,107390,160900,카드
8237,8785,2026-06-18 13:56:35,20230,8130,12100,카드
8238,8776,2026-06-18 13:59:13,86260,34560,51700,카드
8239,8779,2026-06-18 14:02:49,19770,7970,11800,간편결제
8240,8780,2026-06-18 14:03:16,39480,15880,23600,카드
8241,8771,2026-06-18 14:06:46,21270,8570,12700,간편결제
8242,8789,2026-06-18 14:11:46,19340,7740,11600,카드
8243,8775,2026-06-18 14:14:28,139840,55940,83900,간편결제
8244,8774,2026-06-18 14:15:18,28990,11690,17300,카드
8245,8787,2026-06-18 14:17:34,27830,11230,16600,카드
8246,8790,2026-06-18 14:23:36,254840,101940,152900,카드
8247,8791,2026-06-18 14:24:30,32770,13170,19600,카드
8248,8786,2026-06-18 14:25:31,40190,16090,24100,현금
8249,8778,2026-06-18 14:33:48,22610,9110,13500,카드
8250,8777,2026-06-18 14:38:31,30930,12430,18500,카드
8251,8781,2026-06-18 14:51:49,42450,17050,25400,카드
8252,8792,2026-06-18 14:53:08,18670,7470,11200,카드
8253,8782,2026-06-18 14:59:24,254120,101720,152400,간편결제
8254,8788,2026-06-18 15:00:59,43820,17620,26200,간편결제
8255,8784,2026-06-18 15:09:42,237960,95260,142700,카드
8256,8794,2026-06-18 15:20:09,105750,42350,63400,카드
8257,8793,2026-06-18 15:20:45,94610,37910,56700,카드
8258,8798,2026-06-18 15:22:26,27050,10850,16200,카드
8259,8797,2026-06-18 15:23:18,18070,7270,10800,카드
8260,8800,2026-06-18 15:23:46,20600,8300,12300,카드
8261,8799,2026-06-18 15:33:01,249010,99610,149400,카드
8262,8795,2026-06-18 15:42:07,19220,7720,11500,카드
8263,8801,2026-06-19 09:07:18,20690,8290,12400,카드
8264,8803,2026-06-19 09:10:22,232900,93200,139700,간편결제
8265,8802,2026-06-19 09:27:12,99920,40020,59900,카드
8266,8808,2026-06-19 09:33:38,24090,9690,14400,카드
8267,8804,2026-06-19 09:38:06,31650,12750,18900,현금
8268,8807,2026-06-19 09:40:13,18550,7450,11100,카드
8269,8805,2026-06-19 09:44:33,265060,106060,159000,카드
8270,8811,2026-06-19 09:50:33,273280,109380,163900,카드
8271,8806,2026-06-19 09:51:49,37290,14990,22300,카드
8272,8810,2026-06-19 10:08:18,38700,15500,23200,카드
8273,8814,2026-06-19 10:08:39,206400,82600,123800,간편결제
8274,8809,2026-06-19 10:10:46,207570,83070,124500,카드
8275,8817,2026-06-19 10:23:05,162880,65180,97700,카드
8276,8812,2026-06-19 10:30:11,28330,11430,16900,카드
8277,8813,2026-06-19 10:34:12,28570,11470,17100,카드
8278,8815,2026-06-19 10:43:08,29050,11650,17400,카드
8279,8816,2026-06-19 11:04:39,271600,108700,162900,간편결제
8280,8818,2026-06-19 11:22:04,43160,17360,25800,카드
8281,8819,2026-06-19 13:51:03,92320,37020,55300,카드
8282,8820,2026-06-19 13:51:20,142410,57010,85400,카드
8283,8827,2026-06-19 13:57:53,43310,17410,25900,카드
8284,8821,2026-06-19 13:59:01,206090,82490,123600,간편결제
8285,8822,2026-06-19 13:59:30,27220,10920,16300,카드
8286,8830,2026-06-19 14:05:43,37770,15170,22600,카드
8287,8823,2026-06-19 14:15:15,18230,7330,10900,카드
8288,8829,2026-06-19 14:19:03,28310,11410,16900,간편결제
8289,8824,2026-06-19 14:20:00,33850,13550,20300,카드
8290,8835,2026-06-19 14:20:10,244130,97730,146400,현금
8291,8831,2026-06-19 14:25:31,20430,8230,12200,카드
8292,8838,2026-06-19 14:25:51,26370,10570,15800,간편결제
8293,8826,2026-06-19 14:30:22,39140,15740,23400,카드
8294,8828,2026-06-19 14:38:58,95290,38190,57100,카드
8295,8836,2026-06-19 14:44:32,42870,17170,25700,카드
8296,8837,2026-06-19 14:46:28,145930,58430,87500,카드
8297,8839,2026-06-19 14:49:55,21180,8480,12700,카드
8298,8832,2026-06-19 14:51:43,161440,64640,96800,간편결제
8299,8840,2026-06-19 14:54:29,19260,7760,11500,현금
8300,8841,2026-06-19 14:56:59,30990,12490,18500,간편결제
8301,8842,2026-06-19 15:04:25,182850,73150,109700,간편결제
8302,8843,2026-06-19 15:14:24,286550,114650,171900,카드
8303,8833,2026-06-19 15:17:11,38620,15520,23100,현금
8304,8844,2026-06-19 15:34:07,103000,41200,61800,간편결제
8305,8847,2026-06-22 09:17:46,41080,16480,24600,카드
8306,8848,2026-06-22 09:18:58,34300,13800,20500,현금
8307,8846,2026-06-22 09:30:28,289100,115700,173400,카드
8308,8853,2026-06-22 09:30:32,108930,43630,65300,카드
8309,8858,2026-06-22 09:31:55,264560,105860,158700,카드
8310,8857,2026-06-22 09:32:22,211180,84480,126700,간편결제
8311,8873,2026-06-22 09:33:23,26130,10530,15600,카드
8312,8852,2026-06-22 09:39:04,37670,15070,22600,간편결제
8313,8856,2026-06-22 09:39:58,43250,17350,25900,간편결제
8314,8849,2026-06-22 09:40:17,23360,9360,14000,카드
8315,8860,2026-06-22 09:40:21,41010,16410,24600,간편결제
8316,8854,2026-06-22 09:42:05,116240,46540,69700,카드
8317,8851,2026-06-22 09:46:57,21850,8750,13100,카드
8318,8862,2026-06-22 09:49:51,22430,9030,13400,카드
8319,8855,2026-06-22 09:53:37,41370,16570,24800,카드
8320,8863,2026-06-22 09:55:05,24330,9830,14500,현금
8321,8865,2026-06-22 09:59:37,23920,9620,14300,간편결제
8322,8861,2026-06-22 10:05:47,34530,13830,20700,카드
8323,8870,2026-06-22 10:07:08,22410,9010,13400,카드
8324,8876,2026-06-22 10:11:07,181050,72450,108600,간편결제
8325,8859,2026-06-22 10:11:25,28590,11490,17100,카드
8326,8875,2026-06-22 10:14:27,265340,106140,159200,카드
8327,8874,2026-06-22 10:16:13,20810,8410,12400,카드
8328,8879,2026-06-22 10:22:27,84880,33980,50900,카드
8329,8878,2026-06-22 10:26:29,28530,11430,17100,간편결제
8330,8866,2026-06-22 10:31:57,29440,11840,17600,카드
8331,8864,2026-06-22 10:39:27,38220,15320,22900,카드
8332,8881,2026-06-22 10:40:02,22380,8980,13400,카드
8333,8869,2026-06-22 10:49:36,44750,17950,26800,카드
8334,8867,2026-06-22 10:49:47,258360,103360,155000,간편결제
8335,8888,2026-06-22 10:50:59,25260,10160,15100,카드
8336,8885,2026-06-22 10:55:42,20380,8180,12200,카드
8337,8871,2026-06-22 10:56:18,43660,17560,26100,카드
8338,8884,2026-06-22 10:59:30,27060,10860,16200,카드
8339,8877,2026-06-22 11:04:39,69250,27750,41500,카드
8340,8886,2026-06-22 11:06:14,21950,8850,13100,간편결제
8341,8882,2026-06-22 11:16:45,28230,11330,16900,카드
8342,8890,2026-06-22 11:19:48,39670,15870,23800,현금
8343,8880,2026-06-22 11:20:18,124140,49740,74400,카드
8344,8892,2026-06-22 11:22:58,30540,12240,18300,카드
8345,8889,2026-06-22 11:23:10,39760,15960,23800,카드
8346,8891,2026-06-22 11:32:40,24480,9880,14600,카드
8347,8893,2026-06-22 11:36:37,119360,47760,71600,카드
8348,8883,2026-06-22 11:41:12,19590,7890,11700,카드
8349,8887,2026-06-22 11:44:43,78250,31350,46900,카드
8350,8896,2026-06-22 13:47:39,197520,79020,118500,카드
8351,8898,2026-06-22 13:48:47,271000,108400,162600,카드
8352,8897,2026-06-22 13:50:00,29580,11880,17700,카드
8353,8899,2026-06-22 13:54:18,24520,9820,14700,카드
8354,8895,2026-06-22 13:55:06,150820,60420,90400,카드
8355,8903,2026-06-22 13:58:37,28990,11690,17300,카드
8356,8894,2026-06-22 14:00:03,31270,12570,18700,카드
8357,8904,2026-06-22 14:01:43,31580,12680,18900,카드
8358,8911,2026-06-22 14:03:50,188410,75410,113000,카드
8359,8901,2026-06-22 14:04:58,40830,16430,24400,카드
8360,8913,2026-06-22 14:12:26,25270,10170,15100,카드
8361,8900,2026-06-22 14:13:38,38390,15390,23000,카드
8362,8917,2026-06-22 14:15:57,195270,78170,117100,카드
8363,8920,2026-06-22 14:16:12,27150,10950,16200,카드
8364,8902,2026-06-22 14:17:58,216750,86750,130000,현금
8365,8915,2026-06-22 14:23:04,27850,11150,16700,카드
8366,8929,2026-06-22 14:27:46,20670,8270,12400,카드
8367,8919,2026-06-22 14:29:19,18430,7430,11000,카드
8368,8909,2026-06-22 14:29:35,105600,42300,63300,카드
8369,8906,2026-06-22 14:30:15,162350,64950,97400,카드
8370,8910,2026-06-22 14:30:57,44520,17820,26700,카드
8371,8907,2026-06-22 14:32:35,24500,9800,14700,카드
8372,8914,2026-06-22 14:32:52,37730,15130,22600,간편결제
8373,8924,2026-06-22 14:44:21,179340,71740,107600,카드
8374,8916,2026-06-22 14:45:03,22380,8980,13400,카드
8375,8918,2026-06-22 14:50:43,198810,79610,119200,카드
8376,8922,2026-06-22 14:52:11,22560,9060,13500,카드
8377,8923,2026-06-22 14:54:29,26170,10470,15700,카드
8378,8912,2026-06-22 14:56:26,18080,7280,10800,카드
8379,8928,2026-06-22 14:58:37,27980,11280,16700,카드
8380,8925,2026-06-22 15:00:55,173740,69540,104200,카드
8381,8927,2026-06-22 15:01:05,42570,17070,25500,카드
8382,8938,2026-06-22 15:04:20,69000,27600,41400,카드
8383,8931,2026-06-22 15:04:49,28340,11340,17000,카드
8384,8932,2026-06-22 15:06:20,42570,17070,25500,카드
8385,8926,2026-06-22 15:13:54,31510,12610,18900,현금
8386,8933,2026-06-22 15:14:10,109390,43790,65600,카드
8387,8939,2026-06-22 15:16:43,279640,111940,167700,카드
8388,8944,2026-06-22 15:19:28,40630,16330,24300,카드
8389,8935,2026-06-22 15:23:38,64440,25840,38600,카드
8390,8937,2026-06-22 15:31:45,25210,10110,15100,카드
8391,8930,2026-06-22 15:33:11,40910,16410,24500,간편결제
8392,8941,2026-06-22 15:34:50,43780,17580,26200,카드
8393,8948,2026-06-22 15:38:39,41320,16620,24700,현금
8394,8936,2026-06-22 15:40:08,24760,9960,14800,카드
8395,8942,2026-06-22 15:40:27,38690,15490,23200,간편결제
8396,8945,2026-06-22 15:46:54,35320,14220,21100,카드
8397,8949,2026-06-22 15:47:44,37510,15010,22500,카드
8398,8947,2026-06-22 15:48:44,196900,78800,118100,카드
8399,8946,2026-06-22 15:51:32,30870,12370,18500,카드
8400,8950,2026-06-22 15:58:33,29550,11850,17700,카드
8401,8951,2026-06-22 16:05:14,24820,10020,14800,카드
8402,8952,2026-06-23 09:09:16,251010,100410,150600,카드
8403,8956,2026-06-23 09:14:22,18040,7240,10800,카드
8404,8960,2026-06-23 09:20:36,236330,94630,141700,카드
8405,8957,2026-06-23 09:27:56,28400,11400,17000,카드
8406,8954,2026-06-23 09:29:12,99750,39950,59800,카드
8407,8963,2026-06-23 09:30:53,24940,10040,14900,카드
8408,8968,2026-06-23 09:30:58,36120,14520,21600,간편결제
8409,8955,2026-06-23 09:33:31,41210,16510,24700,카드
8410,8959,2026-06-23 09:34:21,69540,27840,41700,카드
8411,8953,2026-06-23 09:35:03,35560,14260,21300,카드
8412,8958,2026-06-23 09:38:27,206000,82400,123600,간편결제
8413,8961,2026-06-23 09:41:20,25190,10090,15100,카드
8414,8964,2026-06-23 09:52:07,44180,17680,26500,카드
8415,8962,2026-06-23 09:52:43,51100,20500,30600,현금
8416,8965,2026-06-23 09:56:47,207630,83130,124500,카드
8417,8974,2026-06-23 09:59:12,21170,8470,12700,카드
8418,8969,2026-06-23 10:01:08,24520,9820,14700,카드
8419,8972,2026-06-23 10:09:31,55400,22200,33200,간편결제
8420,8973,2026-06-23 10:11:38,19600,7900,11700,카드
8421,8967,2026-06-23 10:12:43,30080,12080,18000,카드
8422,8971,2026-06-23 10:15:54,123120,49320,73800,간편결제
8423,8970,2026-06-23 10:16:42,38200,15300,22900,카드
8424,8975,2026-06-23 10:20:01,41300,16600,24700,카드
8425,8978,2026-06-23 10:33:34,133050,53250,79800,현금
8426,8976,2026-06-23 10:38:53,26510,10610,15900,간편결제
8427,8977,2026-06-23 10:47:55,202920,81220,121700,카드
8428,8979,2026-06-23 10:54:12,140610,56310,84300,카드
8429,8982,2026-06-23 10:58:58,22770,9170,13600,카드
8430,8980,2026-06-23 11:07:37,173400,69400,104000,카드
8431,8983,2026-06-23 11:19:39,31600,12700,18900,카드
8432,8981,2026-06-23 11:23:22,35520,14220,21300,카드
8433,8984,2026-06-23 11:39:05,32390,12990,19400,카드
8434,8986,2026-06-23 13:41:40,123720,49520,74200,카드
8435,8992,2026-06-23 13:45:17,19960,8060,11900,카드
8436,8991,2026-06-23 13:45:55,26720,10720,16000,현금
8437,8990,2026-06-23 13:46:55,35760,14360,21400,카드
8438,8989,2026-06-23 13:52:19,29380,11780,17600,간편결제
8439,8987,2026-06-23 13:56:51,41350,16550,24800,카드
8440,8985,2026-06-23 13:57:59,20810,8410,12400,카드
8441,8988,2026-06-23 14:05:29,39700,15900,23800,현금
8442,8993,2026-06-23 14:16:52,32830,13230,19600,카드
8443,8994,2026-06-23 14:17:26,29470,11870,17600,현금
8444,8995,2026-06-23 14:20:30,223330,89430,133900,카드
8445,8999,2026-06-23 14:26:20,197520,79020,118500,카드
8446,8996,2026-06-23 14:31:04,40370,16170,24200,카드
8447,8998,2026-06-23 14:31:19,25430,10230,15200,카드
8448,9001,2026-06-23 14:32:29,29420,11820,17600,카드
8449,8997,2026-06-23 14:40:04,32910,13210,19700,간편결제
8450,9002,2026-06-23 14:41:31,19190,7690,11500,카드
8451,9004,2026-06-23 14:43:02,26300,10600,15700,현금
8452,9003,2026-06-23 14:46:14,37530,15030,22500,카드
8453,9006,2026-06-23 14:50:44,42370,16970,25400,카드
8454,9005,2026-06-23 14:53:25,129650,51950,77700,카드
8455,9008,2026-06-23 15:04:30,29730,11930,17800,간편결제
8456,9007,2026-06-23 15:16:12,206580,82680,123900,간편결제
8457,9009,2026-06-23 15:35:25,68780,27580,41200,간편결제
8458,9010,2026-06-23 15:37:08,28160,11360,16800,카드
8459,9012,2026-06-23 15:54:34,35350,14150,21200,카드
8460,9011,2026-06-23 16:03:53,29410,11810,17600,카드
8461,9014,2026-06-24 09:18:16,152600,61100,91500,현금
8462,9013,2026-06-24 09:19:32,22180,8880,13300,카드
8463,9018,2026-06-24 09:20:28,201560,80660,120900,현금
8464,9017,2026-06-24 09:25:52,28930,11630,17300,카드
8465,9016,2026-06-24 09:26:55,89540,35840,53700,카드
8466,9015,2026-06-24 09:27:05,20430,8230,12200,카드
8467,9022,2026-06-24 09:32:01,129290,51790,77500,카드
8468,9020,2026-06-24 09:39:42,18370,7370,11000,카드
8469,9024,2026-06-24 09:46:31,25920,10420,15500,간편결제
8470,9021,2026-06-24 09:47:24,38980,15680,23300,카드
8471,9019,2026-06-24 09:47:28,102030,40830,61200,카드
8472,9025,2026-06-24 09:54:16,28460,11460,17000,카드
8473,9027,2026-06-24 10:01:19,27350,10950,16400,카드
8474,9026,2026-06-24 10:03:09,27130,10930,16200,카드
8475,9023,2026-06-24 10:03:44,27630,11130,16500,카드
8476,9033,2026-06-24 10:24:08,18620,7520,11100,카드
8477,9029,2026-06-24 10:24:16,40680,16280,24400,카드
8478,9031,2026-06-24 10:26:26,28880,11580,17300,카드
8479,9028,2026-06-24 10:28:36,25100,10100,15000,카드
8480,9030,2026-06-24 10:35:03,22960,9260,13700,카드
8481,9034,2026-06-24 10:39:55,27820,11220,16600,카드
8482,9035,2026-06-24 10:40:36,25290,10190,15100,카드
8483,9032,2026-06-24 10:48:43,129170,51670,77500,카드
8484,9036,2026-06-24 11:11:53,132650,53150,79500,간편결제
8485,9037,2026-06-24 11:14:59,31850,12750,19100,카드
8486,9038,2026-06-24 11:15:54,63110,25310,37800,카드
8487,9043,2026-06-24 13:45:00,44620,17920,26700,간편결제
8488,9042,2026-06-24 13:50:54,25070,10070,15000,카드
8489,9040,2026-06-24 13:51:19,18160,7360,10800,간편결제
8490,9044,2026-06-24 13:59:17,34360,13760,20600,간편결제
8491,9041,2026-06-24 14:00:37,37660,15160,22500,카드
8492,9049,2026-06-24 14:08:00,22000,8800,13200,카드
8493,9046,2026-06-24 14:12:45,199970,80070,119900,카드
8494,9045,2026-06-24 14:19:41,64470,25870,38600,카드
8495,9051,2026-06-24 14:24:44,24520,9820,14700,카드
8496,9047,2026-06-24 14:25:11,223730,89530,134200,현금
8497,9050,2026-06-24 14:27:10,33310,13410,19900,카드
8498,9055,2026-06-24 14:31:46,28910,11610,17300,카드
8499,9056,2026-06-24 14:42:45,181880,72780,109100,카드
8500,9053,2026-06-24 14:43:57,38760,15560,23200,현금
8501,9058,2026-06-24 14:48:45,38920,15620,23300,카드
8502,9059,2026-06-24 15:08:45,30440,12240,18200,카드
8503,9060,2026-06-24 15:12:09,147110,58910,88200,카드
8504,9063,2026-06-25 09:14:44,41880,16780,25100,카드
8505,9070,2026-06-25 09:23:01,25730,10330,15400,간편결제
8506,9061,2026-06-25 09:27:55,34310,13810,20500,카드
8507,9073,2026-06-25 09:29:47,24620,9920,14700,카드
8508,9075,2026-06-25 09:31:52,250310,100210,150100,카드
8509,9065,2026-06-25 09:32:56,38960,15660,23300,카드
8510,9064,2026-06-25 09:33:48,44480,17880,26600,카드
8511,9072,2026-06-25 09:37:20,70350,28150,42200,카드
8512,9066,2026-06-25 09:37:28,32000,12800,19200,카드
8513,9062,2026-06-25 09:41:35,187290,74990,112300,카드
8514,9085,2026-06-25 09:43:01,21910,8810,13100,카드
8515,9067,2026-06-25 09:43:05,29460,11860,17600,간편결제
8516,9089,2026-06-25 09:46:47,22660,9160,13500,카드
8517,9071,2026-06-25 09:47:19,41820,16820,25000,카드
8518,9076,2026-06-25 09:48:04,21630,8730,12900,현금
8519,9069,2026-06-25 09:50:00,27360,10960,16400,카드
8520,9084,2026-06-25 09:56:00,30920,12420,18500,카드
8521,9092,2026-06-25 09:57:30,26450,10650,15800,카드
8522,9068,2026-06-25 09:59:30,18120,7320,10800,카드
8523,9077,2026-06-25 10:00:31,19280,7780,11500,간편결제
8524,9083,2026-06-25 10:02:25,44870,17970,26900,카드
8525,9074,2026-06-25 10:09:24,158310,63410,94900,카드
8526,9093,2026-06-25 10:09:47,28240,11340,16900,카드
8527,9098,2026-06-25 10:12:11,90700,36300,54400,카드
8528,9081,2026-06-25 10:12:24,31870,12770,19100,카드
8529,9079,2026-06-25 10:13:42,29990,12090,17900,카드
8530,9099,2026-06-25 10:25:35,18520,7420,11100,카드
8531,9086,2026-06-25 10:28:14,158430,63430,95000,카드
8532,9100,2026-06-25 10:28:42,158650,63550,95100,카드
8533,9087,2026-06-25 10:31:32,39640,15940,23700,카드
8534,9082,2026-06-25 10:31:51,87650,35150,52500,카드
8535,9088,2026-06-25 10:45:17,263730,105530,158200,카드
8536,9091,2026-06-25 10:48:45,35530,14230,21300,카드
8537,9097,2026-06-25 10:49:12,24260,9760,14500,카드
8538,9110,2026-06-25 10:55:42,27840,11140,16700,카드
8539,9095,2026-06-25 11:00:12,65210,26110,39100,카드
8540,9090,2026-06-25 11:07:27,29710,11910,17800,카드
8541,9094,2026-06-25 11:08:40,29600,11900,17700,카드
8542,9101,2026-06-25 11:13:01,189380,75780,113600,현금
8543,9096,2026-06-25 11:16:45,240560,96260,144300,간편결제
8544,9104,2026-06-25 11:18:33,34340,13740,20600,카드
8545,9102,2026-06-25 11:19:35,39320,15820,23500,카드
8546,9103,2026-06-25 11:24:17,114870,45970,68900,카드
8547,9105,2026-06-25 11:41:00,18890,7590,11300,카드
8548,9107,2026-06-25 11:42:18,40990,16490,24500,카드
8549,9111,2026-06-25 11:51:49,90190,36090,54100,카드
8550,9106,2026-06-25 11:53:34,18810,7610,11200,카드
8551,9108,2026-06-25 12:01:05,166770,66770,100000,간편결제
8552,9109,2026-06-25 12:20:34,253440,101440,152000,카드
8553,9112,2026-06-25 13:46:07,34660,13960,20700,현금
8554,9118,2026-06-25 13:53:53,23170,9270,13900,현금
8555,9117,2026-06-25 13:57:15,19960,8060,11900,카드
8556,9113,2026-06-25 14:01:10,23810,9610,14200,카드
8557,9123,2026-06-25 14:04:03,42870,17170,25700,카드
8558,9127,2026-06-25 14:13:04,37490,15090,22400,카드
8559,9130,2026-06-25 14:17:05,42890,17190,25700,카드
8560,9115,2026-06-25 14:18:41,144010,57610,86400,카드
8561,9128,2026-06-25 14:20:51,24290,9790,14500,카드
8562,9124,2026-06-25 14:21:05,222350,88950,133400,카드
8563,9119,2026-06-25 14:21:53,34490,13890,20600,간편결제
8564,9116,2026-06-25 14:24:26,29440,11840,17600,카드
8565,9121,2026-06-25 14:40:19,39590,15890,23700,카드
8566,9120,2026-06-25 14:41:40,28380,11380,17000,카드
8567,9133,2026-06-25 14:54:26,26530,10630,15900,카드
8568,9125,2026-06-25 14:56:27,224870,89970,134900,카드
8569,9122,2026-06-25 15:01:46,32330,13030,19300,카드
8570,9135,2026-06-25 15:05:36,108620,43520,65100,카드
8571,9138,2026-06-25 15:23:25,258050,103250,154800,현금
8572,9131,2026-06-25 15:27:32,29490,11890,17600,카드
8573,9126,2026-06-25 15:28:25,40690,16290,24400,카드
8574,9139,2026-06-25 15:29:37,90600,36300,54300,간편결제
8575,9140,2026-06-25 15:30:07,20210,8110,12100,카드
8576,9129,2026-06-25 15:40:39,43220,17320,25900,카드
8577,9136,2026-06-25 15:50:53,100970,40470,60500,간편결제
8578,9137,2026-06-25 15:56:17,19680,7880,11800,카드
8579,9132,2026-06-25 16:00:10,172590,69090,103500,현금
8580,9141,2026-06-26 09:18:31,273560,109460,164100,간편결제
8581,9142,2026-06-26 09:20:59,120450,48250,72200,카드
8582,9145,2026-06-26 09:27:52,103260,41360,61900,카드
8583,9143,2026-06-26 09:34:12,22450,9050,13400,간편결제
8584,9144,2026-06-26 09:36:13,39410,15810,23600,카드
8585,9147,2026-06-26 09:56:16,20770,8370,12400,간편결제
8586,9146,2026-06-26 10:01:44,163530,65430,98100,카드
8587,9148,2026-06-26 10:23:50,112170,44870,67300,현금
8588,9149,2026-06-26 11:01:43,26760,10760,16000,카드
8589,9150,2026-06-26 11:31:19,166490,66690,99800,카드
8590,9155,2026-06-26 13:52:37,32110,12910,19200,카드
8591,9154,2026-06-26 13:54:54,32510,13010,19500,카드
8592,9156,2026-06-26 13:58:55,28250,11350,16900,카드
8593,9157,2026-06-26 14:01:13,22080,8880,13200,카드
8594,9151,2026-06-26 14:02:54,38350,15350,23000,간편결제
8595,9153,2026-06-26 14:04:57,50580,20280,30300,카드
8596,9158,2026-06-26 14:13:37,37370,14970,22400,카드
8597,9160,2026-06-26 14:28:31,44260,17760,26500,현금
8598,9159,2026-06-26 14:34:14,26100,10500,15600,카드
8599,9161,2026-06-26 14:39:20,23510,9410,14100,현금
8600,9162,2026-06-26 14:39:37,24250,9750,14500,간편결제
8601,9163,2026-06-26 14:47:39,35230,14130,21100,카드
8602,9164,2026-06-26 14:57:33,40840,16340,24500,카드
8603,9167,2026-06-26 15:03:24,242750,97150,145600,간편결제
8604,9168,2026-06-26 15:07:07,267350,106950,160400,카드
8605,9165,2026-06-26 15:07:35,252700,101100,151600,카드
8606,9166,2026-06-26 15:16:49,35080,14080,21000,카드
8607,9169,2026-06-26 15:20:04,41780,16780,25000,카드
8608,9170,2026-06-29 09:12:18,18110,7310,10800,카드
8609,9173,2026-06-29 09:17:07,177370,70970,106400,카드
8610,9178,2026-06-29 09:26:12,29690,11890,17800,카드
8611,9171,2026-06-29 09:28:04,93780,37580,56200,카드
8612,9175,2026-06-29 09:29:34,111210,44510,66700,간편결제
8613,9177,2026-06-29 09:30:19,24720,9920,14800,카드
8614,9174,2026-06-29 09:31:53,33300,13400,19900,카드
8615,9179,2026-06-29 09:35:51,67840,27140,40700,카드
8616,9172,2026-06-29 09:39:55,47090,18890,28200,카드
8617,9176,2026-06-29 09:48:13,41180,16480,24700,카드
8618,9199,2026-06-29 09:48:46,27690,11090,16600,간편결제
8619,9182,2026-06-29 09:48:55,28740,11540,17200,카드
8620,9180,2026-06-29 09:48:59,35980,14480,21500,카드
8621,9195,2026-06-29 09:51:48,111100,44500,66600,카드
8622,9181,2026-06-29 09:52:07,21340,8540,12800,카드
8623,9184,2026-06-29 09:53:56,139950,56050,83900,간편결제
8624,9185,2026-06-29 09:54:58,152210,60910,91300,카드
8625,9183,2026-06-29 09:55:35,25300,10200,15100,카드
8626,9188,2026-06-29 09:59:56,198660,79560,119100,카드
8627,9186,2026-06-29 10:05:06,123720,49520,74200,카드
8628,9190,2026-06-29 10:12:50,182690,73090,109600,카드
8629,9189,2026-06-29 10:13:42,39110,15710,23400,카드
8630,9191,2026-06-29 10:17:44,28590,11490,17100,카드
8631,9192,2026-06-29 10:20:25,256920,102820,154100,카드
8632,9194,2026-06-29 10:24:40,34940,14040,20900,카드
8633,9193,2026-06-29 10:25:07,111860,44760,67100,카드
8634,9187,2026-06-29 10:27:45,216260,86560,129700,간편결제
8635,9196,2026-06-29 10:28:40,253630,101530,152100,카드
8636,9200,2026-06-29 10:29:38,37360,14960,22400,카드
8637,9207,2026-06-29 10:30:37,44770,17970,26800,현금
8638,9197,2026-06-29 10:30:41,28000,11200,16800,카드
8639,9209,2026-06-29 10:35:26,36140,14540,21600,카드
8640,9201,2026-06-29 10:37:09,27910,11210,16700,카드
8641,9215,2026-06-29 10:41:35,20110,8110,12000,카드
8642,9220,2026-06-29 10:47:17,22820,9220,13600,카드
8643,9208,2026-06-29 10:47:57,143640,57540,86100,카드
8644,9203,2026-06-29 10:53:57,89960,36060,53900,카드
8645,9204,2026-06-29 10:57:51,248520,99420,149100,카드
8646,9206,2026-06-29 11:01:46,267120,106920,160200,카드
8647,9205,2026-06-29 11:05:39,28460,11460,17000,카드
8648,9213,2026-06-29 11:08:00,78840,31540,47300,카드
8649,9222,2026-06-29 11:08:29,19060,7660,11400,카드
8650,9221,2026-06-29 11:10:07,28490,11490,17000,카드
8651,9212,2026-06-29 11:20:48,30070,12070,18000,카드
8652,9218,2026-06-29 11:24:19,19380,7780,11600,카드
8653,9211,2026-06-29 11:26:54,204160,81760,122400,카드
8654,9216,2026-06-29 11:31:18,19580,7880,11700,카드
8655,9219,2026-06-29 11:37:01,37890,15190,22700,카드
8656,9223,2026-06-29 13:43:39,28540,11440,17100,카드
8657,9237,2026-06-29 13:52:07,30190,12090,18100,카드
8658,9224,2026-06-29 13:57:28,62150,24950,37200,카드
8659,9228,2026-06-29 13:58:26,26650,10750,15900,카드
8660,9225,2026-06-29 13:58:45,44330,17830,26500,카드
8661,9230,2026-06-29 14:00:46,213400,85400,128000,카드
8662,9226,2026-06-29 14:01:02,26110,10510,15600,카드
8663,9232,2026-06-29 14:02:43,250670,100270,150400,카드
8664,9233,2026-06-29 14:04:41,28270,11370,16900,카드
8665,9236,2026-06-29 14:05:36,29060,11660,17400,카드
8666,9240,2026-06-29 14:11:58,29330,11830,17500,간편결제
8667,9227,2026-06-29 14:14:28,214930,86030,128900,간편결제
8668,9239,2026-06-29 14:15:08,25690,10290,15400,카드
8669,9238,2026-06-29 14:18:09,137000,54800,82200,카드
8670,9247,2026-06-29 14:21:25,32830,13230,19600,카드
8671,9229,2026-06-29 14:24:39,40600,16300,24300,카드
8672,9245,2026-06-29 14:24:51,144260,57760,86500,카드
8673,9263,2026-06-29 14:29:05,67470,27070,40400,카드
8674,9250,2026-06-29 14:34:18,44970,18070,26900,카드
8675,9242,2026-06-29 14:34:36,266750,106750,160000,카드
8676,9244,2026-06-29 14:36:12,32000,12800,19200,간편결제
8677,9265,2026-06-29 14:36:20,111350,44550,66800,카드
8678,9243,2026-06-29 14:38:04,28420,11420,17000,카드
8679,9256,2026-06-29 14:40:01,232040,92840,139200,카드
8680,9234,2026-06-29 14:40:20,24280,9780,14500,카드
8681,9249,2026-06-29 14:45:24,117030,46830,70200,간편결제
8682,9252,2026-06-29 14:58:26,26740,10740,16000,현금
8683,9254,2026-06-29 14:59:25,276080,110480,165600,카드
8684,9253,2026-06-29 15:02:57,27080,10880,16200,카드
8685,9266,2026-06-29 15:03:51,125930,50430,75500,카드
8686,9248,2026-06-29 15:03:51,202190,80890,121300,카드
8687,9255,2026-06-29 15:05:29,39660,15960,23700,카드
8688,9251,2026-06-29 15:11:18,34890,13990,20900,카드
8689,9257,2026-06-29 15:14:54,41700,16700,25000,간편결제
8690,9259,2026-06-29 15:17:27,37780,15180,22600,카드
8691,9261,2026-06-29 15:24:42,227430,91030,136400,카드
8692,9258,2026-06-29 15:25:54,33520,13420,20100,간편결제
8693,9262,2026-06-29 15:33:29,32780,13180,19600,카드
8694,9272,2026-06-29 15:37:15,74370,29770,44600,카드
8695,9276,2026-06-29 15:37:50,27230,10930,16300,간편결제
8696,9264,2026-06-29 15:39:20,35840,14340,21500,카드
8697,9260,2026-06-29 15:48:09,154100,61700,92400,간편결제
8698,9277,2026-06-29 15:51:03,22370,8970,13400,카드
8699,9273,2026-06-29 15:53:29,44190,17690,26500,카드
8700,9267,2026-06-29 16:08:27,44750,17950,26800,카드
8701,9268,2026-06-29 16:10:38,20930,8430,12500,카드
8702,9270,2026-06-29 16:22:14,35400,14200,21200,카드
8703,9275,2026-06-29 16:42:35,66660,26760,39900,카드
8704,9271,2026-06-29 16:43:13,38860,15560,23300,카드
8705,9286,2026-06-30 09:16:23,31210,12510,18700,카드
8706,9278,2026-06-30 09:16:51,29490,11890,17600,카드
8707,9284,2026-06-30 09:25:18,166100,66500,99600,카드
8708,9281,2026-06-30 09:25:35,31430,12630,18800,카드
8709,9279,2026-06-30 09:25:36,235340,94140,141200,카드
8710,9283,2026-06-30 09:25:40,19340,7740,11600,현금
8711,9282,2026-06-30 09:26:07,21600,8700,12900,카드
8712,9280,2026-06-30 09:28:43,266180,106480,159700,카드
8713,9290,2026-06-30 09:33:27,100200,40100,60100,카드
8714,9292,2026-06-30 09:37:41,28900,11600,17300,카드
8715,9285,2026-06-30 09:39:52,36660,14760,21900,카드
8716,9297,2026-06-30 09:44:49,100210,40110,60100,간편결제
8717,9291,2026-06-30 09:46:19,32080,12880,19200,카드
8718,9289,2026-06-30 09:46:45,126840,50740,76100,간편결제
8719,9299,2026-06-30 09:49:34,19850,7950,11900,간편결제
8720,9293,2026-06-30 09:51:17,36020,14420,21600,카드
8721,9298,2026-06-30 09:58:00,190880,76380,114500,카드
8722,9302,2026-06-30 09:58:00,44590,17890,26700,카드
8723,9303,2026-06-30 09:59:58,129680,51880,77800,간편결제
8724,9288,2026-06-30 10:00:44,34120,13720,20400,카드
8725,9287,2026-06-30 10:02:13,18160,7360,10800,카드
8726,9300,2026-06-30 10:04:41,25900,10400,15500,카드
8727,9306,2026-06-30 10:08:45,29100,11700,17400,카드
8728,9307,2026-06-30 10:10:51,21790,8790,13000,카드
8729,9294,2026-06-30 10:12:42,60930,24430,36500,카드
8730,9308,2026-06-30 10:14:08,34530,13830,20700,카드
8731,9301,2026-06-30 10:14:11,19280,7780,11500,카드
8732,9304,2026-06-30 10:14:20,18150,7350,10800,간편결제
8733,9295,2026-06-30 10:16:55,20690,8290,12400,카드
8734,9296,2026-06-30 10:22:11,23250,9350,13900,카드
8735,9310,2026-06-30 10:26:06,19020,7620,11400,카드
8736,9305,2026-06-30 10:27:03,25020,10020,15000,카드
8737,9309,2026-06-30 10:27:50,276770,110770,166000,현금
8738,9311,2026-06-30 10:45:36,44200,17700,26500,카드
8739,9312,2026-06-30 10:49:19,135250,54150,81100,카드
8740,9315,2026-06-30 11:04:21,25310,10210,15100,카드
8741,9313,2026-06-30 11:08:30,37710,15110,22600,카드
8742,9314,2026-06-30 11:09:20,36790,14790,22000,카드
8743,9316,2026-06-30 11:11:25,210260,84160,126100,카드
8744,9317,2026-06-30 13:46:12,127400,51000,76400,현금
8745,9319,2026-06-30 13:48:32,26340,10540,15800,카드
8746,9328,2026-06-30 13:49:04,25580,10280,15300,카드
8747,9318,2026-06-30 13:49:26,31230,12530,18700,카드
8748,9324,2026-06-30 13:50:42,19020,7620,11400,카드
8749,9326,2026-06-30 13:51:54,21400,8600,12800,카드
8750,9322,2026-06-30 13:53:43,18460,7460,11000,카드
8751,9333,2026-06-30 13:54:49,25310,10210,15100,카드
8752,9320,2026-06-30 13:55:22,185830,74430,111400,카드
8753,9327,2026-06-30 14:06:03,25910,10410,15500,카드
8754,9325,2026-06-30 14:08:50,18060,7260,10800,카드
8755,9321,2026-06-30 14:09:07,224570,89870,134700,현금
8756,9338,2026-06-30 14:14:17,18090,7290,10800,현금
8757,9336,2026-06-30 14:14:56,99010,39610,59400,카드
8758,9332,2026-06-30 14:17:33,59750,23950,35800,카드
8759,9330,2026-06-30 14:18:23,215620,86320,129300,카드
8760,9339,2026-06-30 14:19:26,26640,10740,15900,카드
8761,9329,2026-06-30 14:22:32,20520,8220,12300,카드
8762,9334,2026-06-30 14:23:14,212920,85220,127700,카드
8763,9337,2026-06-30 14:23:54,30320,12220,18100,카드
8764,9343,2026-06-30 14:25:58,106090,42490,63600,카드
8765,9341,2026-06-30 14:25:59,235480,94280,141200,카드
8766,9331,2026-06-30 14:27:08,169920,68020,101900,현금
8767,9348,2026-06-30 14:29:17,18300,7400,10900,카드
8768,9349,2026-06-30 14:29:56,125170,50070,75100,카드
8769,9335,2026-06-30 14:33:52,25660,10360,15300,카드
8770,9344,2026-06-30 14:34:10,249800,100000,149800,카드
8771,9345,2026-06-30 14:34:51,43630,17530,26100,카드
8772,9340,2026-06-30 14:35:16,231900,92800,139100,카드
8773,9342,2026-06-30 14:38:57,37270,14970,22300,카드
8774,9346,2026-06-30 14:46:29,29030,11630,17400,카드
8775,9356,2026-06-30 14:51:37,88930,35630,53300,카드
8776,9351,2026-06-30 14:53:45,19420,7820,11600,카드
8777,9352,2026-06-30 14:56:38,29840,11940,17900,카드
8778,9350,2026-06-30 15:04:30,61010,24410,36600,카드
8779,9357,2026-06-30 15:05:31,134080,53680,80400,카드
8780,9353,2026-06-30 15:06:06,39050,15650,23400,카드
8781,9354,2026-06-30 15:07:59,89330,35830,53500,카드
8782,9358,2026-06-30 15:10:58,22410,9010,13400,카드
8783,9361,2026-06-30 15:13:37,67170,26870,40300,카드
8784,9359,2026-06-30 15:14:34,24530,9830,14700,카드
8785,9355,2026-06-30 15:15:23,28480,11480,17000,카드
8786,9362,2026-06-30 15:20:42,211470,84670,126800,카드
8787,9360,2026-06-30 15:26:31,24020,9620,14400,간편결제
