reception_id,patient_id,dept_id,doctor_id,reception_at,visit_type,status
1,10001787,8,1024,2026-01-02 08:29:21,초진,정상
2,10001977,5,1013,2026-01-02 08:39:23,초진,정상
3,10000507,3,1009,2026-01-02 08:42:30,초진,정상
4,10001633,3,1009,2026-01-02 08:46:43,재진,정상
5,10002219,3,1009,2026-01-02 08:46:52,재진,정상
6,10002637,3,1009,2026-01-02 08:47:38,초진,정상
7,10000727,8,1024,2026-01-02 08:48:52,초진,정상
8,10001807,5,1013,2026-01-02 08:49:14,재진,정상
9,10002636,8,1024,2026-01-02 08:56:09,초진,정상
10,10001652,5,1013,2026-01-02 09:00:05,초진,정상
11,10000226,3,1009,2026-01-02 09:00:42,재진,정상
12,10002640,8,1024,2026-01-02 09:03:59,초진,정상
13,10002638,3,1009,2026-01-02 09:07:25,초진,정상
14,10002639,3,1009,2026-01-02 09:10:55,초진,정상
15,10000388,3,1009,2026-01-02 09:24:24,재진,정상
16,10002641,5,1013,2026-01-02 09:29:02,초진,정상
17,10002642,3,1009,2026-01-02 09:29:20,초진,정상
18,10001171,3,1009,2026-01-02 09:29:38,초진,정상
19,10001006,5,1013,2026-01-02 09:33:16,재진,정상
20,10002643,3,1009,2026-01-02 09:34:17,초진,정상
21,10001616,3,1009,2026-01-02 09:38:48,초진,정상
22,10000734,3,1009,2026-01-02 09:44:28,재진,정상
23,10001846,8,1024,2026-01-02 09:49:13,재진,취소
24,10001767,1,1001,2026-01-02 12:50:16,재진,정상
25,10002170,4,1011,2026-01-02 12:51:21,재진,정상
26,10002166,8,1024,2026-01-02 12:52:09,재진,정상
27,10002103,1,1001,2026-01-02 12:52:24,재진,정상
28,10002646,1,1001,2026-01-02 12:55:21,초진,정상
29,10002293,4,1011,2026-01-02 12:56:11,재진,정상
30,10002169,4,1011,2026-01-02 12:56:41,재진,정상
31,10002644,1,1001,2026-01-02 12:56:58,초진,정상
32,10000202,5,1014,2026-01-02 12:57:38,초진,정상
33,10002645,1,1001,2026-01-02 12:58:48,초진,정상
34,10001205,5,1014,2026-01-02 12:59:01,재진,정상
35,10000408,4,1011,2026-01-02 13:01:18,재진,정상
36,10001305,8,1024,2026-01-02 13:02:31,재진,정상
37,10002443,5,1014,2026-01-02 13:05:21,재진,정상
38,10002150,2,1004,2026-01-02 13:08:00,재진,정상
39,10002161,1,1001,2026-01-02 13:08:45,재진,정상
40,10001874,4,1011,2026-01-02 13:09:50,재진,정상
41,10000366,5,1014,2026-01-02 13:10:24,초진,정상
42,10000421,5,1014,2026-01-02 13:11:20,재진,정상
43,10001440,1,1001,2026-01-02 13:14:20,초진,정상
44,10001510,1,1001,2026-01-02 13:15:49,재진,정상
45,10001167,4,1011,2026-01-02 13:16:33,초진,정상
46,10000346,1,1001,2026-01-02 13:18:39,재진,정상
47,10000686,1,1001,2026-01-02 13:26:05,초진,정상
48,10001601,1,1001,2026-01-02 13:26:55,재진,정상
49,10000779,1,1001,2026-01-02 13:27:03,재진,정상
50,10002267,2,1004,2026-01-02 13:27:26,재진,정상
51,10000756,8,1024,2026-01-02 13:36:19,재진,정상
52,10001760,4,1011,2026-01-02 13:37:02,재진,정상
53,10001392,8,1024,2026-01-02 13:39:48,재진,정상
54,10002647,4,1011,2026-01-02 13:40:57,초진,정상
55,10001703,2,1004,2026-01-02 13:45:28,재진,정상
56,10000595,1,1001,2026-01-02 13:47:23,초진,정상
57,10001000,1,1001,2026-01-02 13:51:43,초진,정상
58,10000838,4,1011,2026-01-02 13:54:23,재진,정상
59,10002648,2,1004,2026-01-02 13:54:44,초진,정상
60,10002649,5,1014,2026-01-02 13:56:46,초진,정상
61,10002024,5,1014,2026-01-02 13:56:47,재진,정상
62,10002650,1,1001,2026-01-02 14:05:13,초진,정상
63,10001930,8,1024,2026-01-02 14:07:57,재진,정상
64,10000514,4,1011,2026-01-02 14:11:20,재진,정상
65,10000830,4,1011,2026-01-02 14:17:27,재진,취소
66,10000305,2,1004,2026-01-02 14:18:35,재진,정상
67,10002061,1,1001,2026-01-02 14:19:10,재진,정상
68,10002651,8,1024,2026-01-02 14:21:38,초진,정상
69,10000343,8,1024,2026-01-02 14:25:50,재진,정상
70,10001871,2,1004,2026-01-02 14:26:48,재진,정상
71,10001761,4,1011,2026-01-02 14:47:44,재진,정상
72,10002652,8,1024,2026-01-02 14:49:35,초진,정상
73,10002653,1,1001,2026-01-02 14:52:37,초진,정상
74,10001385,4,1011,2026-01-02 14:59:15,재진,정상
75,10001664,8,1024,2026-01-02 14:59:39,재진,정상
76,10001707,5,1014,2026-01-02 15:00:19,재진,정상
77,10002374,8,1024,2026-01-02 15:09:55,재진,정상
78,10002654,1,1001,2026-01-02 15:15:46,초진,정상
79,10001797,4,1011,2026-01-02 15:26:00,재진,정상
80,10000480,1,1002,2026-01-05 08:20:18,초진,정상
81,10002656,2,1006,2026-01-05 08:23:49,초진,정상
82,10002658,1,1002,2026-01-05 08:26:19,초진,정상
83,10001112,8,1022,2026-01-05 08:28:49,초진,정상
84,10002045,7,1021,2026-01-05 08:30:17,재진,정상
85,10002657,7,1021,2026-01-05 08:30:23,초진,정상
86,10002299,7,1021,2026-01-05 08:33:12,초진,정상
87,10001178,1,1002,2026-01-05 08:34:06,재진,정상
88,10002659,8,1022,2026-01-05 08:37:50,초진,정상
89,10001813,7,1021,2026-01-05 08:38:15,재진,정상
90,10002386,5,1014,2026-01-05 08:39:53,재진,정상
91,10000163,2,1006,2026-01-05 08:40:03,초진,정상
92,10001644,7,1021,2026-01-05 08:41:23,재진,정상
93,10001554,1,1002,2026-01-05 08:42:28,재진,정상
94,10002660,5,1014,2026-01-05 08:47:07,초진,정상
95,10000789,8,1022,2026-01-05 08:51:04,재진,정상
96,10001950,2,1006,2026-01-05 08:53:25,재진,정상
97,10002228,2,1006,2026-01-05 08:55:04,재진,정상
98,10002357,7,1021,2026-01-05 08:56:32,재진,정상
99,10002452,2,1006,2026-01-05 08:57:28,재진,정상
100,10000113,1,1002,2026-01-05 09:01:19,재진,정상
101,10001606,1,1002,2026-01-05 09:01:43,재진,정상
102,10000155,1,1002,2026-01-05 09:02:16,초진,정상
103,10002661,2,1006,2026-01-05 09:03:15,초진,정상
104,10002662,1,1002,2026-01-05 09:07:09,초진,정상
105,10002072,2,1006,2026-01-05 09:07:37,재진,정상
106,10002354,7,1021,2026-01-05 09:15:37,재진,정상
107,10001550,8,1022,2026-01-05 09:15:57,재진,정상
108,10002118,1,1002,2026-01-05 09:25:31,재진,정상
109,10001667,8,1022,2026-01-05 09:25:48,재진,정상
110,10001913,1,1002,2026-01-05 09:26:02,재진,정상
111,10002664,2,1006,2026-01-05 09:26:14,초진,정상
112,10001753,1,1002,2026-01-05 09:29:40,재진,정상
113,10000133,1,1002,2026-01-05 09:30:19,초진,정상
114,10002663,8,1022,2026-01-05 09:32:15,초진,정상
115,10002665,1,1002,2026-01-05 09:34:32,초진,정상
116,10002666,2,1006,2026-01-05 09:44:59,초진,정상
117,10002261,2,1006,2026-01-05 09:47:25,재진,정상
118,10002264,1,1002,2026-01-05 09:47:33,재진,정상
119,10001758,7,1021,2026-01-05 09:52:15,재진,정상
120,10002023,7,1021,2026-01-05 09:58:55,초진,정상
121,10002668,2,1006,2026-01-05 10:19:58,초진,정상
122,10002667,7,1021,2026-01-05 10:21:47,초진,정상
123,10002480,2,1006,2026-01-05 10:23:28,초진,정상
124,10001988,8,1022,2026-01-05 10:28:41,재진,정상
125,10000375,7,1021,2026-01-05 10:37:38,재진,정상
126,10001395,5,1014,2026-01-05 10:38:23,재진,취소
127,10001120,5,1014,2026-01-05 10:44:02,초진,정상
128,10001018,8,1022,2026-01-05 10:49:28,재진,정상
129,10002669,7,1019,2026-01-05 12:50:40,초진,정상
130,10002463,4,1012,2026-01-05 12:51:16,재진,정상
131,10002080,7,1019,2026-01-05 12:54:46,초진,정상
132,10000292,7,1019,2026-01-05 12:55:21,초진,정상
133,10002171,8,1022,2026-01-05 12:56:35,재진,정상
134,10002287,5,1013,2026-01-05 12:58:52,재진,정상
135,10000378,4,1012,2026-01-05 12:59:59,재진,정상
136,10000745,1,1003,2026-01-05 13:01:31,초진,정상
137,10001819,8,1022,2026-01-05 13:02:23,재진,정상
138,10002174,8,1022,2026-01-05 13:02:24,재진,정상
139,10002670,1,1003,2026-01-05 13:02:28,초진,정상
140,10000795,7,1019,2026-01-05 13:02:49,재진,정상
141,10002030,1,1003,2026-01-05 13:04:13,재진,정상
142,10001055,8,1022,2026-01-05 13:04:17,재진,취소
143,10000709,5,1013,2026-01-05 13:05:49,초진,정상
144,10001762,1,1003,2026-01-05 13:13:53,초진,정상
145,10002120,4,1012,2026-01-05 13:13:56,재진,정상
146,10001902,4,1012,2026-01-05 13:14:06,재진,정상
147,10000833,1,1003,2026-01-05 13:14:32,재진,정상
148,10002192,4,1012,2026-01-05 13:17:32,재진,정상
149,10002671,4,1012,2026-01-05 13:20:30,초진,정상
150,10002672,8,1022,2026-01-05 13:21:46,초진,정상
151,10000327,8,1022,2026-01-05 13:22:49,재진,정상
152,10002676,1,1003,2026-01-05 13:24:18,초진,취소
153,10002064,5,1013,2026-01-05 13:29:27,재진,정상
154,10002674,1,1003,2026-01-05 13:29:40,초진,정상
155,10002218,5,1013,2026-01-05 13:30:37,재진,정상
156,10002675,4,1012,2026-01-05 13:31:09,초진,정상
157,10002673,1,1003,2026-01-05 13:34:04,초진,정상
158,10002119,1,1003,2026-01-05 13:35:02,재진,정상
159,10001621,5,1013,2026-01-05 13:38:26,재진,정상
160,10002677,7,1019,2026-01-05 13:39:38,초진,정상
161,10002678,8,1022,2026-01-05 13:39:57,초진,취소
162,10002679,8,1022,2026-01-05 13:42:24,초진,정상
163,10002238,4,1012,2026-01-05 13:48:53,재진,정상
164,10001515,1,1003,2026-01-05 13:52:25,재진,정상
165,10001490,4,1012,2026-01-05 13:54:47,재진,취소
166,10002032,4,1012,2026-01-05 13:56:46,재진,정상
167,10002680,1,1003,2026-01-05 13:59:15,초진,정상
168,10002036,1,1003,2026-01-05 14:01:27,재진,정상
169,10001097,1,1003,2026-01-05 14:02:18,초진,정상
170,10002682,4,1012,2026-01-05 14:02:54,초진,정상
171,10001399,5,1013,2026-01-05 14:08:43,재진,정상
172,10001042,5,1013,2026-01-05 14:10:51,초진,정상
173,10002681,7,1019,2026-01-05 14:15:21,초진,정상
174,10000276,1,1003,2026-01-05 14:18:59,초진,정상
175,10000904,1,1003,2026-01-05 14:21:06,초진,정상
176,10001899,1,1003,2026-01-05 14:21:12,재진,정상
177,10001341,4,1012,2026-01-05 14:21:17,초진,정상
178,10002237,4,1012,2026-01-05 14:23:05,재진,취소
179,10002683,4,1012,2026-01-05 14:26:58,초진,정상
180,10001113,1,1003,2026-01-05 14:41:06,초진,정상
181,10000598,1,1003,2026-01-05 14:41:58,초진,정상
182,10002114,8,1022,2026-01-05 14:44:38,재진,정상
183,10002684,7,1019,2026-01-05 14:46:15,초진,정상
184,10001743,4,1012,2026-01-05 14:46:48,초진,정상
185,10001715,7,1019,2026-01-05 14:57:53,재진,정상
186,10002685,4,1012,2026-01-05 15:04:32,초진,정상
187,10001602,5,1013,2026-01-05 15:08:22,재진,정상
188,10002687,3,1008,2026-01-06 08:22:02,초진,정상
189,10000893,1,1003,2026-01-06 08:22:11,재진,취소
190,10002686,1,1003,2026-01-06 08:29:32,초진,정상
191,10002688,3,1008,2026-01-06 08:29:41,초진,정상
192,10001618,6,1017,2026-01-06 08:31:31,재진,취소
193,10002188,4,1012,2026-01-06 08:32:18,재진,취소
194,10002338,8,1023,2026-01-06 08:32:49,재진,정상
195,10002689,3,1008,2026-01-06 08:35:00,초진,정상
196,10002690,3,1008,2026-01-06 08:37:13,초진,정상
197,10000014,1,1003,2026-01-06 08:38:52,재진,정상
198,10002693,3,1008,2026-01-06 08:39:53,초진,정상
199,10000399,1,1003,2026-01-06 08:40:30,재진,정상
200,10001655,8,1023,2026-01-06 08:41:20,재진,정상
201,10002148,6,1017,2026-01-06 08:41:41,재진,정상
202,10002691,1,1003,2026-01-06 08:41:51,초진,정상
203,10002476,6,1017,2026-01-06 08:42:33,재진,정상
204,10001898,7,1020,2026-01-06 08:43:00,재진,정상
205,10000930,4,1012,2026-01-06 08:44:15,초진,정상
206,10001951,8,1023,2026-01-06 08:44:45,재진,정상
207,10001518,1,1003,2026-01-06 08:45:49,재진,정상
208,10002692,1,1003,2026-01-06 08:45:57,초진,정상
209,10002695,1,1003,2026-01-06 08:46:24,초진,정상
210,10002694,8,1023,2026-01-06 08:51:31,초진,정상
211,10002697,6,1017,2026-01-06 08:57:55,초진,정상
212,10000983,1,1003,2026-01-06 08:58:44,재진,정상
213,10001996,8,1023,2026-01-06 08:58:54,재진,정상
214,10002696,3,1008,2026-01-06 09:01:08,초진,정상
215,10002181,1,1003,2026-01-06 09:05:47,재진,정상
216,10002038,7,1020,2026-01-06 09:08:14,재진,정상
217,10000681,3,1008,2026-01-06 09:09:09,초진,정상
218,10002081,1,1003,2026-01-06 09:18:30,재진,정상
219,10002548,8,1023,2026-01-06 09:20:36,초진,정상
220,10002201,8,1023,2026-01-06 09:20:40,초진,정상
221,10001293,8,1023,2026-01-06 09:21:49,초진,정상
222,10000435,4,1012,2026-01-06 09:23:41,초진,정상
223,10002469,6,1017,2026-01-06 09:28:06,재진,취소
224,10002216,4,1012,2026-01-06 09:34:37,재진,정상
225,10001991,7,1020,2026-01-06 09:41:11,재진,정상
226,10000428,3,1008,2026-01-06 09:51:30,재진,정상
227,10002037,1,1003,2026-01-06 09:51:51,재진,정상
228,10001897,4,1012,2026-01-06 09:54:28,재진,정상
229,10002033,7,1020,2026-01-06 09:56:59,재진,정상
230,10002468,3,1008,2026-01-06 10:02:13,재진,정상
231,10002477,7,1020,2026-01-06 10:05:09,재진,정상
232,10001679,1,1003,2026-01-06 10:07:18,재진,정상
233,10002406,6,1017,2026-01-06 10:12:22,재진,정상
234,10002040,6,1017,2026-01-06 10:21:34,재진,정상
235,10000201,7,1020,2026-01-06 10:38:41,초진,정상
236,10002129,7,1020,2026-01-06 11:07:52,재진,정상
237,10002400,1,1003,2026-01-06 11:09:30,재진,정상
238,10000405,4,1010,2026-01-06 12:50:03,재진,정상
239,10001905,4,1010,2026-01-06 12:51:48,재진,정상
240,10001658,2,1006,2026-01-06 12:53:08,재진,정상
241,10002215,5,1015,2026-01-06 12:54:44,재진,정상
242,10001998,4,1010,2026-01-06 12:55:16,재진,정상
243,10002699,7,1019,2026-01-06 13:01:44,초진,정상
244,10001734,5,1015,2026-01-06 13:01:47,재진,정상
245,10000455,8,1023,2026-01-06 13:02:27,초진,취소
246,10000685,5,1015,2026-01-06 13:02:41,초진,정상
247,10002504,6,1018,2026-01-06 13:04:05,재진,정상
248,10001830,3,1008,2026-01-06 13:04:26,재진,정상
249,10002106,6,1018,2026-01-06 13:04:51,재진,정상
250,10002701,6,1018,2026-01-06 13:09:28,초진,정상
251,10002700,7,1019,2026-01-06 13:14:15,초진,정상
252,10002702,6,1018,2026-01-06 13:19:31,초진,정상
253,10002260,5,1015,2026-01-06 13:21:20,재진,정상
254,10001527,3,1008,2026-01-06 13:21:42,재진,정상
255,10001785,6,1018,2026-01-06 13:23:16,재진,정상
256,10000160,8,1023,2026-01-06 13:23:35,초진,정상
257,10002703,3,1008,2026-01-06 13:24:32,초진,정상
258,10002043,6,1018,2026-01-06 13:26:07,재진,정상
259,10002704,6,1018,2026-01-06 13:26:39,초진,정상
260,10002139,2,1006,2026-01-06 13:28:32,재진,정상
261,10002479,4,1010,2026-01-06 13:28:57,재진,정상
262,10000380,4,1010,2026-01-06 13:30:07,초진,정상
263,10001959,4,1010,2026-01-06 13:35:23,재진,정상
264,10002001,8,1023,2026-01-06 13:38:35,재진,정상
265,10002333,4,1010,2026-01-06 13:38:49,재진,정상
266,10000663,4,1010,2026-01-06 13:39:57,초진,정상
267,10002280,5,1015,2026-01-06 13:41:20,재진,정상
268,10001721,6,1018,2026-01-06 13:42:26,재진,정상
269,10002137,4,1010,2026-01-06 13:43:31,재진,정상
270,10002705,4,1010,2026-01-06 13:48:01,초진,정상
271,10002252,4,1010,2026-01-06 13:49:00,재진,정상
272,10002706,5,1015,2026-01-06 13:49:50,초진,정상
273,10002707,6,1018,2026-01-06 13:54:55,초진,정상
274,10000024,7,1019,2026-01-06 13:59:32,초진,정상
275,10001999,4,1010,2026-01-06 14:02:45,재진,정상
276,10002709,5,1015,2026-01-06 14:03:23,초진,정상
277,10002046,4,1010,2026-01-06 14:11:20,재진,정상
278,10002708,5,1015,2026-01-06 14:12:01,초진,정상
279,10002105,5,1015,2026-01-06 14:12:32,재진,정상
280,10000297,4,1010,2026-01-06 14:14:05,초진,정상
281,10002554,3,1008,2026-01-06 14:16:15,재진,정상
282,10002417,6,1018,2026-01-06 14:19:09,재진,정상
283,10002710,6,1018,2026-01-06 14:20:20,초진,정상
284,10002711,7,1019,2026-01-06 14:26:01,초진,정상
285,10000584,2,1006,2026-01-06 14:27:11,재진,정상
286,10000999,4,1010,2026-01-06 14:27:46,초진,정상
287,10002712,8,1023,2026-01-06 14:32:33,초진,정상
288,10001680,4,1010,2026-01-06 14:39:40,재진,취소
289,10002007,6,1018,2026-01-06 14:49:38,재진,정상
290,10001735,6,1018,2026-01-06 14:59:44,재진,정상
291,10001936,4,1010,2026-01-06 15:03:17,초진,정상
292,10001453,3,1008,2026-01-06 15:05:56,초진,정상
293,10002251,5,1015,2026-01-06 15:10:53,재진,정상
294,10002047,6,1018,2026-01-06 15:11:35,재진,정상
295,10002713,8,1023,2026-01-06 15:12:10,초진,정상
296,10002281,6,1018,2026-01-06 15:17:27,재진,정상
297,10000906,3,1008,2026-01-06 15:20:08,초진,정상
298,10000333,4,1010,2026-01-06 15:33:43,초진,정상
299,10001541,1,1002,2026-01-07 08:20:21,초진,정상
300,10002714,6,1016,2026-01-07 08:22:50,초진,정상
301,10002715,6,1016,2026-01-07 08:30:24,초진,정상
302,10001437,1,1002,2026-01-07 08:33:34,초진,취소
303,10002718,6,1016,2026-01-07 08:33:41,초진,정상
304,10002716,6,1016,2026-01-07 08:34:21,초진,정상
305,10002717,6,1016,2026-01-07 08:38:48,초진,정상
306,10001688,3,1007,2026-01-07 08:44:31,재진,정상
307,10001726,6,1016,2026-01-07 08:45:27,재진,정상
308,10002049,6,1016,2026-01-07 08:45:32,재진,정상
309,10002143,6,1016,2026-01-07 08:53:20,재진,정상
310,10000881,1,1002,2026-01-07 08:56:49,재진,정상
311,10002093,6,1016,2026-01-07 08:58:36,재진,정상
312,10001461,7,1020,2026-01-07 09:02:14,초진,정상
313,10001836,3,1007,2026-01-07 09:08:34,재진,정상
314,10002719,6,1016,2026-01-07 09:14:33,초진,정상
315,10000481,3,1007,2026-01-07 09:15:42,초진,정상
316,10002722,7,1020,2026-01-07 09:19:51,초진,정상
317,10002145,6,1016,2026-01-07 09:20:22,재진,정상
318,10000221,1,1002,2026-01-07 09:21:27,재진,정상
319,10002721,6,1016,2026-01-07 09:23:35,초진,취소
320,10002720,3,1007,2026-01-07 09:25:39,초진,정상
321,10001619,7,1020,2026-01-07 09:29:55,재진,정상
322,10001960,6,1016,2026-01-07 09:34:06,재진,정상
323,10002206,6,1016,2026-01-07 09:38:25,재진,정상
324,10001656,3,1007,2026-01-07 09:52:57,재진,정상
325,10002724,1,1002,2026-01-07 10:07:13,초진,정상
326,10002723,6,1016,2026-01-07 10:11:44,초진,정상
327,10002725,6,1016,2026-01-07 10:16:27,초진,정상
328,10002344,6,1016,2026-01-07 10:24:57,재진,정상
329,10001938,3,1007,2026-01-07 10:41:57,재진,정상
330,10000602,7,1020,2026-01-07 10:46:52,초진,정상
331,10001419,6,1016,2026-01-07 10:48:10,재진,취소
332,10001129,3,1007,2026-01-07 12:56:49,초진,정상
333,10002347,3,1007,2026-01-07 13:01:13,재진,정상
334,10002425,6,1017,2026-01-07 13:01:31,재진,정상
335,10002346,3,1007,2026-01-07 13:04:37,재진,정상
336,10002726,2,1004,2026-01-07 13:05:46,초진,정상
337,10002727,2,1004,2026-01-07 13:07:37,초진,정상
338,10000377,2,1004,2026-01-07 13:11:52,재진,정상
339,10002213,3,1007,2026-01-07 13:17:37,초진,정상
340,10001033,2,1004,2026-01-07 13:20:38,초진,정상
341,10002342,3,1007,2026-01-07 13:33:22,재진,정상
342,10001850,2,1004,2026-01-07 13:35:00,재진,정상
343,10001502,2,1004,2026-01-07 13:37:19,재진,정상
344,10002728,2,1004,2026-01-07 13:37:36,초진,정상
345,10000025,2,1004,2026-01-07 13:42:41,재진,정상
346,10002729,2,1004,2026-01-07 13:59:26,초진,정상
347,10002284,2,1004,2026-01-07 14:03:35,초진,정상
348,10002516,2,1004,2026-01-07 14:44:04,재진,정상
349,10002353,3,1007,2026-01-07 14:44:43,재진,정상
350,10001796,2,1005,2026-01-08 08:20:38,재진,정상
351,10002369,3,1009,2026-01-08 08:24:48,재진,정상
352,10000571,2,1005,2026-01-08 08:26:09,재진,정상
353,10000249,3,1009,2026-01-08 08:28:28,초진,정상
354,10002059,2,1005,2026-01-08 08:29:30,재진,정상
355,10001188,2,1005,2026-01-08 08:31:09,초진,정상
356,10002730,2,1005,2026-01-08 08:31:26,초진,취소
357,10002731,3,1009,2026-01-08 08:33:51,초진,정상
358,10001034,4,1011,2026-01-08 08:38:39,재진,정상
359,10002734,2,1005,2026-01-08 08:38:42,초진,정상
360,10001708,4,1011,2026-01-08 08:39:03,재진,정상
361,10001023,4,1011,2026-01-08 08:39:36,재진,정상
362,10001935,4,1011,2026-01-08 08:39:56,재진,정상
363,10002272,3,1009,2026-01-08 08:40:14,재진,정상
364,10002282,2,1005,2026-01-08 08:43:25,재진,취소
365,10002732,2,1005,2026-01-08 08:44:01,초진,정상
366,10002733,4,1011,2026-01-08 08:44:41,초진,정상
367,10002736,4,1011,2026-01-08 08:49:52,초진,정상
368,10002009,2,1005,2026-01-08 08:50:22,재진,취소
369,10002158,3,1009,2026-01-08 08:53:29,재진,정상
370,10002735,3,1009,2026-01-08 08:54:28,초진,정상
371,10002155,4,1011,2026-01-08 08:59:19,재진,정상
372,10002738,2,1005,2026-01-08 09:02:03,초진,정상
373,10002207,4,1011,2026-01-08 09:02:39,재진,정상
374,10000723,4,1011,2026-01-08 09:02:45,초진,정상
375,10000802,2,1005,2026-01-08 09:05:09,초진,정상
376,10002737,4,1011,2026-01-08 09:06:00,초진,정상
377,10002739,4,1011,2026-01-08 09:07:38,초진,정상
378,10002356,7,1021,2026-01-08 09:09:27,재진,정상
379,10000908,2,1005,2026-01-08 09:13:19,재진,정상
380,10002363,7,1021,2026-01-08 09:19:09,재진,정상
381,10000117,2,1005,2026-01-08 09:19:39,재진,정상
382,10000935,2,1005,2026-01-08 09:22:14,재진,정상
383,10001064,4,1011,2026-01-08 09:29:39,재진,정상
384,10001642,4,1011,2026-01-08 09:33:45,재진,정상
385,10000929,7,1021,2026-01-08 09:44:17,초진,정상
386,10000633,4,1011,2026-01-08 09:44:57,재진,정상
387,10000740,2,1005,2026-01-08 09:46:15,초진,정상
388,10002740,3,1009,2026-01-08 09:48:09,초진,정상
389,10001474,7,1021,2026-01-08 09:51:31,재진,정상
390,10000936,2,1005,2026-01-08 10:04:50,초진,정상
391,10002741,6,1016,2026-01-08 10:06:32,초진,정상
392,10000152,7,1021,2026-01-08 10:27:19,초진,정상
393,10001963,3,1009,2026-01-08 10:35:48,재진,정상
394,10002296,4,1011,2026-01-08 10:36:33,재진,정상
395,10000028,4,1011,2026-01-08 10:38:37,재진,정상
396,10001599,2,1005,2026-01-08 10:43:21,재진,정상
397,10001901,6,1016,2026-01-08 10:44:16,재진,정상
398,10001382,7,1021,2026-01-08 10:48:17,초진,정상
399,10001006,2,1005,2026-01-08 10:50:28,초진,정상
400,10000668,1,1001,2026-01-08 12:50:09,재진,정상
401,10001697,1,1001,2026-01-08 12:51:27,재진,정상
402,10000950,2,1005,2026-01-08 12:52:27,재진,정상
403,10001126,2,1005,2026-01-08 12:52:30,초진,정상
404,10000500,1,1001,2026-01-08 12:54:53,재진,정상
405,10002008,1,1001,2026-01-08 12:55:21,재진,취소
406,10000258,2,1005,2026-01-08 13:02:15,재진,정상
407,10002743,2,1005,2026-01-08 13:04:00,초진,정상
408,10002742,1,1001,2026-01-08 13:04:36,초진,정상
409,10002341,6,1018,2026-01-08 13:07:24,재진,정상
410,10002744,1,1001,2026-01-08 13:08:44,초진,정상
411,10002210,1,1001,2026-01-08 13:09:45,재진,정상
412,10000462,2,1005,2026-01-08 13:10:57,재진,정상
413,10000966,4,1010,2026-01-08 13:11:14,재진,정상
414,10002745,1,1001,2026-01-08 13:11:39,초진,정상
415,10002228,1,1001,2026-01-08 13:11:42,초진,정상
416,10001966,2,1005,2026-01-08 13:11:49,재진,정상
417,10002557,6,1018,2026-01-08 13:13:28,재진,정상
418,10002283,4,1010,2026-01-08 13:13:32,재진,정상
419,10000517,1,1001,2026-01-08 13:14:13,재진,정상
420,10002746,1,1001,2026-01-08 13:20:04,초진,정상
421,10002162,1,1001,2026-01-08 13:26:51,재진,정상
422,10002550,4,1010,2026-01-08 13:29:24,재진,정상
423,10000128,4,1010,2026-01-08 13:34:38,재진,정상
424,10000708,1,1001,2026-01-08 13:34:58,재진,정상
425,10001156,2,1005,2026-01-08 13:35:25,재진,정상
426,10000250,4,1010,2026-01-08 13:35:41,재진,정상
427,10001925,6,1018,2026-01-08 13:35:56,재진,정상
428,10001877,4,1010,2026-01-08 13:39:38,재진,취소
429,10002062,2,1005,2026-01-08 13:49:00,재진,정상
430,10002747,2,1005,2026-01-08 13:54:21,초진,정상
431,10000576,1,1001,2026-01-08 13:54:41,재진,정상
432,10002748,4,1010,2026-01-08 13:58:36,초진,취소
433,10001638,4,1010,2026-01-08 14:01:09,재진,정상
434,10002586,2,1005,2026-01-08 14:01:41,재진,정상
435,10002749,2,1005,2026-01-08 14:01:56,초진,정상
436,10002004,2,1005,2026-01-08 14:03:59,재진,취소
437,10002751,5,1015,2026-01-08 14:07:21,초진,정상
438,10002750,5,1015,2026-01-08 14:08:46,초진,정상
439,10000714,2,1005,2026-01-08 14:10:36,초진,정상
440,10002138,5,1015,2026-01-08 14:13:57,초진,정상
441,10000030,2,1005,2026-01-08 14:16:24,재진,정상
442,10001565,1,1001,2026-01-08 14:20:25,재진,정상
443,10002752,1,1001,2026-01-08 14:22:32,초진,취소
444,10002419,6,1018,2026-01-08 14:38:18,재진,정상
445,10002753,2,1005,2026-01-08 14:40:23,초진,정상
446,10001879,1,1001,2026-01-08 14:42:51,재진,정상
447,10002754,2,1005,2026-01-08 14:50:43,초진,정상
448,10000328,1,1001,2026-01-08 15:04:44,재진,정상
449,10002755,2,1005,2026-01-08 15:05:01,초진,정상
450,10000704,2,1005,2026-01-08 15:11:19,초진,정상
451,10001208,8,1024,2026-01-09 08:22:16,초진,정상
452,10002459,5,1013,2026-01-09 08:24:14,재진,정상
453,10002756,5,1013,2026-01-09 08:38:33,초진,정상
454,10001362,8,1024,2026-01-09 08:49:19,재진,정상
455,10002289,5,1013,2026-01-09 08:51:21,재진,정상
456,10001698,8,1024,2026-01-09 08:52:46,재진,정상
457,10002757,5,1013,2026-01-09 08:53:54,초진,정상
458,10001882,5,1013,2026-01-09 08:59:03,재진,정상
459,10002758,5,1013,2026-01-09 09:02:00,초진,정상
460,10000934,8,1024,2026-01-09 09:11:05,재진,정상
461,10002370,5,1013,2026-01-09 09:12:36,재진,정상
462,10001672,3,1009,2026-01-09 09:27:50,재진,정상
463,10001997,5,1013,2026-01-09 09:45:34,재진,정상
464,10000208,8,1024,2026-01-09 09:48:28,재진,정상
465,10000777,5,1013,2026-01-09 10:05:46,초진,정상
466,10000579,3,1009,2026-01-09 10:08:50,재진,정상
467,10000738,5,1013,2026-01-09 10:23:04,재진,정상
468,10002376,1,1001,2026-01-09 12:57:14,재진,정상
469,10002591,8,1024,2026-01-09 12:59:33,재진,정상
470,10002759,1,1001,2026-01-09 13:04:41,초진,정상
471,10002760,1,1001,2026-01-09 13:07:28,초진,정상
472,10001407,1,1001,2026-01-09 13:10:59,초진,정상
473,10002203,2,1004,2026-01-09 13:13:50,재진,정상
474,10001927,1,1001,2026-01-09 13:16:03,재진,정상
475,10002761,5,1014,2026-01-09 13:16:32,초진,정상
476,10001503,2,1004,2026-01-09 13:17:00,재진,정상
477,10002762,8,1024,2026-01-09 13:17:46,초진,정상
478,10001742,5,1014,2026-01-09 13:25:17,재진,정상
479,10000821,1,1001,2026-01-09 13:30:42,재진,정상
480,10000440,2,1004,2026-01-09 13:32:37,재진,정상
481,10001700,8,1024,2026-01-09 13:42:17,재진,정상
482,10000352,8,1024,2026-01-09 13:44:17,재진,정상
483,10000825,5,1014,2026-01-09 13:45:20,초진,정상
484,10000215,2,1004,2026-01-09 13:53:12,초진,정상
485,10002763,8,1024,2026-01-09 13:56:06,초진,정상
486,10000905,1,1001,2026-01-09 14:00:26,재진,정상
487,10000254,8,1024,2026-01-09 14:01:57,재진,정상
488,10000937,8,1024,2026-01-09 14:02:14,초진,정상
489,10002764,1,1001,2026-01-09 14:08:12,초진,정상
490,10002378,4,1011,2026-01-09 14:09:42,초진,취소
491,10002349,2,1004,2026-01-09 14:12:13,재진,정상
492,10002765,5,1014,2026-01-09 14:14:55,초진,정상
493,10001969,1,1001,2026-01-09 14:15:23,재진,정상
494,10002766,5,1014,2026-01-09 14:26:05,초진,정상
495,10002168,8,1024,2026-01-09 14:26:41,재진,정상
496,10000358,1,1001,2026-01-09 14:37:14,초진,정상
497,10002767,5,1014,2026-01-09 14:48:55,초진,정상
498,10001053,1,1001,2026-01-09 14:52:38,초진,정상
499,10000427,1,1001,2026-01-09 14:52:44,재진,정상
500,10002373,1,1001,2026-01-09 14:55:09,재진,정상
501,10002768,1,1001,2026-01-09 15:02:04,초진,정상
502,10001771,1,1001,2026-01-09 15:17:45,재진,정상
503,10002288,8,1024,2026-01-09 15:21:30,재진,정상
504,10002771,2,1006,2026-01-12 08:20:11,초진,정상
505,10002235,2,1006,2026-01-12 08:22:29,재진,정상
506,10001005,1,1002,2026-01-12 08:23:12,초진,정상
507,10002769,1,1002,2026-01-12 08:24:39,초진,정상
508,10002772,7,1021,2026-01-12 08:25:16,초진,정상
509,10002175,2,1006,2026-01-12 08:25:34,재진,정상
510,10002770,1,1002,2026-01-12 08:28:52,초진,정상
511,10002067,7,1021,2026-01-12 08:29:40,재진,정상
512,10002302,8,1022,2026-01-12 08:30:36,재진,정상
513,10002227,2,1006,2026-01-12 08:30:45,재진,정상
514,10002245,8,1022,2026-01-12 08:31:47,재진,정상
515,10001625,1,1002,2026-01-12 08:33:40,재진,정상
516,10002773,1,1002,2026-01-12 08:37:44,초진,정상
517,10001140,7,1021,2026-01-12 08:37:46,초진,정상
518,10002453,7,1021,2026-01-12 08:43:04,재진,정상
519,10002525,7,1021,2026-01-12 08:47:29,재진,정상
520,10002778,2,1006,2026-01-12 08:50:38,초진,정상
521,10002517,5,1014,2026-01-12 08:51:42,재진,정상
522,10002774,1,1002,2026-01-12 08:53:09,초진,정상
523,10002776,8,1022,2026-01-12 08:55:41,초진,정상
524,10002775,8,1022,2026-01-12 08:56:56,초진,정상
525,10000955,7,1021,2026-01-12 08:57:21,재진,정상
526,10001063,1,1002,2026-01-12 09:01:35,초진,정상
527,10000508,8,1022,2026-01-12 09:01:46,재진,정상
528,10002777,1,1002,2026-01-12 09:02:57,초진,정상
529,10002303,2,1006,2026-01-12 09:03:46,재진,정상
530,10001984,8,1022,2026-01-12 09:05:00,재진,정상
531,10001292,5,1014,2026-01-12 09:05:25,재진,정상
532,10000874,2,1006,2026-01-12 09:06:04,재진,정상
533,10002291,1,1002,2026-01-12 09:15:43,재진,정상
534,10001862,1,1002,2026-01-12 09:17:52,재진,정상
535,10000682,2,1006,2026-01-12 09:24:00,재진,정상
536,10000320,2,1006,2026-01-12 09:24:29,재진,정상
537,10001441,1,1002,2026-01-12 09:25:45,재진,정상
538,10002178,1,1002,2026-01-12 09:29:37,재진,정상
539,10001665,5,1014,2026-01-12 09:30:16,재진,정상
540,10000026,1,1002,2026-01-12 09:34:31,초진,정상
541,10002071,2,1006,2026-01-12 09:42:12,재진,정상
542,10002233,1,1002,2026-01-12 09:53:30,재진,정상
543,10001814,1,1002,2026-01-12 09:54:04,재진,정상
544,10002779,2,1006,2026-01-12 09:56:48,초진,정상
545,10002780,5,1014,2026-01-12 09:57:49,초진,정상
546,10000997,2,1006,2026-01-12 10:05:16,재진,정상
547,10001706,2,1006,2026-01-12 10:05:34,재진,정상
548,10002462,8,1022,2026-01-12 10:05:44,재진,취소
549,10002781,1,1002,2026-01-12 10:10:49,초진,정상
550,10002379,7,1021,2026-01-12 10:11:15,재진,정상
551,10001582,7,1021,2026-01-12 10:18:56,재진,정상
552,10002410,2,1006,2026-01-12 10:19:15,재진,정상
553,10002537,8,1022,2026-01-12 10:33:47,재진,정상
554,10001488,7,1021,2026-01-12 10:41:41,재진,정상
555,10001472,1,1002,2026-01-12 10:45:32,초진,정상
556,10002782,2,1006,2026-01-12 11:06:37,초진,정상
557,10002244,8,1022,2026-01-12 12:51:28,재진,정상
558,10002783,1,1003,2026-01-12 12:52:17,초진,정상
559,10001280,1,1003,2026-01-12 12:52:40,초진,정상
560,10002784,5,1013,2026-01-12 12:54:20,초진,정상
561,10002449,8,1022,2026-01-12 12:54:48,재진,정상
562,10000672,1,1003,2026-01-12 12:56:26,재진,정상
563,10002091,7,1019,2026-01-12 12:58:53,재진,정상
564,10002389,7,1019,2026-01-12 12:59:03,재진,정상
565,10002787,1,1003,2026-01-12 13:03:51,초진,정상
566,10001811,8,1022,2026-01-12 13:04:07,재진,정상
567,10002239,7,1019,2026-01-12 13:05:09,재진,정상
568,10002786,1,1003,2026-01-12 13:08:33,초진,정상
569,10002196,7,1019,2026-01-12 13:09:34,재진,정상
570,10002785,4,1012,2026-01-12 13:09:51,초진,정상
571,10000307,4,1012,2026-01-12 13:10:29,재진,정상
572,10002538,1,1003,2026-01-12 13:10:45,재진,정상
573,10002078,4,1012,2026-01-12 13:20:56,재진,정상
574,10002789,8,1022,2026-01-12 13:23:44,초진,정상
575,10002788,4,1012,2026-01-12 13:25:33,초진,정상
576,10001155,7,1019,2026-01-12 13:27:16,재진,정상
577,10001855,1,1003,2026-01-12 13:28:31,재진,정상
578,10001982,7,1019,2026-01-12 13:29:26,재진,정상
579,10000799,4,1012,2026-01-12 13:30:04,초진,정상
580,10002316,1,1003,2026-01-12 13:32:00,재진,정상
581,10002790,4,1012,2026-01-12 13:35:05,초진,정상
582,10001711,8,1022,2026-01-12 13:40:34,재진,정상
583,10002185,1,1003,2026-01-12 13:40:48,재진,정상
584,10000299,8,1022,2026-01-12 13:41:18,초진,정상
585,10001983,1,1003,2026-01-12 13:42:50,재진,정상
586,10000696,7,1019,2026-01-12 13:45:46,재진,정상
587,10002791,7,1019,2026-01-12 13:51:50,초진,정상
588,10002124,4,1012,2026-01-12 13:52:49,초진,정상
589,10001083,4,1012,2026-01-12 14:00:32,재진,정상
590,10001256,8,1022,2026-01-12 14:02:11,재진,정상
591,10002792,1,1003,2026-01-12 14:06:30,초진,정상
592,10002242,1,1003,2026-01-12 14:09:06,재진,정상
593,10000744,7,1019,2026-01-12 14:12:21,재진,정상
594,10002615,4,1012,2026-01-12 14:16:24,재진,정상
595,10001251,4,1012,2026-01-12 14:17:12,초진,취소
596,10000153,1,1003,2026-01-12 14:17:24,초진,정상
597,10001775,5,1013,2026-01-12 14:17:45,재진,정상
598,10002681,4,1012,2026-01-12 14:18:32,초진,정상
599,10002793,4,1012,2026-01-12 14:19:48,초진,정상
600,10002321,1,1003,2026-01-12 14:27:15,재진,정상
601,10000030,1,1003,2026-01-12 14:27:48,초진,정상
602,10002454,5,1013,2026-01-12 14:28:02,재진,정상
603,10002126,4,1012,2026-01-12 14:28:06,재진,정상
604,10002794,7,1019,2026-01-12 14:29:17,초진,정상
605,10001524,1,1003,2026-01-12 14:35:40,초진,정상
606,10000147,4,1012,2026-01-12 14:44:55,초진,정상
607,10001290,7,1019,2026-01-12 14:47:40,초진,정상
608,10002795,8,1022,2026-01-12 14:48:45,초진,정상
609,10002796,1,1003,2026-01-12 14:53:58,초진,정상
610,10000020,4,1012,2026-01-12 14:58:44,재진,정상
611,10001510,5,1013,2026-01-12 15:04:09,초진,정상
612,10002797,7,1019,2026-01-12 15:17:29,초진,정상
613,10000970,1,1003,2026-01-12 15:19:56,재진,정상
614,10000135,4,1012,2026-01-12 15:26:37,초진,정상
615,10000741,1,1003,2026-01-13 08:20:34,초진,정상
616,10001649,3,1008,2026-01-13 08:24:50,재진,정상
617,10002798,3,1008,2026-01-13 08:28:05,초진,정상
618,10000188,7,1020,2026-01-13 08:29:19,재진,정상
619,10002799,3,1008,2026-01-13 08:33:06,초진,정상
620,10001751,6,1017,2026-01-13 08:34:11,재진,정상
621,10002483,8,1023,2026-01-13 08:41:23,재진,정상
622,10002800,6,1017,2026-01-13 08:41:58,초진,정상
623,10000806,4,1012,2026-01-13 08:44:13,초진,정상
624,10002330,7,1020,2026-01-13 08:45:34,재진,정상
625,10001640,7,1020,2026-01-13 08:46:20,재진,정상
626,10002801,6,1017,2026-01-13 08:48:22,초진,정상
627,10000402,1,1003,2026-01-13 08:49:34,재진,정상
628,10002408,3,1008,2026-01-13 08:51:17,재진,정상
629,10001752,8,1023,2026-01-13 08:51:43,재진,정상
630,10002803,7,1020,2026-01-13 08:52:34,초진,정상
631,10000674,1,1003,2026-01-13 08:54:00,초진,정상
632,10002802,6,1017,2026-01-13 08:54:20,초진,정상
633,10002407,8,1023,2026-01-13 08:57:22,재진,취소
634,10002402,7,1020,2026-01-13 09:04:23,재진,정상
635,10002804,7,1020,2026-01-13 09:07:35,초진,정상
636,10001874,8,1023,2026-01-13 09:07:58,재진,정상
637,10002805,1,1003,2026-01-13 09:09:38,초진,취소
638,10002093,7,1020,2026-01-13 09:10:17,초진,정상
639,10002806,1,1003,2026-01-13 09:13:21,초진,정상
640,10002474,7,1020,2026-01-13 09:15:48,재진,정상
641,10000159,7,1020,2026-01-13 09:19:52,초진,정상
642,10000868,1,1003,2026-01-13 09:20:13,재진,정상
643,10002807,7,1020,2026-01-13 09:20:43,초진,정상
644,10001825,6,1017,2026-01-13 09:20:44,재진,정상
645,10002194,8,1023,2026-01-13 09:24:29,재진,정상
646,10000808,7,1020,2026-01-13 09:34:22,재진,정상
647,10002257,1,1003,2026-01-13 09:46:58,초진,취소
648,10002424,7,1020,2026-01-13 09:48:49,재진,정상
649,10002808,7,1020,2026-01-13 09:49:19,초진,정상
650,10002809,3,1008,2026-01-13 09:49:25,초진,정상
651,10001676,1,1003,2026-01-13 10:13:13,재진,정상
652,10002171,3,1008,2026-01-13 10:21:44,초진,정상
653,10000690,4,1012,2026-01-13 10:22:06,초진,정상
654,10001485,4,1012,2026-01-13 10:24:54,재진,취소
655,10002810,7,1020,2026-01-13 10:34:36,초진,취소
656,10002811,6,1017,2026-01-13 10:42:36,초진,정상
657,10002193,6,1017,2026-01-13 10:46:31,재진,정상
658,10002195,6,1017,2026-01-13 10:54:13,재진,정상
659,10001123,1,1003,2026-01-13 11:01:53,재진,정상
660,10001174,4,1012,2026-01-13 11:02:06,초진,정상
661,10001774,1,1003,2026-01-13 11:10:23,재진,정상
662,10002090,6,1018,2026-01-13 12:57:30,재진,정상
663,10000420,5,1015,2026-01-13 12:58:11,재진,정상
664,10001772,4,1010,2026-01-13 12:58:22,재진,정상
665,10002812,7,1019,2026-01-13 13:06:45,초진,정상
666,10002551,6,1018,2026-01-13 13:09:37,재진,정상
667,10000259,3,1008,2026-01-13 13:13:47,재진,정상
668,10002813,4,1010,2026-01-13 13:15:49,초진,정상
669,10002814,5,1015,2026-01-13 13:19:17,초진,정상
670,10002549,4,1010,2026-01-13 13:21:33,재진,정상
671,10001682,5,1015,2026-01-13 13:22:07,재진,정상
672,10000593,4,1010,2026-01-13 13:28:40,재진,정상
673,10002553,5,1015,2026-01-13 13:31:17,재진,정상
674,10002011,6,1018,2026-01-13 13:33:19,재진,정상
675,10002136,6,1018,2026-01-13 13:34:20,재진,정상
676,10001668,6,1018,2026-01-13 13:34:22,재진,정상
677,10002815,6,1018,2026-01-13 13:35:57,초진,정상
678,10000674,4,1010,2026-01-13 13:40:59,재진,정상
679,10001831,6,1018,2026-01-13 13:43:05,재진,정상
680,10002307,2,1006,2026-01-13 13:46:41,재진,정상
681,10001182,7,1019,2026-01-13 13:47:40,초진,정상
682,10002816,3,1008,2026-01-13 13:54:10,초진,정상
683,10001907,6,1018,2026-01-13 13:59:10,재진,정상
684,10001802,5,1015,2026-01-13 14:00:20,재진,정상
685,10001912,4,1010,2026-01-13 14:05:03,재진,정상
686,10001994,3,1008,2026-01-13 14:10:24,재진,정상
687,10002142,4,1010,2026-01-13 14:14:53,재진,정상
688,10001862,8,1023,2026-01-13 14:20:53,재진,정상
689,10002199,6,1018,2026-01-13 14:21:36,재진,취소
690,10000894,3,1008,2026-01-13 14:23:55,재진,정상
691,10001468,4,1010,2026-01-13 14:26:19,재진,정상
692,10001460,4,1010,2026-01-13 14:38:56,초진,정상
693,10000007,2,1006,2026-01-13 14:39:21,초진,정상
694,10002817,8,1023,2026-01-13 14:42:18,초진,정상
695,10000840,3,1008,2026-01-13 14:46:10,재진,정상
696,10002246,3,1008,2026-01-13 14:51:12,재진,정상
697,10002323,3,1008,2026-01-13 15:04:14,재진,정상
698,10000446,3,1008,2026-01-13 15:05:45,재진,정상
699,10000089,5,1015,2026-01-13 15:06:18,재진,정상
700,10001467,4,1010,2026-01-13 15:22:16,재진,정상
701,10000800,3,1007,2026-01-14 08:20:28,초진,정상
702,10002818,6,1016,2026-01-14 08:21:16,초진,정상
703,10001921,6,1016,2026-01-14 08:21:40,재진,정상
704,10002092,6,1016,2026-01-14 08:23:37,재진,정상
705,10002819,6,1016,2026-01-14 08:23:47,초진,정상
706,10000002,3,1007,2026-01-14 08:26:42,재진,정상
707,10002820,6,1016,2026-01-14 08:27:18,초진,정상
708,10002821,6,1016,2026-01-14 08:28:19,초진,정상
709,10002127,3,1007,2026-01-14 08:30:40,초진,정상
710,10001264,3,1007,2026-01-14 08:31:23,초진,정상
711,10001342,3,1007,2026-01-14 08:46:14,재진,정상
712,10002822,3,1007,2026-01-14 08:47:25,초진,정상
713,10001560,6,1016,2026-01-14 08:48:39,재진,정상
714,10002048,7,1020,2026-01-14 08:54:56,재진,정상
715,10002823,6,1016,2026-01-14 09:05:21,초진,정상
716,10002271,6,1016,2026-01-14 09:12:42,재진,정상
717,10002226,1,1002,2026-01-14 09:17:03,재진,정상
718,10002381,1,1002,2026-01-14 09:18:43,재진,정상
719,10002383,1,1002,2026-01-14 09:19:44,재진,정상
720,10001790,6,1016,2026-01-14 09:22:58,재진,정상
721,10000458,1,1002,2026-01-14 09:25:21,초진,정상
722,10000691,7,1020,2026-01-14 09:25:40,초진,정상
723,10002343,7,1020,2026-01-14 09:26:46,재진,정상
724,10000722,1,1002,2026-01-14 09:37:48,초진,정상
725,10002492,3,1007,2026-01-14 09:39:32,재진,취소
726,10000320,3,1007,2026-01-14 09:42:58,재진,정상
727,10002470,7,1020,2026-01-14 09:48:16,재진,정상
728,10002824,6,1016,2026-01-14 09:59:17,초진,정상
729,10001723,6,1016,2026-01-14 10:06:18,재진,정상
730,10002825,6,1016,2026-01-14 10:08:24,초진,정상
731,10002094,6,1016,2026-01-14 10:11:27,재진,정상
732,10000360,7,1020,2026-01-14 10:14:22,재진,정상
733,10000611,1,1002,2026-01-14 11:01:36,초진,정상
734,10000066,2,1004,2026-01-14 12:50:37,재진,정상
735,10002112,2,1004,2026-01-14 12:58:55,재진,정상
736,10002826,3,1007,2026-01-14 13:05:37,초진,정상
737,10000293,3,1007,2026-01-14 13:07:47,재진,정상
738,10002828,3,1007,2026-01-14 13:13:40,초진,정상
739,10002827,3,1007,2026-01-14 13:16:08,초진,정상
740,10002593,2,1004,2026-01-14 13:20:11,재진,정상
741,10002829,2,1004,2026-01-14 13:23:44,초진,정상
742,10000309,2,1004,2026-01-14 13:26:03,초진,정상
743,10001008,2,1004,2026-01-14 13:26:18,초진,취소
744,10000835,2,1004,2026-01-14 13:30:16,초진,정상
745,10002494,3,1007,2026-01-14 13:41:45,재진,정상
746,10002332,6,1017,2026-01-14 13:43:38,재진,정상
747,10002268,2,1004,2026-01-14 13:44:00,재진,정상
748,10000095,2,1004,2026-01-14 13:46:55,초진,정상
749,10001916,3,1007,2026-01-14 13:51:24,재진,정상
750,10001603,2,1004,2026-01-14 14:00:28,재진,정상
751,10002518,2,1004,2026-01-14 14:02:25,재진,정상
752,10002830,3,1007,2026-01-14 14:15:53,초진,취소
753,10000711,2,1004,2026-01-14 14:36:52,재진,취소
754,10001257,2,1004,2026-01-14 14:45:50,초진,정상
755,10002352,2,1004,2026-01-14 14:50:47,초진,정상
756,10002427,2,1004,2026-01-14 15:01:17,재진,정상
757,10001478,2,1004,2026-01-14 15:01:30,초진,정상
758,10001932,2,1004,2026-01-14 15:10:53,재진,정상
759,10002151,3,1007,2026-01-14 15:12:14,재진,정상
760,10000453,3,1007,2026-01-14 15:21:46,초진,정상
761,10000578,3,1007,2026-01-14 15:25:30,재진,정상
762,10000001,3,1007,2026-01-14 15:26:06,초진,정상
763,10000112,4,1011,2026-01-15 08:21:55,초진,정상
764,10002831,2,1005,2026-01-15 08:22:06,초진,정상
765,10002270,7,1021,2026-01-15 08:24:02,재진,정상
766,10001597,3,1009,2026-01-15 08:24:48,재진,정상
767,10002833,6,1016,2026-01-15 08:27:06,초진,정상
768,10002435,4,1011,2026-01-15 08:27:18,재진,정상
769,10001422,3,1009,2026-01-15 08:28:07,재진,정상
770,10002832,3,1009,2026-01-15 08:28:18,초진,정상
771,10002208,3,1009,2026-01-15 08:29:21,재진,정상
772,10001841,2,1005,2026-01-15 08:30:36,재진,정상
773,10000227,4,1011,2026-01-15 08:31:44,초진,정상
774,10002812,4,1011,2026-01-15 08:32:51,초진,정상
775,10001731,3,1009,2026-01-15 08:39:11,재진,취소
776,10002362,3,1009,2026-01-15 08:40:32,재진,정상
777,10002273,4,1011,2026-01-15 08:41:13,재진,취소
778,10002205,4,1011,2026-01-15 08:42:39,재진,정상
779,10000154,2,1005,2026-01-15 08:43:34,초진,정상
780,10001482,4,1011,2026-01-15 08:46:29,초진,정상
781,10001304,4,1011,2026-01-15 08:52:08,재진,정상
782,10002834,6,1016,2026-01-15 08:52:58,초진,정상
783,10002361,3,1009,2026-01-15 08:53:19,재진,정상
784,10000224,4,1011,2026-01-15 08:56:25,재진,정상
785,10000761,2,1005,2026-01-15 08:56:34,재진,취소
786,10001420,4,1011,2026-01-15 08:57:02,재진,정상
787,10002057,3,1009,2026-01-15 08:57:25,재진,정상
788,10002600,7,1021,2026-01-15 08:58:31,재진,정상
789,10000087,2,1005,2026-01-15 09:02:38,재진,정상
790,10000243,4,1011,2026-01-15 09:03:47,초진,정상
791,10002582,4,1011,2026-01-15 09:06:00,재진,정상
792,10000426,7,1021,2026-01-15 09:08:59,재진,정상
793,10000922,4,1011,2026-01-15 09:10:57,초진,정상
794,10002074,7,1021,2026-01-15 09:11:48,초진,정상
795,10001634,3,1009,2026-01-15 09:13:59,재진,정상
796,10002835,3,1009,2026-01-15 09:14:22,초진,정상
797,10002836,2,1005,2026-01-15 09:14:44,초진,정상
798,10002095,6,1016,2026-01-15 09:18:16,재진,정상
799,10001842,4,1011,2026-01-15 09:24:00,재진,정상
800,10001653,2,1005,2026-01-15 09:28:38,초진,정상
801,10001747,3,1009,2026-01-15 09:29:35,재진,정상
802,10002837,7,1021,2026-01-15 09:32:50,초진,정상
803,10000090,3,1009,2026-01-15 09:34:31,재진,정상
804,10002838,3,1009,2026-01-15 09:36:28,초진,정상
805,10000699,2,1005,2026-01-15 09:37:36,재진,정상
806,10001843,3,1009,2026-01-15 09:40:09,재진,정상
807,10002840,4,1011,2026-01-15 09:46:51,초진,정상
808,10002841,2,1005,2026-01-15 09:47:38,초진,정상
809,10002839,7,1021,2026-01-15 09:51:30,초진,정상
810,10000019,2,1005,2026-01-15 09:57:05,재진,정상
811,10001727,2,1005,2026-01-15 09:59:19,재진,정상
812,10002186,3,1009,2026-01-15 10:07:25,재진,정상
813,10002596,4,1011,2026-01-15 10:16:42,재진,정상
814,10000012,4,1011,2026-01-15 10:28:33,재진,정상
815,10000363,7,1021,2026-01-15 10:31:04,초진,정상
816,10002843,7,1021,2026-01-15 10:42:24,초진,취소
817,10000483,4,1011,2026-01-15 10:42:41,초진,정상
818,10002845,2,1005,2026-01-15 10:43:11,초진,정상
819,10002844,7,1021,2026-01-15 10:45:45,초진,정상
820,10000939,2,1005,2026-01-15 10:48:12,재진,취소
821,10002846,3,1009,2026-01-15 10:50:57,초진,정상
822,10001829,4,1010,2026-01-15 12:50:27,재진,정상
823,10001728,2,1005,2026-01-15 12:50:51,재진,정상
824,10002154,2,1005,2026-01-15 12:54:26,재진,정상
825,10002847,1,1001,2026-01-15 12:54:55,초진,정상
826,10002258,4,1010,2026-01-15 12:57:08,재진,정상
827,10002503,1,1001,2026-01-15 13:01:45,재진,정상
828,10001661,2,1005,2026-01-15 13:04:51,재진,정상
829,10002108,6,1018,2026-01-15 13:06:27,재진,정상
830,10001880,1,1001,2026-01-15 13:10:09,재진,정상
831,10002849,1,1001,2026-01-15 13:10:38,초진,정상
832,10001845,6,1018,2026-01-15 13:10:38,재진,정상
833,10001654,4,1010,2026-01-15 13:11:52,재진,정상
834,10002134,6,1018,2026-01-15 13:12:21,재진,정상
835,10001920,2,1005,2026-01-15 13:12:38,재진,정상
836,10002058,1,1001,2026-01-15 13:17:04,재진,취소
837,10000787,1,1001,2026-01-15 13:17:27,재진,정상
838,10002848,6,1018,2026-01-15 13:18:14,초진,정상
839,10000561,1,1001,2026-01-15 13:26:03,재진,정상
840,10002850,1,1001,2026-01-15 13:26:35,초진,정상
841,10000777,2,1005,2026-01-15 13:29:00,초진,정상
842,10002851,2,1005,2026-01-15 13:30:11,초진,정상
843,10001626,1,1001,2026-01-15 13:31:38,초진,정상
844,10002440,4,1010,2026-01-15 13:32:22,재진,정상
845,10002852,1,1001,2026-01-15 13:33:35,초진,정상
846,10000180,5,1015,2026-01-15 13:36:16,재진,정상
847,10002294,1,1001,2026-01-15 13:41:35,재진,정상
848,10002853,2,1005,2026-01-15 13:42:33,초진,정상
849,10000764,1,1001,2026-01-15 13:43:29,재진,취소
850,10000214,5,1015,2026-01-15 13:55:17,재진,정상
851,10002854,2,1005,2026-01-15 13:56:52,초진,정상
852,10001128,2,1005,2026-01-15 14:02:46,초진,정상
853,10002855,4,1010,2026-01-15 14:03:28,초진,정상
854,10000448,2,1005,2026-01-15 14:05:21,재진,정상
855,10002209,6,1018,2026-01-15 14:11:21,재진,정상
856,10002509,1,1001,2026-01-15 14:16:43,재진,정상
857,10002856,2,1005,2026-01-15 14:22:22,초진,취소
858,10002507,1,1001,2026-01-15 14:27:37,재진,정상
859,10002486,1,1001,2026-01-15 14:33:06,재진,정상
860,10002857,2,1005,2026-01-15 14:33:45,초진,정상
861,10002858,6,1018,2026-01-15 14:36:38,초진,정상
862,10002859,1,1001,2026-01-15 15:00:27,초진,정상
863,10001534,2,1005,2026-01-15 15:10:48,재진,정상
864,10002693,5,1015,2026-01-15 15:12:28,초진,정상
865,10002276,1,1001,2026-01-15 15:13:19,재진,정상
866,10002212,1,1001,2026-01-15 15:29:20,재진,정상
867,10002236,4,1010,2026-01-15 15:41:15,초진,정상
868,10002860,8,1024,2026-01-16 08:32:52,초진,정상
869,10002510,8,1024,2026-01-16 08:34:33,재진,정상
870,10002220,8,1024,2026-01-16 08:36:32,재진,정상
871,10002861,5,1013,2026-01-16 08:43:33,초진,정상
872,10002862,5,1013,2026-01-16 09:12:51,초진,정상
873,10002109,5,1013,2026-01-16 09:17:10,재진,정상
874,10001970,5,1013,2026-01-16 09:30:51,재진,정상
875,10002031,5,1013,2026-01-16 10:01:09,재진,정상
876,10001948,5,1013,2026-01-16 10:01:47,초진,정상
877,10001779,5,1013,2026-01-16 10:04:43,재진,정상
878,10000941,5,1013,2026-01-16 10:47:34,재진,취소
879,10002863,1,1001,2026-01-16 12:51:48,초진,정상
880,10001087,5,1014,2026-01-16 12:53:40,재진,정상
881,10000662,4,1011,2026-01-16 12:58:08,초진,정상
882,10001974,5,1014,2026-01-16 12:59:29,재진,정상
883,10002594,1,1001,2026-01-16 13:02:57,재진,정상
884,10000491,8,1024,2026-01-16 13:03:23,재진,정상
885,10000531,2,1004,2026-01-16 13:03:28,재진,정상
886,10000978,5,1014,2026-01-16 13:14:32,재진,정상
887,10002864,2,1004,2026-01-16 13:15:05,초진,정상
888,10002865,5,1014,2026-01-16 13:16:44,초진,정상
889,10002866,1,1001,2026-01-16 13:17:06,초진,정상
890,10001262,8,1024,2026-01-16 13:18:08,초진,정상
891,10002869,4,1011,2026-01-16 13:19:00,초진,정상
892,10002870,2,1004,2026-01-16 13:19:26,초진,정상
893,10002867,5,1014,2026-01-16 13:21:48,초진,정상
894,10002868,5,1014,2026-01-16 13:23:37,초진,정상
895,10002871,5,1014,2026-01-16 13:29:03,초진,정상
896,10002371,8,1024,2026-01-16 13:38:29,재진,정상
897,10002872,2,1004,2026-01-16 13:38:48,초진,취소
898,10000783,8,1024,2026-01-16 13:42:34,재진,정상
899,10002873,5,1014,2026-01-16 13:46:54,초진,정상
900,10002874,8,1024,2026-01-16 13:48:17,초진,정상
901,10002375,8,1024,2026-01-16 14:08:49,초진,정상
902,10002293,4,1011,2026-01-16 14:10:13,재진,정상
903,10000190,2,1004,2026-01-16 14:32:39,재진,정상
904,10001414,1,1001,2026-01-16 14:39:02,재진,정상
905,10002366,1,1001,2026-01-16 14:43:32,재진,정상
906,10002875,2,1004,2026-01-16 15:08:24,초진,정상
907,10001816,2,1006,2026-01-19 08:20:32,재진,정상
908,10000803,1,1002,2026-01-19 08:21:37,재진,정상
909,10002878,2,1006,2026-01-19 08:29:21,초진,정상
910,10001545,2,1006,2026-01-19 08:29:53,재진,정상
911,10001848,8,1022,2026-01-19 08:30:21,재진,정상
912,10002070,2,1006,2026-01-19 08:30:50,재진,취소
913,10001520,8,1022,2026-01-19 08:31:01,초진,정상
914,10001513,2,1006,2026-01-19 08:31:16,재진,정상
915,10002877,8,1022,2026-01-19 08:32:59,초진,정상
916,10002387,8,1022,2026-01-19 08:37:01,재진,정상
917,10001645,2,1006,2026-01-19 08:39:22,재진,정상
918,10002879,1,1002,2026-01-19 08:44:17,초진,정상
919,10001978,1,1002,2026-01-19 08:44:22,재진,정상
920,10001889,2,1006,2026-01-19 08:44:49,재진,정상
921,10000404,7,1021,2026-01-19 08:48:57,초진,정상
922,10001071,1,1002,2026-01-19 08:49:00,재진,정상
923,10002264,1,1002,2026-01-19 08:58:18,재진,취소
924,10002413,2,1006,2026-01-19 09:02:02,재진,정상
925,10002301,1,1002,2026-01-19 09:05:55,재진,정상
926,10002229,2,1006,2026-01-19 09:10:23,재진,정상
927,10002528,2,1006,2026-01-19 09:14:18,재진,정상
928,10001648,2,1006,2026-01-19 09:15:06,재진,정상
929,10002146,1,1002,2026-01-19 09:16:59,재진,정상
930,10002703,1,1002,2026-01-19 09:17:41,초진,정상
931,10002211,7,1021,2026-01-19 09:19:01,초진,정상
932,10001987,8,1022,2026-01-19 09:21:09,재진,정상
933,10000412,1,1002,2026-01-19 09:24:55,재진,정상
934,10001605,5,1014,2026-01-19 09:25:48,재진,정상
935,10000510,7,1021,2026-01-19 09:27:28,초진,정상
936,10001210,1,1002,2026-01-19 09:29:37,초진,정상
937,10000753,8,1022,2026-01-19 09:32:59,초진,정상
938,10002308,2,1006,2026-01-19 09:37:20,재진,정상
939,10000975,1,1002,2026-01-19 09:37:39,재진,정상
940,10002880,2,1006,2026-01-19 09:38:21,초진,정상
941,10002522,7,1021,2026-01-19 09:52:32,재진,정상
942,10002530,2,1006,2026-01-19 09:54:07,재진,정상
943,10002304,2,1006,2026-01-19 09:54:58,재진,정상
944,10001233,2,1006,2026-01-19 09:56:26,초진,정상
945,10000717,2,1006,2026-01-19 09:56:58,재진,정상
946,10001740,1,1002,2026-01-19 09:58:50,재진,정상
947,10001939,1,1002,2026-01-19 10:03:02,재진,정상
948,10000018,5,1014,2026-01-19 10:04:47,초진,정상
949,10002881,2,1006,2026-01-19 10:06:12,초진,정상
950,10002232,8,1022,2026-01-19 10:09:45,재진,정상
951,10001400,8,1022,2026-01-19 10:16:06,초진,정상
952,10001852,1,1002,2026-01-19 10:19:21,재진,정상
953,10001151,8,1022,2026-01-19 10:28:36,초진,정상
954,10000432,5,1014,2026-01-19 10:33:48,초진,정상
955,10002222,5,1014,2026-01-19 10:40:56,재진,정상
956,10001157,1,1002,2026-01-19 10:55:12,초진,정상
957,10000772,1,1002,2026-01-19 10:57:45,재진,정상
958,10000161,4,1012,2026-01-19 12:50:25,재진,정상
959,10000173,1,1003,2026-01-19 12:51:58,초진,정상
960,10002364,4,1012,2026-01-19 12:52:25,초진,정상
961,10001611,4,1012,2026-01-19 12:53:42,재진,정상
962,10002882,7,1019,2026-01-19 12:53:45,초진,정상
963,10001531,1,1003,2026-01-19 12:53:48,재진,정상
964,10000811,4,1012,2026-01-19 12:56:16,재진,정상
965,10001931,5,1013,2026-01-19 13:00:11,재진,정상
966,10002883,4,1012,2026-01-19 13:02:24,초진,정상
967,10002885,7,1019,2026-01-19 13:03:20,초진,정상
968,10002471,1,1003,2026-01-19 13:04:00,재진,정상
969,10002318,1,1003,2026-01-19 13:04:19,재진,정상
970,10002884,7,1019,2026-01-19 13:06:12,초진,정상
971,10001919,8,1022,2026-01-19 13:08:34,초진,정상
972,10002887,1,1003,2026-01-19 13:13:57,초진,정상
973,10002886,1,1003,2026-01-19 13:14:54,초진,정상
974,10001404,7,1019,2026-01-19 13:14:55,초진,정상
975,10002609,7,1019,2026-01-19 13:15:42,재진,정상
976,10002464,7,1019,2026-01-19 13:16:42,재진,정상
977,10001394,4,1012,2026-01-19 13:19:00,초진,정상
978,10001263,7,1019,2026-01-19 13:19:55,초진,정상
979,10001077,4,1012,2026-01-19 13:20:07,재진,취소
980,10002458,1,1003,2026-01-19 13:26:18,재진,정상
981,10002313,1,1003,2026-01-19 13:27:19,재진,정상
982,10002888,4,1012,2026-01-19 13:29:46,초진,정상
983,10000987,7,1019,2026-01-19 13:30:04,재진,정상
984,10001434,1,1003,2026-01-19 13:30:13,초진,정상
985,10002394,1,1003,2026-01-19 13:33:50,재진,정상
986,10001198,8,1022,2026-01-19 13:34:02,초진,정상
987,10000186,4,1012,2026-01-19 13:34:04,초진,정상
988,10002889,4,1012,2026-01-19 13:36:20,초진,정상
989,10002890,4,1012,2026-01-19 13:37:47,초진,정상
990,10002300,8,1022,2026-01-19 13:39:05,재진,정상
991,10002891,1,1003,2026-01-19 13:43:10,초진,정상
992,10002241,4,1012,2026-01-19 13:44:10,재진,정상
993,10001584,8,1022,2026-01-19 13:44:37,재진,정상
994,10002892,7,1019,2026-01-19 13:45:17,초진,정상
995,10002395,4,1012,2026-01-19 13:48:22,재진,정상
996,10000016,4,1012,2026-01-19 13:51:52,재진,정상
997,10001592,4,1012,2026-01-19 13:55:26,초진,정상
998,10002028,7,1019,2026-01-19 13:57:06,재진,정상
999,10002513,5,1013,2026-01-19 13:57:07,재진,취소
1000,10001473,8,1022,2026-01-19 14:01:29,재진,정상
1001,10002290,5,1013,2026-01-19 14:01:30,재진,정상
1002,10001068,1,1003,2026-01-19 14:02:22,재진,정상
1003,10000415,1,1003,2026-01-19 14:05:34,초진,정상
1004,10002893,8,1022,2026-01-19 14:09:15,초진,취소
1005,10002320,8,1022,2026-01-19 14:09:41,재진,정상
1006,10000798,1,1003,2026-01-19 14:10:27,재진,정상
1007,10000776,4,1012,2026-01-19 14:15:51,재진,정상
1008,10002297,8,1022,2026-01-19 14:16:28,재진,정상
1009,10000884,1,1003,2026-01-19 14:16:57,초진,정상
1010,10002894,1,1003,2026-01-19 14:19:58,초진,정상
1011,10002895,5,1013,2026-01-19 14:29:53,초진,정상
1012,10002179,8,1022,2026-01-19 14:35:31,재진,정상
1013,10002451,8,1022,2026-01-19 14:36:57,재진,정상
1014,10002896,8,1022,2026-01-19 14:39:14,초진,정상
1015,10001856,5,1013,2026-01-19 14:46:35,재진,정상
1016,10002898,7,1019,2026-01-19 14:49:21,초진,정상
1017,10001900,4,1012,2026-01-19 14:53:28,재진,정상
1018,10002051,1,1003,2026-01-19 14:56:56,초진,취소
1019,10002897,8,1022,2026-01-19 14:57:16,초진,정상
1020,10001712,4,1012,2026-01-19 15:19:05,재진,정상
1021,10000586,1,1003,2026-01-19 15:30:57,초진,정상
1022,10002899,4,1012,2026-01-20 08:21:08,초진,정상
1023,10002080,6,1017,2026-01-20 08:21:29,재진,정상
1024,10002404,6,1017,2026-01-20 08:21:58,재진,정상
1025,10000805,8,1023,2026-01-20 08:28:10,재진,정상
1026,10002900,8,1023,2026-01-20 08:30:26,초진,정상
1027,10002901,7,1020,2026-01-20 08:33:51,초진,정상
1028,10002541,7,1020,2026-01-20 08:38:31,재진,정상
1029,10002168,7,1020,2026-01-20 08:42:38,초진,정상
1030,10002249,8,1023,2026-01-20 08:45:11,재진,정상
1031,10001115,4,1012,2026-01-20 08:47:33,재진,정상
1032,10002903,6,1017,2026-01-20 08:48:17,초진,정상
1033,10000629,1,1003,2026-01-20 08:52:41,재진,정상
1034,10002423,7,1020,2026-01-20 08:55:45,재진,정상
1035,10000909,4,1012,2026-01-20 08:56:49,초진,취소
1036,10001789,7,1020,2026-01-20 09:02:44,재진,정상
1037,10001866,3,1008,2026-01-20 09:04:05,재진,정상
1038,10002391,1,1003,2026-01-20 09:07:35,재진,정상
1039,10002904,7,1020,2026-01-20 09:12:24,초진,정상
1040,10002331,6,1017,2026-01-20 09:17:28,재진,정상
1041,10002905,1,1003,2026-01-20 09:18:45,초진,정상
1042,10000975,7,1020,2026-01-20 09:18:49,재진,정상
1043,10001615,4,1012,2026-01-20 09:22:22,재진,정상
1044,10001102,3,1008,2026-01-20 09:25:31,재진,정상
1045,10002127,1,1003,2026-01-20 09:30:18,재진,정상
1046,10002181,1,1003,2026-01-20 09:30:24,재진,정상
1047,10002906,1,1003,2026-01-20 09:34:26,초진,취소
1048,10001754,4,1012,2026-01-20 09:35:30,재진,정상
1049,10002908,3,1008,2026-01-20 09:37:47,초진,정상
1050,10002907,6,1017,2026-01-20 09:43:15,초진,정상
1051,10002036,1,1003,2026-01-20 09:50:23,재진,정상
1052,10000781,8,1023,2026-01-20 09:50:38,재진,정상
1053,10002335,3,1008,2026-01-20 10:00:25,재진,정상
1054,10002909,8,1023,2026-01-20 10:04:37,초진,정상
1055,10001755,1,1003,2026-01-20 10:15:41,재진,정상
1056,10002248,7,1020,2026-01-20 10:18:57,재진,정상
1057,10001030,8,1023,2026-01-20 10:28:34,재진,정상
1058,10002306,1,1003,2026-01-20 10:44:54,재진,정상
1059,10000209,8,1023,2026-01-20 10:46:02,초진,정상
1060,10002910,5,1015,2026-01-20 12:50:17,초진,정상
1061,10000710,3,1008,2026-01-20 12:55:38,재진,정상
1062,10001995,4,1010,2026-01-20 12:58:28,재진,정상
1063,10001908,8,1023,2026-01-20 12:59:41,재진,정상
1064,10002414,3,1008,2026-01-20 12:59:42,재진,취소
1065,10002913,5,1015,2026-01-20 13:05:58,초진,정상
1066,10002000,4,1010,2026-01-20 13:06:25,재진,정상
1067,10002200,4,1010,2026-01-20 13:07:59,재진,정상
1068,10000405,4,1010,2026-01-20 13:08:31,재진,정상
1069,10002911,4,1010,2026-01-20 13:09:51,초진,정상
1070,10002912,3,1008,2026-01-20 13:10:46,초진,정상
1071,10001867,5,1015,2026-01-20 13:14:27,재진,정상
1072,10002131,4,1010,2026-01-20 13:18:10,초진,취소
1073,10001523,2,1006,2026-01-20 13:18:45,초진,정상
1074,10002915,4,1010,2026-01-20 13:19:33,초진,정상
1075,10000053,4,1010,2026-01-20 13:20:42,초진,취소
1076,10002914,3,1008,2026-01-20 13:21:29,초진,정상
1077,10000144,8,1023,2026-01-20 13:23:31,재진,정상
1078,10002082,3,1008,2026-01-20 13:24:04,재진,정상
1079,10001801,5,1015,2026-01-20 13:25:03,초진,정상
1080,10002089,6,1018,2026-01-20 13:25:16,재진,정상
1081,10001270,3,1008,2026-01-20 13:27:57,초진,정상
1082,10002250,5,1015,2026-01-20 13:32:08,재진,정상
1083,10000175,7,1019,2026-01-20 13:32:21,초진,정상
1084,10000650,8,1023,2026-01-20 13:38:46,초진,정상
1085,10002917,2,1006,2026-01-20 13:41:10,초진,정상
1086,10002916,5,1015,2026-01-20 13:43:30,초진,정상
1087,10001024,2,1006,2026-01-20 13:46:24,재진,정상
1088,10002325,3,1008,2026-01-20 13:53:03,재진,정상
1089,10002417,6,1018,2026-01-20 13:57:20,재진,정상
1090,10000603,8,1023,2026-01-20 14:00:15,초진,정상
1091,10002918,4,1010,2026-01-20 14:05:31,초진,정상
1092,10002306,2,1006,2026-01-20 14:07:30,재진,정상
1093,10000412,4,1010,2026-01-20 14:11:08,재진,정상
1094,10002919,4,1010,2026-01-20 14:17:23,초진,정상
1095,10002337,5,1015,2026-01-20 14:32:46,재진,정상
1096,10002706,5,1015,2026-01-20 14:43:01,재진,정상
1097,10002412,4,1010,2026-01-20 14:43:23,재진,정상
1098,10000139,4,1010,2026-01-20 14:45:27,초진,정상
1099,10002920,5,1015,2026-01-20 14:46:32,초진,정상
1100,10002921,6,1018,2026-01-20 14:47:40,초진,정상
1101,10002922,6,1018,2026-01-20 14:53:25,초진,정상
1102,10001904,2,1006,2026-01-20 14:53:34,재진,정상
1103,10002421,8,1023,2026-01-20 14:53:37,재진,정상
1104,10002923,3,1008,2026-01-20 15:09:36,초진,취소
1105,10000952,4,1010,2026-01-20 15:27:27,초진,정상
1106,10001623,5,1015,2026-01-20 15:39:53,재진,정상
1107,10002328,7,1020,2026-01-21 08:22:39,재진,정상
1108,10002924,7,1020,2026-01-21 08:41:44,초진,정상
1109,10002925,7,1020,2026-01-21 08:44:39,초진,정상
1110,10001826,7,1020,2026-01-21 08:56:10,재진,정상
1111,10002634,3,1007,2026-01-21 08:56:59,재진,정상
1112,10000757,1,1002,2026-01-21 08:58:41,재진,정상
1113,10000325,3,1007,2026-01-21 09:04:23,초진,정상
1114,10000563,1,1002,2026-01-21 09:09:25,초진,정상
1115,10002382,1,1002,2026-01-21 09:09:49,재진,정상
1116,10002926,6,1016,2026-01-21 09:20:43,초진,정상
1117,10002065,3,1007,2026-01-21 09:23:52,초진,정상
1118,10000794,3,1007,2026-01-21 09:24:54,재진,정상
1119,10002262,6,1016,2026-01-21 09:57:09,재진,정상
1120,10001533,7,1020,2026-01-21 10:04:30,초진,정상
1121,10000924,3,1007,2026-01-21 10:39:40,초진,정상
1122,10002266,6,1016,2026-01-21 10:40:36,재진,정상
1123,10002563,6,1016,2026-01-21 10:43:46,재진,정상
1124,10000206,3,1007,2026-01-21 10:56:51,초진,정상
1125,10002472,3,1007,2026-01-21 11:01:20,초진,정상
1126,10000305,2,1004,2026-01-21 12:51:08,재진,정상
1127,10002927,2,1004,2026-01-21 12:51:39,초진,정상
1128,10002150,2,1004,2026-01-21 12:59:03,재진,정상
1129,10002495,3,1007,2026-01-21 13:05:35,재진,정상
1130,10000842,2,1004,2026-01-21 13:10:55,재진,정상
1131,10000340,3,1007,2026-01-21 13:13:50,초진,취소
1132,10001107,2,1004,2026-01-21 13:22:15,초진,정상
1133,10002928,3,1007,2026-01-21 13:25:32,초진,정상
1134,10002929,2,1004,2026-01-21 13:31:52,초진,정상
1135,10001170,2,1004,2026-01-21 13:34:13,초진,정상
1136,10002930,2,1004,2026-01-21 13:34:19,초진,정상
1137,10002425,6,1017,2026-01-21 13:42:53,재진,정상
1138,10001838,2,1004,2026-01-21 13:44:26,재진,정상
1139,10002267,2,1004,2026-01-21 13:50:11,재진,정상
1140,10002931,3,1007,2026-01-21 13:54:17,초진,정상
1141,10000068,2,1004,2026-01-21 14:03:00,초진,정상
1142,10002571,3,1007,2026-01-21 14:21:52,재진,정상
1143,10001738,3,1007,2026-01-21 14:24:15,초진,정상
1144,10002469,6,1017,2026-01-21 14:24:56,재진,정상
1145,10002933,3,1007,2026-01-21 14:26:42,초진,정상
1146,10000557,3,1007,2026-01-21 14:30:29,초진,정상
1147,10002490,3,1007,2026-01-21 14:50:11,재진,정상
1148,10002559,3,1007,2026-01-21 14:55:44,재진,정상
1149,10002430,3,1007,2026-01-21 15:03:07,재진,정상
1150,10001075,3,1009,2026-01-22 08:20:11,초진,정상
1151,10002100,2,1005,2026-01-22 08:26:55,재진,정상
1152,10001309,3,1009,2026-01-22 08:32:41,초진,정상
1153,10000554,4,1011,2026-01-22 08:33:13,재진,정상
1154,10001758,7,1021,2026-01-22 08:34:56,재진,정상
1155,10002934,6,1016,2026-01-22 08:36:43,초진,정상
1156,10001569,4,1011,2026-01-22 08:37:52,초진,정상
1157,10001222,7,1021,2026-01-22 08:41:34,초진,정상
1158,10001923,4,1011,2026-01-22 08:57:27,재진,정상
1159,10002299,3,1009,2026-01-22 09:00:11,초진,정상
1160,10002935,2,1005,2026-01-22 09:05:22,초진,정상
1161,10001032,3,1009,2026-01-22 09:11:01,재진,정상
1162,10002564,4,1011,2026-01-22 09:14:03,초진,정상
1163,10002383,3,1009,2026-01-22 09:16:11,초진,정상
1164,10002936,4,1011,2026-01-22 09:16:20,초진,정상
1165,10002355,4,1011,2026-01-22 09:24:38,재진,정상
1166,10000314,3,1009,2026-01-22 09:28:52,초진,정상
1167,10002337,4,1011,2026-01-22 09:30:40,초진,정상
1168,10000231,2,1005,2026-01-22 09:31:42,재진,정상
1169,10002937,4,1011,2026-01-22 09:41:46,초진,정상
1170,10002157,4,1011,2026-01-22 09:49:30,재진,정상
1171,10002265,6,1016,2026-01-22 09:49:52,재진,정상
1172,10002358,4,1011,2026-01-22 09:50:21,재진,정상
1173,10000373,2,1005,2026-01-22 09:51:40,재진,정상
1174,10002360,3,1009,2026-01-22 09:56:04,재진,정상
1175,10002938,4,1011,2026-01-22 09:59:28,초진,정상
1176,10002579,3,1009,2026-01-22 10:06:21,재진,정상
1177,10002010,2,1005,2026-01-22 10:08:41,재진,정상
1178,10001016,2,1005,2026-01-22 10:21:02,재진,정상
1179,10001020,3,1009,2026-01-22 10:23:13,재진,정상
1180,10000716,4,1011,2026-01-22 10:24:16,재진,정상
1181,10001964,3,1009,2026-01-22 10:26:33,재진,정상
1182,10002224,2,1005,2026-01-22 10:26:59,재진,정상
1183,10001494,3,1009,2026-01-22 10:29:57,초진,정상
1184,10002053,4,1011,2026-01-22 10:51:33,재진,정상
1185,10000678,2,1005,2026-01-22 10:53:22,재진,정상
1186,10000136,7,1021,2026-01-22 11:06:29,재진,정상
1187,10000969,4,1010,2026-01-22 12:57:39,재진,정상
1188,10002939,4,1010,2026-01-22 12:57:49,초진,정상
1189,10002198,5,1015,2026-01-22 12:58:07,재진,정상
1190,10001069,4,1010,2026-01-22 12:58:16,초진,정상
1191,10001999,4,1010,2026-01-22 12:58:44,재진,정상
1192,10000117,2,1005,2026-01-22 13:00:30,재진,정상
1193,10001865,4,1010,2026-01-22 13:10:37,재진,정상
1194,10000522,1,1001,2026-01-22 13:13:46,초진,정상
1195,10002941,1,1001,2026-01-22 13:14:32,초진,정상
1196,10001759,2,1005,2026-01-22 13:16:53,재진,정상
1197,10002940,1,1001,2026-01-22 13:18:18,초진,정상
1198,10001202,4,1010,2026-01-22 13:21:05,초진,정상
1199,10001360,2,1005,2026-01-22 13:31:16,재진,정상
1200,10000213,1,1001,2026-01-22 13:32:25,초진,정상
1201,10002277,2,1005,2026-01-22 13:36:08,재진,정상
1202,10002499,2,1005,2026-01-22 13:38:55,재진,정상
1203,10001100,2,1005,2026-01-22 13:40:40,재진,정상
1204,10001215,2,1005,2026-01-22 13:43:26,초진,정상
1205,10001278,1,1001,2026-01-22 13:44:36,재진,정상
1206,10000431,1,1001,2026-01-22 13:49:14,초진,정상
1207,10002942,6,1018,2026-01-22 13:49:19,초진,정상
1208,10000091,4,1010,2026-01-22 13:49:40,재진,정상
1209,10001413,4,1010,2026-01-22 13:49:55,초진,정상
1210,10002133,6,1018,2026-01-22 13:51:24,재진,취소
1211,10001117,1,1001,2026-01-22 13:55:33,초진,정상
1212,10002943,2,1005,2026-01-22 13:57:09,초진,정상
1213,10001540,1,1001,2026-01-22 13:58:09,재진,정상
1214,10002275,1,1001,2026-01-22 14:03:47,재진,정상
1215,10001571,1,1001,2026-01-22 14:08:02,재진,정상
1216,10002044,4,1010,2026-01-22 14:14:53,재진,정상
1217,10002944,1,1001,2026-01-22 14:16:43,초진,정상
1218,10000702,1,1001,2026-01-22 14:26:36,재진,정상
1219,10000306,2,1005,2026-01-22 14:37:49,초진,정상
1220,10000088,4,1010,2026-01-22 14:43:26,재진,정상
1221,10001054,1,1001,2026-01-22 14:44:35,재진,정상
1222,10002365,1,1001,2026-01-22 14:48:27,재진,정상
1223,10000901,1,1001,2026-01-22 15:01:35,재진,정상
1224,10002444,8,1024,2026-01-23 08:22:36,재진,정상
1225,10000372,8,1024,2026-01-23 08:22:47,초진,정상
1226,10002165,8,1024,2026-01-23 08:26:53,재진,정상
1227,10002945,8,1024,2026-01-23 08:28:23,초진,정상
1228,10000844,5,1013,2026-01-23 08:32:04,재진,정상
1229,10002029,5,1013,2026-01-23 08:36:35,재진,정상
1230,10001593,5,1013,2026-01-23 08:38:48,초진,정상
1231,10001996,5,1013,2026-01-23 09:03:16,재진,정상
1232,10002612,5,1013,2026-01-23 09:05:42,재진,정상
1233,10002592,8,1024,2026-01-23 09:10:10,재진,정상
1234,10002519,8,1024,2026-01-23 09:23:24,재진,정상
1235,10001818,5,1013,2026-01-23 09:31:00,재진,정상
1236,10001536,5,1013,2026-01-23 09:36:53,재진,취소
1237,10002946,5,1013,2026-01-23 09:37:48,초진,정상
1238,10001012,8,1024,2026-01-23 09:39:38,초진,정상
1239,10002947,5,1013,2026-01-23 09:40:17,초진,정상
1240,10000720,5,1013,2026-01-23 10:05:39,재진,정상
1241,10001930,8,1024,2026-01-23 10:19:33,재진,정상
1242,10001427,8,1024,2026-01-23 10:26:24,초진,정상
1243,10002167,5,1013,2026-01-23 10:35:13,재진,정상
1244,10000990,3,1009,2026-01-23 10:36:09,초진,정상
1245,10001692,4,1011,2026-01-23 12:52:00,재진,정상
1246,10002514,1,1001,2026-01-23 12:54:04,재진,정상
1247,10001432,2,1004,2026-01-23 12:56:07,초진,정상
1248,10002207,4,1011,2026-01-23 12:56:38,재진,정상
1249,10002305,5,1014,2026-01-23 13:10:14,재진,정상
1250,10002329,2,1004,2026-01-23 13:18:27,초진,정상
1251,10000345,4,1011,2026-01-23 13:18:37,초진,정상
1252,10002645,1,1001,2026-01-23 13:21:17,재진,정상
1253,10001175,8,1024,2026-01-23 13:26:28,재진,정상
1254,10002098,4,1011,2026-01-23 13:29:13,재진,정상
1255,10001935,4,1011,2026-01-23 13:37:16,재진,정상
1256,10001664,8,1024,2026-01-23 13:39:59,재진,정상
1257,10002640,8,1024,2026-01-23 13:45:06,재진,정상
1258,10002948,8,1024,2026-01-23 13:49:10,초진,정상
1259,10002014,8,1024,2026-01-23 13:55:27,재진,정상
1260,10002015,8,1024,2026-01-23 13:55:40,재진,정상
1261,10001379,2,1004,2026-01-23 14:01:18,재진,정상
1262,10002760,1,1001,2026-01-23 14:08:14,재진,정상
1263,10002024,5,1014,2026-01-23 14:17:40,재진,정상
1264,10000099,8,1024,2026-01-23 14:19:58,초진,정상
1265,10000103,5,1014,2026-01-23 14:47:51,초진,정상
1266,10002949,5,1014,2026-01-23 15:00:10,초진,정상
1267,10002448,2,1006,2026-01-26 08:23:46,재진,정상
1268,10001206,8,1022,2026-01-26 08:24:52,초진,정상
1269,10000755,2,1006,2026-01-26 08:26:15,초진,정상
1270,10002950,1,1002,2026-01-26 08:26:47,초진,정상
1271,10000285,1,1002,2026-01-26 08:31:55,초진,정상
1272,10002951,7,1021,2026-01-26 08:33:01,초진,정상
1273,10001720,2,1006,2026-01-26 08:33:48,재진,정상
1274,10002953,8,1022,2026-01-26 08:40:40,초진,정상
1275,10002952,5,1014,2026-01-26 08:42:30,초진,정상
1276,10002954,1,1002,2026-01-26 08:42:56,초진,정상
1277,10002230,5,1014,2026-01-26 08:50:27,재진,정상
1278,10001783,2,1006,2026-01-26 08:50:38,재진,정상
1279,10002955,2,1006,2026-01-26 08:53:33,초진,정상
1280,10001891,1,1002,2026-01-26 08:53:43,재진,정상
1281,10002957,2,1006,2026-01-26 08:58:51,초진,정상
1282,10002958,5,1014,2026-01-26 08:59:39,초진,정상
1283,10002956,7,1021,2026-01-26 09:00:10,초진,정상
1284,10001719,1,1002,2026-01-26 09:01:21,재진,정상
1285,10000693,1,1002,2026-01-26 09:04:37,재진,정상
1286,10002310,7,1021,2026-01-26 09:06:31,재진,정상
1287,10002074,1,1002,2026-01-26 09:11:28,재진,정상
1288,10002960,1,1002,2026-01-26 09:12:28,초진,정상
1289,10000582,2,1006,2026-01-26 09:12:41,재진,정상
1290,10002959,2,1006,2026-01-26 09:15:32,초진,정상
1291,10002658,1,1002,2026-01-26 09:16:25,재진,정상
1292,10001462,1,1002,2026-01-26 09:17:19,재진,정상
1293,10001477,1,1002,2026-01-26 09:23:20,재진,정상
1294,10002961,1,1002,2026-01-26 09:23:24,초진,정상
1295,10001090,1,1002,2026-01-26 09:24:34,재진,정상
1296,10002370,2,1006,2026-01-26 09:30:31,초진,정상
1297,10002659,8,1022,2026-01-26 09:38:39,재진,정상
1298,10000574,1,1002,2026-01-26 09:42:50,초진,정상
1299,10002322,8,1022,2026-01-26 09:43:12,재진,정상
1300,10002115,1,1002,2026-01-26 09:45:00,재진,정상
1301,10001231,2,1006,2026-01-26 09:45:05,재진,정상
1302,10000682,2,1006,2026-01-26 09:47:31,재진,정상
1303,10002661,2,1006,2026-01-26 10:02:16,재진,정상
1304,10002962,2,1006,2026-01-26 10:06:18,초진,정상
1305,10002309,2,1006,2026-01-26 10:14:58,재진,정상
1306,10001954,2,1006,2026-01-26 10:23:55,재진,정상
1307,10002020,1,1002,2026-01-26 10:40:21,재진,정상
1308,10000736,1,1002,2026-01-26 10:59:06,재진,정상
1309,10002963,5,1013,2026-01-26 12:51:07,초진,정상
1310,10001893,5,1013,2026-01-26 12:53:04,재진,정상
1311,10000795,7,1019,2026-01-26 12:54:51,재진,정상
1312,10001341,4,1012,2026-01-26 12:57:16,재진,정상
1313,10001564,4,1012,2026-01-26 13:00:10,초진,정상
1314,10002966,4,1012,2026-01-26 13:00:10,초진,정상
1315,10002964,4,1012,2026-01-26 13:00:48,초진,정상
1316,10002965,7,1019,2026-01-26 13:03:12,초진,정상
1317,10001590,4,1012,2026-01-26 13:05:09,초진,취소
1318,10002967,4,1012,2026-01-26 13:07:40,초진,정상
1319,10002400,1,1003,2026-01-26 13:10:39,재진,정상
1320,10002968,4,1012,2026-01-26 13:13:14,초진,정상
1321,10002540,5,1013,2026-01-26 13:13:20,재진,정상
1322,10002388,1,1003,2026-01-26 13:13:28,재진,정상
1323,10000688,1,1003,2026-01-26 13:13:50,초진,정상
1324,10000466,8,1022,2026-01-26 13:15:11,재진,정상
1325,10002971,7,1019,2026-01-26 13:15:44,초진,정상
1326,10001942,1,1003,2026-01-26 13:15:49,재진,정상
1327,10002025,5,1013,2026-01-26 13:16:03,재진,정상
1328,10002970,1,1003,2026-01-26 13:16:35,초진,정상
1329,10002613,1,1003,2026-01-26 13:18:03,재진,정상
1330,10002969,7,1019,2026-01-26 13:20:44,초진,정상
1331,10000897,7,1019,2026-01-26 13:24:31,재진,정상
1332,10002973,5,1013,2026-01-26 13:29:21,초진,정상
1333,10002673,1,1003,2026-01-26 13:31:25,재진,정상
1334,10002075,1,1003,2026-01-26 13:31:38,재진,정상
1335,10001279,1,1003,2026-01-26 13:32:18,재진,정상
1336,10002317,7,1019,2026-01-26 13:34:37,재진,정상
1337,10002972,7,1019,2026-01-26 13:34:41,초진,정상
1338,10002130,4,1012,2026-01-26 13:35:21,재진,정상
1339,10000033,7,1019,2026-01-26 13:39:21,재진,정상
1340,10001647,7,1019,2026-01-26 13:40:02,재진,정상
1341,10002076,7,1019,2026-01-26 13:41:30,재진,정상
1342,10001490,4,1012,2026-01-26 13:42:24,재진,정상
1343,10001268,8,1022,2026-01-26 13:47:17,초진,정상
1344,10000789,8,1022,2026-01-26 13:49:57,재진,정상
1345,10002119,1,1003,2026-01-26 13:51:03,재진,정상
1346,10000495,4,1012,2026-01-26 13:52:46,재진,정상
1347,10001491,7,1019,2026-01-26 13:54:23,재진,정상
1348,10000670,4,1012,2026-01-26 13:56:56,재진,정상
1349,10000189,4,1012,2026-01-26 13:59:20,재진,정상
1350,10001778,1,1003,2026-01-26 14:04:19,재진,정상
1351,10002180,4,1012,2026-01-26 14:04:46,재진,정상
1352,10002245,8,1022,2026-01-26 14:06:37,재진,정상
1353,10002460,1,1003,2026-01-26 14:10:34,재진,정상
1354,10002974,8,1022,2026-01-26 14:12:18,초진,정상
1355,10000645,4,1012,2026-01-26 14:13:07,재진,취소
1356,10002590,5,1013,2026-01-26 14:19:38,재진,정상
1357,10002976,4,1012,2026-01-26 14:21:58,초진,정상
1358,10000201,1,1003,2026-01-26 14:22:02,재진,정상
1359,10000488,8,1022,2026-01-26 14:22:04,초진,정상
1360,10002975,4,1012,2026-01-26 14:22:44,초진,정상
1361,10000478,4,1012,2026-01-26 14:28:07,초진,정상
1362,10002390,7,1019,2026-01-26 14:34:35,재진,정상
1363,10002084,1,1003,2026-01-26 14:38:22,재진,정상
1364,10000829,8,1022,2026-01-26 14:40:13,재진,정상
1365,10002977,7,1019,2026-01-26 14:42:03,초진,정상
1366,10001017,7,1019,2026-01-26 14:42:39,재진,정상
1367,10001854,7,1019,2026-01-26 14:44:58,재진,정상
1368,10001234,7,1019,2026-01-26 14:47:35,초진,정상
1369,10002315,4,1012,2026-01-26 14:47:40,재진,취소
1370,10001518,1,1003,2026-01-26 15:00:07,재진,정상
1371,10002122,5,1013,2026-01-26 15:01:55,초진,정상
1372,10001324,7,1019,2026-01-26 15:02:15,초진,정상
1373,10000974,7,1019,2026-01-26 15:03:28,초진,정상
1374,10001762,1,1003,2026-01-26 15:34:08,재진,정상
1375,10001990,3,1008,2026-01-27 08:20:10,재진,정상
1376,10002806,1,1003,2026-01-27 08:24:41,재진,정상
1377,10002191,6,1017,2026-01-27 08:25:31,재진,정상
1378,10002193,6,1017,2026-01-27 08:26:07,재진,정상
1379,10002572,6,1017,2026-01-27 08:30:32,재진,정상
1380,10000323,8,1023,2026-01-27 08:33:38,초진,정상
1381,10002292,8,1023,2026-01-27 08:36:29,초진,정상
1382,10002978,7,1020,2026-01-27 08:36:34,초진,정상
1383,10002622,6,1017,2026-01-27 08:39:39,재진,정상
1384,10002980,6,1017,2026-01-27 08:42:30,초진,정상
1385,10002979,3,1008,2026-01-27 08:44:02,초진,정상
1386,10001448,4,1012,2026-01-27 08:44:56,초진,정상
1387,10000651,3,1008,2026-01-27 08:45:43,초진,정상
1388,10002401,8,1023,2026-01-27 08:47:01,재진,정상
1389,10002088,3,1008,2026-01-27 08:49:26,재진,정상
1390,10001898,7,1020,2026-01-27 08:49:40,재진,정상
1391,10002616,7,1020,2026-01-27 08:53:57,재진,정상
1392,10002615,4,1012,2026-01-27 08:56:37,재진,정상
1393,10001221,7,1020,2026-01-27 08:58:29,초진,정상
1394,10000455,8,1023,2026-01-27 09:00:10,초진,정상
1395,10002982,1,1003,2026-01-27 09:03:17,초진,정상
1396,10002618,6,1017,2026-01-27 09:03:28,재진,정상
1397,10000731,7,1020,2026-01-27 09:05:20,초진,정상
1398,10002981,6,1017,2026-01-27 09:10:22,초진,정상
1399,10001650,6,1017,2026-01-27 09:11:39,재진,정상
1400,10000913,7,1020,2026-01-27 09:14:59,재진,정상
1401,10001782,3,1008,2026-01-27 09:19:26,재진,정상
1402,10001330,7,1020,2026-01-27 09:20:05,초진,정상
1403,10000353,3,1008,2026-01-27 09:20:23,초진,정상
1404,10000780,7,1020,2026-01-27 09:27:42,재진,정상
1405,10002983,3,1008,2026-01-27 09:34:23,초진,정상
1406,10002128,7,1020,2026-01-27 09:34:28,재진,정상
1407,10000040,4,1012,2026-01-27 09:37:13,초진,취소
1408,10000467,7,1020,2026-01-27 10:00:20,초진,정상
1409,10000201,7,1020,2026-01-27 10:12:03,재진,정상
1410,10002984,6,1017,2026-01-27 10:13:51,초진,정상
1411,10001471,1,1003,2026-01-27 10:26:47,재진,정상
1412,10002129,6,1017,2026-01-27 10:27:24,재진,정상
1413,10001526,3,1008,2026-01-27 10:28:02,재진,정상
1414,10001860,6,1017,2026-01-27 10:30:53,재진,취소
1415,10002985,6,1017,2026-01-27 10:32:51,초진,정상
1416,10001050,7,1020,2026-01-27 10:44:01,재진,정상
1417,10002690,3,1008,2026-01-27 10:44:27,재진,정상
1418,10000616,3,1008,2026-01-27 12:50:42,재진,정상
1419,10001868,4,1010,2026-01-27 12:51:14,재진,정상
1420,10002314,7,1019,2026-01-27 12:51:59,재진,정상
1421,10000945,4,1010,2026-01-27 12:52:22,초진,정상
1422,10001820,4,1010,2026-01-27 12:54:16,초진,정상
1423,10002987,7,1019,2026-01-27 12:56:52,초진,정상
1424,10002988,6,1018,2026-01-27 12:57:35,초진,정상
1425,10002336,4,1010,2026-01-27 12:58:56,재진,정상
1426,10002986,7,1019,2026-01-27 12:59:47,초진,정상
1427,10002256,8,1023,2026-01-27 13:00:01,재진,취소
1428,10000847,4,1010,2026-01-27 13:00:42,초진,정상
1429,10002990,4,1010,2026-01-27 13:07:58,초진,정상
1430,10002339,3,1008,2026-01-27 13:08:40,초진,정상
1431,10002279,6,1018,2026-01-27 13:10:19,재진,정상
1432,10002989,4,1010,2026-01-27 13:12:07,초진,정상
1433,10001903,8,1023,2026-01-27 13:13:36,재진,취소
1434,10001748,7,1019,2026-01-27 13:17:27,재진,정상
1435,10000292,7,1019,2026-01-27 13:18:23,재진,정상
1436,10000845,4,1010,2026-01-27 13:18:38,재진,정상
1437,10002488,6,1018,2026-01-27 13:19:50,재진,정상
1438,10000509,4,1010,2026-01-27 13:21:16,초진,정상
1439,10002991,4,1010,2026-01-27 13:24:32,초진,정상
1440,10000267,4,1010,2026-01-27 13:25:19,초진,정상
1441,10001558,4,1010,2026-01-27 13:28:05,재진,정상
1442,10000984,3,1008,2026-01-27 13:29:11,재진,정상
1443,10001281,4,1010,2026-01-27 13:33:40,재진,정상
1444,10002063,5,1015,2026-01-27 13:34:50,재진,정상
1445,10002104,4,1010,2026-01-27 13:35:52,재진,정상
1446,10000245,3,1008,2026-01-27 13:38:42,재진,정상
1447,10002247,8,1023,2026-01-27 13:41:31,재진,정상
1448,10001119,7,1019,2026-01-27 13:43:27,초진,정상
1449,10002992,7,1019,2026-01-27 13:44:36,초진,정상
1450,10001878,7,1019,2026-01-27 13:51:12,재진,정상
1451,10000856,4,1010,2026-01-27 13:55:27,재진,정상
1452,10002468,3,1008,2026-01-27 13:56:59,재진,정상
1453,10002993,4,1010,2026-01-27 13:58:41,초진,정상
1454,10002416,7,1019,2026-01-27 13:59:26,재진,정상
1455,10002555,4,1010,2026-01-27 14:00:18,재진,정상
1456,10001805,6,1018,2026-01-27 14:01:55,재진,정상
1457,10002552,5,1015,2026-01-27 14:05:22,재진,정상
1458,10000819,3,1008,2026-01-27 14:13:32,재진,정상
1459,10002994,6,1018,2026-01-27 14:16:19,초진,정상
1460,10002405,3,1008,2026-01-27 14:25:15,재진,취소
1461,10000234,5,1015,2026-01-27 14:37:45,재진,정상
1462,10002995,6,1018,2026-01-27 14:42:01,초진,정상
1463,10002184,5,1015,2026-01-27 14:46:38,초진,정상
1464,10001334,5,1015,2026-01-27 14:47:51,초진,정상
1465,10000015,7,1019,2026-01-27 14:56:02,재진,정상
1466,10001390,8,1023,2026-01-27 14:56:34,초진,정상
1467,10001958,4,1010,2026-01-27 14:57:52,재진,취소
1468,10002481,5,1015,2026-01-27 14:57:56,재진,정상
1469,10000419,3,1008,2026-01-27 14:57:58,초진,정상
1470,10002996,6,1018,2026-01-27 15:07:35,초진,정상
1471,10002295,8,1023,2026-01-27 15:18:05,초진,정상
1472,10002997,6,1018,2026-01-27 15:37:13,초진,정상
1473,10002998,6,1016,2026-01-28 08:32:49,초진,정상
1474,10002384,1,1002,2026-01-28 08:35:11,재진,정상
1475,10002561,6,1016,2026-01-28 08:35:30,재진,정상
1476,10001977,1,1002,2026-01-28 08:35:49,재진,정상
1477,10001836,3,1007,2026-01-28 08:36:38,재진,정상
1478,10002348,3,1007,2026-01-28 08:44:02,재진,정상
1479,10001833,1,1002,2026-01-28 08:45:16,재진,정상
1480,10002999,3,1007,2026-01-28 08:45:36,초진,정상
1481,10001609,6,1016,2026-01-28 08:46:17,재진,정상
1482,10001962,6,1016,2026-01-28 08:59:06,재진,정상
1483,10003000,3,1007,2026-01-28 09:05:26,초진,정상
1484,10002345,6,1016,2026-01-28 09:08:03,재진,정상
1485,10002400,3,1007,2026-01-28 09:09:04,초진,정상
1486,10002597,1,1002,2026-01-28 09:09:20,재진,정상
1487,10003001,3,1007,2026-01-28 09:09:38,초진,정상
1488,10001832,1,1002,2026-01-28 09:12:00,재진,정상
1489,10001331,1,1002,2026-01-28 09:13:21,초진,정상
1490,10003003,6,1016,2026-01-28 09:18:06,초진,정상
1491,10002568,3,1007,2026-01-28 09:19:52,재진,정상
1492,10001901,6,1016,2026-01-28 09:21:45,재진,정상
1493,10003002,6,1016,2026-01-28 09:27:10,초진,정상
1494,10001073,3,1007,2026-01-28 09:30:48,재진,정상
1495,10002213,3,1007,2026-01-28 09:32:38,재진,정상
1496,10002278,3,1007,2026-01-28 09:33:36,재진,정상
1497,10003004,6,1016,2026-01-28 09:57:21,초진,취소
1498,10002716,6,1016,2026-01-28 09:58:50,재진,정상
1499,10003005,3,1007,2026-01-28 10:45:18,초진,정상
1500,10002445,2,1004,2026-01-28 12:54:15,재진,정상
1501,10003006,3,1007,2026-01-28 12:54:41,초진,정상
1502,10001840,3,1007,2026-01-28 12:59:22,재진,정상
1503,10002352,2,1004,2026-01-28 13:01:18,재진,정상
1504,10000951,2,1004,2026-01-28 13:05:35,재진,정상
1505,10001125,3,1007,2026-01-28 13:08:28,재진,정상
1506,10003007,2,1004,2026-01-28 13:21:03,초진,정상
1507,10002574,2,1004,2026-01-28 13:33:14,재진,정상
1508,10000332,3,1007,2026-01-28 13:40:26,초진,정상
1509,10002351,2,1004,2026-01-28 13:41:41,재진,정상
1510,10003008,2,1004,2026-01-28 13:47:19,초진,정상
1511,10003009,3,1007,2026-01-28 13:54:41,초진,정상
1512,10001934,3,1007,2026-01-28 14:29:26,초진,정상
1513,10003010,2,1004,2026-01-28 14:32:50,초진,정상
1514,10001630,2,1004,2026-01-28 15:02:06,재진,정상
1515,10001219,3,1007,2026-01-28 15:07:00,초진,정상
1516,10002399,6,1017,2026-01-28 15:24:07,재진,정상
1517,10000490,2,1004,2026-01-28 15:32:27,재진,정상
1518,10003011,3,1009,2026-01-29 08:21:56,초진,정상
1519,10003012,4,1011,2026-01-29 08:29:07,초진,정상
1520,10002501,4,1011,2026-01-29 08:29:36,재진,정상
1521,10003013,3,1009,2026-01-29 08:30:56,초진,정상
1522,10001451,2,1005,2026-01-29 08:31:04,재진,정상
1523,10003014,4,1011,2026-01-29 08:31:45,초진,정상
1524,10001800,4,1011,2026-01-29 08:33:45,재진,정상
1525,10001009,3,1009,2026-01-29 08:36:26,재진,정상
1526,10003015,4,1011,2026-01-29 08:41:54,초진,정상
1527,10003016,2,1005,2026-01-29 08:43:57,초진,정상
1528,10000331,7,1021,2026-01-29 08:46:52,초진,정상
1529,10002153,6,1016,2026-01-29 08:46:57,재진,정상
1530,10002578,6,1016,2026-01-29 09:01:52,재진,정상
1531,10002667,7,1021,2026-01-29 09:03:45,재진,정상
1532,10000927,4,1011,2026-01-29 09:03:49,초진,정상
1533,10001799,4,1011,2026-01-29 09:04:06,재진,정상
1534,10000802,2,1005,2026-01-29 09:04:38,재진,정상
1535,10000240,3,1009,2026-01-29 09:08:26,초진,정상
1536,10001965,3,1009,2026-01-29 09:08:36,재진,정상
1537,10001672,3,1009,2026-01-29 09:08:44,재진,정상
1538,10002009,2,1005,2026-01-29 09:10:25,재진,정상
1539,10000609,7,1021,2026-01-29 09:11:07,초진,정상
1540,10000810,3,1009,2026-01-29 09:11:37,초진,정상
1541,10002431,2,1005,2026-01-29 09:11:44,재진,정상
1542,10003017,3,1009,2026-01-29 09:12:21,초진,정상
1543,10000239,7,1021,2026-01-29 09:12:39,초진,정상
1544,10002113,7,1021,2026-01-29 09:32:27,재진,정상
1545,10000624,3,1009,2026-01-29 09:32:58,초진,정상
1546,10002820,6,1016,2026-01-29 09:44:01,재진,정상
1547,10001284,4,1011,2026-01-29 09:46:15,초진,정상
1548,10002379,7,1021,2026-01-29 09:47:27,재진,취소
1549,10000150,4,1011,2026-01-29 09:52:31,재진,정상
1550,10000929,7,1021,2026-01-29 09:54:46,재진,정상
1551,10002052,3,1009,2026-01-29 10:07:19,재진,정상
1552,10000910,4,1011,2026-01-29 10:09:30,초진,정상
1553,10003018,4,1011,2026-01-29 10:18:43,초진,정상
1554,10003019,6,1016,2026-01-29 10:23:20,초진,정상
1555,10001458,7,1021,2026-01-29 10:27:48,초진,정상
1556,10002003,4,1011,2026-01-29 10:56:38,초진,정상
1557,10000801,1,1001,2026-01-29 12:50:09,재진,정상
1558,10000593,4,1010,2026-01-29 12:52:25,재진,정상
1559,10002281,6,1018,2026-01-29 12:53:28,재진,정상
1560,10002548,4,1010,2026-01-29 12:55:00,재진,정상
1561,10002646,1,1001,2026-01-29 12:58:21,재진,정상
1562,10003020,6,1018,2026-01-29 12:59:10,초진,정상
1563,10001612,1,1001,2026-01-29 13:00:25,재진,정상
1564,10000604,4,1010,2026-01-29 13:03:24,재진,취소
1565,10002437,1,1001,2026-01-29 13:04:58,재진,정상
1566,10002515,1,1001,2026-01-29 13:06:10,재진,정상
1567,10003021,4,1010,2026-01-29 13:07:25,초진,정상
1568,10003023,1,1001,2026-01-29 13:07:46,초진,정상
1569,10001481,1,1001,2026-01-29 13:11:05,재진,정상
1570,10003026,2,1005,2026-01-29 13:11:34,초진,정상
1571,10003024,4,1010,2026-01-29 13:11:37,초진,정상
1572,10003022,4,1010,2026-01-29 13:16:17,초진,정상
1573,10003025,1,1001,2026-01-29 13:17:31,초진,정상
1574,10000595,1,1001,2026-01-29 13:18:59,재진,정상
1575,10003027,1,1001,2026-01-29 13:20:46,초진,정상
1576,10002505,2,1005,2026-01-29 13:23:50,재진,정상
1577,10000118,4,1010,2026-01-29 13:25:11,재진,정상
1578,10002557,6,1018,2026-01-29 13:33:13,재진,정상
1579,10002137,4,1010,2026-01-29 13:33:50,재진,정상
1580,10003029,6,1018,2026-01-29 13:34:37,초진,정상
1581,10003028,1,1001,2026-01-29 13:35:06,초진,정상
1582,10002433,2,1005,2026-01-29 13:37:21,재진,정상
1583,10002060,1,1001,2026-01-29 13:38:00,재진,정상
1584,10002173,5,1015,2026-01-29 13:39:21,초진,정상
1585,10002422,5,1015,2026-01-29 13:41:05,재진,정상
1586,10000592,2,1005,2026-01-29 13:41:54,재진,정상
1587,10001926,1,1001,2026-01-29 13:41:57,재진,정상
1588,10002210,1,1001,2026-01-29 13:42:12,재진,정상
1589,10003030,6,1018,2026-01-29 13:47:54,초진,정상
1590,10003031,5,1015,2026-01-29 13:50:31,초진,정상
1591,10001044,2,1005,2026-01-29 13:59:24,재진,정상
1592,10002722,6,1018,2026-01-29 14:00:18,초진,정상
1593,10003032,1,1001,2026-01-29 14:02:15,초진,정상
1594,10003033,1,1001,2026-01-29 14:07:38,초진,정상
1595,10002653,1,1001,2026-01-29 14:11:42,재진,정상
1596,10003034,2,1005,2026-01-29 14:19:56,초진,정상
1597,10002748,4,1010,2026-01-29 14:25:31,초진,정상
1598,10001936,4,1010,2026-01-29 14:30:27,재진,정상
1599,10002283,4,1010,2026-01-29 14:31:35,재진,정상
1600,10002105,5,1015,2026-01-29 14:32:51,재진,정상
1601,10003035,2,1005,2026-01-29 14:42:38,초진,정상
1602,10003036,2,1005,2026-01-29 14:43:32,초진,정상
1603,10001712,5,1015,2026-01-29 15:03:58,초진,정상
1604,10000698,1,1001,2026-01-29 15:14:20,초진,정상
1605,10000457,2,1005,2026-01-29 15:18:32,재진,정상
1606,10001973,8,1024,2026-01-30 08:36:36,재진,정상
1607,10000473,5,1013,2026-01-30 08:37:56,초진,정상
1608,10003037,5,1013,2026-01-30 08:42:59,초진,정상
1609,10001775,5,1013,2026-01-30 08:50:01,재진,정상
1610,10003038,3,1009,2026-01-30 08:51:30,초진,정상
1611,10002111,5,1013,2026-01-30 09:01:05,재진,정상
1612,10003039,8,1024,2026-01-30 09:15:31,초진,정상
1613,10002125,5,1013,2026-01-30 09:27:06,재진,취소
1614,10001578,8,1024,2026-01-30 09:43:34,재진,정상
1615,10002367,8,1024,2026-01-30 09:51:53,재진,정상
1616,10002287,5,1013,2026-01-30 09:59:14,재진,정상
1617,10001765,8,1024,2026-01-30 10:57:22,재진,정상
1618,10002497,2,1004,2026-01-30 12:59:09,재진,정상
1619,10000821,1,1001,2026-01-30 13:06:02,재진,정상
1620,10003040,5,1014,2026-01-30 13:08:01,초진,정상
1621,10003041,8,1024,2026-01-30 13:16:39,초진,정상
1622,10000608,1,1001,2026-01-30 13:17:37,초진,정상
1623,10001361,5,1014,2026-01-30 13:21:29,초진,정상
1624,10001101,1,1001,2026-01-30 13:21:32,재진,정상
1625,10001456,5,1014,2026-01-30 13:30:30,재진,정상
1626,10002012,1,1001,2026-01-30 13:33:34,재진,정상
1627,10003042,2,1004,2026-01-30 13:37:06,초진,정상
1628,10002428,2,1004,2026-01-30 13:40:03,재진,정상
1629,10002366,1,1001,2026-01-30 13:40:21,재진,정상
1630,10001240,2,1004,2026-01-30 13:46:49,초진,정상
1631,10002636,8,1024,2026-01-30 13:49:05,재진,정상
1632,10002376,1,1001,2026-01-30 13:51:07,재진,정상
1633,10001684,1,1001,2026-01-30 14:05:31,재진,정상
1634,10000596,2,1004,2026-01-30 14:06:13,재진,정상
1635,10001784,5,1014,2026-01-30 14:11:26,초진,정상
1636,10002285,5,1014,2026-01-30 14:11:54,초진,정상
1637,10001160,2,1004,2026-01-30 14:23:51,초진,정상
1638,10002427,2,1004,2026-01-30 14:24:06,재진,정상
1639,10003043,8,1024,2026-01-30 14:26:16,초진,정상
1640,10001971,1,1001,2026-01-30 14:47:33,재진,정상
1641,10001227,5,1014,2026-02-02 08:20:42,초진,정상
1642,10002777,1,1002,2026-02-02 08:21:36,재진,정상
1643,10003046,1,1002,2026-02-02 08:23:38,초진,정상
1644,10002837,7,1021,2026-02-02 08:24:39,재진,정상
1645,10003044,8,1022,2026-02-02 08:25:05,초진,정상
1646,10003045,7,1021,2026-02-02 08:30:16,초진,정상
1647,10003048,7,1021,2026-02-02 08:31:40,초진,정상
1648,10001745,2,1006,2026-02-02 08:32:32,재진,정상
1649,10002526,2,1006,2026-02-02 08:34:45,재진,정상
1650,10003047,2,1006,2026-02-02 08:35:03,초진,취소
1651,10000067,8,1022,2026-02-02 08:37:25,초진,정상
1652,10001269,8,1022,2026-02-02 08:38:51,초진,정상
1653,10001541,1,1002,2026-02-02 08:42:44,재진,정상
1654,10000628,1,1002,2026-02-02 08:44:41,초진,정상
1655,10003052,8,1022,2026-02-02 08:46:00,초진,정상
1656,10001185,1,1002,2026-02-02 08:46:37,초진,정상
1657,10003054,7,1021,2026-02-02 08:47:17,초진,정상
1658,10003050,5,1014,2026-02-02 08:48:18,초진,정상
1659,10003049,1,1002,2026-02-02 08:49:16,초진,정상
1660,10003055,2,1006,2026-02-02 08:53:44,초진,정상
1661,10001286,8,1022,2026-02-02 08:58:24,재진,정상
1662,10003051,7,1021,2026-02-02 08:58:37,초진,정상
1663,10003053,8,1022,2026-02-02 08:59:10,초진,정상
1664,10000786,8,1022,2026-02-02 09:01:40,재진,정상
1665,10001393,1,1002,2026-02-02 09:04:06,재진,정상
1666,10000021,2,1006,2026-02-02 09:04:39,재진,정상
1667,10002292,5,1014,2026-02-02 09:07:05,재진,정상
1668,10001326,1,1002,2026-02-02 09:10:01,재진,정상
1669,10002385,1,1002,2026-02-02 09:14:11,재진,정상
1670,10002359,2,1006,2026-02-02 09:15:41,재진,정상
1671,10001717,1,1002,2026-02-02 09:16:12,재진,정상
1672,10000051,1,1002,2026-02-02 09:23:29,재진,정상
1673,10002527,1,1002,2026-02-02 09:25:15,재진,정상
1674,10002410,2,1006,2026-02-02 09:26:03,재진,정상
1675,10000052,7,1021,2026-02-02 09:26:24,초진,정상
1676,10000997,2,1006,2026-02-02 09:27:40,재진,정상
1677,10002227,2,1006,2026-02-02 09:33:28,재진,정상
1678,10000565,1,1002,2026-02-02 09:35:01,재진,정상
1679,10000705,5,1014,2026-02-02 09:38:04,재진,정상
1680,10001984,8,1022,2026-02-02 09:44:51,재진,정상
1681,10000247,2,1006,2026-02-02 09:46:02,초진,정상
1682,10000009,5,1014,2026-02-02 09:46:09,재진,정상
1683,10002261,2,1006,2026-02-02 09:46:32,재진,정상
1684,10003056,8,1022,2026-02-02 09:54:52,초진,정상
1685,10003057,8,1022,2026-02-02 09:58:59,초진,정상
1686,10001981,2,1006,2026-02-02 09:59:10,재진,정상
1687,10003058,2,1006,2026-02-02 10:06:13,초진,정상
1688,10000035,2,1006,2026-02-02 10:06:20,초진,취소
1689,10002599,8,1022,2026-02-02 10:08:30,재진,정상
1690,10002453,7,1021,2026-02-02 10:16:44,재진,정상
1691,10001756,1,1002,2026-02-02 10:20:40,재진,정상
1692,10002117,2,1006,2026-02-02 10:21:05,재진,정상
1693,10002521,7,1021,2026-02-02 10:23:35,재진,정상
1694,10001988,8,1022,2026-02-02 10:38:55,재진,정상
1695,10002657,7,1021,2026-02-02 10:43:40,재진,정상
1696,10001403,2,1006,2026-02-02 10:45:49,재진,정상
1697,10000047,2,1006,2026-02-02 11:07:15,재진,정상
1698,10002455,1,1003,2026-02-02 12:50:10,재진,정상
1699,10002535,4,1012,2026-02-02 12:50:42,재진,정상
1700,10000843,4,1012,2026-02-02 12:51:10,재진,정상
1701,10001055,8,1022,2026-02-02 12:51:36,재진,정상
1702,10000541,4,1012,2026-02-02 12:51:53,초진,정상
1703,10003059,4,1012,2026-02-02 12:52:01,초진,정상
1704,10002396,1,1003,2026-02-02 12:52:44,재진,정상
1705,10002785,4,1012,2026-02-02 12:58:09,재진,정상
1706,10002461,4,1012,2026-02-02 13:02:05,재진,정상
1707,10001699,5,1013,2026-02-02 13:02:13,재진,정상
1708,10003061,7,1019,2026-02-02 13:06:35,초진,정상
1709,10003060,4,1012,2026-02-02 13:06:56,초진,정상
1710,10000149,1,1003,2026-02-02 13:08:53,초진,정상
1711,10002675,4,1012,2026-02-02 13:11:49,재진,취소
1712,10001327,7,1019,2026-02-02 13:12:59,초진,정상
1713,10002532,4,1012,2026-02-02 13:13:10,재진,정상
1714,10001669,7,1019,2026-02-02 13:14:04,재진,정상
1715,10000590,1,1003,2026-02-02 13:16:45,재진,정상
1716,10000895,8,1022,2026-02-02 13:18:56,재진,정상
1717,10000248,7,1019,2026-02-02 13:21:32,초진,정상
1718,10002030,1,1003,2026-02-02 13:24:06,재진,정상
1719,10003062,1,1003,2026-02-02 13:31:44,초진,정상
1720,10001249,7,1019,2026-02-02 13:32:29,초진,정상
1721,10003064,5,1013,2026-02-02 13:33:07,초진,정상
1722,10000750,8,1022,2026-02-02 13:36:00,재진,정상
1723,10000597,5,1013,2026-02-02 13:36:46,재진,정상
1724,10003063,7,1019,2026-02-02 13:38:30,초진,정상
1725,10002456,7,1019,2026-02-02 13:41:25,재진,정상
1726,10000837,8,1022,2026-02-02 13:41:28,재진,정상
1727,10002465,7,1019,2026-02-02 13:41:54,재진,정상
1728,10000849,8,1022,2026-02-02 13:42:30,초진,취소
1729,10001807,5,1013,2026-02-02 13:42:45,재진,정상
1730,10001781,4,1012,2026-02-02 13:48:22,초진,정상
1731,10002783,1,1003,2026-02-02 13:52:26,재진,정상
1732,10003065,7,1019,2026-02-02 13:53:44,초진,정상
1733,10000642,5,1013,2026-02-02 13:56:07,초진,정상
1734,10001894,1,1003,2026-02-02 13:57:17,초진,정상
1735,10000903,7,1019,2026-02-02 13:58:48,재진,정상
1736,10002034,4,1012,2026-02-02 13:59:00,재진,정상
1737,10002692,1,1003,2026-02-02 13:59:12,재진,정상
1738,10003067,4,1012,2026-02-02 14:13:37,초진,정상
1739,10003066,4,1012,2026-02-02 14:15:03,초진,정상
1740,10000619,1,1003,2026-02-02 14:15:07,초진,정상
1741,10000219,1,1003,2026-02-02 14:15:25,초진,정상
1742,10001992,4,1012,2026-02-02 14:16:06,재진,정상
1743,10000107,4,1012,2026-02-02 14:24:03,초진,정상
1744,10000217,1,1003,2026-02-02 14:24:53,재진,정상
1745,10002392,4,1012,2026-02-02 14:30:50,재진,정상
1746,10002393,1,1003,2026-02-02 14:35:25,재진,정상
1747,10000930,4,1012,2026-02-02 14:42:53,재진,정상
1748,10003068,1,1003,2026-02-02 14:49:42,초진,정상
1749,10000664,4,1012,2026-02-02 14:50:53,초진,정상
1750,10001986,8,1022,2026-02-02 14:55:10,재진,정상
1751,10000532,1,1003,2026-02-02 14:55:12,초진,정상
1752,10000048,5,1013,2026-02-02 14:57:24,초진,정상
1753,10003069,1,1003,2026-02-02 15:02:09,초진,정상
1754,10003070,1,1003,2026-02-02 15:07:58,초진,정상
1755,10001457,7,1019,2026-02-02 15:11:48,재진,정상
1756,10000826,1,1003,2026-02-02 15:17:17,초진,정상
1757,10002699,7,1019,2026-02-02 15:33:25,재진,정상
1758,10002429,6,1017,2026-02-03 08:22:25,재진,정상
1759,10002403,3,1008,2026-02-03 08:22:55,재진,정상
1760,10002617,6,1017,2026-02-03 08:23:33,재진,정상
1761,10002542,6,1017,2026-02-03 08:25:23,재진,정상
1762,10003071,4,1012,2026-02-03 08:25:58,초진,정상
1763,10002424,7,1020,2026-02-03 08:28:22,재진,정상
1764,10000798,1,1003,2026-02-03 08:30:31,재진,정상
1765,10002722,7,1020,2026-02-03 08:33:46,재진,정상
1766,10003072,7,1020,2026-02-03 08:35:35,초진,정상
1767,10001199,1,1003,2026-02-03 08:41:00,초진,정상
1768,10002475,6,1017,2026-02-03 08:50:28,재진,정상
1769,10000071,7,1020,2026-02-03 08:50:54,재진,정상
1770,10001855,1,1003,2026-02-03 08:52:13,재진,정상
1771,10002418,3,1008,2026-02-03 08:53:49,재진,정상
1772,10002398,7,1020,2026-02-03 08:56:39,재진,정상
1773,10001476,7,1020,2026-02-03 09:00:01,초진,정상
1774,10003074,7,1020,2026-02-03 09:00:36,초진,정상
1775,10003073,8,1023,2026-02-03 09:00:43,초진,정상
1776,10002240,4,1012,2026-02-03 09:05:07,재진,정상
1777,10002949,7,1020,2026-02-03 09:05:30,초진,정상
1778,10000938,7,1020,2026-02-03 09:11:46,초진,정상
1779,10000449,7,1020,2026-02-03 09:14:19,재진,정상
1780,10003075,3,1008,2026-02-03 09:15:00,초진,정상
1781,10002195,6,1017,2026-02-03 09:18:26,재진,정상
1782,10003076,3,1008,2026-02-03 09:23:30,초진,정상
1783,10003077,6,1017,2026-02-03 09:27:54,초진,정상
1784,10000926,3,1008,2026-02-03 09:29:12,재진,정상
1785,10000433,7,1020,2026-02-03 09:29:32,재진,정상
1786,10000038,8,1023,2026-02-03 09:33:15,재진,정상
1787,10002472,7,1020,2026-02-03 09:33:37,재진,정상
1788,10001670,1,1003,2026-02-03 09:37:43,재진,정상
1789,10002426,6,1017,2026-02-03 09:38:48,재진,정상
1790,10000943,1,1003,2026-02-03 09:38:56,초진,정상
1791,10002899,4,1012,2026-02-03 09:39:42,재진,정상
1792,10003079,6,1017,2026-02-03 09:41:21,초진,정상
1793,10001895,1,1003,2026-02-03 09:42:33,초진,정상
1794,10003078,7,1020,2026-02-03 09:46:00,초진,정상
1795,10001885,8,1023,2026-02-03 09:53:17,재진,정상
1796,10003080,7,1020,2026-02-03 10:00:20,초진,취소
1797,10001620,8,1023,2026-02-03 10:23:04,재진,정상
1798,10002470,7,1020,2026-02-03 10:23:44,재진,정상
1799,10002632,6,1017,2026-02-03 10:26:23,재진,정상
1800,10001718,4,1012,2026-02-03 10:30:57,재진,정상
1801,10002397,6,1017,2026-02-03 10:36:58,재진,정상
1802,10003081,4,1012,2026-02-03 10:37:50,초진,정상
1803,10000896,8,1023,2026-02-03 10:39:38,초진,정상
1804,10002695,1,1003,2026-02-03 10:45:44,재진,정상
1805,10003082,6,1017,2026-02-03 11:04:15,초진,정상
1806,10003083,6,1017,2026-02-03 11:11:46,초진,정상
1807,10000906,3,1008,2026-02-03 12:51:26,재진,정상
1808,10003084,5,1015,2026-02-03 12:53:22,초진,정상
1809,10003085,8,1023,2026-02-03 12:54:26,초진,정상
1810,10002259,6,1018,2026-02-03 12:55:13,재진,정상
1811,10003087,6,1018,2026-02-03 12:55:18,초진,정상
1812,10003089,6,1018,2026-02-03 12:59:44,초진,정상
1813,10000160,8,1023,2026-02-03 13:01:01,재진,정상
1814,10003086,6,1018,2026-02-03 13:01:38,초진,정상
1815,10003088,3,1008,2026-02-03 13:09:13,초진,정상
1816,10002547,6,1018,2026-02-03 13:09:39,재진,정상
1817,10001735,6,1018,2026-02-03 13:09:41,재진,정상
1818,10003090,8,1023,2026-02-03 13:12:18,초진,정상
1819,10002689,3,1008,2026-02-03 13:15:46,재진,정상
1820,10001022,7,1019,2026-02-03 13:16:04,초진,정상
1821,10003091,6,1018,2026-02-03 13:20:30,초진,정상
1822,10003092,4,1010,2026-02-03 13:26:01,초진,정상
1823,10000184,4,1010,2026-02-03 13:30:22,초진,정상
1824,10001096,8,1023,2026-02-03 13:32:09,재진,정상
1825,10000921,8,1023,2026-02-03 13:34:40,재진,정상
1826,10002255,3,1008,2026-02-03 13:34:41,재진,정상
1827,10003093,3,1008,2026-02-03 13:36:52,초진,정상
1828,10000364,8,1023,2026-02-03 13:43:14,초진,정상
1829,10003095,4,1010,2026-02-03 13:50:33,초진,정상
1830,10002225,8,1023,2026-02-03 13:51:52,초진,정상
1831,10000585,2,1006,2026-02-03 13:53:14,초진,정상
1832,10003094,4,1010,2026-02-03 13:58:07,초진,정상
1833,10000614,7,1019,2026-02-03 13:59:48,초진,정상
1834,10002916,4,1010,2026-02-03 14:04:02,초진,정상
1835,10002464,7,1019,2026-02-03 14:07:31,재진,정상
1836,10002858,6,1018,2026-02-03 14:08:04,재진,정상
1837,10001859,3,1008,2026-02-03 14:10:17,재진,정상
1838,10002409,5,1015,2026-02-03 14:11:34,재진,정상
1839,10002415,4,1010,2026-02-03 14:11:35,재진,정상
1840,10002798,3,1008,2026-02-03 14:16:17,재진,정상
1841,10001744,5,1015,2026-02-03 14:17:10,초진,정상
1842,10001668,6,1018,2026-02-03 14:18:05,재진,정상
1843,10003096,8,1023,2026-02-03 14:21:36,초진,정상
1844,10001906,5,1015,2026-02-03 14:26:33,재진,정상
1845,10002214,4,1010,2026-02-03 14:39:11,재진,정상
1846,10000029,3,1008,2026-02-03 14:42:21,초진,정상
1847,10002482,6,1018,2026-02-03 14:45:50,재진,정상
1848,10001085,2,1006,2026-02-03 14:47:18,재진,정상
1849,10002791,7,1019,2026-02-03 14:52:17,재진,정상
1850,10002320,5,1015,2026-02-03 14:52:46,초진,정상
1851,10001959,4,1010,2026-02-03 14:55:36,재진,정상
1852,10001245,5,1015,2026-02-03 14:56:46,초진,정상
1853,10001495,7,1019,2026-02-03 15:00:07,재진,정상
1854,10001698,4,1010,2026-02-03 15:07:07,재진,정상
1855,10002694,8,1023,2026-02-03 15:21:53,재진,정상
1856,10002142,4,1010,2026-02-03 15:22:09,재진,정상
1857,10002703,3,1008,2026-02-03 15:26:43,재진,정상
1858,10003097,6,1016,2026-02-04 08:20:20,초진,정상
1859,10002818,6,1016,2026-02-04 08:20:57,재진,정상
1860,10001914,3,1007,2026-02-04 08:33:41,재진,정상
1861,10003098,6,1016,2026-02-04 08:38:59,초진,정상
1862,10000212,3,1007,2026-02-04 08:44:39,재진,정상
1863,10002571,3,1007,2026-02-04 08:46:20,재진,정상
1864,10001465,1,1002,2026-02-04 08:48:30,초진,정상
1865,10002286,1,1002,2026-02-04 08:49:31,초진,정상
1866,10000480,1,1002,2026-02-04 09:01:18,재진,정상
1867,10000106,1,1002,2026-02-04 09:02:10,재진,정상
1868,10002598,1,1002,2026-02-04 09:05:38,재진,정상
1869,10000617,3,1007,2026-02-04 09:09:42,재진,정상
1870,10002204,3,1007,2026-02-04 09:10:07,재진,정상
1871,10002717,6,1016,2026-02-04 09:15:15,재진,정상
1872,10003099,6,1016,2026-02-04 09:18:31,초진,정상
1873,10000635,3,1007,2026-02-04 09:22:34,초진,정상
1874,10002493,1,1002,2026-02-04 09:22:35,재진,정상
1875,10000026,1,1002,2026-02-04 09:29:33,재진,정상
1876,10002095,6,1016,2026-02-04 09:31:32,재진,정상
1877,10000311,3,1007,2026-02-04 09:34:14,초진,정상
1878,10002263,6,1016,2026-02-04 09:50:15,재진,정상
1879,10002562,3,1007,2026-02-04 09:56:29,재진,정상
1880,10001486,7,1020,2026-02-04 09:57:13,재진,정상
1881,10003100,1,1002,2026-02-04 11:02:23,초진,정상
1882,10000531,2,1004,2026-02-04 12:51:21,재진,정상
1883,10001703,2,1004,2026-02-04 12:52:40,재진,정상
1884,10003101,2,1004,2026-02-04 12:55:55,초진,정상
1885,10002050,2,1004,2026-02-04 13:03:37,재진,정상
1886,10000096,2,1004,2026-02-04 13:07:27,재진,정상
1887,10002635,3,1007,2026-02-04 13:08:12,재진,정상
1888,10003102,2,1004,2026-02-04 13:08:26,초진,정상
1889,10000525,2,1004,2026-02-04 13:12:38,재진,정상
1890,10001501,2,1004,2026-02-04 13:13:57,재진,정상
1891,10002203,2,1004,2026-02-04 13:24:16,재진,정상
1892,10001133,2,1004,2026-02-04 13:31:01,초진,정상
1893,10000482,3,1007,2026-02-04 13:31:26,초진,정상
1894,10003103,2,1004,2026-02-04 13:37:36,초진,정상
1895,10001246,3,1007,2026-02-04 13:37:41,초진,정상
1896,10001342,3,1007,2026-02-04 13:46:25,재진,정상
1897,10002013,3,1007,2026-02-04 13:51:50,재진,정상
1898,10003104,3,1007,2026-02-04 14:14:46,초진,정상
1899,10002648,2,1004,2026-02-04 14:23:00,재진,정상
1900,10003105,2,1004,2026-02-04 14:52:39,초진,정상
1901,10003106,7,1021,2026-02-05 08:26:47,초진,정상
1902,10001624,4,1011,2026-02-05 08:32:08,초진,취소
1903,10000891,3,1009,2026-02-05 08:33:57,초진,정상
1904,10001537,4,1011,2026-02-05 08:36:19,재진,정상
1905,10001858,3,1009,2026-02-05 08:36:55,초진,정상
1906,10001884,4,1011,2026-02-05 08:38:21,초진,정상
1907,10001034,4,1011,2026-02-05 08:44:57,재진,정상
1908,10000989,2,1005,2026-02-05 08:46:11,초진,정상
1909,10003107,3,1009,2026-02-05 08:46:58,초진,정상
1910,10002584,3,1009,2026-02-05 08:49:24,재진,정상
1911,10002074,7,1021,2026-02-05 08:49:28,재진,정상
1912,10002432,4,1011,2026-02-05 08:54:02,재진,정상
1913,10001189,4,1011,2026-02-05 08:55:46,초진,정상
1914,10002159,3,1009,2026-02-05 08:57:26,재진,정상
1915,10002467,3,1009,2026-02-05 08:58:43,초진,정상
1916,10002190,4,1011,2026-02-05 09:01:08,초진,취소
1917,10003110,3,1009,2026-02-05 09:01:45,초진,취소
1918,10001566,7,1021,2026-02-05 09:02:50,초진,정상
1919,10003108,4,1011,2026-02-05 09:05:21,초진,정상
1920,10001415,4,1011,2026-02-05 09:08:49,초진,정상
1921,10003109,3,1009,2026-02-05 09:11:11,초진,정상
1922,10002838,3,1009,2026-02-05 09:17:50,재진,정상
1923,10000012,4,1011,2026-02-05 09:18:39,재진,정상
1924,10002434,4,1011,2026-02-05 09:24:16,재진,정상
1925,10002642,3,1009,2026-02-05 09:25:41,재진,정상
1926,10000158,4,1011,2026-02-05 09:25:56,초진,정상
1927,10002006,2,1005,2026-02-05 09:32:14,재진,정상
1928,10000028,4,1011,2026-02-05 09:53:48,재진,정상
1929,10000946,2,1005,2026-02-05 09:58:47,초진,정상
1930,10000687,3,1009,2026-02-05 09:59:07,초진,정상
1931,10001963,3,1009,2026-02-05 09:59:23,재진,정상
1932,10003111,4,1011,2026-02-05 10:05:51,초진,정상
1933,10003112,3,1009,2026-02-05 10:13:49,초진,정상
1934,10002647,4,1011,2026-02-05 10:20:12,재진,정상
1935,10000019,2,1005,2026-02-05 10:21:45,재진,정상
1936,10002205,4,1011,2026-02-05 10:28:09,재진,정상
1937,10003113,3,1009,2026-02-05 10:43:34,초진,정상
1938,10003114,3,1009,2026-02-05 11:03:19,초진,정상
1939,10003115,6,1018,2026-02-05 12:50:28,초진,취소
1940,10000914,2,1005,2026-02-05 12:58:57,초진,정상
1941,10002626,6,1018,2026-02-05 13:00:06,재진,정상
1942,10002654,1,1001,2026-02-05 13:00:47,재진,정상
1943,10003116,2,1005,2026-02-05 13:05:30,초진,정상
1944,10003117,2,1005,2026-02-05 13:09:20,초진,정상
1945,10001561,4,1010,2026-02-05 13:10:14,초진,정상
1946,10001072,5,1015,2026-02-05 13:15:32,초진,정상
1947,10002439,5,1015,2026-02-05 13:16:38,재진,정상
1948,10003118,1,1001,2026-02-05 13:20:16,초진,정상
1949,10001734,5,1015,2026-02-05 13:22:49,재진,정상
1950,10001516,1,1001,2026-02-05 13:23:48,초진,정상
1951,10002011,6,1018,2026-02-05 13:27:02,재진,정상
1952,10002260,5,1015,2026-02-05 13:29:38,재진,정상
1953,10003120,2,1005,2026-02-05 13:30:00,초진,정상
1954,10001863,4,1010,2026-02-05 13:32:28,재진,정상
1955,10003119,1,1001,2026-02-05 13:32:41,초진,정상
1956,10000187,4,1010,2026-02-05 13:33:35,초진,정상
1957,10001126,2,1005,2026-02-05 13:36:02,재진,정상
1958,10003121,5,1015,2026-02-05 13:39:19,초진,정상
1959,10000084,2,1005,2026-02-05 13:44:24,재진,정상
1960,10003122,2,1005,2026-02-05 13:45:06,초진,정상
1961,10002108,6,1018,2026-02-05 13:50:56,재진,정상
1962,10001803,1,1001,2026-02-05 13:54:33,재진,정상
1963,10000981,2,1005,2026-02-05 13:54:59,초진,정상
1964,10000956,2,1005,2026-02-05 14:03:54,재진,정상
1965,10003123,1,1001,2026-02-05 14:05:09,초진,정상
1966,10002221,1,1001,2026-02-05 14:11:14,재진,정상
1967,10003124,5,1015,2026-02-05 14:12:54,초진,정상
1968,10002478,4,1010,2026-02-05 14:18:34,재진,정상
1969,10000486,1,1001,2026-02-05 14:18:52,재진,정상
1970,10001610,2,1005,2026-02-05 14:19:12,초진,정상
1971,10002587,2,1005,2026-02-05 14:21:58,재진,정상
1972,10003125,2,1005,2026-02-05 14:30:32,초진,정상
1973,10001927,1,1001,2026-02-05 14:35:58,재진,정상
1974,10000462,2,1005,2026-02-05 14:45:12,재진,정상
1975,10001484,2,1005,2026-02-05 14:47:56,초진,정상
1976,10002282,2,1005,2026-02-05 15:09:03,재진,정상
1977,10000663,4,1010,2026-02-05 15:14:46,재진,정상
1978,10002637,3,1009,2026-02-06 08:22:30,재진,정상
1979,10002223,8,1024,2026-02-06 08:23:25,재진,정상
1980,10000777,5,1013,2026-02-06 08:24:07,재진,정상
1981,10001806,5,1013,2026-02-06 08:41:32,재진,정상
1982,10002243,5,1013,2026-02-06 08:49:11,재진,정상
1983,10003126,8,1024,2026-02-06 08:58:08,초진,정상
1984,10002731,3,1009,2026-02-06 08:58:31,재진,정상
1985,10002220,8,1024,2026-02-06 09:01:22,재진,정상
1986,10002498,3,1009,2026-02-06 09:01:35,재진,정상
1987,10000734,3,1009,2026-02-06 09:09:58,재진,정상
1988,10003127,8,1024,2026-02-06 09:28:05,초진,정상
1989,10003128,5,1013,2026-02-06 09:31:56,초진,정상
1990,10003129,5,1013,2026-02-06 09:34:34,초진,정상
1991,10002164,5,1013,2026-02-06 09:42:12,재진,정상
1992,10001171,3,1009,2026-02-06 09:43:16,재진,정상
1993,10002446,8,1024,2026-02-06 10:09:42,재진,정상
1994,10001621,5,1013,2026-02-06 10:13:09,재진,정상
1995,10002581,4,1011,2026-02-06 12:54:33,재진,정상
1996,10001003,2,1004,2026-02-06 13:04:55,재진,정상
1997,10000727,8,1024,2026-02-06 13:05:24,재진,정상
1998,10002350,1,1001,2026-02-06 13:06:02,초진,정상
1999,10001760,4,1011,2026-02-06 13:06:30,재진,정상
2000,10002157,4,1011,2026-02-06 13:23:07,재진,취소
2001,10000905,1,1001,2026-02-06 13:25:37,재진,정상
2002,10000169,5,1014,2026-02-06 13:33:24,초진,정상
2003,10000066,2,1004,2026-02-06 13:37:06,재진,정상
2004,10003130,5,1014,2026-02-06 13:44:12,초진,정상
2005,10002096,2,1004,2026-02-06 13:47:01,재진,정상
2006,10000061,8,1024,2026-02-06 13:47:44,초진,정상
2007,10000932,5,1014,2026-02-06 13:50:34,초진,취소
2008,10000366,5,1014,2026-02-06 13:50:51,재진,정상
2009,10002937,4,1011,2026-02-06 13:55:11,재진,정상
2010,10000358,1,1001,2026-02-06 13:57:24,재진,정상
2011,10000730,4,1011,2026-02-06 13:58:52,재진,정상
2012,10000213,1,1001,2026-02-06 14:00:15,재진,정상
2013,10000018,5,1014,2026-02-06 14:01:49,재진,정상
2014,10001883,4,1011,2026-02-06 14:31:56,재진,정상
2015,10003133,5,1014,2026-02-06 14:42:45,초진,정상
2016,10003132,5,1014,2026-02-06 14:43:02,초진,정상
2017,10003131,1,1001,2026-02-06 14:44:36,초진,정상
2018,10000114,1,1002,2026-02-09 08:20:01,재진,정상
2019,10001554,1,1002,2026-02-09 08:22:37,재진,정상
2020,10002072,2,1006,2026-02-09 08:25:43,재진,정상
2021,10002234,1,1002,2026-02-09 08:27:46,재진,정상
2022,10001010,7,1021,2026-02-09 08:30:09,초진,정상
2023,10000877,1,1002,2026-02-09 08:34:50,초진,정상
2024,10001671,1,1002,2026-02-09 08:37:11,초진,정상
2025,10002879,1,1002,2026-02-09 08:40:32,재진,정상
2026,10002380,1,1002,2026-02-09 08:48:03,재진,정상
2027,10001625,1,1002,2026-02-09 08:49:03,재진,정상
2028,10003136,5,1014,2026-02-09 08:50:28,초진,정상
2029,10000370,5,1014,2026-02-09 08:50:47,초진,정상
2030,10003135,2,1006,2026-02-09 08:51:16,초진,정상
2031,10000631,1,1002,2026-02-09 08:52:46,초진,정상
2032,10002974,8,1022,2026-02-09 08:57:59,재진,취소
2033,10003138,2,1006,2026-02-09 08:58:28,초진,정상
2034,10003137,1,1002,2026-02-09 09:03:00,초진,정상
2035,10000550,2,1006,2026-02-09 09:03:25,재진,정상
2036,10002300,8,1022,2026-02-09 09:04:56,재진,정상
2037,10000814,2,1006,2026-02-09 09:07:30,초진,정상
2038,10000831,1,1002,2026-02-09 09:08:34,초진,정상
2039,10000669,2,1006,2026-02-09 09:17:00,재진,정상
2040,10001395,5,1014,2026-02-09 09:17:12,재진,정상
2041,10000424,2,1006,2026-02-09 09:19:29,초진,정상
2042,10003139,1,1002,2026-02-09 09:22:52,초진,정상
2043,10002703,1,1002,2026-02-09 09:22:52,재진,정상
2044,10002546,2,1006,2026-02-09 09:26:15,재진,취소
2045,10002871,5,1014,2026-02-09 09:27:08,재진,정상
2046,10001021,2,1006,2026-02-09 09:31:56,초진,정상
2047,10002724,1,1002,2026-02-09 09:32:03,재진,정상
2048,10003043,2,1006,2026-02-09 09:33:37,초진,정상
2049,10000138,2,1006,2026-02-09 09:34:20,재진,정상
2050,10001429,5,1014,2026-02-09 09:34:49,재진,정상
2051,10002779,2,1006,2026-02-09 09:54:50,재진,정상
2052,10001163,7,1021,2026-02-09 09:55:57,초진,정상
2053,10001437,1,1002,2026-02-09 10:02:09,초진,정상
2054,10002212,8,1022,2026-02-09 10:02:24,초진,정상
2055,10001222,7,1021,2026-02-09 10:02:36,재진,정상
2056,10001853,2,1006,2026-02-09 10:04:12,재진,정상
2057,10001418,2,1006,2026-02-09 10:06:16,재진,정상
2058,10003140,1,1002,2026-02-09 10:08:21,초진,정상
2059,10000426,7,1021,2026-02-09 10:09:06,재진,정상
2060,10000639,2,1006,2026-02-09 10:24:43,재진,정상
2061,10000221,1,1002,2026-02-09 10:32:55,재진,정상
2062,10002018,2,1006,2026-02-09 10:37:55,재진,정상
2063,10003141,5,1014,2026-02-09 10:38:07,초진,정상
2064,10001527,8,1022,2026-02-09 10:38:32,초진,정상
2065,10002041,2,1006,2026-02-09 10:47:21,재진,정상
2066,10003142,7,1021,2026-02-09 10:50:06,초진,정상
2067,10003143,1,1002,2026-02-09 10:55:21,초진,정상
2068,10002603,2,1006,2026-02-09 10:59:09,재진,정상
2069,10002257,1,1003,2026-02-09 12:51:32,초진,정상
2070,10003144,4,1012,2026-02-09 12:51:46,초진,정상
2071,10001354,7,1019,2026-02-09 12:56:15,초진,정상
2072,10001195,1,1003,2026-02-09 12:58:47,초진,정상
2073,10003146,8,1022,2026-02-09 13:03:29,초진,정상
2074,10003145,1,1003,2026-02-09 13:05:55,초진,정상
2075,10001693,1,1003,2026-02-09 13:07:45,초진,정상
2076,10000640,8,1022,2026-02-09 13:12:03,초진,정상
2077,10002531,7,1019,2026-02-09 13:12:05,재진,정상
2078,10002610,8,1022,2026-02-09 13:12:38,재진,정상
2079,10001123,1,1003,2026-02-09 13:19:48,재진,정상
2080,10003147,1,1003,2026-02-09 13:24:30,초진,정상
2081,10000005,8,1022,2026-02-09 13:27:31,재진,정상
2082,10003148,4,1012,2026-02-09 13:27:38,초진,정상
2083,10000030,1,1003,2026-02-09 13:27:40,재진,정상
2084,10002079,7,1019,2026-02-09 13:27:42,재진,정상
2085,10002188,4,1012,2026-02-09 13:30:49,재진,정상
2086,10000983,1,1003,2026-02-09 13:32:14,재진,정상
2087,10000904,1,1003,2026-02-09 13:36:42,재진,정상
2088,10000327,8,1022,2026-02-09 13:40:36,재진,정상
2089,10002614,1,1003,2026-02-09 13:42:29,재진,정상
2090,10003149,7,1019,2026-02-09 13:43:02,초진,정상
2091,10000516,4,1012,2026-02-09 13:44:32,초진,정상
2092,10003150,1,1003,2026-02-09 13:47:18,초진,정상
2093,10003151,7,1019,2026-02-09 13:48:08,초진,정상
2094,10000472,4,1012,2026-02-09 13:52:11,재진,취소
2095,10001987,8,1022,2026-02-09 13:54:30,재진,정상
2096,10001152,4,1012,2026-02-09 13:54:45,초진,정상
2097,10002458,7,1019,2026-02-09 13:56:13,초진,정상
2098,10000181,4,1012,2026-02-09 14:00:02,재진,정상
2099,10001404,7,1019,2026-02-09 14:01:57,재진,정상
2100,10001983,1,1003,2026-02-09 14:06:16,재진,정상
2101,10000741,1,1003,2026-02-09 14:14:25,재진,정상
2102,10000719,1,1003,2026-02-09 14:20:21,재진,정상
2103,10002789,8,1022,2026-02-09 14:23:56,재진,정상
2104,10002672,8,1022,2026-02-09 14:24:13,재진,정상
2105,10002364,4,1012,2026-02-09 14:26:29,재진,정상
2106,10003152,4,1012,2026-02-09 14:38:13,초진,정상
2107,10002533,7,1019,2026-02-09 14:39:49,재진,정상
2108,10001130,4,1012,2026-02-09 14:43:30,초진,정상
2109,10001701,4,1012,2026-02-09 14:57:32,초진,정상
2110,10001180,1,1003,2026-02-09 15:01:24,재진,정상
2111,10001714,4,1012,2026-02-09 15:18:06,재진,정상
2112,10000156,7,1019,2026-02-09 15:43:32,초진,정상
2113,10000781,8,1023,2026-02-10 08:22:19,재진,정상
2114,10002149,6,1017,2026-02-10 08:25:00,재진,정상
2115,10003153,6,1017,2026-02-10 08:26:56,초진,정상
2116,10001823,7,1020,2026-02-10 08:28:43,재진,정상
2117,10000936,4,1012,2026-02-10 08:38:02,초진,정상
2118,10000560,7,1020,2026-02-10 08:41:46,재진,정상
2119,10002093,7,1020,2026-02-10 08:41:51,재진,정상
2120,10002171,3,1008,2026-02-10 08:42:59,재진,정상
2121,10002790,4,1012,2026-02-10 08:44:09,재진,취소
2122,10000840,3,1008,2026-02-10 08:46:54,재진,정상
2123,10002696,3,1008,2026-02-10 08:48:32,재진,정상
2124,10002466,7,1020,2026-02-10 08:49:31,재진,정상
2125,10000687,8,1023,2026-02-10 08:50:28,재진,정상
2126,10001780,8,1023,2026-02-10 08:52:12,재진,정상
2127,10003155,1,1003,2026-02-10 08:52:40,초진,정상
2128,10003154,7,1020,2026-02-10 08:53:26,초진,정상
2129,10003158,7,1020,2026-02-10 08:55:59,초진,정상
2130,10001649,3,1008,2026-02-10 08:59:21,재진,정상
2131,10003159,6,1017,2026-02-10 09:04:07,초진,정상
2132,10003156,1,1003,2026-02-10 09:04:44,초진,정상
2133,10003157,6,1017,2026-02-10 09:08:32,초진,정상
2134,10001751,6,1017,2026-02-10 09:13:59,재진,정상
2135,10000998,7,1020,2026-02-10 09:14:40,초진,정상
2136,10000286,7,1020,2026-02-10 09:15:09,초진,정상
2137,10001862,8,1023,2026-02-10 09:17:48,재진,정상
2138,10002712,8,1023,2026-02-10 09:18:47,재진,정상
2139,10002810,7,1020,2026-02-10 09:19:31,초진,정상
2140,10000889,8,1023,2026-02-10 09:19:44,재진,정상
2141,10002476,6,1017,2026-02-10 09:25:51,재진,정상
2142,10003160,6,1017,2026-02-10 09:35:08,초진,정상
2143,10002477,7,1020,2026-02-10 09:40:57,재진,정상
2144,10002554,3,1008,2026-02-10 09:44:38,재진,정상
2145,10000679,7,1020,2026-02-10 09:46:15,재진,취소
2146,10000381,3,1008,2026-02-10 09:46:32,초진,정상
2147,10003162,6,1017,2026-02-10 09:51:30,초진,정상
2148,10000093,4,1012,2026-02-10 09:52:10,초진,정상
2149,10002338,8,1023,2026-02-10 09:52:32,재진,정상
2150,10002620,6,1017,2026-02-10 09:55:45,재진,정상
2151,10003161,6,1017,2026-02-10 10:00:25,초진,정상
2152,10003163,7,1020,2026-02-10 10:07:22,초진,정상
2153,10000115,8,1023,2026-02-10 10:16:14,초진,정상
2154,10000691,7,1020,2026-02-10 11:04:07,재진,정상
2155,10000105,1,1003,2026-02-10 11:18:36,재진,정상
2156,10003164,6,1018,2026-02-10 12:50:36,초진,정상
2157,10001950,2,1006,2026-02-10 12:54:02,재진,정상
2158,10002627,6,1018,2026-02-10 12:54:25,재진,정상
2159,10002912,3,1008,2026-02-10 12:55:09,재진,정상
2160,10003165,4,1010,2026-02-10 12:56:35,초진,취소
2161,10002334,8,1023,2026-02-10 12:57:40,재진,정상
2162,10002484,6,1018,2026-02-10 12:57:58,재진,정상
2163,10002751,5,1015,2026-02-10 13:03:36,재진,정상
2164,10000233,3,1008,2026-02-10 13:04:06,초진,정상
2165,10001847,4,1010,2026-02-10 13:04:30,재진,정상
2166,10001220,6,1018,2026-02-10 13:06:41,초진,정상
2167,10001881,4,1010,2026-02-10 13:07:34,재진,정상
2168,10002923,3,1008,2026-02-10 13:08:41,초진,정상
2169,10002280,5,1015,2026-02-10 13:15:05,재진,정상
2170,10002090,6,1018,2026-02-10 13:16:31,재진,정상
2171,10000681,3,1008,2026-02-10 13:18:01,재진,정상
2172,10002706,5,1015,2026-02-10 13:21:28,재진,정상
2173,10003166,5,1015,2026-02-10 13:24:42,초진,정상
2174,10002485,6,1018,2026-02-10 13:26:17,재진,정상
2175,10003167,4,1010,2026-02-10 13:35:41,초진,정상
2176,10002160,5,1015,2026-02-10 13:39:17,재진,정상
2177,10000241,8,1023,2026-02-10 13:41:43,초진,정상
2178,10000575,8,1023,2026-02-10 13:44:48,초진,정상
2179,10002911,4,1010,2026-02-10 13:50:00,재진,정상
2180,10002085,4,1010,2026-02-10 13:53:14,재진,정상
2181,10003168,7,1019,2026-02-10 13:56:15,초진,정상
2182,10002413,2,1006,2026-02-10 14:00:58,재진,정상
2183,10003170,4,1010,2026-02-10 14:07:06,초진,정상
2184,10003169,4,1010,2026-02-10 14:09:50,초진,정상
2185,10000945,4,1010,2026-02-10 14:10:18,재진,정상
2186,10001383,3,1008,2026-02-10 14:12:11,재진,정상
2187,10000104,4,1010,2026-02-10 14:25:16,재진,정상
2188,10003171,3,1008,2026-02-10 14:26:38,초진,정상
2189,10001425,3,1008,2026-02-10 14:45:05,재진,정상
2190,10000594,4,1010,2026-02-10 14:48:01,초진,정상
2191,10002551,6,1018,2026-02-10 14:54:58,재진,정상
2192,10002977,7,1019,2026-02-10 15:07:55,재진,정상
2193,10000134,8,1023,2026-02-10 15:13:47,초진,정상
2194,10002325,3,1008,2026-02-10 15:22:11,재진,정상
2195,10003172,6,1018,2026-02-10 15:24:13,초진,정상
2196,10003173,6,1018,2026-02-10 15:44:01,초진,정상
2197,10000757,1,1002,2026-02-11 08:28:48,재진,정상
2198,10002495,3,1007,2026-02-11 08:31:00,재진,정상
2199,10001750,7,1020,2026-02-11 08:31:25,초진,정상
2200,10002143,6,1016,2026-02-11 08:32:11,재진,정상
2201,10001050,7,1020,2026-02-11 08:32:54,재진,정상
2202,10002529,1,1002,2026-02-11 08:33:17,재진,정상
2203,10000994,3,1007,2026-02-11 08:55:17,초진,정상
2204,10001960,6,1016,2026-02-11 08:56:23,재진,정상
2205,10001300,3,1007,2026-02-11 09:06:07,재진,정상
2206,10003003,6,1016,2026-02-11 09:12:09,재진,정상
2207,10002092,6,1016,2026-02-11 09:18:43,재진,정상
2208,10001036,3,1007,2026-02-11 09:32:18,초진,정상
2209,10002430,3,1007,2026-02-11 09:34:16,재진,정상
2210,10003174,6,1016,2026-02-11 09:48:14,초진,정상
2211,10003175,6,1016,2026-02-11 09:56:08,초진,정상
2212,10002825,6,1016,2026-02-11 09:59:16,재진,정상
2213,10001069,3,1007,2026-02-11 10:12:17,재진,정상
2214,10002447,1,1002,2026-02-11 10:12:23,재진,정상
2215,10002718,6,1016,2026-02-11 10:12:39,재진,정상
2216,10000385,3,1007,2026-02-11 10:14:57,재진,정상
2217,10003176,6,1016,2026-02-11 10:57:15,초진,취소
2218,10002372,2,1004,2026-02-11 12:50:48,재진,정상
2219,10002496,2,1004,2026-02-11 12:52:04,재진,정상
2220,10003178,2,1004,2026-02-11 12:53:25,초진,정상
2221,10000827,2,1004,2026-02-11 13:01:28,초진,취소
2222,10003179,6,1017,2026-02-11 13:04:57,초진,정상
2223,10001770,2,1004,2026-02-11 13:15:01,초진,정상
2224,10003181,3,1007,2026-02-11 13:17:27,초진,정상
2225,10001267,3,1007,2026-02-11 13:20:06,초진,정상
2226,10003180,2,1004,2026-02-11 13:21:07,초진,정상
2227,10002870,2,1004,2026-02-11 13:33:25,재진,정상
2228,10003183,2,1004,2026-02-11 13:37:49,초진,정상
2229,10003184,2,1004,2026-02-11 13:46:20,초진,정상
2230,10002132,6,1017,2026-02-11 13:47:43,재진,정상
2231,10002573,2,1004,2026-02-11 13:49:15,재진,정상
2232,10000758,2,1004,2026-02-11 13:49:20,초진,정상
2233,10001938,3,1007,2026-02-11 13:56:53,재진,정상
2234,10001049,2,1004,2026-02-11 14:14:16,초진,정상
2235,10003185,3,1007,2026-02-11 14:34:14,초진,정상
2236,10003186,3,1007,2026-02-11 14:34:52,초진,정상
2237,10002152,2,1004,2026-02-11 14:48:23,재진,정상
2238,10000985,3,1007,2026-02-11 14:53:59,초진,정상
2239,10002518,2,1004,2026-02-11 15:35:52,재진,정상
2240,10002754,2,1005,2026-02-12 08:20:19,재진,정상
2241,10000579,3,1009,2026-02-12 08:21:23,재진,정상
2242,10000832,3,1009,2026-02-12 08:23:22,초진,정상
2243,10000227,4,1011,2026-02-12 08:23:40,재진,정상
2244,10003190,7,1021,2026-02-12 08:25:23,초진,정상
2245,10002299,3,1009,2026-02-12 08:25:47,재진,정상
2246,10002219,3,1009,2026-02-12 08:25:49,재진,정상
2247,10002775,4,1011,2026-02-12 08:25:59,초진,정상
2248,10002354,7,1021,2026-02-12 08:27:33,재진,정상
2249,10003188,6,1016,2026-02-12 08:27:39,초진,정상
2250,10003189,6,1016,2026-02-12 08:29:49,초진,취소
2251,10003192,4,1011,2026-02-12 08:35:27,초진,정상
2252,10002738,2,1005,2026-02-12 08:36:41,재진,정상
2253,10002577,3,1009,2026-02-12 08:42:10,재진,정상
2254,10003193,4,1011,2026-02-12 08:42:46,초진,정상
2255,10003191,3,1009,2026-02-12 08:43:25,초진,정상
2256,10002054,4,1011,2026-02-12 08:44:43,재진,정상
2257,10000493,2,1005,2026-02-12 08:44:44,초진,정상
2258,10000507,3,1009,2026-02-12 08:45:15,재진,정상
2259,10001874,4,1011,2026-02-12 08:45:25,재진,정상
2260,10002841,2,1005,2026-02-12 08:46:04,재진,정상
2261,10002684,3,1009,2026-02-12 08:48:34,초진,정상
2262,10000872,2,1005,2026-02-12 08:50:49,재진,정상
2263,10001339,4,1011,2026-02-12 08:51:27,초진,정상
2264,10003038,4,1011,2026-02-12 08:52:23,초진,정상
2265,10000469,4,1011,2026-02-12 08:53:23,재진,정상
2266,10003195,2,1005,2026-02-12 09:00:43,초진,정상
2267,10001644,7,1021,2026-02-12 09:01:26,재진,정상
2268,10002576,2,1005,2026-02-12 09:01:28,재진,정상
2269,10001385,4,1011,2026-02-12 09:02:42,재진,취소
2270,10002067,7,1021,2026-02-12 09:02:45,재진,정상
2271,10003194,4,1011,2026-02-12 09:05:02,초진,정상
2272,10001922,3,1009,2026-02-12 09:06:14,재진,정상
2273,10000363,7,1021,2026-02-12 09:13:01,재진,정상
2274,10000791,3,1009,2026-02-12 09:13:11,초진,정상
2275,10003196,3,1009,2026-02-12 09:13:41,초진,정상
2276,10002831,2,1005,2026-02-12 09:15:16,재진,정상
2277,10002631,6,1016,2026-02-12 09:18:41,재진,정상
2278,10000580,4,1011,2026-02-12 09:24:55,초진,정상
2279,10003197,2,1005,2026-02-12 09:28:16,초진,정상
2280,10001482,4,1011,2026-02-12 09:31:54,재진,정상
2281,10001732,3,1009,2026-02-12 09:36:19,재진,정상
2282,10002575,3,1009,2026-02-12 09:37:54,재진,정상
2283,10001759,2,1005,2026-02-12 09:38:57,재진,정상
2284,10001311,3,1009,2026-02-12 09:49:01,초진,정상
2285,10002101,4,1011,2026-02-12 09:56:18,재진,정상
2286,10002500,3,1009,2026-02-12 10:02:03,재진,정상
2287,10002854,2,1005,2026-02-12 10:10:58,재진,취소
2288,10003198,4,1011,2026-02-12 10:22:27,초진,정상
2289,10003200,3,1009,2026-02-12 10:26:42,초진,정상
2290,10003199,4,1011,2026-02-12 10:31:36,초진,정상
2291,10002938,4,1011,2026-02-12 10:32:06,재진,정상
2292,10001464,2,1005,2026-02-12 10:36:28,초진,정상
2293,10000073,3,1009,2026-02-12 10:42:05,초진,정상
2294,10001796,2,1005,2026-02-12 10:46:26,재진,정상
2295,10003201,7,1021,2026-02-12 10:55:44,초진,정상
2296,10001788,4,1011,2026-02-12 11:04:24,재진,정상
2297,10001100,2,1005,2026-02-12 11:05:33,재진,정상
2298,10000211,1,1001,2026-02-12 12:52:36,초진,정상
2299,10002746,1,1001,2026-02-12 12:52:52,재진,정상
2300,10000128,4,1010,2026-02-12 12:55:47,재진,정상
2301,10003202,6,1018,2026-02-12 12:57:39,초진,정상
2302,10000089,5,1015,2026-02-12 12:58:56,재진,정상
2303,10002586,2,1005,2026-02-12 12:59:16,재진,취소
2304,10002504,6,1018,2026-02-12 13:06:38,재진,정상
2305,10003034,4,1010,2026-02-12 13:08:18,초진,정상
2306,10002336,4,1010,2026-02-12 13:09:58,재진,정상
2307,10002217,1,1001,2026-02-12 13:09:59,재진,정상
2308,10003206,1,1001,2026-02-12 13:16:06,초진,정상
2309,10003203,1,1001,2026-02-12 13:18:31,초진,정상
2310,10002417,6,1018,2026-02-12 13:18:34,재진,정상
2311,10001335,1,1001,2026-02-12 13:18:43,초진,정상
2312,10003205,1,1001,2026-02-12 13:22:39,초진,정상
2313,10003204,1,1001,2026-02-12 13:25:06,초진,정상
2314,10001191,1,1001,2026-02-12 13:29:00,재진,정상
2315,10000151,1,1001,2026-02-12 13:29:45,재진,정상
2316,10000045,1,1001,2026-02-12 13:30:11,초진,정상
2317,10001201,1,1001,2026-02-12 13:34:22,재진,정상
2318,10002587,1,1001,2026-02-12 13:41:54,초진,정상
2319,10002747,2,1005,2026-02-12 13:44:27,재진,정상
2320,10002502,1,1001,2026-02-12 13:50:49,재진,정상
2321,10000704,2,1005,2026-02-12 13:51:54,재진,정상
2322,10002211,1,1001,2026-02-12 13:55:03,재진,정상
2323,10002508,1,1001,2026-02-12 13:55:24,초진,정상
2324,10000039,5,1015,2026-02-12 14:01:14,초진,정상
2325,10000573,2,1005,2026-02-12 14:03:40,재진,정상
2326,10002275,1,1001,2026-02-12 14:17:51,재진,정상
2327,10002943,2,1005,2026-02-12 14:21:29,재진,정상
2328,10001565,1,1001,2026-02-12 14:34:50,재진,정상
2329,10002623,4,1010,2026-02-12 14:35:37,재진,정상
2330,10001654,4,1010,2026-02-12 14:36:37,재진,정상
2331,10003207,6,1018,2026-02-12 14:41:47,초진,정상
2332,10000317,5,1015,2026-02-12 14:47:06,초진,정상
2333,10002479,4,1010,2026-02-12 14:52:22,재진,정상
2334,10002301,5,1015,2026-02-12 14:52:46,초진,정상
2335,10000761,2,1005,2026-02-12 14:59:25,재진,정상
2336,10000555,2,1005,2026-02-12 15:00:17,초진,정상
2337,10003208,4,1010,2026-02-12 15:00:26,초진,취소
2338,10001006,2,1005,2026-02-12 15:27:37,재진,정상
2339,10000870,5,1013,2026-02-13 08:29:47,재진,정상
2340,10002860,8,1024,2026-02-13 08:32:25,재진,정상
2341,10002963,5,1013,2026-02-13 08:34:09,재진,정상
2342,10002607,5,1013,2026-02-13 08:43:13,재진,정상
2343,10002590,5,1013,2026-02-13 09:09:36,재진,정상
2344,10003209,5,1013,2026-02-13 09:13:32,초진,정상
2345,10003211,5,1013,2026-02-13 09:17:14,초진,정상
2346,10003210,8,1024,2026-02-13 09:21:12,초진,정상
2347,10000937,8,1024,2026-02-13 09:50:00,재진,정상
2348,10000099,8,1024,2026-02-13 09:52:43,재진,취소
2349,10003212,3,1009,2026-02-13 09:52:45,초진,정상
2350,10003213,5,1013,2026-02-13 09:59:27,초진,정상
2351,10000783,8,1024,2026-02-13 10:03:09,재진,정상
2352,10000249,3,1009,2026-02-13 10:13:16,재진,정상
2353,10000844,5,1013,2026-02-13 10:33:01,재진,정상
2354,10002109,5,1013,2026-02-13 10:40:15,재진,정상
2355,10000010,8,1024,2026-02-13 10:40:41,초진,정상
2356,10002512,5,1013,2026-02-13 10:54:53,재진,정상
2357,10000346,1,1001,2026-02-13 12:50:04,재진,정상
2358,10001380,2,1004,2026-02-13 12:52:33,초진,정상
2359,10002607,8,1024,2026-02-13 12:53:20,초진,정상
2360,10000343,8,1024,2026-02-13 12:54:05,재진,정상
2361,10002141,5,1014,2026-02-13 12:54:16,초진,정상
2362,10002595,2,1004,2026-02-13 13:01:46,재진,정상
2363,10000294,5,1014,2026-02-13 13:06:32,초진,정상
2364,10000348,2,1004,2026-02-13 13:06:46,재진,정상
2365,10002927,2,1004,2026-02-13 13:10:50,재진,정상
2366,10000408,4,1011,2026-02-13 13:10:59,재진,정상
2367,10001170,2,1004,2026-02-13 13:15:14,재진,정상
2368,10003214,2,1004,2026-02-13 13:15:36,초진,정상
2369,10001147,2,1004,2026-02-13 13:24:18,초진,정상
2370,10003215,4,1011,2026-02-13 13:28:29,초진,정상
2371,10001710,8,1024,2026-02-13 13:32:30,초진,정상
2372,10002520,8,1024,2026-02-13 13:34:12,재진,정상
2373,10000978,5,1014,2026-02-13 13:35:27,재진,정상
2374,10003216,4,1011,2026-02-13 13:38:15,초진,정상
2375,10003217,5,1014,2026-02-13 13:48:49,초진,정상
2376,10001664,8,1024,2026-02-13 13:48:50,재진,정상
2377,10003218,2,1004,2026-02-13 13:54:58,초진,정상
2378,10000483,4,1011,2026-02-13 13:56:45,재진,정상
2379,10001114,1,1001,2026-02-13 13:57:29,초진,정상
2380,10002169,4,1011,2026-02-13 14:00:30,재진,정상
2381,10000716,4,1011,2026-02-13 14:03:20,재진,정상
2382,10003219,1,1001,2026-02-13 14:04:15,초진,취소
2383,10003007,2,1004,2026-02-13 14:05:35,재진,정상
2384,10000046,4,1011,2026-02-13 14:11:04,초진,정상
2385,10002866,1,1001,2026-02-13 14:12:12,재진,정상
2386,10000138,1,1001,2026-02-13 14:12:26,초진,정상
2387,10003040,5,1014,2026-02-13 14:20:24,재진,정상
2388,10003220,4,1011,2026-02-13 14:25:42,초진,정상
2389,10000155,5,1014,2026-02-13 14:57:07,초진,정상
2390,10001167,4,1011,2026-02-13 15:22:57,재진,정상
2391,10000763,4,1011,2026-02-19 08:20:41,재진,정상
2392,10003106,7,1021,2026-02-19 08:25:15,재진,정상
2393,10003221,3,1009,2026-02-19 08:27:00,초진,정상
2394,10002613,4,1011,2026-02-19 08:28:07,초진,정상
2395,10002565,6,1016,2026-02-19 08:29:03,재진,정상
2396,10001458,7,1021,2026-02-19 08:29:52,재진,정상
2397,10003222,6,1016,2026-02-19 08:31:25,초진,정상
2398,10002733,4,1011,2026-02-19 08:33:36,재진,정상
2399,10000880,3,1009,2026-02-19 08:36:11,초진,정상
2400,10000314,3,1009,2026-02-19 08:38:13,재진,정상
2401,10003224,6,1016,2026-02-19 08:38:18,초진,정상
2402,10001140,7,1021,2026-02-19 08:39:32,재진,정상
2403,10003223,4,1011,2026-02-19 08:42:33,초진,정상
2404,10000379,4,1011,2026-02-19 08:43:34,재진,취소
2405,10003225,4,1011,2026-02-19 08:45:50,초진,정상
2406,10002560,6,1016,2026-02-19 08:46:54,재진,정상
2407,10002585,4,1011,2026-02-19 08:47:00,재진,정상
2408,10001029,4,1011,2026-02-19 08:47:51,초진,정상
2409,10002113,7,1021,2026-02-19 08:48:43,재진,정상
2410,10003226,6,1016,2026-02-19 08:49:21,초진,정상
2411,10003227,6,1016,2026-02-19 08:50:07,초진,정상
2412,10002753,2,1005,2026-02-19 08:50:53,재진,정상
2413,10002869,4,1011,2026-02-19 08:51:52,재진,정상
2414,10002362,3,1009,2026-02-19 09:04:26,재진,정상
2415,10002559,4,1011,2026-02-19 09:06:12,초진,정상
2416,10003229,7,1021,2026-02-19 09:06:42,초진,정상
2417,10003228,3,1009,2026-02-19 09:07:40,초진,정상
2418,10000232,3,1009,2026-02-19 09:08:42,초진,정상
2419,10002736,4,1011,2026-02-19 09:12:19,재진,정상
2420,10003230,7,1021,2026-02-19 09:26:49,초진,정상
2421,10002732,2,1005,2026-02-19 09:27:02,재진,정상
2422,10002558,6,1016,2026-02-19 09:27:11,재진,정상
2423,10000076,4,1011,2026-02-19 09:27:46,초진,정상
2424,10002833,6,1016,2026-02-19 09:32:30,재진,정상
2425,10002743,2,1005,2026-02-19 09:36:29,재진,정상
2426,10002705,2,1005,2026-02-19 09:37:03,초진,정상
2427,10001569,4,1011,2026-02-19 09:40:14,재진,정상
2428,10001009,3,1009,2026-02-19 09:41:27,재진,정상
2429,10002097,3,1009,2026-02-19 09:45:31,재진,정상
2430,10003011,3,1009,2026-02-19 09:48:15,재진,정상
2431,10003231,7,1021,2026-02-19 09:58:25,초진,정상
2432,10001757,4,1011,2026-02-19 09:58:56,초진,정상
2433,10001224,7,1021,2026-02-19 10:07:24,초진,정상
2434,10002563,6,1016,2026-02-19 10:15:14,재진,정상
2435,10003015,4,1011,2026-02-19 10:15:20,재진,정상
2436,10000226,3,1009,2026-02-19 10:19:17,재진,정상
2437,10000224,4,1011,2026-02-19 10:20:48,재진,정상
2438,10001469,7,1021,2026-02-19 10:28:48,초진,정상
2439,10002740,3,1009,2026-02-19 10:39:42,재진,정상
2440,10002582,4,1011,2026-02-19 10:47:00,재진,정상
2441,10003232,7,1021,2026-02-19 10:50:18,초진,정상
2442,10000086,4,1011,2026-02-19 11:00:14,초진,정상
2443,10003233,6,1016,2026-02-19 11:07:54,초진,정상
2444,10003020,6,1018,2026-02-19 12:52:44,재진,정상
2445,10002199,6,1018,2026-02-19 12:53:07,재진,정상
2446,10003234,5,1015,2026-02-19 12:54:59,초진,정상
2447,10000999,4,1010,2026-02-19 12:58:58,재진,정상
2448,10000557,4,1010,2026-02-19 12:59:36,재진,정상
2449,10003235,6,1018,2026-02-19 13:00:42,초진,정상
2450,10003236,6,1018,2026-02-19 13:03:42,초진,정상
2451,10000732,5,1015,2026-02-19 13:06:09,초진,정상
2452,10000054,4,1010,2026-02-19 13:11:38,초진,정상
2453,10002553,5,1015,2026-02-19 13:13:23,재진,취소
2454,10002134,6,1018,2026-02-19 13:14:11,재진,정상
2455,10000146,1,1001,2026-02-19 13:17:30,초진,정상
2456,10000310,2,1005,2026-02-19 13:17:32,초진,정상
2457,10000306,2,1005,2026-02-19 13:17:56,재진,정상
2458,10000969,4,1010,2026-02-19 13:19:26,재진,정상
2459,10003237,4,1010,2026-02-19 13:20:23,초진,정상
2460,10000771,4,1010,2026-02-19 13:20:59,재진,정상
2461,10001872,4,1010,2026-02-19 13:21:44,초진,정상
2462,10001386,4,1010,2026-02-19 13:22:38,초진,정상
2463,10003238,1,1001,2026-02-19 13:23:15,초진,정상
2464,10002920,5,1015,2026-02-19 13:24:42,재진,정상
2465,10002944,1,1001,2026-02-19 13:25:01,재진,정상
2466,10000666,4,1010,2026-02-19 13:25:04,재진,정상
2467,10001801,5,1015,2026-02-19 13:26:31,재진,정상
2468,10002279,6,1018,2026-02-19 13:29:07,재진,정상
2469,10002855,4,1010,2026-02-19 13:29:46,재진,정상
2470,10002105,5,1015,2026-02-19 13:31:42,재진,정상
2471,10002236,4,1010,2026-02-19 13:39:48,재진,정상
2472,10001074,2,1005,2026-02-19 13:44:33,재진,정상
2473,10000685,5,1015,2026-02-19 13:46:45,재진,정상
2474,10003239,5,1015,2026-02-19 13:48:18,초진,정상
2475,10002863,1,1001,2026-02-19 13:48:40,재진,정상
2476,10002557,6,1018,2026-02-19 13:51:14,재진,정상
2477,10000806,5,1015,2026-02-19 13:52:14,초진,정상
2478,10002583,2,1005,2026-02-19 13:52:17,재진,정상
2479,10002588,1,1001,2026-02-19 13:55:09,재진,정상
2480,10003240,2,1005,2026-02-19 13:57:16,초진,정상
2481,10001907,6,1018,2026-02-19 13:59:57,재진,정상
2482,10001402,1,1001,2026-02-19 14:01:44,초진,정상
2483,10002964,5,1015,2026-02-19 14:05:09,초진,취소
2484,10002412,4,1010,2026-02-19 14:05:44,재진,정상
2485,10001802,5,1015,2026-02-19 14:08:00,재진,정상
2486,10002162,1,1001,2026-02-19 14:08:07,재진,정상
2487,10003241,6,1018,2026-02-19 14:08:46,초진,정상
2488,10000050,5,1015,2026-02-19 14:12:39,초진,정상
2489,10003244,2,1005,2026-02-19 14:15:21,초진,정상
2490,10000764,1,1001,2026-02-19 14:15:45,재진,정상
2491,10003242,4,1010,2026-02-19 14:16:25,초진,정상
2492,10003245,1,1001,2026-02-19 14:16:35,초진,정상
2493,10003243,4,1010,2026-02-19 14:19:36,초진,정상
2494,10000708,1,1001,2026-02-19 14:25:48,재진,정상
2495,10002278,1,1001,2026-02-19 14:34:36,재진,정상
2496,10001360,2,1005,2026-02-19 14:43:50,재진,정상
2497,10002503,1,1001,2026-02-19 14:49:20,재진,정상
2498,10002161,1,1001,2026-02-19 14:54:36,재진,정상
2499,10001661,2,1005,2026-02-19 14:58:25,재진,취소
2500,10003246,1,1001,2026-02-19 15:13:56,초진,정상
2501,10003247,4,1010,2026-02-19 15:25:51,초진,정상
2502,10001329,5,1013,2026-02-20 08:20:24,초진,정상
2503,10000653,5,1013,2026-02-20 08:20:51,초진,정상
2504,10003248,5,1013,2026-02-20 08:20:57,초진,정상
2505,10000372,8,1024,2026-02-20 08:29:55,재진,정상
2506,10000875,8,1024,2026-02-20 08:33:07,초진,정상
2507,10001271,5,1013,2026-02-20 08:38:07,초진,정상
2508,10001439,8,1024,2026-02-20 08:40:45,재진,정상
2509,10000443,3,1009,2026-02-20 08:45:40,초진,정상
2510,10003250,5,1013,2026-02-20 08:55:02,초진,정상
2511,10003249,8,1024,2026-02-20 09:01:06,초진,정상
2512,10001381,5,1013,2026-02-20 09:04:44,재진,정상
2513,10001775,5,1013,2026-02-20 09:12:49,재진,정상
2514,10000925,5,1013,2026-02-20 09:20:20,초진,정상
2515,10003251,3,1009,2026-02-20 09:24:05,초진,정상
2516,10001699,5,1013,2026-02-20 09:31:18,재진,정상
2517,10002288,8,1024,2026-02-20 09:37:27,재진,정상
2518,10003252,8,1024,2026-02-20 09:51:05,초진,정상
2519,10003112,8,1024,2026-02-20 09:58:05,초진,정상
2520,10003253,5,1013,2026-02-20 10:04:07,초진,정상
2521,10003254,8,1024,2026-02-20 10:07:05,초진,정상
2522,10000714,5,1013,2026-02-20 10:11:28,초진,정상
2523,10003255,5,1013,2026-02-20 10:16:48,초진,정상
2524,10003256,5,1013,2026-02-20 10:20:44,초진,정상
2525,10002371,8,1024,2026-02-20 12:53:32,재진,정상
2526,10000782,1,1001,2026-02-20 12:58:04,초진,정상
2527,10003257,2,1004,2026-02-20 12:58:06,초진,정상
2528,10003102,2,1004,2026-02-20 12:59:28,재진,정상
2529,10000202,5,1014,2026-02-20 13:00:04,재진,정상
2530,10002728,2,1004,2026-02-20 13:02:56,재진,취소
2531,10001886,5,1014,2026-02-20 13:03:29,초진,정상
2532,10000326,2,1004,2026-02-20 13:07:02,초진,정상
2533,10003258,2,1004,2026-02-20 13:09:58,초진,정상
2534,10002375,8,1024,2026-02-20 13:13:33,재진,정상
2535,10000025,2,1004,2026-02-20 13:16:50,재진,정상
2536,10000176,2,1004,2026-02-20 13:16:59,초진,정상
2537,10001011,2,1004,2026-02-20 13:19:19,재진,정상
2538,10002268,2,1004,2026-02-20 13:20:28,재진,정상
2539,10002369,8,1024,2026-02-20 13:22:06,초진,정상
2540,10001367,5,1014,2026-02-20 13:26:27,초진,정상
2541,10001794,8,1024,2026-02-20 13:27:04,초진,정상
2542,10003260,5,1014,2026-02-20 13:28:45,초진,정상
2543,10003259,5,1014,2026-02-20 13:29:55,초진,정상
2544,10001926,1,1001,2026-02-20 13:31:31,재진,정상
2545,10002230,5,1014,2026-02-20 13:35:48,재진,정상
2546,10002428,2,1004,2026-02-20 13:39:34,재진,정상
2547,10000767,2,1004,2026-02-20 13:48:50,초진,정상
2548,10002055,2,1004,2026-02-20 13:49:39,초진,정상
2549,10002284,2,1004,2026-02-20 13:49:47,재진,정상
2550,10001737,5,1014,2026-02-20 13:57:14,초진,정상
2551,10003262,2,1004,2026-02-20 14:05:23,초진,정상
2552,10000014,8,1024,2026-02-20 14:08:34,초진,정상
2553,10003263,4,1011,2026-02-20 14:13:12,초진,정상
2554,10003261,5,1014,2026-02-20 14:14:39,초진,정상
2555,10003264,1,1001,2026-02-20 14:16:38,초진,정상
2556,10002352,2,1004,2026-02-20 14:19:58,재진,정상
2557,10002958,5,1014,2026-02-20 14:23:18,재진,정상
2558,10001605,5,1014,2026-02-20 14:34:49,재진,정상
2559,10001742,5,1014,2026-02-20 14:35:03,재진,정상
2560,10000787,1,1001,2026-02-20 14:35:47,재진,정상
2561,10000140,2,1004,2026-02-20 14:37:53,재진,정상
2562,10003012,4,1011,2026-02-20 14:41:56,재진,정상
2563,10002945,8,1024,2026-02-20 15:01:26,재진,정상
2564,10001973,8,1024,2026-02-20 15:10:04,재진,정상
2565,10003010,2,1004,2026-02-20 15:30:21,재진,정상
2566,10001630,2,1004,2026-02-20 15:39:15,재진,정상
2567,10001372,1,1002,2026-02-23 08:21:10,재진,정상
2568,10000238,8,1022,2026-02-23 08:21:57,초진,정상
2569,10002244,8,1022,2026-02-23 08:23:09,재진,정상
2570,10000376,5,1014,2026-02-23 08:23:18,초진,정상
2571,10003266,8,1022,2026-02-23 08:23:51,초진,정상
2572,10003267,7,1021,2026-02-23 08:25:30,초진,정상
2573,10003268,7,1021,2026-02-23 08:29:10,초진,정상
2574,10001562,1,1002,2026-02-23 08:32:19,초진,정상
2575,10003269,1,1002,2026-02-23 08:34:23,초진,정상
2576,10002386,5,1014,2026-02-23 08:37:55,재진,정상
2577,10000986,8,1022,2026-02-23 08:38:36,재진,정상
2578,10000426,7,1021,2026-02-23 08:39:07,재진,정상
2579,10000959,2,1006,2026-02-23 08:39:23,재진,정상
2580,10003055,2,1006,2026-02-23 08:39:44,재진,정상
2581,10003270,2,1006,2026-02-23 08:40:37,초진,정상
2582,10002839,7,1021,2026-02-23 08:44:54,재진,정상
2583,10002270,7,1021,2026-02-23 08:44:56,재진,정상
2584,10002960,1,1002,2026-02-23 08:45:04,재진,정상
2585,10003271,8,1022,2026-02-23 08:47:22,초진,정상
2586,10000542,1,1002,2026-02-23 08:47:44,재진,정상
2587,10000657,1,1002,2026-02-23 08:48:57,초진,정상
2588,10002303,2,1006,2026-02-23 08:50:46,재진,정상
2589,10000742,1,1002,2026-02-23 08:54:12,초진,정상
2590,10003272,2,1006,2026-02-23 08:54:49,초진,정상
2591,10002769,1,1002,2026-02-23 08:57:31,재진,정상
2592,10002139,2,1006,2026-02-23 08:57:36,재진,정상
2593,10002545,1,1002,2026-02-23 08:57:50,재진,정상
2594,10000251,8,1022,2026-02-23 08:58:59,재진,정상
2595,10001563,8,1022,2026-02-23 09:03:10,초진,정상
2596,10003273,8,1022,2026-02-23 09:03:11,초진,정상
2597,10002660,5,1014,2026-02-23 09:04:19,재진,정상
2598,10002347,2,1006,2026-02-23 09:05:08,초진,정상
2599,10003275,1,1002,2026-02-23 09:13:53,초진,정상
2600,10002844,7,1021,2026-02-23 09:16:00,재진,정상
2601,10001667,8,1022,2026-02-23 09:16:40,재진,정상
2602,10003274,2,1006,2026-02-23 09:19:12,초진,정상
2603,10000803,1,1002,2026-02-23 09:19:14,재진,정상
2604,10000136,7,1021,2026-02-23 09:24:12,재진,정상
2605,10003276,2,1006,2026-02-23 09:24:34,초진,정상
2606,10003277,7,1021,2026-02-23 09:25:12,초진,정상
2607,10001729,1,1002,2026-02-23 09:29:40,초진,정상
2608,10001817,8,1022,2026-02-23 09:32:32,재진,정상
2609,10001814,1,1002,2026-02-23 09:32:39,재진,정상
2610,10003280,7,1021,2026-02-23 09:35:33,초진,정상
2611,10002537,8,1022,2026-02-23 09:36:37,재진,정상
2612,10003278,2,1006,2026-02-23 09:36:41,초진,정상
2613,10002843,7,1021,2026-02-23 09:36:53,초진,정상
2614,10003279,8,1022,2026-02-23 09:39:17,초진,정상
2615,10001499,2,1006,2026-02-23 09:39:37,초진,정상
2616,10001707,5,1014,2026-02-23 09:42:28,재진,정상
2617,10002071,2,1006,2026-02-23 09:47:33,재진,정상
2618,10000577,8,1022,2026-02-23 09:48:48,초진,정상
2619,10003281,2,1006,2026-02-23 09:52:28,초진,정상
2620,10001745,2,1006,2026-02-23 09:55:03,재진,정상
2621,10000886,7,1021,2026-02-23 09:57:26,초진,정상
2622,10000242,1,1002,2026-02-23 09:59:11,초진,정상
2623,10002451,8,1022,2026-02-23 10:12:08,재진,정상
2624,10000706,8,1022,2026-02-23 10:12:19,초진,정상
2625,10000789,8,1022,2026-02-23 10:14:59,재진,정상
2626,10000954,1,1002,2026-02-23 10:18:42,재진,정상
2627,10003283,8,1022,2026-02-23 10:21:24,초진,정상
2628,10003282,2,1006,2026-02-23 10:22:35,초진,취소
2629,10000618,2,1006,2026-02-23 10:27:49,초진,정상
2630,10002146,1,1002,2026-02-23 10:30:53,재진,정상
2631,10003284,1,1002,2026-02-23 10:40:52,초진,정상
2632,10002302,8,1022,2026-02-23 10:42:34,재진,정상
2633,10000271,1,1002,2026-02-23 10:46:03,재진,정상
2634,10003098,7,1021,2026-02-23 10:58:42,초진,정상
2635,10002452,2,1006,2026-02-23 11:01:53,재진,정상
2636,10000194,2,1006,2026-02-23 11:05:43,초진,정상
2637,10000672,1,1003,2026-02-23 12:50:04,재진,정상
2638,10002460,1,1003,2026-02-23 12:53:30,재진,정상
2639,10000313,8,1022,2026-02-23 12:53:50,초진,정상
2640,10002756,5,1013,2026-02-23 12:55:49,재진,정상
2641,10001524,1,1003,2026-02-23 13:01:43,재진,취소
2642,10002674,4,1012,2026-02-23 13:03:23,초진,정상
2643,10003286,8,1022,2026-02-23 13:03:57,초진,정상
2644,10001263,7,1019,2026-02-23 13:04:12,재진,정상
2645,10000329,7,1019,2026-02-23 13:04:43,초진,정상
2646,10002316,1,1003,2026-02-23 13:04:55,재진,정상
2647,10002608,1,1003,2026-02-23 13:08:42,재진,정상
2648,10003285,8,1022,2026-02-23 13:10:09,초진,정상
2649,10001955,7,1019,2026-02-23 13:10:41,재진,정상
2650,10000135,4,1012,2026-02-23 13:13:30,재진,정상
2651,10003288,7,1019,2026-02-23 13:13:40,초진,정상
2652,10001969,5,1013,2026-02-23 13:16:04,초진,정상
2653,10003287,8,1022,2026-02-23 13:16:36,초진,정상
2654,10000435,4,1012,2026-02-23 13:17:48,재진,정상
2655,10001077,4,1012,2026-02-23 13:22:29,재진,정상
2656,10003289,7,1019,2026-02-23 13:26:52,초진,정상
2657,10001495,7,1019,2026-02-23 13:27:57,재진,정상
2658,10002192,4,1012,2026-02-23 13:37:03,재진,정상
2659,10001002,5,1013,2026-02-23 13:38:06,초진,정상
2660,10002671,4,1012,2026-02-23 13:38:51,재진,정상
2661,10002968,4,1012,2026-02-23 13:38:59,재진,정상
2662,10003290,7,1019,2026-02-23 13:41:17,초진,정상
2663,10001743,4,1012,2026-02-23 13:41:58,재진,정상
2664,10002676,1,1003,2026-02-23 13:42:38,초진,정상
2665,10002776,8,1022,2026-02-23 13:43:02,재진,정상
2666,10002392,4,1012,2026-02-23 13:45:18,재진,정상
2667,10002322,8,1022,2026-02-23 13:45:49,재진,정상
2668,10002364,4,1012,2026-02-23 13:45:54,재진,정상
2669,10001106,1,1003,2026-02-23 13:46:05,초진,정상
2670,10002462,8,1022,2026-02-23 13:49:57,재진,취소
2671,10002187,4,1012,2026-02-23 13:50:39,재진,정상
2672,10001589,7,1019,2026-02-23 13:50:45,초진,정상
2673,10002892,7,1019,2026-02-23 13:53:29,재진,정상
2674,10002677,7,1019,2026-02-23 13:56:16,재진,정상
2675,10001679,1,1003,2026-02-23 13:56:45,재진,정상
2676,10002793,4,1012,2026-02-23 14:01:55,재진,정상
2677,10002796,1,1003,2026-02-23 14:02:04,재진,정상
2678,10001681,8,1022,2026-02-23 14:03:42,초진,정상
2679,10002130,4,1012,2026-02-23 14:04:34,재진,정상
2680,10002953,8,1022,2026-02-23 14:08:49,재진,정상
2681,10003292,4,1012,2026-02-23 14:09:30,초진,정상
2682,10000290,1,1003,2026-02-23 14:09:44,초진,정상
2683,10003291,1,1003,2026-02-23 14:09:51,초진,정상
2684,10002887,1,1003,2026-02-23 14:11:00,재진,정상
2685,10000785,7,1019,2026-02-23 14:13:13,초진,정상
2686,10002464,7,1019,2026-02-23 14:18:19,재진,정상
2687,10003293,1,1003,2026-02-23 14:21:24,초진,정상
2688,10002393,1,1003,2026-02-23 14:21:25,재진,정상
2689,10002898,7,1019,2026-02-23 14:23:25,재진,정상
2690,10001177,1,1003,2026-02-23 14:24:23,초진,취소
2691,10002237,4,1012,2026-02-23 14:25:28,재진,정상
2692,10001214,1,1003,2026-02-23 14:32:07,초진,정상
2693,10002123,4,1012,2026-02-23 14:32:16,재진,정상
2694,10000060,7,1019,2026-02-23 14:35:37,초진,정상
2695,10000032,7,1019,2026-02-23 14:43:56,초진,취소
2696,10003295,8,1022,2026-02-23 14:46:24,초진,정상
2697,10003294,1,1003,2026-02-23 14:48:04,초진,정상
2698,10001042,5,1013,2026-02-23 14:51:35,재진,정상
2699,10001234,7,1019,2026-02-23 14:53:16,재진,정상
2700,10002416,7,1019,2026-02-23 14:57:20,재진,정상
2701,10003296,4,1012,2026-02-23 14:57:29,초진,정상
2702,10000301,8,1022,2026-02-23 15:08:30,초진,정상
2703,10002605,1,1003,2026-02-23 15:15:50,재진,정상
2704,10002320,8,1022,2026-02-23 15:23:09,재진,정상
2705,10000974,7,1019,2026-02-23 15:31:50,재진,정상
2706,10002683,4,1012,2026-02-23 15:37:00,재진,정상
2707,10000776,4,1012,2026-02-24 08:20:54,재진,정상
2708,10002621,6,1017,2026-02-24 08:21:14,재진,정상
2709,10003299,8,1023,2026-02-24 08:22:20,초진,정상
2710,10003297,4,1012,2026-02-24 08:26:02,초진,정상
2711,10002036,1,1003,2026-02-24 08:26:19,재진,정상
2712,10003302,1,1003,2026-02-24 08:26:23,초진,정상
2713,10003298,8,1023,2026-02-24 08:26:36,초진,정상
2714,10002163,7,1020,2026-02-24 08:27:46,초진,정상
2715,10002801,6,1017,2026-02-24 08:28:12,재진,정상
2716,10003300,6,1017,2026-02-24 08:29:23,초진,정상
2717,10003301,8,1023,2026-02-24 08:32:29,초진,정상
2718,10000301,1,1003,2026-02-24 08:33:16,초진,정상
2719,10002544,6,1017,2026-02-24 08:35:29,재진,정상
2720,10003060,4,1012,2026-02-24 08:36:59,재진,정상
2721,10002924,7,1020,2026-02-24 08:37:14,재진,정상
2722,10000731,7,1020,2026-02-24 08:38:37,재진,정상
2723,10000359,1,1003,2026-02-24 08:38:39,초진,정상
2724,10001622,1,1003,2026-02-24 08:40:54,초진,정상
2725,10003303,7,1020,2026-02-24 08:41:58,초진,정상
2726,10003072,7,1020,2026-02-24 08:42:33,재진,정상
2727,10002543,4,1012,2026-02-24 08:44:14,재진,정상
2728,10000598,1,1003,2026-02-24 08:45:09,재진,정상
2729,10002688,3,1008,2026-02-24 08:45:20,재진,정상
2730,10002039,3,1008,2026-02-24 08:46:53,재진,정상
2731,10001654,1,1003,2026-02-24 08:50:11,초진,정상
2732,10000797,4,1012,2026-02-24 08:51:22,초진,정상
2733,10001839,7,1020,2026-02-24 08:53:20,초진,정상
2734,10003304,7,1020,2026-02-24 08:53:20,초진,정상
2735,10002078,4,1012,2026-02-24 08:55:07,재진,정상
2736,10003305,6,1017,2026-02-24 08:55:54,초진,정상
2737,10000025,4,1012,2026-02-24 08:58:25,초진,정상
2738,10002368,4,1012,2026-02-24 09:02:20,초진,정상
2739,10003307,4,1012,2026-02-24 09:03:15,초진,정상
2740,10000850,3,1008,2026-02-24 09:03:29,초진,정상
2741,10003306,6,1017,2026-02-24 09:03:38,초진,정상
2742,10002964,4,1012,2026-02-24 09:04:52,재진,정상
2743,10002548,8,1023,2026-02-24 09:06:59,재진,정상
2744,10001949,3,1008,2026-02-24 09:10:13,재진,정상
2745,10002319,4,1012,2026-02-24 09:12:47,재진,정상
2746,10000016,4,1012,2026-02-24 09:15:07,재진,정상
2747,10002788,1,1003,2026-02-24 09:15:18,초진,정상
2748,10002086,3,1008,2026-02-24 09:17:12,재진,정상
2749,10003308,6,1017,2026-02-24 09:17:31,초진,정상
2750,10003309,6,1017,2026-02-24 09:20:31,초진,정상
2751,10003068,1,1003,2026-02-24 09:24:39,재진,정상
2752,10000523,7,1020,2026-02-24 09:28:37,초진,정상
2753,10002799,3,1008,2026-02-24 09:31:08,재진,정상
2754,10002241,4,1012,2026-02-24 09:32:58,재진,정상
2755,10001555,3,1008,2026-02-24 09:33:09,재진,정상
2756,10001293,8,1023,2026-02-24 09:34:04,재진,정상
2757,10001116,1,1003,2026-02-24 09:36:00,초진,정상
2758,10002532,4,1012,2026-02-24 09:36:24,재진,정상
2759,10003310,1,1003,2026-02-24 09:36:38,초진,정상
2760,10002038,7,1020,2026-02-24 09:37:26,재진,정상
2761,10003311,8,1023,2026-02-24 09:37:52,초진,정상
2762,10002682,4,1012,2026-02-24 09:38:14,재진,정상
2763,10003083,6,1017,2026-02-24 09:38:31,재진,정상
2764,10002406,6,1017,2026-02-24 09:44:23,재진,정상
2765,10002789,7,1020,2026-02-24 09:45:29,초진,정상
2766,10001777,7,1020,2026-02-24 09:45:44,재진,정상
2767,10000826,1,1003,2026-02-24 09:49:06,재진,정상
2768,10002804,7,1020,2026-02-24 09:50:07,재진,정상
2769,10003312,6,1017,2026-02-24 09:50:27,초진,정상
2770,10002900,8,1023,2026-02-24 09:52:02,재진,정상
2771,10002399,6,1017,2026-02-24 09:52:37,재진,정상
2772,10002424,7,1020,2026-02-24 09:55:06,재진,정상
2773,10000896,8,1023,2026-02-24 09:55:09,재진,정상
2774,10000920,1,1003,2026-02-24 09:55:22,초진,정상
2775,10001899,1,1003,2026-02-24 09:56:43,재진,정상
2776,10002615,4,1012,2026-02-24 10:00:06,재진,정상
2777,10000808,7,1020,2026-02-24 10:01:05,재진,정상
2778,10002566,7,1020,2026-02-24 10:02:59,초진,정상
2779,10002193,6,1017,2026-02-24 10:03:08,재진,정상
2780,10002792,1,1003,2026-02-24 10:05:49,재진,정상
2781,10001716,1,1003,2026-02-24 10:06:32,재진,정상
2782,10003093,3,1008,2026-02-24 10:08:49,재진,정상
2783,10002077,1,1003,2026-02-24 10:09:00,재진,정상
2784,10001778,1,1003,2026-02-24 10:11:45,재진,정상
2785,10001830,3,1008,2026-02-24 10:20:23,재진,정상
2786,10000610,7,1020,2026-02-24 10:23:51,재진,정상
2787,10001446,8,1023,2026-02-24 10:29:02,재진,정상
2788,10001507,4,1012,2026-02-24 10:29:43,초진,정상
2789,10000529,8,1023,2026-02-24 10:30:21,초진,정상
2790,10003313,6,1017,2026-02-24 10:48:55,초진,정상
2791,10002129,6,1017,2026-02-24 10:58:21,재진,정상
2792,10002967,4,1012,2026-02-24 10:59:16,재진,정상
2793,10003314,7,1020,2026-02-24 11:07:31,초진,정상
2794,10000467,7,1020,2026-02-24 11:08:25,재진,정상
2795,10003315,7,1019,2026-02-24 12:51:57,초진,정상
2796,10002689,3,1008,2026-02-24 12:52:05,재진,정상
2797,10000724,8,1023,2026-02-24 12:53:15,초진,정상
2798,10003316,5,1015,2026-02-24 12:53:40,초진,취소
2799,10002231,2,1006,2026-02-24 12:54:41,재진,정상
2800,10003091,7,1019,2026-02-24 12:55:13,초진,정상
2801,10001628,7,1019,2026-02-24 12:57:26,초진,정상
2802,10003317,5,1015,2026-02-24 13:00:40,초진,정상
2803,10002625,7,1019,2026-02-24 13:03:18,재진,정상
2804,10002708,5,1015,2026-02-24 13:04:47,재진,정상
2805,10001627,2,1006,2026-02-24 13:10:52,초진,정상
2806,10001655,8,1023,2026-02-24 13:10:54,재진,정상
2807,10002549,4,1010,2026-02-24 13:12:17,재진,정상
2808,10000047,2,1006,2026-02-24 13:13:37,재진,정상
2809,10002198,5,1015,2026-02-24 13:16:43,재진,정상
2810,10003318,6,1018,2026-02-24 13:17:17,초진,정상
2811,10002986,7,1019,2026-02-24 13:21:26,재진,정상
2812,10000550,2,1006,2026-02-24 13:22:18,재진,정상
2813,10002233,7,1019,2026-02-24 13:23:40,초진,정상
2814,10002136,6,1018,2026-02-24 13:25:31,재진,정상
2815,10002878,2,1006,2026-02-24 13:26:57,재진,정상
2816,10002955,2,1006,2026-02-24 13:27:56,재진,정상
2817,10001228,8,1023,2026-02-24 13:28:04,초진,정상
2818,10003320,7,1019,2026-02-24 13:30:30,초진,정상
2819,10001845,6,1018,2026-02-24 13:31:50,재진,정상
2820,10000297,4,1010,2026-02-24 13:33:50,재진,정상
2821,10003319,7,1019,2026-02-24 13:34:24,초진,정상
2822,10001500,8,1023,2026-02-24 13:36:25,초진,정상
2823,10001575,4,1010,2026-02-24 13:36:32,재진,정상
2824,10003321,5,1015,2026-02-24 13:36:58,초진,정상
2825,10002409,5,1015,2026-02-24 13:37:36,재진,정상
2826,10003323,4,1010,2026-02-24 13:37:40,초진,정상
2827,10003322,4,1010,2026-02-24 13:38:53,초진,정상
2828,10001905,2,1006,2026-02-24 13:39:54,초진,정상
2829,10002480,2,1006,2026-02-24 13:41:54,재진,정상
2830,10002239,7,1019,2026-02-24 13:42:22,재진,정상
2831,10002440,4,1010,2026-02-24 13:44:21,재진,정상
2832,10003326,2,1006,2026-02-24 13:44:23,초진,정상
2833,10000413,5,1015,2026-02-24 13:44:47,초진,정상
2834,10002246,3,1008,2026-02-24 13:47:13,재진,정상
2835,10002624,8,1023,2026-02-24 13:47:40,재진,정상
2836,10000600,5,1015,2026-02-24 13:47:45,재진,정상
2837,10002782,2,1006,2026-02-24 13:48:12,재진,정상
2838,10000333,4,1010,2026-02-24 13:50:21,재진,정상
2839,10003324,2,1006,2026-02-24 13:51:47,초진,정상
2840,10003328,3,1008,2026-02-24 13:51:51,초진,정상
2841,10003325,2,1006,2026-02-24 13:54:12,초진,정상
2842,10003327,2,1006,2026-02-24 13:57:51,초진,정상
2843,10003329,5,1015,2026-02-24 13:59:02,초진,정상
2844,10002506,3,1008,2026-02-24 13:59:23,초진,정상
2845,10002312,7,1019,2026-02-24 14:01:09,재진,정상
2846,10000144,8,1023,2026-02-24 14:03:46,재진,정상
2847,10000740,5,1015,2026-02-24 14:04:35,초진,정상
2848,10001831,6,1018,2026-02-24 14:06:43,재진,정상
2849,10002201,8,1023,2026-02-24 14:09:19,재진,정상
2850,10002320,5,1015,2026-02-24 14:10:38,재진,정상
2851,10003330,2,1006,2026-02-24 14:12:17,초진,정상
2852,10001994,3,1008,2026-02-24 14:16:13,재진,정상
2853,10002414,3,1008,2026-02-24 14:20:11,재진,정상
2854,10003331,8,1023,2026-02-24 14:21:02,초진,정상
2855,10003326,7,1019,2026-02-24 14:22:08,초진,정상
2856,10001945,7,1019,2026-02-24 14:26:26,재진,정상
2857,10002771,2,1006,2026-02-24 14:28:28,재진,정상
2858,10002317,7,1019,2026-02-24 14:32:01,재진,정상
2859,10000584,2,1006,2026-02-24 14:34:49,재진,정상
2860,10001391,7,1019,2026-02-24 14:35:31,초진,정상
2861,10002884,7,1019,2026-02-24 14:46:47,재진,정상
2862,10002390,7,1019,2026-02-24 15:01:26,재진,정상
2863,10001436,3,1008,2026-02-24 15:02:48,초진,취소
2864,10001013,2,1006,2026-02-24 15:03:11,초진,정상
2865,10001669,7,1019,2026-02-24 15:06:02,재진,정상
2866,10002809,3,1008,2026-02-24 15:07:17,재진,정상
2867,10002197,7,1019,2026-02-24 15:17:25,재진,정상
2868,10003021,4,1010,2026-02-24 15:17:43,재진,정상
2869,10003332,2,1006,2026-02-24 15:22:45,초진,취소
2870,10000967,4,1010,2026-02-24 15:25:17,초진,정상
2871,10000262,3,1007,2026-02-25 08:22:35,재진,정상
2872,10003333,1,1002,2026-02-25 08:30:30,초진,정상
2873,10000628,1,1002,2026-02-25 08:31:03,재진,정상
2874,10001306,7,1020,2026-02-25 08:31:21,초진,정상
2875,10002629,3,1007,2026-02-25 08:31:26,재진,정상
2876,10002819,6,1016,2026-02-25 08:35:05,재진,정상
2877,10000445,1,1002,2026-02-25 08:35:11,초진,정상
2878,10003334,3,1007,2026-02-25 08:36:45,초진,정상
2879,10002095,6,1016,2026-02-25 08:39:18,재진,정상
2880,10000382,7,1020,2026-02-25 08:40:11,초진,정상
2881,10001265,1,1002,2026-02-25 08:42:28,초진,정상
2882,10003336,1,1002,2026-02-25 08:43:25,초진,정상
2883,10000746,1,1002,2026-02-25 08:43:44,재진,정상
2884,10003337,6,1016,2026-02-25 08:44:08,초진,정상
2885,10002723,6,1016,2026-02-25 08:45:53,재진,정상
2886,10003335,1,1002,2026-02-25 08:46:58,초진,정상
2887,10002715,6,1016,2026-02-25 08:50:55,재진,정상
2888,10003338,6,1016,2026-02-25 08:52:37,초진,정상
2889,10001934,3,1007,2026-02-25 08:55:36,재진,정상
2890,10001358,3,1007,2026-02-25 08:56:44,초진,정상
2891,10002635,3,1007,2026-02-25 08:56:47,재진,정상
2892,10002933,3,1007,2026-02-25 08:57:17,재진,정상
2893,10002346,3,1007,2026-02-25 08:57:26,재진,정상
2894,10000975,1,1002,2026-02-25 08:57:45,재진,정상
2895,10001763,1,1002,2026-02-25 09:00:58,초진,정상
2896,10003019,6,1016,2026-02-25 09:02:55,재진,정상
2897,10000913,7,1020,2026-02-25 09:06:36,재진,정상
2898,10001690,3,1007,2026-02-25 09:07:21,재진,정상
2899,10003339,6,1016,2026-02-25 09:15:23,초진,정상
2900,10002494,3,1007,2026-02-25 09:17:13,재진,정상
2901,10002226,1,1002,2026-02-25 09:17:34,재진,정상
2902,10000710,1,1002,2026-02-25 09:22:54,초진,정상
2903,10003341,3,1007,2026-02-25 09:25:16,초진,정상
2904,10000533,3,1007,2026-02-25 09:26:49,초진,정상
2905,10002578,6,1016,2026-02-25 09:27:52,재진,정상
2906,10002093,6,1016,2026-02-25 09:29:09,재진,정상
2907,10002153,6,1016,2026-02-25 09:31:53,재진,정상
2908,10003340,7,1020,2026-02-25 09:34:25,초진,정상
2909,10002567,3,1007,2026-02-25 09:39:30,재진,정상
2910,10002603,1,1002,2026-02-25 09:39:34,초진,정상
2911,10000878,1,1002,2026-02-25 09:40:17,재진,취소
2912,10002344,6,1016,2026-02-25 09:40:36,재진,정상
2913,10002206,6,1016,2026-02-25 09:40:54,재진,정상
2914,10002115,1,1002,2026-02-25 09:45:47,재진,정상
2915,10002213,3,1007,2026-02-25 09:47:58,재진,정상
2916,10002342,3,1007,2026-02-25 09:55:38,재진,정상
2917,10003099,6,1016,2026-02-25 09:57:04,재진,정상
2918,10003342,6,1016,2026-02-25 10:00:02,초진,정상
2919,10002022,3,1007,2026-02-25 10:05:44,초진,정상
2920,10003343,1,1002,2026-02-25 10:08:01,초진,취소
2921,10001298,3,1007,2026-02-25 10:18:22,초진,정상
2922,10000155,1,1002,2026-02-25 10:33:34,재진,정상
2923,10001273,1,1002,2026-02-25 10:44:47,초진,정상
2924,10002526,3,1007,2026-02-25 10:46:15,초진,정상
2925,10002619,7,1020,2026-02-25 10:58:38,재진,정상
2926,10001773,1,1002,2026-02-25 11:10:12,재진,정상
2927,10001240,2,1004,2026-02-25 12:51:10,재진,정상
2928,10002269,3,1007,2026-02-25 12:53:10,재진,정상
2929,10001107,2,1004,2026-02-25 12:55:48,재진,정상
2930,10002569,3,1007,2026-02-25 13:01:28,재진,정상
2931,10001937,3,1007,2026-02-25 13:02:20,초진,정상
2932,10000141,2,1004,2026-02-25 13:08:11,초진,정상
2933,10002127,3,1007,2026-02-25 13:08:18,재진,정상
2934,10002830,3,1007,2026-02-25 13:20:29,초진,정상
2935,10003344,3,1007,2026-02-25 13:25:09,초진,정상
2936,10000736,2,1004,2026-02-25 13:25:13,초진,정상
2937,10000377,2,1004,2026-02-25 13:25:52,재진,정상
2938,10003346,2,1004,2026-02-25 13:29:39,초진,정상
2939,10000423,3,1007,2026-02-25 13:29:53,초진,정상
2940,10002107,3,1007,2026-02-25 13:31:49,초진,취소
2941,10003347,3,1007,2026-02-25 13:33:01,초진,정상
2942,10003345,2,1004,2026-02-25 13:39:25,초진,정상
2943,10003348,3,1007,2026-02-25 13:39:44,초진,정상
2944,10002400,3,1007,2026-02-25 13:40:41,재진,정상
2945,10001432,2,1004,2026-02-25 13:48:36,재진,정상
2946,10003350,3,1007,2026-02-25 13:57:14,초진,정상
2947,10002931,3,1007,2026-02-25 13:57:20,재진,정상
2948,10003351,2,1004,2026-02-25 14:02:27,초진,정상
2949,10002727,2,1004,2026-02-25 14:02:53,재진,정상
2950,10003349,2,1004,2026-02-25 14:07:36,초진,정상
2951,10001027,3,1007,2026-02-25 14:20:58,초진,정상
2952,10003352,3,1007,2026-02-25 14:25:49,초진,정상
2953,10000453,3,1007,2026-02-25 14:30:50,재진,정상
2954,10002633,2,1004,2026-02-25 14:35:53,재진,정상
2955,10000677,3,1007,2026-02-25 14:44:00,재진,정상
2956,10000407,2,1004,2026-02-25 14:55:49,초진,정상
2957,10003353,3,1007,2026-02-25 15:00:53,초진,정상
2958,10000215,2,1004,2026-02-25 15:05:54,재진,정상
2959,10003354,6,1017,2026-02-25 15:17:27,초진,정상
2960,10002780,2,1005,2026-02-26 08:20:31,초진,정상
2961,10002224,2,1005,2026-02-26 08:25:09,재진,정상
2962,10001082,3,1009,2026-02-26 08:26:03,초진,정상
2963,10002154,2,1005,2026-02-26 08:29:02,재진,정상
2964,10003355,4,1011,2026-02-26 08:33:51,초진,정상
2965,10002155,4,1011,2026-02-26 08:40:58,재진,정상
2966,10000908,2,1005,2026-02-26 08:42:32,재진,정상
2967,10000633,4,1011,2026-02-26 08:43:08,재진,정상
2968,10000514,4,1011,2026-02-26 08:44:50,재진,정상
2969,10002435,4,1011,2026-02-26 08:48:11,재진,정상
2970,10002159,3,1009,2026-02-26 08:48:50,재진,취소
2971,10001799,4,1011,2026-02-26 08:50:07,재진,정상
2972,10003357,7,1021,2026-02-26 08:53:27,초진,정상
2973,10003358,2,1005,2026-02-26 08:54:18,초진,정상
2974,10001215,2,1005,2026-02-26 08:55:58,재진,정상
2975,10002310,7,1021,2026-02-26 08:56:46,재진,정상
2976,10002098,4,1011,2026-02-26 08:59:26,재진,정상
2977,10003360,6,1016,2026-02-26 09:00:53,초진,정상
2978,10003359,4,1011,2026-02-26 09:01:51,초진,정상
2979,10003362,3,1009,2026-02-26 09:11:08,초진,정상
2980,10000848,2,1005,2026-02-26 09:11:30,초진,정상
2981,10003361,6,1016,2026-02-26 09:13:03,초진,정상
2982,10002262,6,1016,2026-02-26 09:15:06,재진,정상
2983,10003122,2,1005,2026-02-26 09:18:36,재진,정상
2984,10002639,3,1009,2026-02-26 09:18:43,재진,정상
2985,10003363,3,1009,2026-02-26 09:20:13,초진,정상
2986,10000231,2,1005,2026-02-26 09:20:42,재진,정상
2987,10000956,2,1005,2026-02-26 09:22:15,재진,정상
2988,10001079,7,1021,2026-02-26 09:22:24,초진,정상
2989,10003364,4,1011,2026-02-26 09:26:43,초진,정상
2990,10003365,2,1005,2026-02-26 09:30:12,초진,정상
2991,10003366,7,1021,2026-02-26 09:33:16,초진,정상
2992,10003026,2,1005,2026-02-26 09:36:09,재진,정상
2993,10002755,2,1005,2026-02-26 09:38:31,재진,정상
2994,10003367,6,1016,2026-02-26 09:56:44,초진,정상
2995,10001883,4,1011,2026-02-26 09:58:39,재진,정상
2996,10003014,4,1011,2026-02-26 10:02:30,재진,정상
2997,10002749,2,1005,2026-02-26 10:08:13,재진,정상
2998,10000388,3,1009,2026-02-26 10:09:35,재진,정상
2999,10000012,4,1011,2026-02-26 10:10:13,재진,정상
3000,10001135,4,1011,2026-02-26 10:16:32,초진,정상
3001,10001678,4,1011,2026-02-26 10:39:46,초진,정상
3002,10000613,3,1009,2026-02-26 10:43:19,초진,정상
3003,10002704,6,1018,2026-02-26 12:51:48,재진,정상
3004,10000820,1,1001,2026-02-26 12:53:06,초진,정상
3005,10000185,2,1005,2026-02-26 12:56:00,초진,정상
3006,10000431,1,1001,2026-02-26 12:57:01,재진,정상
3007,10000203,4,1010,2026-02-26 12:58:36,초진,정상
3008,10000198,1,1001,2026-02-26 13:01:28,초진,정상
3009,10000064,1,1001,2026-02-26 13:04:17,초진,정상
3010,10002258,4,1010,2026-02-26 13:04:18,재진,정상
3011,10001288,5,1015,2026-02-26 13:04:25,초진,취소
3012,10002730,2,1005,2026-02-26 13:07:27,초진,정상
3013,10003036,2,1005,2026-02-26 13:07:57,재진,정상
3014,10002850,1,1001,2026-02-26 13:08:28,재진,정상
3015,10002103,1,1001,2026-02-26 13:12:21,재진,정상
3016,10002644,1,1001,2026-02-26 13:15:40,재진,정상
3017,10002212,1,1001,2026-02-26 13:19:42,재진,정상
3018,10001101,1,1001,2026-02-26 13:19:52,재진,정상
3019,10003368,1,1001,2026-02-26 13:24:32,초진,정상
3020,10001728,2,1005,2026-02-26 13:28:19,재진,정상
3021,10001053,1,1001,2026-02-26 13:29:56,재진,정상
3022,10001534,2,1005,2026-02-26 13:30:53,재진,정상
3023,10000087,2,1005,2026-02-26 13:37:46,재진,정상
3024,10003369,4,1010,2026-02-26 13:39:09,초진,정상
3025,10001540,1,1001,2026-02-26 13:42:42,재진,정상
3026,10000901,1,1001,2026-02-26 13:46:04,재진,정상
3027,10003370,6,1018,2026-02-26 13:52:16,초진,정상
3028,10002173,5,1015,2026-02-26 13:57:46,재진,정상
3029,10002919,4,1010,2026-02-26 14:09:56,재진,정상
3030,10003371,1,1001,2026-02-26 14:12:32,초진,정상
3031,10003372,4,1010,2026-02-26 14:34:04,초진,정상
3032,10000328,1,1001,2026-02-26 14:39:23,재진,취소
3033,10002650,1,1001,2026-02-26 14:42:55,재진,정상
3034,10001998,4,1010,2026-02-26 15:03:44,재진,정상
3035,10003373,2,1005,2026-02-26 15:04:45,초진,정상
3036,10003374,1,1001,2026-02-26 15:05:11,초진,정상
3037,10000006,1,1001,2026-02-26 15:06:19,초진,정상
3038,10001841,2,1005,2026-02-26 15:08:00,재진,정상
3039,10003375,8,1024,2026-02-27 08:22:59,초진,취소
3040,10002218,5,1013,2026-02-27 08:47:44,재진,정상
3041,10003376,8,1024,2026-02-27 09:00:24,초진,정상
3042,10000709,5,1013,2026-02-27 09:06:04,재진,정상
3043,10000891,3,1009,2026-02-27 09:21:28,재진,정상
3044,10001997,5,1013,2026-02-27 09:27:37,재진,정상
3045,10002168,8,1024,2026-02-27 09:29:07,재진,정상
3046,10002165,8,1024,2026-02-27 09:30:42,재진,정상
3047,10002643,3,1009,2026-02-27 09:49:43,재진,정상
3048,10002591,8,1024,2026-02-27 10:01:05,재진,정상
3049,10001175,8,1024,2026-02-27 10:03:05,재진,정상
3050,10002287,5,1013,2026-02-27 10:12:33,재진,정상
3051,10001602,5,1013,2026-02-27 10:37:22,재진,정상
3052,10001347,5,1013,2026-02-27 10:42:36,초진,정상
3053,10002454,5,1013,2026-02-27 10:54:57,재진,정상
3054,10002861,5,1013,2026-02-27 11:07:52,재진,정상
3055,10000830,4,1011,2026-02-27 13:00:14,재진,정상
3056,10003377,1,1001,2026-02-27 13:00:20,초진,정상
3057,10003378,5,1014,2026-02-27 13:01:55,초진,정상
3058,10003379,4,1011,2026-02-27 13:07:44,초진,정상
3059,10003380,8,1024,2026-02-27 13:07:54,초진,정상
3060,10003132,5,1014,2026-02-27 13:19:45,재진,정상
3061,10001956,2,1004,2026-02-27 13:20:23,초진,정상
3062,10001838,2,1004,2026-02-27 13:22:54,재진,정상
3063,10002872,2,1004,2026-02-27 13:23:59,초진,정상
3064,10002498,2,1004,2026-02-27 13:26:00,초진,정상
3065,10000942,8,1024,2026-02-27 13:27:46,초진,정상
3066,10000632,1,1001,2026-02-27 13:28:03,초진,취소
3067,10002768,1,1001,2026-02-27 13:44:31,재진,정상
3068,10002580,1,1001,2026-02-27 13:45:35,초진,정상
3069,10003381,4,1011,2026-02-27 13:45:52,초진,정상
3070,10001482,4,1011,2026-02-27 13:47:01,재진,정상
3071,10000524,8,1024,2026-02-27 13:53:42,초진,정상
3072,10001770,2,1004,2026-02-27 13:55:12,재진,정상
3073,10000366,5,1014,2026-02-27 14:03:52,재진,정상
3074,10001132,5,1014,2026-02-27 14:12:23,초진,정상
3075,10000648,2,1004,2026-02-27 14:14:23,초진,정상
3076,10003382,8,1024,2026-02-27 14:23:39,초진,정상
3077,10003383,2,1004,2026-02-27 14:36:08,초진,정상
3078,10003111,4,1011,2026-02-27 14:36:21,재진,정상
3079,10003384,1,1001,2026-02-27 14:39:58,초진,정상
3080,10002653,1,1001,2026-02-27 14:45:34,재진,정상
3081,10003385,1,1001,2026-02-27 14:54:09,초진,정상
3082,10000319,1,1003,2026-03-03 08:20:02,초진,정상
3083,10002080,6,1017,2026-03-03 08:20:59,재진,취소
3084,10003059,4,1012,2026-03-03 08:23:01,재진,정상
3085,10003388,1,1003,2026-03-03 08:24:15,초진,정상
3086,10003389,7,1020,2026-03-03 08:24:41,초진,정상
3087,10002807,7,1020,2026-03-03 08:27:07,재진,정상
3088,10002808,7,1020,2026-03-03 08:29:45,재진,정상
3089,10001030,8,1023,2026-03-03 08:32:59,재진,정상
3090,10002712,8,1023,2026-03-03 08:33:22,재진,정상
3091,10000161,4,1012,2026-03-03 08:36:36,재진,정상
3092,10003391,4,1012,2026-03-03 08:44:18,초진,정상
3093,10003390,4,1012,2026-03-03 08:44:46,초진,정상
3094,10000153,1,1003,2026-03-03 08:45:25,재진,정상
3095,10003392,4,1012,2026-03-03 08:48:09,초진,정상
3096,10002442,7,1020,2026-03-03 08:48:22,초진,정상
3097,10002438,4,1012,2026-03-03 08:49:06,초진,정상
3098,10001618,6,1017,2026-03-03 08:49:31,재진,정상
3099,10003148,4,1012,2026-03-03 08:51:21,재진,정상
3100,10002323,3,1008,2026-03-03 08:57:07,재진,정상
3101,10002423,7,1020,2026-03-03 08:57:21,재진,정상
3102,10000518,1,1003,2026-03-03 08:58:45,초진,정상
3103,10001701,4,1012,2026-03-03 09:01:31,재진,정상
3104,10003394,6,1017,2026-03-03 09:03:45,초진,정상
3105,10002325,3,1008,2026-03-03 09:03:59,재진,정상
3106,10003393,1,1003,2026-03-03 09:04:22,초진,취소
3107,10002330,7,1020,2026-03-03 09:08:17,재진,정상
3108,10000105,1,1003,2026-03-03 09:09:39,재진,정상
3109,10002388,1,1003,2026-03-03 09:10:47,재진,정상
3110,10001985,1,1003,2026-03-03 09:10:53,초진,정상
3111,10003395,4,1012,2026-03-03 09:13:41,초진,정상
3112,10000256,7,1020,2026-03-03 09:13:45,초진,정상
3113,10002984,6,1017,2026-03-03 09:14:49,재진,정상
3114,10000645,4,1012,2026-03-03 09:15:21,재진,취소
3115,10000071,7,1020,2026-03-03 09:16:21,재진,정상
3116,10003071,4,1012,2026-03-03 09:17:56,재진,정상
3117,10001333,4,1012,2026-03-03 09:22:54,초진,정상
3118,10001453,3,1008,2026-03-03 09:24:57,재진,정상
3119,10001408,7,1020,2026-03-03 09:31:00,초진,정상
3120,10001341,4,1012,2026-03-03 09:31:21,재진,정상
3121,10002970,1,1003,2026-03-03 09:32:30,재진,정상
3122,10003396,6,1017,2026-03-03 09:35:21,초진,정상
3123,10000833,1,1003,2026-03-03 09:36:41,재진,정상
3124,10001068,1,1003,2026-03-03 09:40:42,재진,정상
3125,10003397,7,1020,2026-03-03 09:47:47,초진,정상
3126,10000093,4,1012,2026-03-03 09:47:51,재진,정상
3127,10000217,1,1003,2026-03-03 09:54:34,재진,정상
3128,10000276,1,1003,2026-03-03 09:57:02,재진,정상
3129,10001375,1,1003,2026-03-03 09:58:33,초진,정상
3130,10000142,4,1012,2026-03-03 10:03:36,초진,정상
3131,10003400,7,1020,2026-03-03 10:04:22,초진,정상
3132,10001898,7,1020,2026-03-03 10:04:38,재진,정상
3133,10003398,4,1012,2026-03-03 10:04:42,초진,정상
3134,10003399,8,1023,2026-03-03 10:05:32,초진,정상
3135,10002321,1,1003,2026-03-03 10:06:48,재진,정상
3136,10000159,7,1020,2026-03-03 10:08:42,재진,취소
3137,10003402,3,1008,2026-03-03 10:11:44,초진,정상
3138,10002803,7,1020,2026-03-03 10:14:17,재진,정상
3139,10003401,6,1017,2026-03-03 10:17:20,초진,정상
3140,10001592,4,1012,2026-03-03 10:30:17,재진,정상
3141,10001461,7,1020,2026-03-03 10:30:57,재진,정상
3142,10002685,4,1012,2026-03-03 10:32:04,재진,정상
3143,10003403,3,1008,2026-03-03 10:32:09,초진,정상
3144,10000193,7,1020,2026-03-03 10:36:49,초진,정상
3145,10003162,6,1017,2026-03-03 10:37:47,재진,정상
3146,10003404,7,1020,2026-03-03 10:39:57,초진,정상
3147,10003405,8,1023,2026-03-03 10:43:30,초진,정상
3148,10003406,1,1003,2026-03-03 10:43:43,초진,정상
3149,10002313,1,1003,2026-03-03 10:47:52,재진,정상
3150,10002691,1,1003,2026-03-03 10:50:55,재진,정상
3151,10003204,7,1019,2026-03-03 12:50:43,초진,정상
3152,10001648,2,1006,2026-03-03 12:51:29,재진,정상
3153,10003407,3,1008,2026-03-03 12:51:36,초진,정상
3154,10002996,6,1018,2026-03-03 12:51:47,재진,정상
3155,10000897,7,1019,2026-03-03 12:52:46,재진,정상
3156,10003408,4,1010,2026-03-03 12:53:12,초진,정상
3157,10002923,3,1008,2026-03-03 12:53:20,재진,정상
3158,10001406,3,1008,2026-03-03 12:56:15,초진,정상
3159,10001187,2,1006,2026-03-03 12:56:52,재진,정상
3160,10001783,2,1006,2026-03-03 12:58:52,재진,정상
3161,10002408,3,1008,2026-03-03 13:00:00,재진,정상
3162,10002106,6,1018,2026-03-03 13:00:13,재진,정상
3163,10001182,7,1019,2026-03-03 13:02:13,재진,정상
3164,10001620,8,1023,2026-03-03 13:02:37,재진,정상
3165,10003409,6,1018,2026-03-03 13:04:13,초진,정상
3166,10003410,2,1006,2026-03-03 13:04:14,초진,정상
3167,10002603,2,1006,2026-03-03 13:04:30,재진,정상
3168,10000250,4,1010,2026-03-03 13:06:05,재진,정상
3169,10003411,8,1023,2026-03-03 13:06:51,초진,정상
3170,10001545,2,1006,2026-03-03 13:07:52,재진,정상
3171,10001981,2,1006,2026-03-03 13:10:08,재진,정상
3172,10003413,3,1008,2026-03-03 13:11:27,초진,취소
3173,10003208,4,1010,2026-03-03 13:11:56,초진,정상
3174,10002333,4,1010,2026-03-03 13:12:48,재진,정상
3175,10002751,5,1015,2026-03-03 13:13:15,재진,정상
3176,10002702,6,1018,2026-03-03 13:14:40,재진,정상
3177,10003412,7,1019,2026-03-03 13:15:12,초진,정상
3178,10002722,6,1018,2026-03-03 13:16:04,재진,정상
3179,10003169,4,1010,2026-03-03 13:17:51,재진,정상
3180,10002922,6,1018,2026-03-03 13:19:40,재진,정상
3181,10002713,8,1023,2026-03-03 13:21:17,재진,정상
3182,10003414,4,1010,2026-03-03 13:24:05,초진,정상
3183,10002791,7,1019,2026-03-03 13:26:45,재진,정상
3184,10003415,2,1006,2026-03-03 13:27:32,초진,정상
3185,10002939,4,1010,2026-03-03 13:29:06,재진,정상
3186,10002710,6,1018,2026-03-03 13:29:23,재진,정상
3187,10000845,4,1010,2026-03-03 13:32:57,재진,정상
3188,10003416,3,1008,2026-03-03 13:34:03,초진,정상
3189,10002456,7,1019,2026-03-03 13:34:55,재진,정상
3190,10002701,6,1018,2026-03-03 13:37:49,재진,정상
3191,10001706,2,1006,2026-03-03 13:39:08,재진,정상
3192,10003058,2,1006,2026-03-03 13:39:11,재진,정상
3193,10002389,7,1019,2026-03-03 13:39:33,재진,취소
3194,10000465,8,1023,2026-03-03 13:43:04,초진,정상
3195,10003417,7,1019,2026-03-03 13:45:53,초진,정상
3196,10002794,7,1019,2026-03-03 13:46:14,재진,정상
3197,10001272,4,1010,2026-03-03 13:47:38,초진,정상
3198,10002526,2,1006,2026-03-03 13:48:33,재진,정상
3199,10000253,7,1019,2026-03-03 13:48:38,초진,정상
3200,10002816,3,1008,2026-03-03 13:49:28,재진,정상
3201,10002419,6,1018,2026-03-03 13:52:32,재진,취소
3202,10001413,4,1010,2026-03-03 13:53:21,재진,정상
3203,10003418,6,1018,2026-03-03 13:57:02,초진,정상
3204,10003419,5,1015,2026-03-03 13:59:01,초진,정상
3205,10001866,3,1008,2026-03-03 14:00:10,재진,정상
3206,10002047,6,1018,2026-03-03 14:01:29,재진,정상
3207,10002913,5,1015,2026-03-03 14:03:15,재진,정상
3208,10003422,2,1006,2026-03-03 14:04:22,초진,정상
3209,10002668,2,1006,2026-03-03 14:08:00,재진,정상
3210,10003420,6,1018,2026-03-03 14:08:53,초진,정상
3211,10003421,4,1010,2026-03-03 14:09:47,초진,정상
3212,10002664,2,1006,2026-03-03 14:10:20,재진,정상
3213,10001698,4,1010,2026-03-03 14:10:47,재진,정상
3214,10000057,7,1019,2026-03-03 14:12:39,초진,정상
3215,10002550,4,1010,2026-03-03 14:13:54,재진,정상
3216,10003124,5,1015,2026-03-03 14:16:00,재진,정상
3217,10003423,4,1010,2026-03-03 14:16:54,초진,정상
3218,10003424,7,1019,2026-03-03 14:20:36,초진,정상
3219,10002669,7,1019,2026-03-03 14:23:19,재진,정상
3220,10002908,3,1008,2026-03-03 14:27:05,재진,정상
3221,10002628,2,1006,2026-03-03 14:28:09,재진,정상
3222,10000031,4,1010,2026-03-03 14:29:04,초진,정상
3223,10003089,6,1018,2026-03-03 14:34:26,재진,정상
3224,10000058,3,1008,2026-03-03 14:35:42,초진,정상
3225,10000024,7,1019,2026-03-03 14:41:18,재진,정상
3226,10003425,6,1018,2026-03-03 14:41:39,초진,정상
3227,10000673,5,1015,2026-03-03 14:48:46,초진,정상
3228,10002335,3,1008,2026-03-03 14:50:14,재진,정상
3229,10000171,3,1008,2026-03-03 14:52:30,초진,정상
3230,10002080,7,1019,2026-03-03 14:53:35,재진,정상
3231,10003426,4,1010,2026-03-03 14:56:27,초진,정상
3232,10000082,4,1010,2026-03-03 14:59:30,초진,정상
3233,10002410,2,1006,2026-03-03 15:00:07,재진,정상
3234,10003427,4,1010,2026-03-03 15:00:26,초진,정상
3235,10002138,5,1015,2026-03-03 15:07:17,재진,정상
3236,10003428,5,1015,2026-03-03 15:23:32,초진,정상
3237,10002307,2,1006,2026-03-03 15:28:38,재진,정상
3238,10000874,2,1006,2026-03-03 15:34:47,재진,정상
3239,10003430,1,1002,2026-03-04 08:21:09,초진,정상
3240,10003429,1,1002,2026-03-04 08:21:13,초진,정상
3241,10001832,1,1002,2026-03-04 08:31:56,재진,정상
3242,10002345,6,1016,2026-03-04 08:32:55,재진,정상
3243,10002773,1,1002,2026-03-04 08:39:09,재진,정상
3244,10003431,6,1016,2026-03-04 08:39:58,초진,정상
3245,10003432,3,1007,2026-03-04 08:40:50,초진,정상
3246,10003433,6,1016,2026-03-04 08:41:09,초진,정상
3247,10003434,6,1016,2026-03-04 08:44:09,초진,정상
3248,10003009,3,1007,2026-03-04 08:46:40,재진,정상
3249,10002447,1,1002,2026-03-04 08:48:39,재진,정상
3250,10001541,1,1002,2026-03-04 08:52:32,재진,정상
3251,10002118,1,1002,2026-03-04 08:57:17,재진,정상
3252,10002398,7,1020,2026-03-04 08:58:46,재진,정상
3253,10003436,3,1007,2026-03-04 08:58:49,초진,정상
3254,10003435,3,1007,2026-03-04 08:59:43,초진,정상
3255,10003437,1,1002,2026-03-04 09:03:49,초진,정상
3256,10003438,6,1016,2026-03-04 09:13:20,초진,정상
3257,10002926,6,1016,2026-03-04 09:14:18,재진,정상
3258,10003439,1,1002,2026-03-04 09:16:31,초진,정상
3259,10001726,6,1016,2026-03-04 09:17:51,재진,취소
3260,10000026,1,1002,2026-03-04 09:22:45,재진,정상
3261,10000114,1,1002,2026-03-04 09:24:02,재진,정상
3262,10003176,6,1016,2026-03-04 09:33:16,초진,정상
3263,10003440,1,1002,2026-03-04 09:36:43,초진,정상
3264,10000953,3,1007,2026-03-04 09:39:29,초진,정상
3265,10001671,1,1002,2026-03-04 09:40:21,재진,정상
3266,10000643,3,1007,2026-03-04 09:44:51,초진,정상
3267,10000120,1,1002,2026-03-04 09:46:59,초진,정상
3268,10000925,3,1007,2026-03-04 09:54:49,초진,정상
3269,10001862,1,1002,2026-03-04 10:00:47,재진,정상
3270,10002094,6,1016,2026-03-04 10:07:03,재진,정상
3271,10000385,3,1007,2026-03-04 10:13:20,재진,정상
3272,10001063,1,1002,2026-03-04 10:22:19,재진,정상
3273,10000311,3,1007,2026-03-04 10:24:00,재진,정상
3274,10003441,1,1002,2026-03-04 10:41:41,초진,정상
3275,10002998,6,1016,2026-03-04 10:47:50,재진,정상
3276,10002721,6,1016,2026-03-04 10:51:04,초진,정상
3277,10002834,6,1016,2026-03-04 10:58:35,재진,정상
3278,10002265,6,1016,2026-03-04 11:01:28,재진,정상
3279,10003442,1,1002,2026-03-04 11:14:50,초진,정상
3280,10002151,3,1007,2026-03-04 12:50:49,재진,정상
3281,10003443,3,1007,2026-03-04 12:53:06,초진,정상
3282,10000951,2,1004,2026-03-04 12:56:17,재진,정상
3283,10001556,3,1007,2026-03-04 13:03:13,초진,정상
3284,10001478,2,1004,2026-03-04 13:09:30,재진,정상
3285,10003444,6,1017,2026-03-04 13:12:27,초진,정상
3286,10003445,2,1004,2026-03-04 13:16:51,초진,정상
3287,10000924,3,1007,2026-03-04 13:21:12,재진,정상
3288,10002826,3,1007,2026-03-04 13:21:23,재진,정상
3289,10002204,3,1007,2026-03-04 13:25:53,재진,정상
3290,10003180,2,1004,2026-03-04 13:26:37,재진,정상
3291,10001836,3,1007,2026-03-04 13:29:06,재진,정상
3292,10003184,2,1004,2026-03-04 13:31:29,재진,정상
3293,10000481,3,1007,2026-03-04 13:36:08,재진,정상
3294,10001530,2,1004,2026-03-04 13:36:17,초진,정상
3295,10000464,2,1004,2026-03-04 13:43:09,초진,정상
3296,10000340,3,1007,2026-03-04 13:51:21,초진,정상
3297,10003446,2,1004,2026-03-04 14:10:12,초진,정상
3298,10000206,3,1007,2026-03-04 14:46:21,재진,정상
3299,10002574,2,1004,2026-03-04 15:34:03,재진,정상
3300,10000922,4,1011,2026-03-05 08:22:00,재진,정상
3301,10003447,7,1021,2026-03-05 08:23:14,초진,정상
3302,10001874,4,1011,2026-03-05 08:26:58,재진,정상
3303,10003449,3,1009,2026-03-05 08:27:54,초진,정상
3304,10001289,4,1011,2026-03-05 08:29:10,초진,정상
3305,10000059,7,1021,2026-03-05 08:29:28,초진,정상
3306,10003215,4,1011,2026-03-05 08:33:55,재진,정상
3307,10000368,7,1021,2026-03-05 08:36:57,초진,정상
3308,10003448,4,1011,2026-03-05 08:39:24,초진,정상
3309,10002809,4,1011,2026-03-05 08:41:43,초진,정상
3310,10003450,2,1005,2026-03-05 08:47:27,초진,정상
3311,10002956,7,1021,2026-03-05 08:50:21,재진,정상
3312,10000721,3,1009,2026-03-05 08:54:05,초진,정상
3313,10003451,4,1011,2026-03-05 08:56:09,초진,정상
3314,10002186,3,1009,2026-03-05 08:57:40,재진,정상
3315,10000448,2,1005,2026-03-05 09:05:08,재진,정상
3316,10003452,7,1021,2026-03-05 09:12:53,초진,정상
3317,10000485,3,1009,2026-03-05 09:18:09,초진,정상
3318,10000043,3,1009,2026-03-05 09:19:54,초진,정상
3319,10000243,4,1011,2026-03-05 09:21:02,재진,정상
3320,10001685,3,1009,2026-03-05 09:22:20,초진,정상
3321,10003453,2,1005,2026-03-05 09:26:38,초진,정상
3322,10000264,4,1011,2026-03-05 09:32:41,초진,정상
3323,10002379,7,1021,2026-03-05 09:35:30,재진,정상
3324,10003454,4,1011,2026-03-05 09:38:01,초진,정상
3325,10003048,7,1021,2026-03-05 09:38:41,재진,정상
3326,10000214,7,1021,2026-03-05 09:39:23,초진,정상
3327,10000716,4,1011,2026-03-05 09:44:14,재진,정상
3328,10002842,7,1021,2026-03-05 09:53:46,초진,정상
3329,10000914,2,1005,2026-03-05 09:58:59,재진,정상
3330,10000748,2,1005,2026-03-05 10:02:02,초진,정상
3331,10001126,2,1005,2026-03-05 10:04:20,재진,정상
3332,10003455,7,1021,2026-03-05 10:05:50,초진,정상
3333,10000678,2,1005,2026-03-05 10:05:52,재진,정상
3334,10003456,7,1021,2026-03-05 10:08:42,초진,정상
3335,10002732,2,1005,2026-03-05 10:09:59,재진,정상
3336,10002074,7,1021,2026-03-05 10:11:05,재진,정상
3337,10001519,7,1021,2026-03-05 10:29:13,초진,취소
3338,10001629,7,1021,2026-03-05 10:35:54,초진,정상
3339,10003051,7,1021,2026-03-05 10:47:40,재진,정상
3340,10002637,3,1009,2026-03-05 10:50:56,재진,정상
3341,10002869,4,1011,2026-03-05 10:58:55,재진,정상
3342,10003054,7,1021,2026-03-05 11:08:11,재진,정상
3343,10003192,4,1011,2026-03-05 11:13:04,재진,정상
3344,10002059,2,1005,2026-03-05 12:50:23,재진,정상
3345,10001565,1,1001,2026-03-05 12:53:02,재진,정상
3346,10000936,2,1005,2026-03-05 12:54:33,재진,정상
3347,10000517,1,1001,2026-03-05 12:55:08,재진,정상
3348,10001920,2,1005,2026-03-05 12:57:22,재진,정상
3349,10001918,1,1001,2026-03-05 12:57:59,초진,정상
3350,10000357,1,1001,2026-03-05 13:00:35,초진,정상
3351,10003457,1,1001,2026-03-05 13:03:32,초진,정상
3352,10002623,4,1010,2026-03-05 13:16:32,재진,정상
3353,10001574,2,1005,2026-03-05 13:17:58,초진,정상
3354,10000498,2,1005,2026-03-05 13:18:02,초진,정상
3355,10003435,1,1001,2026-03-05 13:21:12,초진,정상
3356,10001204,5,1015,2026-03-05 13:22:43,초진,정상
3357,10003458,2,1005,2026-03-05 13:22:54,초진,정상
3358,10003459,1,1001,2026-03-05 13:27:24,초진,정상
3359,10001481,1,1001,2026-03-05 13:28:14,재진,정상
3360,10003460,5,1015,2026-03-05 13:33:03,초진,정상
3361,10000561,1,1001,2026-03-05 13:34:49,재진,정상
3362,10003125,2,1005,2026-03-05 13:52:43,재진,정상
3363,10003131,1,1001,2026-03-05 13:56:11,재진,정상
3364,10003461,1,1001,2026-03-05 14:00:42,초진,정상
3365,10002486,1,1001,2026-03-05 14:05:06,재진,정상
3366,10001484,2,1005,2026-03-05 14:10:18,재진,정상
3367,10002841,2,1005,2026-03-05 14:13:43,재진,정상
3368,10003084,5,1015,2026-03-05 14:17:28,재진,정상
3369,10001771,1,1001,2026-03-05 14:21:17,재진,정상
3370,10001117,1,1001,2026-03-05 14:24:13,재진,정상
3371,10001552,5,1015,2026-03-05 14:28:12,초진,정상
3372,10000567,2,1005,2026-03-05 14:32:20,초진,정상
3373,10000676,4,1010,2026-03-05 14:32:21,초진,정상
3374,10003123,1,1001,2026-03-05 14:34:22,재진,정상
3375,10002008,1,1001,2026-03-05 14:39:22,재진,정상
3376,10001346,1,1001,2026-03-05 14:54:15,초진,정상
3377,10002478,4,1010,2026-03-05 15:18:09,재진,정상
3378,10000702,1,1001,2026-03-05 15:36:18,재진,정상
3379,10000665,8,1024,2026-03-06 08:23:22,초진,정상
3380,10000660,8,1024,2026-03-06 08:43:16,초진,정상
3381,10001660,5,1013,2026-03-06 08:46:07,초진,정상
3382,10000812,5,1013,2026-03-06 08:49:37,초진,정상
3383,10002784,5,1013,2026-03-06 08:52:02,재진,정상
3384,10002223,8,1024,2026-03-06 08:54:40,재진,정상
3385,10003129,5,1013,2026-03-06 09:09:47,재진,정상
3386,10000090,3,1009,2026-03-06 09:21:55,재진,정상
3387,10001699,5,1013,2026-03-06 09:34:41,재진,취소
3388,10002109,5,1013,2026-03-06 09:41:42,재진,정상
3389,10002612,5,1013,2026-03-06 09:46:19,재진,정상
3390,10003462,8,1024,2026-03-06 10:13:31,초진,정상
3391,10002947,5,1013,2026-03-06 10:46:56,재진,정상
3392,10003463,5,1013,2026-03-06 11:03:20,초진,정상
3393,10002519,8,1024,2026-03-06 12:55:58,재진,정상
3394,10003464,5,1014,2026-03-06 12:57:05,초진,정상
3395,10002775,4,1011,2026-03-06 13:06:57,재진,정상
3396,10003465,2,1004,2026-03-06 13:10:13,초진,정상
3397,10000078,1,1001,2026-03-06 13:13:57,초진,정상
3398,10003466,1,1001,2026-03-06 13:16:55,초진,정상
3399,10001303,8,1024,2026-03-06 13:18:37,초진,정상
3400,10000862,4,1011,2026-03-06 13:20:37,초진,정상
3401,10001396,2,1004,2026-03-06 13:26:05,초진,정상
3402,10002868,5,1014,2026-03-06 13:34:43,재진,정상
3403,10000358,1,1001,2026-03-06 13:37:51,재진,정상
3404,10001760,4,1011,2026-03-06 13:39:57,재진,정상
3405,10003467,2,1004,2026-03-06 13:44:55,초진,정상
3406,10002761,5,1014,2026-03-06 13:55:53,재진,정상
3407,10000440,2,1004,2026-03-06 13:56:51,재진,정상
3408,10002867,5,1014,2026-03-06 13:57:00,재진,정상
3409,10002765,5,1014,2026-03-06 14:05:23,재진,정상
3410,10002640,8,1024,2026-03-06 14:10:22,재진,정상
3411,10002863,1,1001,2026-03-06 14:17:01,재진,정상
3412,10003025,1,1001,2026-03-06 14:32:49,재진,정상
3413,10000103,5,1014,2026-03-06 14:34:03,재진,정상
3414,10001884,4,1011,2026-03-06 14:34:11,재진,정상
3415,10000932,5,1014,2026-03-06 14:37:58,초진,정상
3416,10003469,1,1001,2026-03-06 14:40:41,초진,정상
3417,10000338,8,1024,2026-03-06 14:42:34,초진,정상
3418,10001842,4,1011,2026-03-06 14:43:48,재진,취소
3419,10003468,2,1004,2026-03-06 14:45:28,초진,정상
3420,10000978,5,1014,2026-03-06 14:52:57,재진,정상
3421,10000010,8,1024,2026-03-06 15:10:20,재진,정상
3422,10001349,1,1001,2026-03-06 15:29:46,초진,취소
3423,10000136,7,1021,2026-03-09 08:22:33,재진,정상
3424,10003470,7,1021,2026-03-09 08:23:07,초진,정상
3425,10000404,7,1021,2026-03-09 08:26:28,재진,정상
3426,10000881,1,1002,2026-03-09 08:27:51,재진,정상
3427,10002117,2,1006,2026-03-09 08:29:59,재진,정상
3428,10001791,1,1002,2026-03-09 08:30:17,초진,정상
3429,10003471,5,1014,2026-03-09 08:33:23,초진,정상
3430,10001977,1,1002,2026-03-09 08:34:47,재진,정상
3431,10000007,2,1006,2026-03-09 08:45:28,재진,정상
3432,10001231,2,1006,2026-03-09 08:45:39,재진,정상
3433,10000682,2,1006,2026-03-09 08:47:13,재진,정상
3434,10002264,1,1002,2026-03-09 08:48:55,재진,정상
3435,10000583,8,1022,2026-03-09 08:49:08,초진,정상
3436,10002233,1,1002,2026-03-09 08:50:06,재진,정상
3437,10001798,1,1002,2026-03-09 08:54:52,초진,정상
3438,10001124,1,1002,2026-03-09 08:55:41,초진,정상
3439,10000004,1,1002,2026-03-09 08:55:53,초진,정상
3440,10002779,2,1006,2026-03-09 08:56:56,재진,정상
3441,10002770,1,1002,2026-03-09 08:57:06,재진,정상
3442,10001104,1,1002,2026-03-09 09:05:19,초진,정상
3443,10000570,8,1022,2026-03-09 09:08:03,초진,정상
3444,10003472,8,1022,2026-03-09 09:09:58,초진,정상
3445,10003474,2,1006,2026-03-09 09:10:11,초진,정상
3446,10002382,1,1002,2026-03-09 09:10:27,재진,정상
3447,10001085,2,1006,2026-03-09 09:17:08,재진,정상
3448,10000044,1,1002,2026-03-09 09:20:15,초진,정상
3449,10003473,1,1002,2026-03-09 09:24:02,초진,정상
3450,10002679,8,1022,2026-03-09 09:25:34,재진,정상
3451,10001018,8,1022,2026-03-09 09:26:01,재진,정상
3452,10003476,7,1021,2026-03-09 09:26:36,초진,정상
3453,10003475,2,1006,2026-03-09 09:27:50,초진,정상
3454,10001833,1,1002,2026-03-09 09:29:20,재진,정상
3455,10003222,7,1021,2026-03-09 09:35:41,초진,정상
3456,10001904,2,1006,2026-03-09 09:37:21,재진,정상
3457,10000639,2,1006,2026-03-09 09:39:24,재진,정상
3458,10001950,2,1006,2026-03-09 09:39:42,재진,정상
3459,10003477,8,1022,2026-03-09 09:39:58,초진,정상
3460,10003295,8,1022,2026-03-09 09:41:02,재진,정상
3461,10001816,2,1006,2026-03-09 09:42:04,재진,정상
3462,10002067,7,1021,2026-03-09 09:43:46,재진,정상
3463,10002975,8,1022,2026-03-09 09:51:26,초진,정상
3464,10001072,8,1022,2026-03-09 10:01:20,초진,정상
3465,10002661,2,1006,2026-03-09 10:06:56,재진,정상
3466,10001161,8,1022,2026-03-09 10:08:37,초진,정상
3467,10002493,1,1002,2026-03-09 10:26:12,재진,정상
3468,10003137,1,1002,2026-03-09 10:26:38,재진,정상
3469,10000365,7,1021,2026-03-09 10:27:52,초진,정상
3470,10001024,2,1006,2026-03-09 10:35:16,재진,정상
3471,10002017,8,1022,2026-03-09 10:35:44,초진,정상
3472,10000882,8,1022,2026-03-09 10:36:33,초진,취소
3473,10003478,1,1002,2026-03-09 10:36:48,초진,정상
3474,10000458,1,1002,2026-03-09 10:52:59,재진,정상
3475,10003479,2,1006,2026-03-09 11:09:26,초진,정상
3476,10003480,7,1021,2026-03-09 11:10:54,초진,정상
3477,10000300,8,1022,2026-03-09 12:50:55,초진,정상
3478,10002274,8,1022,2026-03-09 12:51:24,초진,정상
3479,10000849,8,1022,2026-03-09 12:55:20,초진,정상
3480,10003481,7,1019,2026-03-09 12:55:29,초진,정상
3481,10002969,7,1019,2026-03-09 13:01:24,재진,정상
3482,10003485,4,1012,2026-03-09 13:02:13,초진,정상
3483,10002905,1,1003,2026-03-09 13:04:55,재진,취소
3484,10003482,1,1003,2026-03-09 13:05:23,초진,정상
3485,10002604,4,1012,2026-03-09 13:06:19,재진,정상
3486,10002034,4,1012,2026-03-09 13:06:35,재진,정상
3487,10002893,8,1022,2026-03-09 13:06:43,초진,정상
3488,10003080,4,1012,2026-03-09 13:07:41,초진,정상
3489,10002457,5,1013,2026-03-09 13:08:51,초진,정상
3490,10001214,1,1003,2026-03-09 13:10:38,재진,정상
3491,10002240,4,1012,2026-03-09 13:10:56,재진,정상
3492,10001520,8,1022,2026-03-09 13:12:49,재진,정상
3493,10000248,4,1012,2026-03-09 13:13:13,초진,정상
3494,10003483,1,1003,2026-03-09 13:14:04,초진,정상
3495,10003486,4,1012,2026-03-09 13:15:58,초진,정상
3496,10003484,1,1003,2026-03-09 13:15:58,초진,정상
3497,10002449,8,1022,2026-03-09 13:16:02,재진,정상
3498,10001412,1,1003,2026-03-09 13:16:26,초진,정상
3499,10002458,1,1003,2026-03-09 13:17:14,재진,정상
3500,10000342,1,1003,2026-03-09 13:18:29,초진,정상
3501,10000675,4,1012,2026-03-09 13:18:46,초진,정상
3502,10003487,5,1013,2026-03-09 13:25:36,초진,정상
3503,10003488,1,1003,2026-03-09 13:25:54,초진,정상
3504,10002889,4,1012,2026-03-09 13:29:49,재진,정상
3505,10002599,8,1022,2026-03-09 13:32:03,재진,정상
3506,10001754,4,1012,2026-03-09 13:33:31,재진,정상
3507,10003489,8,1022,2026-03-09 13:36:09,초진,정상
3508,10003063,7,1019,2026-03-09 13:36:37,재진,정상
3509,10001584,8,1022,2026-03-09 13:36:42,재진,정상
3510,10001168,4,1012,2026-03-09 13:36:59,초진,정상
3511,10003490,4,1012,2026-03-09 13:38:21,초진,정상
3512,10000304,8,1022,2026-03-09 13:40:56,초진,정상
3513,10000793,7,1019,2026-03-09 13:49:23,초진,정상
3514,10001896,4,1012,2026-03-09 13:49:46,재진,정상
3515,10001851,8,1022,2026-03-09 13:53:30,초진,정상
3516,10003491,4,1012,2026-03-09 13:55:44,초진,정상
3517,10000868,1,1003,2026-03-09 13:58:36,재진,정상
3518,10002076,7,1019,2026-03-09 14:00:41,재진,정상
3519,10000219,1,1003,2026-03-09 14:01:35,재진,정상
3520,10003492,7,1019,2026-03-09 14:02:22,초진,정상
3521,10002124,4,1012,2026-03-09 14:04:49,재진,정상
3522,10002081,1,1003,2026-03-09 14:06:19,재진,정상
3523,10003494,8,1022,2026-03-09 14:10:21,초진,정상
3524,10002075,1,1003,2026-03-09 14:13:24,재진,정상
3525,10003493,7,1019,2026-03-09 14:16:58,초진,정상
3526,10000280,7,1019,2026-03-09 14:20:24,초진,정상
3527,10001162,4,1012,2026-03-09 14:23:49,초진,정상
3528,10003211,5,1013,2026-03-09 14:25:09,재진,정상
3529,10000941,5,1013,2026-03-09 14:25:26,재진,정상
3530,10001637,7,1019,2026-03-09 14:25:35,초진,정상
3531,10002391,1,1003,2026-03-09 14:25:49,재진,정상
3532,10003495,7,1019,2026-03-09 14:29:37,초진,정상
3533,10000349,1,1003,2026-03-09 14:50:32,재진,정상
3534,10001119,7,1019,2026-03-09 14:55:11,재진,정상
3535,10002982,1,1003,2026-03-09 15:04:41,재진,정상
3536,10003497,1,1003,2026-03-09 15:05:18,초진,정상
3537,10000102,4,1012,2026-03-09 15:06:26,초진,정상
3538,10003496,5,1013,2026-03-09 15:06:39,초진,정상
3539,10003498,1,1003,2026-03-09 15:16:40,초진,정상
3540,10002973,5,1013,2026-03-09 15:28:31,재진,정상
3541,10003499,4,1012,2026-03-09 15:35:32,초진,정상
3542,10000038,8,1023,2026-03-10 08:21:28,재진,정상
3543,10003080,7,1020,2026-03-10 08:22:40,초진,정상
3544,10001968,7,1020,2026-03-10 08:23:55,초진,정상
3545,10002817,8,1023,2026-03-10 08:25:23,재진,정상
3546,10000498,4,1012,2026-03-10 08:26:51,초진,정상
3547,10000983,1,1003,2026-03-10 08:30:25,재진,정상
3548,10003397,4,1012,2026-03-10 08:31:02,초진,정상
3549,10000819,3,1008,2026-03-10 08:32:24,재진,정상
3550,10003501,7,1020,2026-03-10 08:34:16,초진,정상
3551,10003500,1,1003,2026-03-10 08:35:40,초진,정상
3552,10002132,6,1017,2026-03-10 08:36:33,재진,정상
3553,10002037,1,1003,2026-03-10 08:37:57,재진,정상
3554,10002579,4,1012,2026-03-10 08:39:21,재진,정상
3555,10003503,6,1017,2026-03-10 08:41:45,초진,정상
3556,10003504,3,1008,2026-03-10 08:41:54,초진,정상
3557,10000776,4,1012,2026-03-10 08:41:56,재진,정상
3558,10002925,7,1020,2026-03-10 08:43:24,재진,정상
3559,10001079,4,1012,2026-03-10 08:43:51,초진,정상
3560,10002811,6,1017,2026-03-10 08:47:27,재진,정상
3561,10003502,4,1012,2026-03-10 08:48:38,초진,정상
3562,10003505,7,1020,2026-03-10 08:50:38,초진,정상
3563,10003506,6,1017,2026-03-10 08:51:54,초진,정상
3564,10003078,7,1020,2026-03-10 08:53:27,재진,정상
3565,10002696,3,1008,2026-03-10 08:53:32,재진,정상
3566,10002617,6,1017,2026-03-10 08:54:44,재진,정상
3567,10003507,4,1012,2026-03-10 08:55:09,초진,정상
3568,10000435,8,1023,2026-03-10 08:56:10,초진,취소
3569,10000107,4,1012,2026-03-10 08:59:35,재진,정상
3570,10000896,8,1023,2026-03-10 09:01:09,재진,정상
3571,10003154,7,1020,2026-03-10 09:03:20,재진,정상
3572,10003509,1,1003,2026-03-10 09:04:25,초진,정상
3573,10000065,3,1008,2026-03-10 09:05:11,초진,정상
3574,10002903,6,1017,2026-03-10 09:05:15,재진,정상
3575,10001216,7,1020,2026-03-10 09:06:08,초진,정상
3576,10000245,3,1008,2026-03-10 09:07:36,재진,정상
3577,10003510,1,1003,2026-03-10 09:09:49,초진,정상
3578,10000629,1,1003,2026-03-10 09:12:07,재진,정상
3579,10002242,1,1003,2026-03-10 09:13:31,재진,정상
3580,10003508,6,1017,2026-03-10 09:14:43,초진,취소
3581,10000921,8,1023,2026-03-10 09:16:23,재진,정상
3582,10002248,7,1020,2026-03-10 09:22:09,재진,정상
3583,10003076,3,1008,2026-03-10 09:34:00,재진,정상
3584,10002613,1,1003,2026-03-10 09:36:43,재진,정상
3585,10000535,3,1008,2026-03-10 09:38:44,초진,정상
3586,10003082,6,1017,2026-03-10 09:39:32,재진,정상
3587,10003096,8,1023,2026-03-10 09:42:42,재진,정상
3588,10002039,3,1008,2026-03-10 09:43:43,재진,정상
3589,10002949,7,1020,2026-03-10 09:50:16,재진,정상
3590,10002686,1,1003,2026-03-10 09:50:21,재진,정상
3591,10001877,7,1020,2026-03-10 09:58:53,초진,정상
3592,10000741,1,1003,2026-03-10 10:21:55,재진,정상
3593,10000455,8,1023,2026-03-10 10:25:15,재진,정상
3594,10001756,7,1020,2026-03-10 10:28:40,초진,정상
3595,10000209,8,1023,2026-03-10 10:36:29,재진,정상
3596,10000149,1,1003,2026-03-10 10:36:31,재진,정상
3597,10001045,7,1020,2026-03-10 10:42:59,초진,정상
3598,10003394,7,1020,2026-03-10 11:12:34,초진,정상
3599,10002481,5,1015,2026-03-10 12:50:43,재진,정상
3600,10000199,4,1010,2026-03-10 12:52:43,초진,정상
3601,10000036,4,1010,2026-03-10 12:57:09,초진,정상
3602,10002011,6,1018,2026-03-10 12:57:48,재진,정상
3603,10002813,4,1010,2026-03-10 13:01:35,재진,정상
3604,10003511,4,1010,2026-03-10 13:03:47,초진,취소
3605,10001820,4,1010,2026-03-10 13:05:14,재진,정상
3606,10000575,8,1023,2026-03-10 13:07:13,재진,정상
3607,10003513,4,1010,2026-03-10 13:10:36,초진,정상
3608,10003512,6,1018,2026-03-10 13:11:29,초진,정상
3609,10002979,3,1008,2026-03-10 13:17:44,재진,정상
3610,10001912,4,1010,2026-03-10 13:18:49,재진,정상
3611,10002420,3,1008,2026-03-10 13:19:33,초진,정상
3612,10000974,7,1019,2026-03-10 13:20:05,재진,정상
3613,10000265,3,1008,2026-03-10 13:20:30,초진,정상
3614,10001811,3,1008,2026-03-10 13:23:37,초진,정상
3615,10003514,6,1018,2026-03-10 13:24:12,초진,정상
3616,10003515,5,1015,2026-03-10 13:26:24,초진,정상
3617,10002468,3,1008,2026-03-10 13:30:18,재진,정상
3618,10003092,4,1010,2026-03-10 13:30:35,재진,정상
3619,10001336,4,1010,2026-03-10 13:31:24,초진,정상
3620,10002627,6,1018,2026-03-10 13:32:24,재진,정상
3621,10000856,4,1010,2026-03-10 13:39:24,재진,정상
3622,10002693,5,1015,2026-03-10 13:42:52,재진,정상
3623,10003517,5,1015,2026-03-10 13:44:21,초진,정상
3624,10001863,4,1010,2026-03-10 13:44:45,재진,정상
3625,10000191,4,1010,2026-03-10 13:45:07,초진,정상
3626,10000735,5,1015,2026-03-10 13:46:33,초진,정상
3627,10003516,5,1015,2026-03-10 13:50:46,초진,정상
3628,10003172,6,1018,2026-03-10 13:51:43,재진,정상
3629,10003518,6,1018,2026-03-10 13:54:22,초진,정상
3630,10003519,4,1010,2026-03-10 14:03:11,초진,정상
3631,10000795,7,1019,2026-03-10 14:07:59,재진,취소
3632,10000091,4,1010,2026-03-10 14:08:54,재진,정상
3633,10001704,5,1015,2026-03-10 14:15:33,초진,정상
3634,10000419,3,1008,2026-03-10 14:16:05,재진,정상
3635,10003520,4,1010,2026-03-10 14:18:23,초진,정상
3636,10002418,3,1008,2026-03-10 14:22:18,재진,정상
3637,10003521,5,1015,2026-03-10 14:23:50,초진,정상
3638,10000847,4,1010,2026-03-10 14:23:59,재진,정상
3639,10000214,5,1015,2026-03-10 14:31:21,재진,정상
3640,10001153,5,1015,2026-03-10 14:35:42,초진,정상
3641,10000195,5,1015,2026-03-10 14:38:14,초진,정상
3642,10003241,6,1018,2026-03-10 14:38:34,재진,정상
3643,10003522,4,1010,2026-03-10 14:46:42,초진,정상
3644,10003523,6,1018,2026-03-10 14:51:59,초진,정상
3645,10001275,3,1008,2026-03-10 14:56:52,초진,정상
3646,10002336,4,1010,2026-03-10 14:57:40,재진,정상
3647,10003524,8,1023,2026-03-10 15:03:28,초진,정상
3648,10003525,3,1008,2026-03-10 15:11:13,초진,정상
3649,10003277,6,1018,2026-03-10 15:25:56,초진,정상
3650,10002716,6,1016,2026-03-11 08:20:44,재진,정상
3651,10002598,1,1002,2026-03-11 08:21:30,재진,정상
3652,10003143,1,1002,2026-03-11 08:23:46,재진,정상
3653,10001342,3,1007,2026-03-11 08:32:32,재진,정상
3654,10003006,3,1007,2026-03-11 08:34:18,재진,정상
3655,10000565,1,1002,2026-03-11 08:35:12,재진,정상
3656,10001756,1,1002,2026-03-11 08:36:24,재진,정상
3657,10003527,3,1007,2026-03-11 08:39:07,초진,정상
3658,10003526,6,1016,2026-03-11 08:39:38,초진,정상
3659,10000693,1,1002,2026-03-11 08:40:14,재진,정상
3660,10001306,7,1020,2026-03-11 08:40:52,재진,정상
3661,10002658,1,1002,2026-03-11 08:47:59,재진,정상
3662,10001125,1,1002,2026-03-11 08:53:30,초진,정상
3663,10000722,1,1002,2026-03-11 08:55:07,재진,정상
3664,10003175,6,1016,2026-03-11 09:08:08,재진,정상
3665,10003528,6,1016,2026-03-11 09:10:51,초진,정상
3666,10002804,7,1020,2026-03-11 09:15:41,재진,정상
3667,10003529,1,1002,2026-03-11 09:28:56,초진,정상
3668,10001717,1,1002,2026-03-11 09:33:59,재진,정상
3669,10002226,1,1002,2026-03-11 09:34:26,재진,취소
3670,10000751,3,1007,2026-03-11 09:35:04,초진,정상
3671,10001244,6,1016,2026-03-11 09:39:02,초진,정상
3672,10001472,1,1002,2026-03-11 09:49:20,재진,정상
3673,10003530,6,1016,2026-03-11 09:55:01,초진,정상
3674,10000732,1,1002,2026-03-11 09:58:04,초진,정상
3675,10001562,1,1002,2026-03-11 09:58:26,재진,정상
3676,10003531,6,1016,2026-03-11 10:08:50,초진,정상
3677,10002934,6,1016,2026-03-11 10:13:50,재진,정상
3678,10003532,3,1007,2026-03-11 10:16:05,초진,정상
3679,10003533,6,1016,2026-03-11 11:05:52,초진,정상
3680,10000596,2,1004,2026-03-11 12:52:35,재진,정상
3681,10001008,2,1004,2026-03-11 12:59:45,초진,취소
3682,10003534,2,1004,2026-03-11 13:08:59,초진,정상
3683,10000190,2,1004,2026-03-11 13:13:51,재진,정상
3684,10002633,2,1004,2026-03-11 13:27:34,재진,정상
3685,10001932,2,1004,2026-03-11 13:31:29,재진,정상
3686,10000055,2,1004,2026-03-11 13:52:54,초진,정상
3687,10003178,2,1004,2026-03-11 13:54:55,재진,정상
3688,10003007,2,1004,2026-03-11 14:02:44,재진,정상
3689,10000096,2,1004,2026-03-11 14:13:34,재진,정상
3690,10000203,3,1007,2026-03-11 14:20:38,초진,취소
3691,10003535,3,1007,2026-03-11 14:47:48,초진,정상
3692,10002929,2,1004,2026-03-11 14:47:53,재진,정상
3693,10002427,2,1004,2026-03-11 15:02:33,재진,정상
3694,10000606,2,1004,2026-03-11 15:08:32,초진,정상
3695,10000182,7,1021,2026-03-12 08:20:44,초진,정상
3696,10000312,3,1009,2026-03-12 08:25:32,초진,정상
3697,10003216,4,1011,2026-03-12 08:27:22,재진,정상
3698,10002052,3,1009,2026-03-12 08:30:14,재진,정상
3699,10000249,3,1009,2026-03-12 08:31:55,재진,정상
3700,10003536,3,1009,2026-03-12 08:35:22,초진,정상
3701,10003537,3,1009,2026-03-12 08:38:35,초진,정상
3702,10000880,3,1009,2026-03-12 08:38:43,재진,정상
3703,10002600,7,1021,2026-03-12 08:40:23,재진,정상
3704,10000555,2,1005,2026-03-12 08:42:50,재진,정상
3705,10001043,4,1011,2026-03-12 08:46:22,초진,정상
3706,10001686,4,1011,2026-03-12 08:46:42,초진,정상
3707,10000240,3,1009,2026-03-12 08:47:39,재진,정상
3708,10003538,3,1009,2026-03-12 08:48:34,초진,취소
3709,10003539,7,1021,2026-03-12 08:48:58,초진,정상
3710,10002006,2,1005,2026-03-12 08:49:05,재진,정상
3711,10000713,3,1009,2026-03-12 08:50:04,초진,정상
3712,10000573,2,1005,2026-03-12 08:51:11,재진,정상
3713,10000493,2,1005,2026-03-12 08:51:43,재진,정상
3714,10002282,2,1005,2026-03-12 08:52:49,재진,취소
3715,10002564,4,1011,2026-03-12 08:53:54,재진,정상
3716,10003194,4,1011,2026-03-12 08:56:31,재진,정상
3717,10003015,4,1011,2026-03-12 08:57:57,재진,정상
3718,10002938,4,1011,2026-03-12 08:58:26,재진,정상
3719,10003319,4,1011,2026-03-12 09:01:25,초진,정상
3720,10002499,2,1005,2026-03-12 09:07:48,재진,정상
3721,10003540,4,1011,2026-03-12 09:09:35,초진,정상
3722,10003199,4,1011,2026-03-12 09:14:37,재진,정상
3723,10002009,2,1005,2026-03-12 09:17:53,재진,정상
3724,10003117,2,1005,2026-03-12 09:22:27,재진,취소
3725,10003541,3,1009,2026-03-12 09:22:40,초진,정상
3726,10001827,3,1009,2026-03-12 09:25:16,초진,정상
3727,10000232,3,1009,2026-03-12 09:34:59,재진,정상
3728,10003543,3,1009,2026-03-12 09:37:42,초진,정상
3729,10001836,2,1005,2026-03-12 09:38:47,초진,정상
3730,10003542,3,1009,2026-03-12 09:44:07,초진,정상
3731,10001935,4,1011,2026-03-12 09:46:15,재진,정상
3732,10003544,3,1009,2026-03-12 09:56:19,초진,정상
3733,10003545,4,1011,2026-03-12 10:00:56,초진,정상
3734,10002812,4,1011,2026-03-12 10:01:22,재진,정상
3735,10002358,4,1011,2026-03-12 10:06:02,재진,정상
3736,10003546,4,1011,2026-03-12 10:06:43,초진,정상
3737,10001319,4,1011,2026-03-12 10:12:12,초진,정상
3738,10000117,2,1005,2026-03-12 10:20:04,재진,정상
3739,10001965,3,1009,2026-03-12 10:22:36,재진,정상
3740,10001074,2,1005,2026-03-12 10:23:37,재진,정상
3741,10002377,2,1005,2026-03-12 10:31:49,초진,취소
3742,10002361,3,1009,2026-03-12 10:42:17,재진,정상
3743,10003547,4,1011,2026-03-12 10:43:45,초진,정상
3744,10003477,4,1011,2026-03-12 10:58:59,초진,정상
3745,10002584,3,1009,2026-03-12 11:03:01,재진,정상
3746,10002853,2,1005,2026-03-12 11:04:54,재진,정상
3747,10003238,1,1001,2026-03-12 12:58:08,재진,정상
3748,10001232,1,1001,2026-03-12 12:58:56,초진,정상
3749,10002940,1,1001,2026-03-12 13:00:57,재진,정상
3750,10000777,2,1005,2026-03-12 13:01:41,재진,정상
3751,10003548,2,1005,2026-03-12 13:07:58,초진,정상
3752,10003202,6,1018,2026-03-12 13:09:52,재진,정상
3753,10001314,4,1010,2026-03-12 13:10:28,초진,정상
3754,10003549,6,1018,2026-03-12 13:10:28,초진,정상
3755,10002754,2,1005,2026-03-12 13:11:00,재진,정상
3756,10003016,2,1005,2026-03-12 13:11:07,재진,정상
3757,10002915,4,1010,2026-03-12 13:14:57,재진,정상
3758,10003551,6,1018,2026-03-12 13:15:10,초진,정상
3759,10003035,2,1005,2026-03-12 13:18:25,재진,정상
3760,10003550,4,1010,2026-03-12 13:20:09,초진,정상
3761,10001137,4,1010,2026-03-12 13:20:52,초진,정상
3762,10000968,1,1001,2026-03-12 13:25:43,초진,정상
3763,10003167,4,1010,2026-03-12 13:26:44,재진,정상
3764,10003553,2,1005,2026-03-12 13:27:37,초진,정상
3765,10003552,1,1001,2026-03-12 13:30:04,초진,정상
3766,10002654,1,1001,2026-03-12 13:30:40,재진,정상
3767,10000178,5,1015,2026-03-12 13:31:35,초진,정상
3768,10003118,1,1001,2026-03-12 13:33:20,재진,정상
3769,10002910,5,1015,2026-03-12 13:38:32,재진,정상
3770,10002189,1,1001,2026-03-12 13:45:55,초진,정상
3771,10000267,4,1010,2026-03-12 13:52:00,재진,정상
3772,10001026,4,1010,2026-03-12 13:53:22,초진,정상
3773,10001612,1,1001,2026-03-12 13:56:36,재진,정상
3774,10002706,5,1015,2026-03-12 14:05:29,재진,정상
3775,10003554,4,1010,2026-03-12 14:11:23,초진,정상
3776,10003555,2,1005,2026-03-12 14:14:28,초진,정상
3777,10000685,5,1015,2026-03-12 14:21:40,재진,정상
3778,10001464,2,1005,2026-03-12 14:25:24,재진,취소
3779,10002645,1,1001,2026-03-12 14:30:46,재진,정상
3780,10003556,4,1010,2026-03-12 14:31:10,초진,정상
3781,10002845,2,1005,2026-03-12 14:36:06,재진,정상
3782,10002365,1,1001,2026-03-12 14:39:19,재진,정상
3783,10003032,1,1001,2026-03-12 14:39:58,재진,정상
3784,10003557,1,1001,2026-03-12 14:40:05,초진,정상
3785,10003558,1,1001,2026-03-12 14:43:34,초진,정상
3786,10003028,1,1001,2026-03-12 14:46:01,재진,정상
3787,10000318,1,1001,2026-03-12 14:47:35,초진,정상
3788,10002337,5,1015,2026-03-12 14:59:40,재진,정상
3789,10002941,1,1001,2026-03-12 15:00:57,재진,정상
3790,10003559,2,1005,2026-03-12 15:02:40,초진,정상
3791,10003350,1,1001,2026-03-12 15:17:51,초진,정상
3792,10001514,5,1013,2026-03-13 08:27:45,초진,정상
3793,10002243,5,1013,2026-03-13 08:29:13,재진,정상
3794,10001012,8,1024,2026-03-13 08:33:08,재진,정상
3795,10001235,8,1024,2026-03-13 08:34:32,초진,정상
3796,10001675,8,1024,2026-03-13 08:44:16,초진,정상
3797,10002540,5,1013,2026-03-13 08:56:32,재진,정상
3798,10002685,5,1013,2026-03-13 09:08:32,초진,정상
3799,10000393,3,1009,2026-03-13 09:18:42,초진,정상
3800,10001105,3,1009,2026-03-13 09:19:34,초진,취소
3801,10002513,5,1013,2026-03-13 09:33:55,재진,정상
3802,10001710,8,1024,2026-03-13 09:53:16,재진,정상
3803,10002948,8,1024,2026-03-13 10:17:53,재진,정상
3804,10000605,8,1024,2026-03-13 10:39:23,초진,정상
3805,10000473,5,1013,2026-03-13 10:40:42,재진,정상
3806,10003560,8,1024,2026-03-13 10:57:39,초진,정상
3807,10000414,5,1014,2026-03-13 12:51:04,초진,정상
3808,10002096,2,1004,2026-03-13 13:00:08,재진,취소
3809,10003561,2,1004,2026-03-13 13:01:37,초진,취소
3810,10002371,8,1024,2026-03-13 13:08:39,재진,정상
3811,10003042,2,1004,2026-03-13 13:21:43,재진,정상
3812,10003562,4,1011,2026-03-13 13:26:30,초진,정상
3813,10003563,1,1001,2026-03-13 13:28:42,초진,정상
3814,10003564,4,1011,2026-03-13 13:30:46,초진,취소
3815,10002275,1,1001,2026-03-13 13:31:49,재진,정상
3816,10003043,8,1024,2026-03-13 13:46:20,재진,정상
3817,10003565,1,1001,2026-03-13 13:49:02,초진,정상
3818,10002221,1,1001,2026-03-13 13:54:39,재진,취소
3819,10003566,5,1014,2026-03-13 13:56:46,초진,정상
3820,10002866,1,1001,2026-03-13 14:01:11,재진,정상
3821,10003568,8,1024,2026-03-13 14:02:48,초진,정상
3822,10003567,1,1001,2026-03-13 14:02:55,초진,정상
3823,10000395,5,1014,2026-03-13 14:03:53,초진,정상
3824,10000451,2,1004,2026-03-13 14:04:22,초진,정상
3825,10002012,1,1001,2026-03-13 14:09:29,재진,정상
3826,10001803,1,1001,2026-03-13 14:17:45,재진,정상
3827,10000227,4,1011,2026-03-13 14:32:52,재진,정상
3828,10000370,5,1014,2026-03-13 15:05:38,재진,정상
3829,10001400,8,1022,2026-03-16 08:24:00,재진,정상
3830,10001764,1,1002,2026-03-16 08:26:06,초진,정상
3831,10002359,2,1006,2026-03-16 08:26:20,재진,정상
3832,10000488,8,1022,2026-03-16 08:28:42,재진,정상
3833,10000510,7,1021,2026-03-16 08:29:59,재진,정상
3834,10003569,2,1006,2026-03-16 08:30:11,초진,정상
3835,10001719,1,1002,2026-03-16 08:31:07,재진,정상
3836,10000433,1,1002,2026-03-16 08:32:23,초진,정상
3837,10001570,2,1006,2026-03-16 08:37:20,초진,정상
3838,10001737,1,1002,2026-03-16 08:37:45,초진,정상
3839,10001891,1,1002,2026-03-16 08:39:57,재진,정상
3840,10002070,2,1006,2026-03-16 08:42:45,재진,정상
3841,10003543,1,1002,2026-03-16 08:47:26,초진,취소
3842,10000239,7,1021,2026-03-16 08:47:37,재진,정상
3843,10002245,8,1022,2026-03-16 08:49:00,재진,정상
3844,10003570,5,1014,2026-03-16 08:50:24,초진,정상
3845,10003571,1,1002,2026-03-16 08:51:38,초진,정상
3846,10000179,7,1021,2026-03-16 08:55:37,초진,정상
3847,10003572,5,1014,2026-03-16 08:56:22,초진,정상
3848,10000631,1,1002,2026-03-16 08:57:23,재진,정상
3849,10000238,8,1022,2026-03-16 09:06:15,재진,정상
3850,10003573,1,1002,2026-03-16 09:11:51,초진,정상
3851,10000949,8,1022,2026-03-16 09:21:45,초진,정상
3852,10002115,1,1002,2026-03-16 09:24:21,재진,정상
3853,10002041,2,1006,2026-03-16 09:26:09,재진,정상
3854,10003052,8,1022,2026-03-16 09:33:23,재진,정상
3855,10002384,1,1002,2026-03-16 09:36:46,재진,정상
3856,10000646,2,1006,2026-03-16 09:37:45,초진,정상
3857,10003574,2,1006,2026-03-16 09:43:05,초진,정상
3858,10002771,2,1006,2026-03-16 09:43:16,재진,정상
3859,10003575,7,1021,2026-03-16 09:43:35,초진,정상
3860,10003238,8,1022,2026-03-16 09:44:45,초진,정상
3861,10001563,8,1022,2026-03-16 09:48:28,재진,정상
3862,10002619,1,1002,2026-03-16 09:53:38,초진,정상
3863,10003576,7,1021,2026-03-16 09:56:00,초진,정상
3864,10000166,2,1006,2026-03-16 09:56:18,초진,정상
3865,10000331,7,1021,2026-03-16 10:05:41,재진,정상
3866,10003577,8,1022,2026-03-16 10:05:43,초진,정상
3867,10000898,5,1014,2026-03-16 10:06:56,초진,정상
3868,10002042,1,1002,2026-03-16 10:12:47,초진,정상
3869,10001039,2,1006,2026-03-16 10:14:57,초진,정상
3870,10000786,8,1022,2026-03-16 10:15:44,재진,정상
3871,10003366,7,1021,2026-03-16 10:29:39,재진,정상
3872,10002019,5,1014,2026-03-16 10:33:17,초진,정상
3873,10003043,2,1006,2026-03-16 10:40:17,재진,정상
3874,10002413,2,1006,2026-03-16 11:01:43,재진,정상
3875,10003578,8,1022,2026-03-16 12:50:21,초진,정상
3876,10000175,7,1019,2026-03-16 12:51:01,재진,정상
3877,10003014,1,1003,2026-03-16 12:52:47,초진,정상
3878,10002451,8,1022,2026-03-16 12:52:50,재진,정상
3879,10001102,1,1003,2026-03-16 12:53:47,초진,정상
3880,10003579,8,1022,2026-03-16 12:53:51,초진,정상
3881,10001355,4,1012,2026-03-16 12:57:47,초진,정상
3882,10002607,5,1013,2026-03-16 12:58:14,재진,정상
3883,10002699,7,1019,2026-03-16 13:00:18,재진,정상
3884,10001507,4,1012,2026-03-16 13:02:36,재진,정상
3885,10003250,5,1013,2026-03-16 13:02:47,재진,정상
3886,10002460,1,1003,2026-03-16 13:03:41,재진,정상
3887,10002387,8,1022,2026-03-16 13:08:13,재진,정상
3888,10003582,8,1022,2026-03-16 13:11:10,초진,정상
3889,10003580,1,1003,2026-03-16 13:12:37,초진,정상
3890,10002672,8,1022,2026-03-16 13:12:52,재진,정상
3891,10003581,8,1022,2026-03-16 13:13:45,초진,정상
3892,10003583,7,1019,2026-03-16 13:16:57,초진,정상
3893,10001002,5,1013,2026-03-16 13:17:10,재진,정상
3894,10001438,1,1003,2026-03-16 13:19:33,초진,정상
3895,10001177,1,1003,2026-03-16 13:19:47,초진,정상
3896,10001173,4,1012,2026-03-16 13:20:17,초진,정상
3897,10000961,7,1019,2026-03-16 13:22:44,초진,정상
3898,10002906,1,1003,2026-03-16 13:23:37,초진,정상
3899,10001301,7,1019,2026-03-16 13:30:11,초진,정상
3900,10001743,4,1012,2026-03-16 13:30:13,재진,정상
3901,10003584,1,1003,2026-03-16 13:30:35,초진,정상
3902,10000703,8,1022,2026-03-16 13:30:53,초진,정상
3903,10002079,7,1019,2026-03-16 13:35:57,재진,정상
3904,10002123,4,1012,2026-03-16 13:36:22,재진,정상
3905,10003586,1,1003,2026-03-16 13:39:00,초진,정상
3906,10003585,8,1022,2026-03-16 13:40:03,초진,정상
3907,10003587,8,1022,2026-03-16 13:40:05,초진,정상
3908,10003067,4,1012,2026-03-16 13:44:58,재진,정상
3909,10002315,4,1012,2026-03-16 13:46:17,재진,정상
3910,10003147,1,1003,2026-03-16 13:46:19,재진,정상
3911,10002675,4,1012,2026-03-16 13:48:22,재진,정상
3912,10002976,4,1012,2026-03-16 13:48:51,재진,정상
3913,10002465,7,1019,2026-03-16 13:52:12,재진,정상
3914,10000566,1,1003,2026-03-16 13:55:23,초진,정상
3915,10003589,4,1012,2026-03-16 13:58:09,초진,정상
3916,10003588,1,1003,2026-03-16 13:59:29,초진,정상
3917,10002776,8,1022,2026-03-16 14:04:54,재진,정상
3918,10000948,7,1019,2026-03-16 14:05:25,초진,정상
3919,10003591,4,1012,2026-03-16 14:06:30,초진,정상
3920,10003590,1,1003,2026-03-16 14:07:56,초진,정상
3921,10000041,4,1012,2026-03-16 14:11:06,초진,정상
3922,10002888,4,1012,2026-03-16 14:13:17,재진,정상
3923,10001199,1,1003,2026-03-16 14:20:24,재진,정상
3924,10001992,4,1012,2026-03-16 14:20:43,재진,정상
3925,10003310,1,1003,2026-03-16 14:27:01,재진,정상
3926,10002883,4,1012,2026-03-16 14:31:53,재진,정상
3927,10003037,5,1013,2026-03-16 14:35:04,재진,정상
3928,10000130,1,1003,2026-03-16 14:35:38,초진,정상
3929,10000930,4,1012,2026-03-16 14:35:59,재진,정상
3930,10003592,7,1019,2026-03-16 14:36:21,초진,취소
3931,10003294,1,1003,2026-03-16 14:37:54,재진,정상
3932,10002395,4,1012,2026-03-16 14:50:36,재진,취소
3933,10003168,7,1019,2026-03-16 15:00:27,재진,정상
3934,10000251,8,1022,2026-03-16 15:09:42,재진,정상
3935,10003286,8,1022,2026-03-16 15:24:51,재진,정상
3936,10003289,7,1019,2026-03-16 15:29:15,재진,정상
3937,10002890,4,1012,2026-03-16 15:37:51,재진,정상
3938,10002295,8,1023,2026-03-17 08:20:02,재진,정상
3939,10003593,1,1003,2026-03-17 08:21:32,초진,정상
3940,10000381,3,1008,2026-03-17 08:24:14,재진,정상
3941,10000478,4,1012,2026-03-17 08:25:07,재진,정상
3942,10003354,6,1017,2026-03-17 08:27:43,재진,정상
3943,10002799,3,1008,2026-03-17 08:31:11,재진,취소
3944,10003594,3,1008,2026-03-17 08:33:32,초진,정상
3945,10002924,7,1020,2026-03-17 08:34:00,재진,정상
3946,10002426,6,1017,2026-03-17 08:35:06,재진,정상
3947,10003139,3,1008,2026-03-17 08:35:11,초진,정상
3948,10000956,7,1020,2026-03-17 08:42:57,초진,정상
3949,10002421,8,1023,2026-03-17 08:49:00,재진,정상
3950,10000286,7,1020,2026-03-17 08:51:26,재진,정상
3951,10003160,6,1017,2026-03-17 08:51:50,재진,정상
3952,10000503,7,1020,2026-03-17 08:52:27,초진,정상
3953,10000160,8,1023,2026-03-17 08:56:09,재진,정상
3954,10003335,4,1012,2026-03-17 08:56:42,초진,정상
3955,10003595,3,1008,2026-03-17 08:58:15,초진,정상
3956,10002572,6,1017,2026-03-17 09:00:43,재진,정상
3957,10001144,4,1012,2026-03-17 09:06:37,초진,정상
3958,10000810,7,1020,2026-03-17 09:10:03,초진,정상
3959,10002566,7,1020,2026-03-17 09:22:59,재진,정상
3960,10001908,8,1023,2026-03-17 09:25:09,재진,정상
3961,10002201,8,1023,2026-03-17 09:28:25,재진,정상
3962,10003596,6,1017,2026-03-17 09:36:30,초진,정상
3963,10003411,8,1023,2026-03-17 09:36:44,재진,정상
3964,10000864,7,1020,2026-03-17 09:37:23,초진,정상
3965,10002319,4,1012,2026-03-17 09:37:54,재진,정상
3966,10002622,6,1017,2026-03-17 09:42:40,재진,정상
3967,10000364,8,1023,2026-03-17 09:43:19,재진,정상
3968,10001430,8,1023,2026-03-17 09:51:26,초진,정상
3969,10000988,7,1020,2026-03-17 09:51:30,초진,정상
3970,10003597,7,1020,2026-03-17 09:58:51,초진,정상
3971,10001804,8,1023,2026-03-17 10:05:47,초진,정상
3972,10002793,4,1012,2026-03-17 10:06:52,재진,정상
3973,10002321,1,1003,2026-03-17 10:11:44,재진,정상
3974,10000687,8,1023,2026-03-17 10:23:10,재진,정상
3975,10003598,4,1012,2026-03-17 10:31:50,초진,정상
3976,10003599,6,1017,2026-03-17 10:39:20,초진,정상
3977,10000323,8,1023,2026-03-17 12:56:15,재진,정상
3978,10003601,5,1015,2026-03-17 12:59:55,초진,정상
3979,10000593,4,1010,2026-03-17 13:00:01,재진,정상
3980,10003602,4,1010,2026-03-17 13:01:35,초진,정상
3981,10000818,3,1008,2026-03-17 13:01:49,초진,정상
3982,10003600,6,1018,2026-03-17 13:03:05,초진,정상
3983,10000916,3,1008,2026-03-17 13:11:02,초진,정상
3984,10000275,5,1015,2026-03-17 13:12:33,초진,정상
3985,10001867,5,1015,2026-03-17 13:14:37,재진,정상
3986,10002624,8,1023,2026-03-17 13:16:49,재진,정상
3987,10002199,6,1018,2026-03-17 13:17:53,재진,정상
3988,10003603,5,1015,2026-03-17 13:18:12,초진,정상
3989,10003605,3,1008,2026-03-17 13:20:35,초진,정상
3990,10001868,4,1010,2026-03-17 13:20:45,재진,정상
3991,10002279,6,1018,2026-03-17 13:21:12,재진,정상
3992,10002280,5,1015,2026-03-17 13:22:27,재진,정상
3993,10003604,5,1015,2026-03-17 13:23:01,초진,정상
3994,10003607,6,1018,2026-03-17 13:24:09,초진,정상
3995,10003606,6,1018,2026-03-17 13:26:53,초진,정상
3996,10002405,3,1008,2026-03-17 13:32:33,재진,정상
3997,10002942,6,1018,2026-03-17 13:35:54,재진,정상
3998,10002708,5,1015,2026-03-17 13:36:45,재진,정상
3999,10003608,3,1008,2026-03-17 13:37:05,초진,정상
4000,10001853,2,1006,2026-03-17 13:46:24,재진,정상
4001,10000098,4,1010,2026-03-17 13:48:17,초진,정상
4002,10000187,4,1010,2026-03-17 13:48:33,재진,정상
4003,10000321,7,1019,2026-03-17 13:49:31,초진,정상
4004,10002988,6,1018,2026-03-17 13:50:27,재진,정상
4005,10002320,5,1015,2026-03-17 13:50:45,재진,정상
4006,10000225,4,1010,2026-03-17 13:51:48,초진,정상
4007,10002918,4,1010,2026-03-17 13:54:08,재진,정상
4008,10001981,2,1006,2026-03-17 14:12:16,재진,정상
4009,10001094,8,1023,2026-03-17 14:14:13,초진,정상
4010,10003611,4,1010,2026-03-17 14:14:27,초진,정상
4011,10003609,5,1015,2026-03-17 14:17:05,초진,정상
4012,10003610,6,1018,2026-03-17 14:18:10,초진,정상
4013,10000558,3,1008,2026-03-17 14:37:30,초진,정상
4014,10002552,5,1015,2026-03-17 14:42:48,재진,정상
4015,10001782,3,1008,2026-03-17 14:42:59,재진,정상
4016,10000999,4,1010,2026-03-17 14:46:36,재진,정상
4017,10003613,6,1018,2026-03-17 15:15:29,초진,정상
4018,10003612,4,1010,2026-03-17 15:21:11,초진,정상
4019,10000634,4,1010,2026-03-17 15:37:13,초진,정상
4020,10003614,6,1016,2026-03-18 08:21:29,초진,정상
4021,10002883,7,1020,2026-03-18 08:29:53,초진,정상
4022,10002490,3,1007,2026-03-18 08:33:18,재진,정상
4023,10003098,6,1016,2026-03-18 08:44:38,재진,정상
4024,10002629,3,1007,2026-03-18 08:59:33,재진,정상
4025,10002634,3,1007,2026-03-18 09:05:16,재진,정상
4026,10002567,3,1007,2026-03-18 09:16:00,재진,정상
4027,10003615,3,1007,2026-03-18 09:19:46,초진,정상
4028,10002723,6,1016,2026-03-18 09:20:07,재진,정상
4029,10001273,1,1002,2026-03-18 09:23:25,재진,정상
4030,10003343,1,1002,2026-03-18 09:28:07,초진,정상
4031,10002820,6,1016,2026-03-18 09:35:19,재진,정상
4032,10003616,3,1007,2026-03-18 09:36:06,초진,정상
4033,10003337,6,1016,2026-03-18 09:40:26,재진,정상
4034,10002402,3,1007,2026-03-18 09:57:59,초진,정상
4035,10003072,7,1020,2026-03-18 10:07:07,재진,정상
4036,10003557,3,1007,2026-03-18 10:12:06,초진,정상
4037,10000679,7,1020,2026-03-18 10:14:31,재진,정상
4038,10000900,1,1002,2026-03-18 10:30:31,초진,정상
4039,10003617,6,1016,2026-03-18 10:37:34,초진,정상
4040,10002717,6,1016,2026-03-18 10:37:47,재진,취소
4041,10002056,3,1007,2026-03-18 10:43:02,초진,정상
4042,10002344,6,1016,2026-03-18 10:44:08,재진,정상
4043,10003618,2,1004,2026-03-18 13:08:28,초진,정상
4044,10002928,3,1007,2026-03-18 13:10:45,재진,정상
4045,10003079,6,1017,2026-03-18 13:14:25,재진,정상
4046,10000979,2,1004,2026-03-18 13:17:18,초진,정상
4047,10000557,3,1007,2026-03-18 13:19:07,재진,정상
4048,10002150,2,1004,2026-03-18 13:19:10,재진,정상
4049,10003103,2,1004,2026-03-18 13:23:16,재진,정상
4050,10000453,3,1007,2026-03-18 13:32:18,재진,정상
4051,10001380,2,1004,2026-03-18 13:35:34,재진,정상
4052,10000767,2,1004,2026-03-18 13:36:04,재진,취소
4053,10003104,3,1007,2026-03-18 13:42:58,재진,정상
4054,10003184,2,1004,2026-03-18 13:43:25,재진,정상
4055,10001160,2,1004,2026-03-18 13:43:52,재진,정상
4056,10003619,2,1004,2026-03-18 13:53:02,초진,정상
4057,10003185,3,1007,2026-03-18 13:58:09,재진,정상
4058,10002933,3,1007,2026-03-18 14:05:03,재진,정상
4059,10003353,3,1007,2026-03-18 14:10:58,재진,정상
4060,10003620,2,1004,2026-03-18 14:25:19,초진,정상
4061,10000827,2,1004,2026-03-18 14:29:02,초진,정상
4062,10002022,3,1007,2026-03-18 15:12:12,재진,정상
4063,10002360,3,1009,2026-03-19 08:21:31,재진,정상
4064,10003374,7,1021,2026-03-19 08:21:32,초진,정상
4065,10003621,4,1011,2026-03-19 08:25:10,초진,정상
4066,10003109,3,1009,2026-03-19 08:26:09,재진,정상
4067,10000848,2,1005,2026-03-19 08:27:50,재진,정상
4068,10003622,7,1021,2026-03-19 08:36:44,초진,정상
4069,10003193,4,1011,2026-03-19 08:37:03,재진,정상
4070,10003002,6,1016,2026-03-19 08:40:30,재진,정상
4071,10003623,4,1011,2026-03-19 08:43:00,초진,정상
4072,10003624,2,1005,2026-03-19 08:43:04,초진,정상
4073,10000580,4,1011,2026-03-19 08:43:55,재진,정상
4074,10003365,2,1005,2026-03-19 08:45:10,재진,정상
4075,10003625,4,1011,2026-03-19 08:54:36,초진,정상
4076,10000282,4,1011,2026-03-19 08:58:02,초진,정상
4077,10003626,3,1009,2026-03-19 09:07:22,초진,정상
4078,10000373,2,1005,2026-03-19 09:14:24,재진,정상
4079,10000990,3,1009,2026-03-19 09:14:58,재진,정상
4080,10003627,4,1011,2026-03-19 09:15:54,초진,정상
4081,10001010,7,1021,2026-03-19 09:19:32,재진,정상
4082,10001184,4,1011,2026-03-19 09:21:30,초진,정상
4083,10002432,4,1011,2026-03-19 09:27:51,재진,정상
4084,10003628,3,1009,2026-03-19 09:37:26,초진,정상
4085,10003106,7,1021,2026-03-19 09:38:32,재진,정상
4086,10002613,4,1011,2026-03-19 09:41:20,재진,정상
4087,10003251,3,1009,2026-03-19 09:42:39,재진,정상
4088,10000989,2,1005,2026-03-19 09:47:18,재진,정상
4089,10002581,4,1011,2026-03-19 09:52:14,재진,정상
4090,10002749,2,1005,2026-03-19 09:55:42,재진,정상
4091,10003629,2,1005,2026-03-19 10:05:47,초진,정상
4092,10000028,4,1011,2026-03-19 10:11:39,재진,정상
4093,10001266,4,1011,2026-03-19 10:13:23,초진,정상
4094,10003212,3,1009,2026-03-19 10:30:02,재진,정상
4095,10003630,2,1005,2026-03-19 10:46:54,초진,정상
4096,10000101,3,1009,2026-03-19 10:54:47,초진,정상
4097,10003631,1,1001,2026-03-19 12:51:31,초진,정상
4098,10002103,1,1001,2026-03-19 12:57:06,재진,정상
4099,10000632,1,1001,2026-03-19 12:58:43,초진,정상
4100,10003632,2,1005,2026-03-19 13:06:54,초진,정상
4101,10003633,1,1001,2026-03-19 13:11:12,초진,정상
4102,10001247,1,1001,2026-03-19 13:16:25,초진,정상
4103,10001906,5,1015,2026-03-19 13:16:47,재진,정상
4104,10002945,2,1005,2026-03-19 13:21:59,초진,정상
4105,10003635,1,1001,2026-03-19 13:25:57,초진,정상
4106,10002137,4,1010,2026-03-19 13:27:46,재진,정상
4107,10003636,6,1018,2026-03-19 13:30:28,초진,정상
4108,10003638,1,1001,2026-03-19 13:31:25,초진,정상
4109,10003637,1,1001,2026-03-19 13:37:51,초진,정상
4110,10000628,4,1010,2026-03-19 13:42:54,초진,정상
4111,10001044,2,1005,2026-03-19 13:48:31,재진,정상
4112,10002515,1,1001,2026-03-19 13:51:02,재진,정상
4113,10001999,4,1010,2026-03-19 13:55:18,재진,정상
4114,10002437,1,1001,2026-03-19 13:55:28,재진,정상
4115,10003639,5,1015,2026-03-19 14:05:49,초진,정상
4116,10000698,1,1001,2026-03-19 14:16:49,재진,정상
4117,10000537,5,1015,2026-03-19 14:18:17,초진,정상
4118,10003640,1,1001,2026-03-19 14:19:52,초진,정상
4119,10003374,1,1001,2026-03-19 14:35:18,재진,정상
4120,10001101,1,1001,2026-03-19 14:37:53,재진,정상
4121,10000431,1,1001,2026-03-19 14:44:34,재진,정상
4122,10003641,5,1015,2026-03-19 14:56:17,초진,정상
4123,10003358,2,1005,2026-03-19 15:03:01,재진,정상
4124,10003642,2,1005,2026-03-19 15:07:34,초진,정상
4125,10003643,6,1018,2026-03-19 15:13:04,초진,정상
4126,10002214,4,1010,2026-03-19 15:19:27,재진,취소
4127,10003033,1,1001,2026-03-19 15:46:27,재진,정상
4128,10000356,8,1024,2026-03-20 08:28:52,초진,정상
4129,10002287,5,1013,2026-03-20 08:31:38,재진,정상
4130,10001930,8,1024,2026-03-20 08:34:50,재진,정상
4131,10003644,5,1013,2026-03-20 08:40:30,초진,취소
4132,10000418,8,1024,2026-03-20 08:49:53,초진,정상
4133,10003064,5,1013,2026-03-20 08:50:45,재진,정상
4134,10000844,5,1013,2026-03-20 08:51:52,재진,정상
4135,10003645,8,1024,2026-03-20 09:01:42,초진,정상
4136,10002956,5,1013,2026-03-20 09:21:12,초진,정상
4137,10003646,5,1013,2026-03-20 09:22:45,초진,정상
4138,10003191,3,1009,2026-03-20 09:22:58,재진,취소
4139,10002860,8,1024,2026-03-20 10:02:50,재진,정상
4140,10001376,8,1024,2026-03-20 10:22:41,초진,정상
4141,10001387,8,1024,2026-03-20 10:26:36,초진,정상
4142,10002592,8,1024,2026-03-20 10:33:33,재진,정상
4143,10000306,8,1024,2026-03-20 10:33:53,초진,정상
4144,10002220,8,1024,2026-03-20 10:45:34,재진,정상
4145,10003647,2,1004,2026-03-20 12:50:11,초진,정상
4146,10002520,8,1024,2026-03-20 12:52:02,재진,정상
4147,10003252,8,1024,2026-03-20 12:53:54,재진,정상
4148,10000151,1,1001,2026-03-20 12:59:15,재진,정상
4149,10003040,5,1014,2026-03-20 13:03:34,재진,정상
4150,10000294,5,1014,2026-03-20 13:11:29,재진,정상
4151,10003648,8,1024,2026-03-20 13:14:24,초진,정상
4152,10003649,1,1001,2026-03-20 13:17:25,초진,정상
4153,10002140,8,1024,2026-03-20 13:22:11,초진,정상
4154,10003650,8,1024,2026-03-20 13:22:52,초진,정상
4155,10003651,2,1004,2026-03-20 13:27:10,초진,정상
4156,10000045,1,1001,2026-03-20 13:28:28,재진,정상
4157,10002473,1,1001,2026-03-20 13:29:47,초진,정상
4158,10003119,1,1001,2026-03-20 13:32:36,재진,정상
4159,10001874,4,1011,2026-03-20 13:35:37,재진,정상
4160,10003206,1,1001,2026-03-20 13:38:00,재진,정상
4161,10000525,2,1004,2026-03-20 13:38:02,재진,정상
4162,10003652,5,1014,2026-03-20 13:38:20,초진,정상
4163,10000343,8,1024,2026-03-20 14:02:10,재진,정상
4164,10002927,2,1004,2026-03-20 14:07:20,재진,정상
4165,10000773,5,1014,2026-03-20 14:10:59,초진,정상
4166,10001118,1,1001,2026-03-20 14:31:32,초진,정상
4167,10003653,8,1024,2026-03-20 14:31:36,초진,정상
4168,10003210,8,1024,2026-03-20 14:39:39,재진,정상
4169,10001946,5,1014,2026-03-20 14:49:03,초진,정상
4170,10000625,2,1004,2026-03-20 15:04:20,초진,정상
4171,10000291,5,1014,2026-03-20 15:27:48,초진,정상
4172,10001135,4,1011,2026-03-20 15:39:03,재진,정상
4173,10003654,8,1022,2026-03-23 08:22:20,초진,정상
4174,10001265,1,1002,2026-03-23 08:25:46,재진,정상
4175,10003657,8,1022,2026-03-23 08:30:23,초진,정상
4176,10002962,2,1006,2026-03-23 08:30:24,재진,정상
4177,10003656,8,1022,2026-03-23 08:31:20,초진,정상
4178,10000878,1,1002,2026-03-23 08:32:22,재진,정상
4179,10003655,1,1002,2026-03-23 08:35:06,초진,정상
4180,10003077,7,1021,2026-03-23 08:38:10,초진,정상
4181,10003141,5,1014,2026-03-23 08:38:58,재진,정상
4182,10002310,7,1021,2026-03-23 08:40:15,재진,정상
4183,10003261,5,1014,2026-03-23 08:40:37,재진,정상
4184,10001021,2,1006,2026-03-23 08:41:14,재진,정상
4185,10001648,2,1006,2026-03-23 08:41:21,재진,정상
4186,10003201,7,1021,2026-03-23 08:43:07,재진,정상
4187,10003658,2,1006,2026-03-23 08:44:13,초진,정상
4188,10000242,1,1002,2026-03-23 08:46:19,재진,정상
4189,10003326,2,1006,2026-03-23 08:46:29,재진,정상
4190,10003335,1,1002,2026-03-23 08:46:33,재진,정상
4191,10003098,7,1021,2026-03-23 08:47:30,재진,정상
4192,10002724,1,1002,2026-03-23 08:49:00,재진,정상
4193,10002021,1,1002,2026-03-23 08:54:35,초진,정상
4194,10003659,1,1002,2026-03-23 08:54:44,초진,정상
4195,10003660,2,1006,2026-03-23 08:57:23,초진,정상
4196,10000814,2,1006,2026-03-23 08:59:06,재진,정상
4197,10000803,1,1002,2026-03-23 09:07:31,재진,정상
4198,10002628,2,1006,2026-03-23 09:14:56,재진,정상
4199,10000750,8,1022,2026-03-23 09:16:32,재진,정상
4200,10002777,1,1002,2026-03-23 09:17:19,재진,정상
4201,10000288,2,1006,2026-03-23 09:20:35,초진,정상
4202,10002462,8,1022,2026-03-23 09:30:03,재진,정상
4203,10000582,2,1006,2026-03-23 09:30:19,재진,정상
4204,10003661,2,1006,2026-03-23 09:33:23,초진,취소
4205,10000823,1,1002,2026-03-23 09:35:03,초진,정상
4206,10001172,2,1006,2026-03-23 09:41:14,초진,정상
4207,10003662,2,1006,2026-03-23 09:44:18,초진,정상
4208,10001519,7,1021,2026-03-23 09:47:07,초진,정상
4209,10003663,1,1002,2026-03-23 09:55:57,초진,정상
4210,10003152,2,1006,2026-03-23 09:57:07,초진,정상
4211,10003520,7,1021,2026-03-23 10:11:03,초진,정상
4212,10003327,2,1006,2026-03-23 10:12:22,재진,정상
4213,10003664,1,1002,2026-03-23 10:16:50,초진,정상
4214,10000542,1,1002,2026-03-23 10:18:11,재진,정상
4215,10003139,1,1002,2026-03-23 10:31:53,재진,정상
4216,10003130,5,1014,2026-03-23 10:34:35,재진,정상
4217,10000170,1,1002,2026-03-23 10:40:30,초진,정상
4218,10000762,5,1013,2026-03-23 12:52:23,초진,정상
4219,10000308,8,1022,2026-03-23 12:55:39,초진,정상
4220,10000027,5,1013,2026-03-23 12:57:00,초진,정상
4221,10001622,1,1003,2026-03-23 12:57:13,재진,정상
4222,10002458,1,1003,2026-03-23 12:58:55,재진,정상
4223,10000371,4,1012,2026-03-23 12:59:04,초진,취소
4224,10000739,1,1003,2026-03-23 12:59:17,초진,취소
4225,10001136,7,1019,2026-03-23 13:00:47,초진,정상
4226,10000689,1,1003,2026-03-23 13:00:57,초진,정상
4227,10003665,1,1003,2026-03-23 13:01:46,초진,정상
4228,10003667,5,1013,2026-03-23 13:01:53,초진,정상
4229,10002025,5,1013,2026-03-23 13:03:05,재진,취소
4230,10002695,1,1003,2026-03-23 13:03:38,재진,정상
4231,10003290,7,1019,2026-03-23 13:04:32,재진,정상
4232,10003062,1,1003,2026-03-23 13:04:46,재진,정상
4233,10003668,4,1012,2026-03-23 13:04:49,초진,정상
4234,10003666,4,1012,2026-03-23 13:05:32,초진,정상
4235,10002610,8,1022,2026-03-23 13:06:54,재진,정상
4236,10000895,8,1022,2026-03-23 13:09:15,재진,정상
4237,10001495,7,1019,2026-03-23 13:10:55,재진,정상
4238,10001654,1,1003,2026-03-23 13:11:59,재진,정상
4239,10000030,1,1003,2026-03-23 13:13:17,재진,정상
4240,10000614,7,1019,2026-03-23 13:15:44,재진,정상
4241,10002966,4,1012,2026-03-23 13:16:01,재진,정상
4242,10002887,1,1003,2026-03-23 13:17:28,재진,정상
4243,10003059,4,1012,2026-03-23 13:20:18,재진,정상
4244,10003669,8,1022,2026-03-23 13:22:11,초진,정상
4245,10001234,7,1019,2026-03-23 13:24:50,재진,정상
4246,10000993,4,1012,2026-03-23 13:30:12,초진,정상
4247,10001592,4,1012,2026-03-23 13:35:32,재진,정상
4248,10003671,4,1012,2026-03-23 13:37:07,초진,정상
4249,10000719,1,1003,2026-03-23 13:40:12,재진,정상
4250,10003670,4,1012,2026-03-23 13:43:36,초진,정상
4251,10000292,7,1019,2026-03-23 13:47:42,재진,정상
4252,10003220,8,1022,2026-03-23 13:49:01,초진,정상
4253,10002965,7,1019,2026-03-23 13:50:21,재진,취소
4254,10000798,1,1003,2026-03-23 13:51:16,재진,정상
4255,10003046,8,1022,2026-03-23 13:52:18,초진,정상
4256,10003156,1,1003,2026-03-23 13:52:57,재진,정상
4257,10003148,4,1012,2026-03-23 13:53:00,재진,정상
4258,10003066,4,1012,2026-03-23 13:55:08,재진,정상
4259,10003672,7,1019,2026-03-23 13:55:19,초진,정상
4260,10002963,5,1013,2026-03-23 13:56:57,재진,정상
4261,10000156,7,1019,2026-03-23 13:57:11,재진,정상
4262,10002164,5,1013,2026-03-23 13:58:59,재진,정상
4263,10002077,1,1003,2026-03-23 14:05:00,재진,정상
4264,10000313,8,1022,2026-03-23 14:05:09,재진,정상
4265,10000108,8,1022,2026-03-23 14:06:07,초진,정상
4266,10003673,7,1019,2026-03-23 14:07:02,초진,정상
4267,10002492,7,1019,2026-03-23 14:07:32,초진,정상
4268,10001364,1,1003,2026-03-23 14:09:12,초진,정상
4269,10000675,4,1012,2026-03-23 14:16:43,재진,정상
4270,10000591,4,1012,2026-03-23 14:18:41,초진,정상
4271,10002796,1,1003,2026-03-23 14:23:48,재진,정상
4272,10001945,7,1019,2026-03-23 14:30:43,재진,정상
4273,10001239,4,1012,2026-03-23 14:35:46,초진,정상
4274,10003674,1,1003,2026-03-23 14:43:12,초진,정상
4275,10003288,7,1019,2026-03-23 14:47:42,재진,정상
4276,10003069,1,1003,2026-03-23 14:48:59,재진,정상
4277,10000670,4,1012,2026-03-23 15:01:16,재진,정상
4278,10003675,4,1012,2026-03-23 15:03:17,초진,정상
4279,10002456,7,1019,2026-03-23 15:08:46,재진,정상
4280,10003676,7,1019,2026-03-23 15:34:15,초진,정상
4281,10003677,8,1023,2026-03-24 08:20:52,초진,정상
4282,10003678,7,1020,2026-03-24 08:29:39,초진,정상
4283,10000637,1,1003,2026-03-24 08:30:00,초진,취소
4284,10000808,7,1020,2026-03-24 08:35:21,재진,정상
4285,10000854,3,1008,2026-03-24 08:36:37,초진,정상
4286,10003158,7,1020,2026-03-24 08:37:07,재진,정상
4287,10002466,7,1020,2026-03-24 08:45:58,재진,정상
4288,10003679,7,1020,2026-03-24 08:48:25,초진,정상
4289,10001221,7,1020,2026-03-24 08:54:00,재진,정상
4290,10003681,6,1017,2026-03-24 08:57:26,초진,정상
4291,10001862,8,1023,2026-03-24 08:58:02,재진,정상
4292,10003680,6,1017,2026-03-24 09:02:58,초진,정상
4293,10000236,7,1020,2026-03-24 09:05:11,초진,정상
4294,10003683,3,1008,2026-03-24 09:08:04,초진,정상
4295,10001701,4,1012,2026-03-24 09:08:41,재진,정상
4296,10002621,7,1020,2026-03-24 09:08:46,초진,정상
4297,10002399,6,1017,2026-03-24 09:09:18,재진,정상
4298,10003682,7,1020,2026-03-24 09:12:23,초진,정상
4299,10003496,7,1020,2026-03-24 09:16:34,초진,정상
4300,10000058,3,1008,2026-03-24 09:18:37,재진,정상
4301,10001714,4,1012,2026-03-24 09:19:28,재진,정상
4302,10003090,8,1023,2026-03-24 09:20:31,재진,취소
4303,10001663,8,1023,2026-03-24 09:23:16,초진,정상
4304,10002095,7,1020,2026-03-24 09:25:11,초진,정상
4305,10000651,3,1008,2026-03-24 09:26:50,재진,정상
4306,10002913,8,1023,2026-03-24 09:31:22,초진,정상
4307,10003684,3,1008,2026-03-24 09:37:46,초진,정상
4308,10002403,3,1008,2026-03-24 09:38:28,재진,정상
4309,10000850,3,1008,2026-03-24 09:40:50,재진,정상
4310,10002809,3,1008,2026-03-24 09:50:51,재진,정상
4311,10002149,6,1017,2026-03-24 10:03:55,재진,정상
4312,10001909,7,1020,2026-03-24 10:16:35,초진,정상
4313,10002187,4,1012,2026-03-24 10:19:03,재진,정상
4314,10003077,6,1017,2026-03-24 10:26:23,재진,정상
4315,10003685,6,1017,2026-03-24 10:42:46,초진,정상
4316,10001855,1,1003,2026-03-24 10:45:17,재진,정상
4317,10003686,6,1017,2026-03-24 10:58:50,초진,정상
4318,10003687,3,1008,2026-03-24 11:03:33,초진,정상
4319,10000104,4,1010,2026-03-24 12:52:29,재진,정상
4320,10001020,2,1006,2026-03-24 12:56:33,초진,정상
4321,10003688,8,1023,2026-03-24 12:57:25,초진,정상
4322,10001859,3,1008,2026-03-24 12:59:13,재진,정상
4323,10003689,5,1015,2026-03-24 13:01:27,초진,정상
4324,10002338,8,1023,2026-03-24 13:02:23,재진,정상
4325,10003298,8,1023,2026-03-24 13:04:28,재진,정상
4326,10001076,8,1023,2026-03-24 13:04:51,초진,정상
4327,10003690,5,1015,2026-03-24 13:05:45,초진,정상
4328,10000116,8,1023,2026-03-24 13:08:58,초진,정상
4329,10003239,5,1015,2026-03-24 13:09:13,재진,정상
4330,10000509,4,1010,2026-03-24 13:11:08,재진,정상
4331,10003691,4,1010,2026-03-24 13:11:36,초진,정상
4332,10001580,8,1023,2026-03-24 13:12:36,초진,정상
4333,10003030,6,1018,2026-03-24 13:14:57,재진,정상
4334,10003694,4,1010,2026-03-24 13:15:06,초진,정상
4335,10002340,4,1010,2026-03-24 13:15:22,초진,정상
4336,10003692,6,1018,2026-03-24 13:17:41,초진,정상
4337,10000984,3,1008,2026-03-24 13:17:43,재진,정상
4338,10001959,4,1010,2026-03-24 13:17:52,재진,정상
4339,10000233,3,1008,2026-03-24 13:18:30,재진,정상
4340,10003693,4,1010,2026-03-24 13:20:51,초진,정상
4341,10002465,4,1010,2026-03-24 13:27:39,초진,정상
4342,10002415,4,1010,2026-03-24 13:28:46,재진,정상
4343,10002690,3,1008,2026-03-24 13:35:26,재진,정상
4344,10003055,2,1006,2026-03-24 13:37:32,재진,정상
4345,10003695,4,1010,2026-03-24 13:39:17,초진,정상
4346,10000615,5,1015,2026-03-24 13:39:25,초진,정상
4347,10003697,3,1008,2026-03-24 13:39:55,초진,정상
4348,10003149,7,1019,2026-03-24 13:43:04,재진,정상
4349,10003696,4,1010,2026-03-24 13:43:45,초진,정상
4350,10003699,6,1018,2026-03-24 13:46:32,초진,정상
4351,10003698,5,1015,2026-03-24 13:47:01,초진,정상
4352,10002401,8,1023,2026-03-24 13:54:08,재진,정상
4353,10003700,4,1010,2026-03-24 13:55:43,초진,정상
4354,10001936,4,1010,2026-03-24 13:56:50,재진,정상
4355,10003701,6,1018,2026-03-24 14:02:14,초진,취소
4356,10000950,5,1015,2026-03-24 14:06:11,초진,정상
4357,10003138,2,1006,2026-03-24 14:15:15,재진,정상
4358,10001873,3,1008,2026-03-24 14:30:07,초진,정상
4359,10003702,8,1023,2026-03-24 14:34:28,초진,정상
4360,10002884,7,1019,2026-03-24 14:35:42,재진,정상
4361,10002414,3,1008,2026-03-24 14:42:47,재진,정상
4362,10000511,4,1010,2026-03-24 14:53:17,초진,정상
4363,10002256,8,1023,2026-03-24 15:16:31,재진,취소
4364,10002104,4,1010,2026-03-24 15:41:19,재진,정상
4365,10000635,3,1007,2026-03-25 08:33:14,재진,정상
4366,10003004,6,1016,2026-03-25 08:35:48,초진,정상
4367,10003703,3,1007,2026-03-25 08:36:25,초진,정상
4368,10003360,6,1016,2026-03-25 08:37:14,재진,정상
4369,10003704,3,1007,2026-03-25 08:39:55,초진,정상
4370,10003705,1,1002,2026-03-25 08:46:16,초진,정상
4371,10003706,6,1016,2026-03-25 08:52:48,초진,정상
4372,10001962,6,1016,2026-03-25 08:53:47,재진,정상
4373,10003707,6,1016,2026-03-25 08:57:42,초진,정상
4374,10003005,3,1007,2026-03-25 09:03:27,재진,정상
4375,10001267,3,1007,2026-03-25 09:08:58,재진,정상
4376,10000480,1,1002,2026-03-25 09:22:59,재진,정상
4377,10000875,1,1002,2026-03-25 09:23:19,초진,정상
4378,10003233,6,1016,2026-03-25 09:23:54,재진,정상
4379,10003708,1,1002,2026-03-25 09:35:10,초진,정상
4380,10003710,6,1016,2026-03-25 09:42:18,초진,정상
4381,10002560,6,1016,2026-03-25 09:45:30,재진,정상
4382,10002561,6,1016,2026-03-25 09:45:36,재진,정상
4383,10003709,6,1016,2026-03-25 09:48:12,초진,정상
4384,10001960,6,1016,2026-03-25 09:49:33,재진,정상
4385,10002931,3,1007,2026-03-25 10:02:35,재진,정상
4386,10003000,3,1007,2026-03-25 10:22:45,재진,정상
4387,10002565,6,1016,2026-03-25 10:43:06,재진,정상
4388,10003711,3,1007,2026-03-25 10:51:57,초진,정상
4389,10000933,3,1007,2026-03-25 10:53:56,초진,정상
4390,10003445,2,1004,2026-03-25 12:52:51,재진,취소
4391,10002348,3,1007,2026-03-25 12:56:33,재진,정상
4392,10003153,6,1017,2026-03-25 13:02:13,재진,정상
4393,10002830,3,1007,2026-03-25 13:02:13,재진,정상
4394,10003712,2,1004,2026-03-25 13:15:31,초진,정상
4395,10003713,6,1017,2026-03-25 13:16:05,초진,정상
4396,10003714,2,1004,2026-03-25 13:16:20,초진,정상
4397,10003715,3,1007,2026-03-25 13:23:58,초진,정상
4398,10002574,2,1004,2026-03-25 13:29:17,재진,정상
4399,10001125,3,1007,2026-03-25 13:33:07,재진,정상
4400,10003391,2,1004,2026-03-25 13:40:23,초진,정상
4401,10003352,3,1007,2026-03-25 13:44:03,재진,정상
4402,10000206,3,1007,2026-03-25 13:52:10,재진,취소
4403,10000994,3,1007,2026-03-25 13:52:19,재진,정상
4404,10003345,2,1004,2026-03-25 14:02:31,재진,정상
4405,10002595,2,1004,2026-03-25 14:10:33,재진,정상
4406,10002562,3,1007,2026-03-25 14:16:21,재진,정상
4407,10000951,2,1004,2026-03-25 14:28:30,재진,정상
4408,10001630,2,1004,2026-03-25 14:59:13,재진,정상
4409,10000992,2,1004,2026-03-25 15:00:54,초진,정상
4410,10000205,3,1007,2026-03-25 15:00:59,초진,정상
4411,10003716,3,1007,2026-03-25 15:19:15,초진,정상
4412,10001497,4,1011,2026-03-26 08:22:37,초진,정상
4413,10002431,2,1005,2026-03-26 08:27:32,재진,정상
4414,10001415,4,1011,2026-03-26 08:29:31,재진,정상
4415,10003116,2,1005,2026-03-26 08:30:19,재진,정상
4416,10000791,3,1009,2026-03-26 08:30:31,재진,정상
4417,10003200,4,1011,2026-03-26 08:33:18,초진,정상
4418,10003013,3,1009,2026-03-26 08:33:54,재진,정상
4419,10000396,2,1005,2026-03-26 08:33:55,초진,정상
4420,10003717,7,1021,2026-03-26 08:35:24,초진,정상
4421,10001479,3,1009,2026-03-26 08:35:58,초진,정상
4422,10000355,4,1011,2026-03-26 08:46:00,초진,정상
4423,10000922,4,1011,2026-03-26 08:49:21,재진,정상
4424,10003720,4,1011,2026-03-26 08:52:32,초진,정상
4425,10002731,3,1009,2026-03-26 08:53:06,재진,정상
4426,10003718,6,1016,2026-03-26 08:55:04,초진,정상
4427,10003719,4,1011,2026-03-26 08:55:36,초진,정상
4428,10002016,4,1011,2026-03-26 08:57:12,초진,정상
4429,10000224,4,1011,2026-03-26 09:04:31,재진,정상
4430,10003721,3,1009,2026-03-26 09:05:16,초진,정상
4431,10003223,4,1011,2026-03-26 09:09:39,재진,정상
4432,10001722,3,1009,2026-03-26 09:14:43,초진,정상
4433,10001842,4,1011,2026-03-26 09:16:36,재진,정상
4434,10001757,4,1011,2026-03-26 09:19:54,재진,정상
4435,10002143,6,1016,2026-03-26 09:37:07,재진,정상
4436,10000383,2,1005,2026-03-26 09:37:15,초진,정상
4437,10002844,7,1021,2026-03-26 09:37:33,재진,정상
4438,10003722,4,1011,2026-03-26 09:38:53,초진,정상
4439,10000940,4,1011,2026-03-26 09:41:31,초진,정상
4440,10003112,3,1009,2026-03-26 09:42:34,재진,정상
4441,10003723,3,1009,2026-03-26 09:47:46,초진,정상
4442,10003012,4,1011,2026-03-26 09:51:51,재진,정상
4443,10002647,4,1011,2026-03-26 09:52:20,재진,정상
4444,10003114,3,1009,2026-03-26 09:58:40,재진,정상
4445,10000504,4,1011,2026-03-26 10:08:15,초진,정상
4446,10003686,7,1021,2026-03-26 10:08:28,초진,정상
4447,10003038,3,1009,2026-03-26 10:22:32,재진,정상
4448,10002299,3,1009,2026-03-26 10:27:49,재진,정상
4449,10003724,6,1018,2026-03-26 12:50:23,초진,정상
4450,10003245,1,1001,2026-03-26 12:56:15,재진,정상
4451,10003726,6,1018,2026-03-26 12:59:04,초진,정상
4452,10003725,6,1018,2026-03-26 12:59:50,초진,취소
4453,10001481,1,1001,2026-03-26 13:10:32,재진,정상
4454,10000528,1,1001,2026-03-26 13:11:06,초진,정상
4455,10001704,5,1015,2026-03-26 13:14:43,재진,정상
4456,10002027,2,1005,2026-03-26 13:18:21,초진,정상
4457,10001610,2,1005,2026-03-26 13:19:33,재진,정상
4458,10003558,1,1001,2026-03-26 13:21:35,재진,정상
4459,10002743,2,1005,2026-03-26 13:25:06,재진,정상
4460,10003727,1,1001,2026-03-26 13:27:33,초진,정상
4461,10002409,5,1015,2026-03-26 13:29:55,재진,정상
4462,10003084,5,1015,2026-03-26 13:30:21,재진,정상
4463,10003728,6,1018,2026-03-26 13:30:33,초진,정상
4464,10000486,1,1001,2026-03-26 13:37:08,재진,취소
4465,10003271,1,1001,2026-03-26 13:37:35,초진,정상
4466,10003729,1,1001,2026-03-26 13:38:55,초진,정상
4467,10002702,6,1018,2026-03-26 13:44:36,재진,정상
4468,10000749,1,1001,2026-03-26 13:47:41,초진,정상
4469,10003730,1,1001,2026-03-26 13:50:17,초진,정상
4470,10000981,2,1005,2026-03-26 13:52:38,재진,정상
4471,10000545,5,1015,2026-03-26 13:58:17,초진,정상
4472,10003095,4,1010,2026-03-26 13:58:21,재진,정상
4473,10000064,1,1001,2026-03-26 14:01:16,재진,정상
4474,10003385,1,1001,2026-03-26 14:05:40,재진,정상
4475,10003731,2,1005,2026-03-26 14:06:11,초진,정상
4476,10000087,2,1005,2026-03-26 14:16:32,재진,취소
4477,10002919,4,1010,2026-03-26 14:18:18,재진,정상
4478,10001801,5,1015,2026-03-26 14:24:27,재진,정상
4479,10001431,2,1005,2026-03-26 14:26:37,초진,정상
4480,10000787,1,1001,2026-03-26 14:27:16,재진,정상
4481,10002944,1,1001,2026-03-26 14:32:46,재진,정상
4482,10000802,2,1005,2026-03-26 14:34:25,재진,취소
4483,10003732,1,1001,2026-03-26 14:43:54,초진,정상
4484,10003321,5,1015,2026-03-26 14:49:34,재진,정상
4485,10000919,1,1001,2026-03-26 14:59:10,초진,정상
4486,10003733,4,1010,2026-03-26 15:03:36,초진,정상
4487,10003027,1,1001,2026-03-26 15:04:52,재진,정상
4488,10000197,2,1005,2026-03-26 15:22:06,초진,정상
4489,10000709,5,1013,2026-03-27 08:28:37,재진,정상
4490,10000870,5,1013,2026-03-27 08:31:17,재진,정상
4491,10000416,5,1013,2026-03-27 08:46:16,초진,정상
4492,10002756,5,1013,2026-03-27 08:54:36,재진,정상
4493,10001691,8,1024,2026-03-27 08:56:43,초진,정상
4494,10000695,8,1024,2026-03-27 08:58:19,초진,정상
4495,10003735,5,1013,2026-03-27 09:01:17,초진,정상
4496,10003734,5,1013,2026-03-27 09:03:42,초진,정상
4497,10002002,5,1013,2026-03-27 09:06:03,초진,정상
4498,10003736,8,1024,2026-03-27 09:17:53,초진,정상
4499,10003128,5,1013,2026-03-27 09:19:30,재진,정상
4500,10000338,8,1024,2026-03-27 09:35:49,재진,정상
4501,10003737,5,1013,2026-03-27 09:46:47,초진,정상
4502,10003738,3,1009,2026-03-27 10:00:41,초진,정상
4503,10001578,8,1024,2026-03-27 10:30:52,재진,정상
4504,10003256,5,1013,2026-03-27 10:37:37,재진,정상
4505,10001317,2,1004,2026-03-27 12:50:50,초진,정상
4506,10002867,5,1014,2026-03-27 12:54:39,재진,정상
4507,10003739,1,1001,2026-03-27 13:00:29,초진,정상
4508,10002101,4,1011,2026-03-27 13:05:26,재진,정상
4509,10003740,5,1014,2026-03-27 13:06:45,초진,정상
4510,10001367,5,1014,2026-03-27 13:10:02,재진,정상
4511,10001361,5,1014,2026-03-27 13:20:15,재진,정상
4512,10000937,8,1024,2026-03-27 13:22:41,재진,정상
4513,10003741,5,1014,2026-03-27 13:24:46,초진,정상
4514,10001884,4,1011,2026-03-27 13:34:20,재진,정상
4515,10003254,8,1024,2026-03-27 13:35:46,재진,취소
4516,10002519,8,1024,2026-03-27 13:42:45,재진,정상
4517,10000464,2,1004,2026-03-27 13:49:46,재진,정상
4518,10000069,8,1024,2026-03-27 13:49:53,초진,정상
4519,10003742,4,1011,2026-03-27 13:50:26,초진,정상
4520,10000447,5,1014,2026-03-27 13:52:32,초진,정상
4521,10003743,2,1004,2026-03-27 13:56:31,초진,정상
4522,10001784,5,1014,2026-03-27 14:03:48,재진,정상
4523,10001027,5,1014,2026-03-27 14:06:02,초진,정상
4524,10003744,5,1014,2026-03-27 14:21:18,초진,정상
4525,10000633,4,1011,2026-03-27 14:25:00,재진,정상
4526,10003259,5,1014,2026-03-27 15:18:13,재진,정상
4527,10001187,2,1006,2026-03-30 08:21:07,재진,정상
4528,10003746,7,1021,2026-03-30 08:26:45,초진,정상
4529,10001024,2,1006,2026-03-30 08:27:23,재진,정상
4530,10003276,2,1006,2026-03-30 08:30:52,재진,정상
4531,10003135,2,1006,2026-03-30 08:36:32,재진,정상
4532,10003422,2,1006,2026-03-30 08:38:37,재진,정상
4533,10002270,7,1021,2026-03-30 08:38:58,재진,정상
4534,10000094,1,1002,2026-03-30 08:39:07,초진,정상
4535,10003140,1,1002,2026-03-30 08:40:13,재진,정상
4536,10003747,2,1006,2026-03-30 08:43:54,초진,정상
4537,10003748,2,1006,2026-03-30 08:49:24,초진,정상
4538,10001671,1,1002,2026-03-30 08:50:57,재진,정상
4539,10003281,2,1006,2026-03-30 08:53:25,재진,정상
4540,10003143,1,1002,2026-03-30 08:56:10,재진,정상
4541,10000639,2,1006,2026-03-30 08:58:30,재진,정상
4542,10000853,1,1002,2026-03-30 09:00:03,초진,정상
4543,10002879,1,1002,2026-03-30 09:04:28,재진,정상
4544,10003750,2,1006,2026-03-30 09:09:25,초진,정상
4545,10003749,5,1014,2026-03-30 09:11:57,초진,정상
4546,10003272,2,1006,2026-03-30 09:17:24,재진,정상
4547,10001465,1,1002,2026-03-30 09:26:41,재진,정상
4548,10003430,1,1002,2026-03-30 09:28:06,재진,정상
4549,10002871,5,1014,2026-03-30 09:29:30,재진,정상
4550,10002745,8,1022,2026-03-30 09:33:24,초진,정상
4551,10000550,2,1006,2026-03-30 09:34:22,재진,정상
4552,10001814,1,1002,2026-03-30 09:37:57,재진,정상
4553,10002302,8,1022,2026-03-30 09:38:00,재진,정상
4554,10002274,8,1022,2026-03-30 09:39:07,재진,정상
4555,10003751,2,1006,2026-03-30 09:47:17,초진,정상
4556,10003378,5,1014,2026-03-30 09:48:28,재진,정상
4557,10000620,2,1006,2026-03-30 09:52:51,초진,정상
4558,10000047,2,1006,2026-03-30 10:02:24,재진,정상
4559,10003752,8,1022,2026-03-30 10:09:52,초진,정상
4560,10003753,8,1022,2026-03-30 10:17:57,초진,정상
4561,10000075,7,1021,2026-03-30 10:23:40,초진,정상
4562,10003754,7,1021,2026-03-30 10:28:20,초진,정상
4563,10002958,5,1014,2026-03-30 10:34:57,재진,정상
4564,10003577,8,1022,2026-03-30 11:01:50,재진,취소
4565,10003756,7,1019,2026-03-30 12:53:18,초진,정상
4566,10001834,4,1012,2026-03-30 12:53:44,초진,정상
4567,10003755,8,1022,2026-03-30 12:54:05,초진,정상
4568,10000487,7,1019,2026-03-30 12:56:08,초진,정상
4569,10000192,4,1012,2026-03-30 12:57:27,초진,정상
4570,10001870,5,1013,2026-03-30 12:58:54,초진,정상
4571,10003307,4,1012,2026-03-30 13:00:05,재진,정상
4572,10002237,4,1012,2026-03-30 13:00:13,재진,정상
4573,10001657,8,1022,2026-03-30 13:01:34,초진,정상
4574,10000590,1,1003,2026-03-30 13:02:15,재진,정상
4575,10002396,1,1003,2026-03-30 13:02:33,재진,정상
4576,10002682,4,1012,2026-03-30 13:04:09,재진,정상
4577,10002534,4,1012,2026-03-30 13:05:03,초진,정상
4578,10003757,5,1013,2026-03-30 13:05:17,초진,취소
4579,10003482,1,1003,2026-03-30 13:05:26,재진,정상
4580,10003145,1,1003,2026-03-30 13:06:29,재진,정상
4581,10000290,1,1003,2026-03-30 13:12:05,재진,정상
4582,10003758,1,1003,2026-03-30 13:12:32,초진,정상
4583,10001388,4,1012,2026-03-30 13:13:08,초진,정상
4584,10002608,1,1003,2026-03-30 13:15:05,재진,정상
4585,10002967,4,1012,2026-03-30 13:15:15,재진,정상
4586,10003495,7,1019,2026-03-30 13:15:25,재진,정상
4587,10000543,4,1012,2026-03-30 13:15:45,초진,정상
4588,10000718,1,1003,2026-03-30 13:20:15,초진,정상
4589,10002671,4,1012,2026-03-30 13:21:07,재진,정상
4590,10002188,4,1012,2026-03-30 13:21:13,재진,정상
4591,10003081,4,1012,2026-03-30 13:21:59,재진,정상
4592,10003759,1,1003,2026-03-30 13:23:10,초진,정상
4593,10001263,7,1019,2026-03-30 13:23:41,재진,정상
4594,10000472,4,1012,2026-03-30 13:24:18,재진,정상
4595,10000768,8,1022,2026-03-30 13:25:23,초진,정상
4596,10001391,7,1019,2026-03-30 13:28:37,재진,정상
4597,10003068,1,1003,2026-03-30 13:31:49,재진,정상
4598,10003761,1,1003,2026-03-30 13:35:43,초진,정상
4599,10003690,1,1003,2026-03-30 13:35:47,초진,정상
4600,10003760,8,1022,2026-03-30 13:36:09,초진,정상
4601,10001089,4,1012,2026-03-30 13:40:47,초진,정상
4602,10003762,5,1013,2026-03-30 13:51:21,초진,정상
4603,10003484,1,1003,2026-03-30 13:52:35,재진,정상
4604,10000882,7,1019,2026-03-30 13:55:41,초진,정상
4605,10002124,4,1012,2026-03-30 13:56:51,재진,정상
4606,10000553,7,1019,2026-03-30 13:57:12,초진,정상
4607,10001347,5,1013,2026-03-30 13:57:30,재진,정상
4608,10000833,1,1003,2026-03-30 13:59:29,재진,정상
4609,10003763,1,1003,2026-03-30 13:59:36,초진,정상
4610,10003061,7,1019,2026-03-30 14:02:48,재진,정상
4611,10003493,7,1019,2026-03-30 14:03:16,재진,정상
4612,10002605,1,1003,2026-03-30 14:11:47,재진,정상
4613,10000060,7,1019,2026-03-30 14:15:21,재진,정상
4614,10003344,8,1022,2026-03-30 14:15:44,초진,정상
4615,10002543,4,1012,2026-03-30 14:18:52,재진,정상
4616,10003060,4,1012,2026-03-30 14:33:30,재진,정상
4617,10002679,8,1022,2026-03-30 14:39:17,재진,정상
4618,10003765,5,1013,2026-03-30 14:43:30,초진,정상
4619,10002692,1,1003,2026-03-30 14:45:23,재진,정상
4620,10003764,7,1019,2026-03-30 14:49:41,초진,정상
4621,10003766,7,1019,2026-03-30 14:52:38,초진,정상
4622,10001106,1,1003,2026-03-30 14:56:46,재진,정상
4623,10000936,4,1012,2026-03-30 15:29:38,재진,정상
4624,10002330,7,1020,2026-03-31 08:22:41,재진,정상
4625,10003302,1,1003,2026-03-31 08:23:51,재진,정상
4626,10003767,7,1020,2026-03-31 08:25:58,초진,정상
4627,10002790,4,1012,2026-03-31 08:27:20,재진,정상
4628,10003768,7,1020,2026-03-31 08:30:23,초진,정상
4629,10003769,6,1017,2026-03-31 08:33:45,초진,정상
4630,10001369,8,1023,2026-03-31 08:34:14,초진,정상
4631,10002785,7,1020,2026-03-31 08:37:56,초진,정상
4632,10003444,6,1017,2026-03-31 08:38:58,재진,정상
4633,10000926,3,1008,2026-03-31 08:41:00,재진,정상
4634,10003088,3,1008,2026-03-31 08:41:24,재진,정상
4635,10003772,6,1017,2026-03-31 08:46:41,초진,정상
4636,10002397,6,1017,2026-03-31 08:48:40,재진,정상
4637,10003770,7,1020,2026-03-31 08:50:37,초진,정상
4638,10003771,8,1023,2026-03-31 08:51:33,초진,정상
4639,10003303,7,1020,2026-03-31 08:57:25,재진,정상
4640,10003774,7,1020,2026-03-31 08:57:32,초진,정상
4641,10001885,8,1023,2026-03-31 08:58:35,재진,정상
4642,10001651,8,1023,2026-03-31 08:59:04,초진,정상
4643,10002476,6,1017,2026-03-31 09:01:46,재진,정상
4644,10003775,1,1003,2026-03-31 09:02:15,초진,정상
4645,10003773,1,1003,2026-03-31 09:04:26,초진,정상
4646,10000983,1,1003,2026-03-31 09:08:41,재진,정상
4647,10002418,3,1008,2026-03-31 09:10:57,재진,정상
4648,10002803,7,1020,2026-03-31 09:19:38,재진,정상
4649,10001068,1,1003,2026-03-31 09:23:47,재진,정상
4650,10003500,1,1003,2026-03-31 09:26:23,재진,정상
4651,10001095,1,1003,2026-03-31 09:29:22,초진,정상
4652,10000276,1,1003,2026-03-31 09:50:40,재진,정상
4653,10000904,1,1003,2026-03-31 09:52:11,재진,정상
4654,10003776,1,1003,2026-03-31 09:52:58,초진,정상
4655,10002472,7,1020,2026-03-31 09:54:20,재진,정상
4656,10002406,6,1017,2026-03-31 09:58:46,재진,정상
4657,10002970,1,1003,2026-03-31 10:00:16,재진,정상
4658,10003082,6,1017,2026-03-31 10:04:55,재진,정상
4659,10000038,8,1023,2026-03-31 10:06:35,재진,정상
4660,10003778,4,1012,2026-03-31 10:20:51,초진,정상
4661,10003777,4,1012,2026-03-31 10:23:55,초진,정상
4662,10003404,7,1020,2026-03-31 10:24:26,재진,정상
4663,10003779,6,1017,2026-03-31 10:36:27,초진,정상
4664,10003485,4,1012,2026-03-31 10:40:46,재진,정상
4665,10003782,5,1015,2026-03-31 12:50:16,초진,취소
4666,10003177,8,1023,2026-03-31 12:50:36,초진,정상
4667,10003783,6,1018,2026-03-31 12:51:24,초진,정상
4668,10003781,4,1010,2026-03-31 12:52:24,초진,정상
4669,10001811,3,1008,2026-03-31 12:52:31,재진,정상
4670,10003094,4,1010,2026-03-31 12:55:41,재진,정상
4671,10002246,3,1008,2026-03-31 12:55:48,재진,정상
4672,10003780,6,1018,2026-03-31 12:56:23,초진,정상
4673,10000600,5,1015,2026-03-31 12:58:22,재진,정상
4674,10000969,4,1010,2026-03-31 13:01:06,재진,정상
4675,10003784,6,1018,2026-03-31 13:03:42,초진,정상
4676,10003786,3,1008,2026-03-31 13:06:03,초진,정상
4677,10003405,8,1023,2026-03-31 13:07:12,재진,정상
4678,10003785,4,1010,2026-03-31 13:08:33,초진,정상
4679,10003425,6,1018,2026-03-31 13:10:35,재진,정상
4680,10003790,7,1019,2026-03-31 13:11:34,초진,정상
4681,10002557,6,1018,2026-03-31 13:12:31,재진,정상
4682,10002417,6,1018,2026-03-31 13:13:52,재진,정상
4683,10001545,2,1006,2026-03-31 13:14:58,재진,정상
4684,10003427,4,1010,2026-03-31 13:15:21,재진,정상
4685,10003523,6,1018,2026-03-31 13:15:45,재진,정상
4686,10000144,8,1023,2026-03-31 13:15:48,재진,정상
4687,10003787,4,1010,2026-03-31 13:17:06,초진,정상
4688,10003609,5,1015,2026-03-31 13:17:24,재진,정상
4689,10002011,6,1018,2026-03-31 13:18:51,재진,정상
4690,10003789,5,1015,2026-03-31 13:19:55,초진,정상
4691,10000196,8,1023,2026-03-31 13:20:08,초진,정상
4692,10003788,6,1018,2026-03-31 13:21:18,초진,정상
4693,10002337,5,1015,2026-03-31 13:23:12,재진,정상
4694,10003791,5,1015,2026-03-31 13:26:28,초진,정상
4695,10003173,6,1018,2026-03-31 13:29:04,재진,정상
4696,10002255,3,1008,2026-03-31 13:33:03,재진,정상
4697,10003085,8,1023,2026-03-31 13:33:37,재진,정상
4698,10003323,4,1010,2026-03-31 13:37:39,재진,정상
4699,10001637,7,1019,2026-03-31 13:41:13,재진,정상
4700,10002412,4,1010,2026-03-31 13:41:40,재진,정상
4701,10002419,6,1018,2026-03-31 13:42:47,재진,정상
4702,10002106,6,1018,2026-03-31 13:44:43,재진,정상
4703,10002798,3,1008,2026-03-31 13:45:53,재진,정상
4704,10000438,4,1010,2026-03-31 13:47:54,초진,정상
4705,10003793,6,1018,2026-03-31 13:48:29,초진,취소
4706,10003792,4,1010,2026-03-31 13:50:41,초진,정상
4707,10003794,6,1018,2026-03-31 13:56:23,초진,정상
4708,10003419,5,1015,2026-03-31 13:56:45,재진,정상
4709,10003415,2,1006,2026-03-31 13:59:57,재진,정상
4710,10001026,4,1010,2026-03-31 14:01:03,재진,정상
4711,10003511,4,1010,2026-03-31 14:04:00,초진,정상
4712,10000863,8,1023,2026-03-31 14:04:33,초진,정상
4713,10002484,6,1018,2026-03-31 14:18:58,재진,정상
4714,10001064,8,1023,2026-03-31 14:19:07,초진,정상
4715,10001631,4,1010,2026-03-31 14:20:37,초진,정상
4716,10003020,6,1018,2026-03-31 14:24:36,재진,정상
4717,10003795,4,1010,2026-03-31 14:26:36,초진,정상
4718,10000184,4,1010,2026-03-31 14:36:25,재진,정상
4719,10002779,2,1006,2026-03-31 14:43:31,재진,정상
4720,10003796,6,1018,2026-03-31 15:04:07,초진,정상
4721,10002317,7,1019,2026-03-31 15:15:33,재진,정상
4722,10003550,4,1010,2026-03-31 15:18:26,재진,정상
4723,10003416,3,1008,2026-03-31 15:24:26,재진,정상
4724,10003797,3,1008,2026-03-31 15:35:55,초진,정상
4725,10003798,5,1015,2026-03-31 15:41:12,초진,정상
4726,10003799,6,1018,2026-03-31 15:44:34,초진,정상
4727,10001226,7,1020,2026-04-01 08:20:53,초진,정상
4728,10003801,6,1016,2026-04-01 08:33:21,초진,정상
4729,10003800,6,1016,2026-04-01 08:37:10,초진,정상
4730,10002960,1,1002,2026-04-01 08:46:07,재진,정상
4731,10001086,3,1007,2026-04-01 08:51:11,초진,정상
4732,10003342,6,1016,2026-04-01 08:57:02,재진,정상
4733,10003440,1,1002,2026-04-01 09:18:42,재진,정상
4734,10003802,6,1016,2026-04-01 09:20:17,초진,정상
4735,10002493,1,1002,2026-04-01 09:28:09,재진,정상
4736,10002095,6,1016,2026-04-01 09:35:35,재진,정상
4737,10003803,1,1002,2026-04-01 09:36:34,초진,정상
4738,10003339,6,1016,2026-04-01 09:44:16,재진,정상
4739,10002263,6,1016,2026-04-01 10:00:12,재진,정상
4740,10001027,3,1007,2026-04-01 10:07:19,재진,정상
4741,10002424,7,1020,2026-04-01 10:08:07,재진,정상
4742,10003804,1,1002,2026-04-01 10:14:56,초진,정상
4743,10003571,1,1002,2026-04-01 10:21:00,재진,정상
4744,10003805,6,1016,2026-04-01 10:23:02,초진,정상
4745,10002834,6,1016,2026-04-01 10:23:46,재진,정상
4746,10003334,3,1007,2026-04-01 12:59:31,재진,정상
4747,10001432,2,1004,2026-04-01 13:00:23,재진,정상
4748,10001607,3,1007,2026-04-01 13:01:58,초진,정상
4749,10002635,3,1007,2026-04-01 13:07:14,재진,정상
4750,10001008,2,1004,2026-04-01 13:11:31,초진,정상
4751,10000531,2,1004,2026-04-01 13:19:15,재진,정상
4752,10000643,3,1007,2026-04-01 13:20:30,재진,정상
4753,10002426,6,1017,2026-04-01 13:20:30,재진,취소
4754,10003807,3,1007,2026-04-01 13:26:07,초진,정상
4755,10000326,2,1004,2026-04-01 13:34:44,재진,정상
4756,10000385,3,1007,2026-04-01 13:42:12,재진,정상
4757,10000751,3,1007,2026-04-01 13:56:46,재진,정상
4758,10000873,2,1004,2026-04-01 13:59:17,초진,정상
4759,10003808,3,1007,2026-04-01 14:08:05,초진,정상
4760,10002872,2,1004,2026-04-01 14:37:54,재진,정상
4761,10003809,6,1017,2026-04-01 14:41:21,초진,정상
4762,10003436,3,1007,2026-04-01 14:46:26,재진,정상
4763,10000677,3,1007,2026-04-01 14:54:54,재진,정상
4764,10000401,2,1004,2026-04-01 14:55:22,초진,정상
4765,10003181,3,1007,2026-04-01 15:04:26,재진,정상
4766,10000914,2,1005,2026-04-02 08:21:52,재진,취소
4767,10001454,7,1021,2026-04-02 08:26:00,초진,정상
4768,10000310,2,1005,2026-04-02 08:27:06,재진,정상
4769,10000448,2,1005,2026-04-02 08:28:22,재진,정상
4770,10002009,2,1005,2026-04-02 08:28:27,재진,정상
4771,10001537,4,1011,2026-04-02 08:30:23,재진,정상
4772,10000995,4,1011,2026-04-02 08:30:30,초진,정상
4773,10003811,7,1021,2026-04-02 08:30:43,초진,정상
4774,10003812,4,1011,2026-04-02 08:31:12,초진,정상
4775,10003810,6,1016,2026-04-02 08:33:32,초진,정상
4776,10003263,4,1011,2026-04-02 08:33:45,재진,정상
4777,10003449,3,1009,2026-04-02 08:36:07,재진,정상
4778,10000240,3,1009,2026-04-02 08:38:03,재진,정상
4779,10000282,4,1011,2026-04-02 08:38:14,재진,정상
4780,10003190,7,1021,2026-04-02 08:40:35,재진,정상
4781,10003813,2,1005,2026-04-02 08:41:48,초진,정상
4782,10003026,2,1005,2026-04-02 08:42:25,재진,정상
4783,10001370,4,1011,2026-04-02 08:43:42,초진,정상
4784,10002054,4,1011,2026-04-02 08:44:00,재진,정상
4785,10003814,3,1009,2026-04-02 08:49:49,초진,정상
4786,10000483,4,1011,2026-04-02 08:54:01,재진,정상
4787,10001741,3,1009,2026-04-02 08:56:49,초진,정상
4788,10003815,4,1011,2026-04-02 08:58:17,초진,정상
4789,10003364,4,1011,2026-04-02 08:58:39,재진,정상
4790,10003816,4,1011,2026-04-02 08:58:42,초진,정상
4791,10001006,2,1005,2026-04-02 09:01:56,재진,정상
4792,10000505,7,1021,2026-04-02 09:06:09,초진,정상
4793,10001171,3,1009,2026-04-02 09:08:28,재진,정상
4794,10001686,4,1011,2026-04-02 09:09:50,재진,정상
4795,10000314,3,1009,2026-04-02 09:12:45,재진,정상
4796,10000498,2,1005,2026-04-02 09:16:42,재진,취소
4797,10000891,3,1009,2026-04-02 09:17:25,재진,정상
4798,10000580,4,1011,2026-04-02 09:17:26,재진,취소
4799,10001462,3,1009,2026-04-02 09:21:41,초진,정상
4800,10003447,7,1021,2026-04-02 09:23:53,재진,정상
4801,10002345,6,1016,2026-04-02 09:25:05,재진,정상
4802,10002298,4,1011,2026-04-02 09:25:21,초진,정상
4803,10002733,4,1011,2026-04-02 09:28:23,재진,정상
4804,10001010,7,1021,2026-04-02 09:33:51,재진,정상
4805,10003431,6,1016,2026-04-02 09:46:17,재진,정상
4806,10002524,2,1005,2026-04-02 09:49:25,초진,정상
4807,10003011,3,1009,2026-04-02 09:51:24,재진,정상
4808,10002585,4,1011,2026-04-02 09:52:29,재진,정상
4809,10002639,3,1009,2026-04-02 10:03:02,재진,정상
4810,10000908,2,1005,2026-04-02 10:05:33,재진,취소
4811,10003817,4,1011,2026-04-02 10:14:59,초진,정상
4812,10003818,3,1009,2026-04-02 10:15:28,초진,정상
4813,10000444,2,1005,2026-04-02 10:50:09,초진,정상
4814,10002841,2,1005,2026-04-02 10:59:49,재진,정상
4815,10003819,4,1011,2026-04-02 11:10:42,초진,정상
4816,10001336,4,1010,2026-04-02 12:54:12,재진,정상
4817,10002710,6,1018,2026-04-02 12:58:37,재진,정상
4818,10000678,2,1005,2026-04-02 12:59:41,재진,정상
4819,10000213,1,1001,2026-04-02 13:16:17,재진,취소
4820,10000702,1,1001,2026-04-02 13:23:01,재진,정상
4821,10003820,2,1005,2026-04-02 13:29:07,초진,정상
4822,10001532,1,1001,2026-04-02 13:34:40,초진,정상
4823,10003821,4,1010,2026-04-02 13:37:31,초진,정상
4824,10001335,1,1001,2026-04-02 13:40:04,재진,정상
4825,10001346,1,1001,2026-04-02 13:40:37,재진,정상
4826,10002831,2,1005,2026-04-02 13:44:46,재진,정상
4827,10002705,2,1005,2026-04-02 13:51:45,재진,정상
4828,10003457,1,1001,2026-04-02 13:52:34,재진,정상
4829,10003554,4,1010,2026-04-02 13:53:39,재진,정상
4830,10000946,2,1005,2026-04-02 14:05:34,재진,정상
4831,10003822,5,1015,2026-04-02 14:06:12,초진,정상
4832,10003368,1,1001,2026-04-02 14:17:16,재진,정상
4833,10002275,1,1001,2026-04-02 14:18:07,재진,정상
4834,10000782,1,1001,2026-04-02 14:24:17,재진,정상
4835,10000162,1,1001,2026-04-02 14:24:27,초진,정상
4836,10003823,1,1001,2026-04-02 14:26:40,초진,정상
4837,10003824,1,1001,2026-04-02 14:31:58,초진,정상
4838,10002350,1,1001,2026-04-02 14:39:21,재진,정상
4839,10002588,1,1001,2026-04-02 14:53:38,재진,정상
4840,10003204,1,1001,2026-04-02 15:00:37,재진,정상
4841,10002746,1,1001,2026-04-02 15:01:51,재진,정상
4842,10000663,4,1010,2026-04-02 15:05:05,재진,정상
4843,10003825,1,1001,2026-04-02 15:18:41,초진,정상
4844,10002278,1,1001,2026-04-02 15:21:54,재진,정상
4845,10001062,5,1013,2026-04-03 08:26:03,초진,정상
4846,10002684,3,1009,2026-04-03 08:30:29,재진,정상
4847,10000507,3,1009,2026-04-03 08:32:51,재진,정상
4848,10003826,5,1013,2026-04-03 08:39:20,초진,정상
4849,10002640,8,1024,2026-04-03 08:41:30,재진,정상
4850,10003828,8,1024,2026-04-03 08:56:49,초진,정상
4851,10003827,5,1013,2026-04-03 09:03:30,초진,정상
4852,10003494,5,1013,2026-04-03 09:09:54,초진,정상
4853,10003829,8,1024,2026-04-03 09:11:03,초진,취소
4854,10000073,3,1009,2026-04-03 09:15:33,재진,정상
4855,10002607,8,1024,2026-04-03 09:17:07,재진,정상
4856,10003830,5,1013,2026-04-03 09:36:09,초진,정상
4857,10003831,8,1024,2026-04-03 09:37:24,초진,정상
4858,10000226,3,1009,2026-04-03 10:05:49,재진,정상
4859,10003832,5,1013,2026-04-03 10:16:03,초진,정상
4860,10002159,3,1009,2026-04-03 10:21:35,재진,정상
4861,10003833,8,1024,2026-04-03 10:26:46,초진,정상
4862,10003834,5,1013,2026-04-03 10:50:06,초진,정상
4863,10003835,8,1024,2026-04-03 10:52:57,초진,정상
4864,10002218,5,1013,2026-04-03 11:15:15,재진,정상
4865,10002765,5,1014,2026-04-03 12:55:47,재진,정상
4866,10000110,4,1011,2026-04-03 12:57:46,초진,정상
4867,10003562,4,1011,2026-04-03 12:58:17,재진,정상
4868,10003836,4,1011,2026-04-03 13:00:17,초진,정상
4869,10000968,1,1001,2026-04-03 13:03:53,재진,정상
4870,10002230,5,1014,2026-04-03 13:06:08,재진,정상
4871,10000346,1,1001,2026-04-03 13:08:14,재진,정상
4872,10001687,4,1011,2026-04-03 13:09:22,초진,정상
4873,10000358,1,1001,2026-04-03 13:14:32,재진,정상
4874,10001675,8,1024,2026-04-03 13:16:31,재진,정상
4875,10003375,8,1024,2026-04-03 13:17:39,초진,정상
4876,10000830,1,1001,2026-04-03 13:20:27,초진,정상
4877,10000978,5,1014,2026-04-03 13:24:11,재진,정상
4878,10001107,2,1004,2026-04-03 13:27:00,재진,정상
4879,10000901,1,1001,2026-04-03 13:31:29,재진,정상
4880,10001051,8,1024,2026-04-03 13:36:17,초진,정상
4881,10002268,2,1004,2026-04-03 13:41:01,재진,정상
4882,10003264,1,1001,2026-04-03 13:41:41,재진,정상
4883,10001402,1,1001,2026-04-03 13:45:50,재진,정상
4884,10001918,1,1001,2026-04-03 13:46:21,재진,정상
4885,10003837,5,1014,2026-04-03 13:48:53,초진,정상
4886,10001198,5,1014,2026-04-03 13:50:14,초진,정상
4887,10001225,4,1011,2026-04-03 13:56:34,초진,정상
4888,10003180,2,1004,2026-04-03 14:24:10,재진,정상
4889,10003838,5,1014,2026-04-03 14:27:46,초진,정상
4890,10000684,5,1014,2026-04-03 14:41:52,초진,정상
4891,10003249,8,1024,2026-04-03 14:42:23,재진,정상
4892,10000524,8,1024,2026-04-03 14:47:17,재진,정상
4893,10003645,4,1011,2026-04-03 14:57:16,초진,정상
4894,10003839,2,1004,2026-04-03 14:58:33,초진,정상
4895,10001296,2,1004,2026-04-03 15:06:31,초진,정상
4896,10001114,1,1001,2026-04-03 15:18:03,재진,정상
4897,10003525,1,1002,2026-04-06 08:20:06,초진,정상
4898,10003840,1,1002,2026-04-06 08:20:39,초진,정상
4899,10003271,8,1022,2026-04-06 08:31:48,재진,정상
4900,10003841,2,1006,2026-04-06 08:32:38,초진,정상
4901,10003842,2,1006,2026-04-06 08:34:05,초진,정상
4902,10002264,1,1002,2026-04-06 08:37:11,재진,정상
4903,10000166,2,1006,2026-04-06 08:37:46,재진,정상
4904,10000707,1,1002,2026-04-06 08:41:52,초진,정상
4905,10000746,1,1002,2026-04-06 08:42:56,재진,정상
4906,10000331,7,1021,2026-04-06 08:43:00,재진,정상
4907,10001013,2,1006,2026-04-06 08:43:42,재진,정상
4908,10000271,1,1002,2026-04-06 08:48:01,재진,정상
4909,10000542,1,1002,2026-04-06 08:48:28,재진,정상
4910,10000458,1,1002,2026-04-06 08:58:25,재진,정상
4911,10003843,1,1002,2026-04-06 09:02:25,초진,정상
4912,10000669,2,1006,2026-04-06 09:06:53,재진,정상
4913,10001104,1,1002,2026-04-06 09:07:23,재진,정상
4914,10003844,1,1002,2026-04-06 09:09:54,초진,정상
4915,10003845,7,1021,2026-04-06 09:13:06,초진,정상
4916,10003846,5,1014,2026-04-06 09:19:24,초진,정상
4917,10000257,2,1006,2026-04-06 09:21:05,초진,정상
4918,10000227,1,1002,2026-04-06 09:21:14,초진,정상
4919,10001283,2,1006,2026-04-06 09:21:33,초진,정상
4920,10002868,5,1014,2026-04-06 09:22:19,재진,정상
4921,10000488,8,1022,2026-04-06 09:37:08,재진,정상
4922,10000584,2,1006,2026-04-06 09:37:44,재진,정상
4923,10003847,1,1002,2026-04-06 09:42:17,초진,정상
4924,10002703,1,1002,2026-04-06 09:42:52,재진,정상
4925,10002099,1,1002,2026-04-06 09:45:10,초진,정상
4926,10003136,5,1014,2026-04-06 09:48:38,재진,정상
4927,10003848,8,1022,2026-04-06 09:51:17,초진,정상
4928,10003849,2,1006,2026-04-06 09:56:04,초진,정상
4929,10000056,1,1002,2026-04-06 10:01:42,초진,정상
4930,10003455,7,1021,2026-04-06 10:07:46,재진,정상
4931,10000228,1,1002,2026-04-06 10:09:32,초진,정상
4932,10003850,1,1002,2026-04-06 10:12:17,초진,정상
4933,10000727,2,1006,2026-04-06 10:22:35,초진,정상
4934,10003569,2,1006,2026-04-06 10:23:16,재진,정상
4935,10003851,7,1021,2026-04-06 10:51:06,초진,정상
4936,10003852,2,1006,2026-04-06 10:53:45,초진,취소
4937,10001453,4,1012,2026-04-06 12:50:18,초진,정상
4938,10001731,1,1003,2026-04-06 12:51:10,초진,정상
4939,10002889,4,1012,2026-04-06 12:51:27,재진,정상
4940,10003853,4,1012,2026-04-06 12:52:31,초진,정상
4941,10001077,4,1012,2026-04-06 12:55:02,재진,정상
4942,10003286,8,1022,2026-04-06 12:56:47,재진,정상
4943,10000134,4,1012,2026-04-06 12:59:27,초진,취소
4944,10003855,4,1012,2026-04-06 13:00:22,초진,정상
4945,10000253,7,1019,2026-04-06 13:01:25,재진,정상
4946,10003854,4,1012,2026-04-06 13:02:08,초진,정상
4947,10000797,4,1012,2026-04-06 13:04:15,재진,취소
4948,10002531,7,1019,2026-04-06 13:04:46,재진,정상
4949,10002233,7,1019,2026-04-06 13:05:09,재진,정상
4950,10003856,1,1003,2026-04-06 13:10:09,초진,정상
4951,10003857,1,1003,2026-04-06 13:12:42,초진,정상
4952,10000135,4,1012,2026-04-06 13:13:42,재진,정상
4953,10003006,1,1003,2026-04-06 13:17:36,초진,정상
4954,10000961,7,1019,2026-04-06 13:18:21,재진,정상
4955,10000765,5,1013,2026-04-06 13:18:48,초진,정상
4956,10003859,7,1019,2026-04-06 13:22:28,초진,정상
4957,10003861,7,1019,2026-04-06 13:23:44,초진,정상
4958,10003406,1,1003,2026-04-06 13:24:32,재진,정상
4959,10001489,8,1022,2026-04-06 13:24:42,초진,정상
4960,10003858,7,1019,2026-04-06 13:25:07,초진,취소
4961,10003860,5,1013,2026-04-06 13:27:55,초진,정상
4962,10003592,4,1012,2026-04-06 13:28:00,초진,정상
4963,10002898,7,1019,2026-04-06 13:30:28,재진,취소
4964,10003862,5,1013,2026-04-06 13:30:41,초진,정상
4965,10000656,7,1019,2026-04-06 13:31:35,초진,정상
4966,10001992,4,1012,2026-04-06 13:32:57,재진,정상
4967,10003863,8,1022,2026-04-06 13:34:46,초진,정상
4968,10000219,1,1003,2026-04-06 13:35:31,재진,정상
4969,10001344,4,1012,2026-04-06 13:38:01,초진,정상
4970,10001341,4,1012,2026-04-06 13:38:13,재진,정상
4971,10000570,8,1022,2026-04-06 13:42:08,재진,정상
4972,10000793,7,1019,2026-04-06 13:45:09,재진,정상
4973,10003291,1,1003,2026-04-06 13:52:27,재진,정상
4974,10002450,4,1012,2026-04-06 14:06:16,초진,정상
4975,10001983,1,1003,2026-04-06 14:06:17,재진,정상
4976,10003295,8,1022,2026-04-06 14:06:39,재진,정상
4977,10003129,5,1013,2026-04-06 14:06:59,재진,정상
4978,10000476,1,1003,2026-04-06 14:14:02,초진,정상
4979,10003032,7,1019,2026-04-06 14:14:20,초진,정상
4980,10002674,4,1012,2026-04-06 14:24:38,재진,정상
4981,10003864,5,1013,2026-04-06 14:26:34,초진,정상
4982,10002389,7,1019,2026-04-06 14:29:43,재진,정상
4983,10003865,7,1019,2026-04-06 14:30:56,초진,정상
4984,10000042,5,1013,2026-04-06 14:43:36,초진,정상
4985,10002242,1,1003,2026-04-06 14:45:25,재진,정상
4986,10001354,7,1019,2026-04-06 14:54:40,재진,정상
4987,10003866,5,1013,2026-04-06 15:08:49,초진,정상
4988,10001143,4,1012,2026-04-06 15:18:06,초진,정상
4989,10003867,8,1022,2026-04-06 15:29:38,초진,정상
4990,10002395,4,1012,2026-04-06 15:30:24,재진,정상
4991,10003869,1,1003,2026-04-06 15:36:31,초진,정상
4992,10003868,4,1012,2026-04-06 15:41:57,초진,정상
4993,10002132,6,1017,2026-04-07 08:24:16,재진,정상
4994,10003870,6,1017,2026-04-07 08:25:54,초진,정상
4995,10000107,4,1012,2026-04-07 08:27:31,재진,정상
4996,10000419,3,1008,2026-04-07 08:32:43,재진,정상
4997,10003394,6,1017,2026-04-07 08:36:49,재진,정상
4998,10001750,7,1020,2026-04-07 08:36:56,재진,정상
4999,10002295,8,1023,2026-04-07 08:38:12,재진,정상
5000,10003873,6,1017,2026-04-07 08:39:22,초진,정상
5001,10003872,6,1017,2026-04-07 08:39:28,초진,정상
5002,10003871,8,1023,2026-04-07 08:39:48,초진,정상
5003,10002468,3,1008,2026-04-07 08:41:06,재진,정상
5004,10000205,1,1003,2026-04-07 08:42:28,초진,정상
5005,10003874,1,1003,2026-04-07 08:43:31,초진,정상
5006,10002617,6,1017,2026-04-07 08:51:30,재진,정상
5007,10001237,7,1020,2026-04-07 08:52:54,초진,정상
5008,10001291,7,1020,2026-04-07 08:54:26,초진,정상
5009,10003876,7,1020,2026-04-07 09:01:03,초진,정상
5010,10003875,3,1008,2026-04-07 09:03:08,초진,정상
5011,10002804,7,1020,2026-04-07 09:06:56,재진,정상
5012,10003163,7,1020,2026-04-07 09:09:40,재진,정상
5013,10001500,8,1023,2026-04-07 09:14:08,재진,정상
5014,10002334,8,1023,2026-04-07 09:17:52,재진,정상
5015,10003877,8,1023,2026-04-07 09:18:43,초진,정상
5016,10003397,7,1020,2026-04-07 09:23:52,재진,정상
5017,10002506,3,1008,2026-04-07 09:24:44,재진,정상
5018,10003878,7,1020,2026-04-07 09:31:37,초진,정상
5019,10000159,7,1020,2026-04-07 09:34:03,재진,정상
5020,10001310,3,1008,2026-04-07 09:35:10,초진,정상
5021,10003681,6,1017,2026-04-07 09:35:16,재진,정상
5022,10002622,6,1017,2026-04-07 09:35:58,재진,취소
5023,10000181,4,1012,2026-04-07 09:36:12,재진,정상
5024,10001084,3,1008,2026-04-07 09:37:53,초진,정상
5025,10003880,1,1003,2026-04-07 09:39:42,초진,정상
5026,10003879,8,1023,2026-04-07 09:42:47,초진,정상
5027,10000620,3,1008,2026-04-07 09:45:59,초진,정상
5028,10002193,6,1017,2026-04-07 09:49:28,재진,정상
5029,10003881,3,1008,2026-04-07 09:56:26,초진,정상
5030,10003314,7,1020,2026-04-07 09:57:30,재진,정상
5031,10001979,8,1023,2026-04-07 09:59:43,초진,정상
5032,10000130,1,1003,2026-04-07 10:16:59,재진,정상
5033,10002423,7,1020,2026-04-07 10:19:45,재진,정상
5034,10003369,7,1020,2026-04-07 10:21:49,초진,정상
5035,10003882,6,1017,2026-04-07 10:31:11,초진,정상
5036,10000286,7,1020,2026-04-07 10:38:18,재진,정상
5037,10002689,3,1008,2026-04-07 10:42:48,재진,정상
5038,10002554,3,1008,2026-04-07 10:44:10,재진,정상
5039,10000382,7,1020,2026-04-07 10:50:12,재진,정상
5040,10003304,7,1020,2026-04-07 10:52:10,재진,정상
5041,10003410,8,1023,2026-04-07 11:09:59,초진,취소
5042,10003883,2,1006,2026-04-07 12:55:42,초진,정상
5043,10003885,6,1018,2026-04-07 12:58:19,초진,정상
5044,10003170,4,1010,2026-04-07 12:58:44,재진,정상
5045,10002440,4,1010,2026-04-07 13:01:45,재진,정상
5046,10001673,3,1008,2026-04-07 13:01:55,초진,정상
5047,10003886,3,1008,2026-04-07 13:03:30,초진,정상
5048,10003884,8,1023,2026-04-07 13:03:39,초진,정상
5049,10003887,6,1018,2026-04-07 13:06:24,초진,정상
5050,10002327,8,1023,2026-04-07 13:08:46,초진,정상
5051,10003888,5,1015,2026-04-07 13:09:36,초진,정상
5052,10002908,3,1008,2026-04-07 13:10:19,재진,정상
5053,10002478,4,1010,2026-04-07 13:16:33,재진,정상
5054,10000944,4,1010,2026-04-07 13:25:39,초진,정상
5055,10003403,3,1008,2026-04-07 13:27:46,재진,정상
5056,10003407,3,1008,2026-04-07 13:28:50,재진,정상
5057,10001092,3,1008,2026-04-07 13:30:36,초진,정상
5058,10001181,3,1008,2026-04-07 13:31:13,초진,정상
5059,10001078,4,1010,2026-04-07 13:31:43,초진,정상
5060,10003890,8,1023,2026-04-07 13:33:06,초진,정상
5061,10003889,8,1023,2026-04-07 13:33:35,초진,정상
5062,10002214,4,1010,2026-04-07 13:43:08,재진,정상
5063,10000559,5,1015,2026-04-07 13:48:26,초진,정상
5064,10000817,8,1023,2026-04-07 13:50:51,초진,정상
5065,10000806,5,1015,2026-04-07 14:00:00,재진,정상
5066,10002813,4,1010,2026-04-07 14:02:49,재진,정상
5067,10000575,8,1023,2026-04-07 14:08:57,재진,정상
5068,10000613,8,1023,2026-04-07 14:11:11,초진,정상
5069,10003164,6,1018,2026-04-07 14:15:37,재진,정상
5070,10000369,2,1006,2026-04-07 14:18:48,초진,정상
5071,10000050,5,1015,2026-04-07 14:23:03,재진,정상
5072,10003891,4,1010,2026-04-07 14:25:43,초진,정상
5073,10003301,8,1023,2026-04-07 14:31:57,재진,정상
5074,10001949,3,1008,2026-04-07 14:32:54,재진,정상
5075,10002913,5,1015,2026-04-07 14:43:35,재진,정상
5076,10003892,4,1010,2026-04-07 14:57:51,초진,정상
5077,10003138,3,1008,2026-04-07 15:20:01,초진,정상
5078,10003893,6,1018,2026-04-07 15:20:29,초진,정상
5079,10001654,4,1010,2026-04-07 15:28:00,재진,정상
5080,10003171,3,1008,2026-04-07 15:41:05,재진,정상
5081,10001539,3,1007,2026-04-08 08:20:56,초진,정상
5082,10000503,7,1020,2026-04-08 08:21:00,재진,정상
5083,10003189,6,1016,2026-04-08 08:24:21,초진,정상
5084,10001924,3,1007,2026-04-08 08:25:18,초진,취소
5085,10001583,1,1002,2026-04-08 08:26:48,초진,정상
5086,10001702,3,1007,2026-04-08 08:27:44,초진,정상
5087,10003894,6,1016,2026-04-08 08:29:31,초진,정상
5088,10003897,1,1002,2026-04-08 08:31:12,초진,정상
5089,10003227,6,1016,2026-04-08 08:31:18,재진,정상
5090,10003896,1,1002,2026-04-08 08:33:44,초진,정상
5091,10003895,1,1002,2026-04-08 08:34:38,초진,정상
5092,10002569,3,1007,2026-04-08 08:45:03,재진,정상
5093,10003898,6,1016,2026-04-08 08:50:30,초진,정상
5094,10001928,3,1007,2026-04-08 08:51:13,초진,정상
5095,10002825,6,1016,2026-04-08 08:52:16,재진,정상
5096,10003899,1,1002,2026-04-08 09:00:25,초진,정상
5097,10000170,1,1002,2026-04-08 09:04:08,재진,정상
5098,10001556,3,1007,2026-04-08 09:05:31,재진,정상
5099,10003529,1,1002,2026-04-08 09:15:46,재진,정상
5100,10002402,3,1007,2026-04-08 09:15:48,재진,정상
5101,10001038,1,1002,2026-04-08 09:17:46,초진,정상
5102,10002346,3,1007,2026-04-08 09:19:00,재진,정상
5103,10001342,3,1007,2026-04-08 09:19:17,재진,정상
5104,10001063,1,1002,2026-04-08 09:19:58,재진,정상
5105,10003900,7,1020,2026-04-08 09:22:18,초진,정상
5106,10003901,1,1002,2026-04-08 09:28:04,초진,정상
5107,10000742,1,1002,2026-04-08 09:28:15,재진,정상
5108,10001242,3,1007,2026-04-08 09:30:23,초진,정상
5109,10003317,1,1002,2026-04-08 09:30:25,초진,정상
5110,10003019,6,1016,2026-04-08 09:51:15,재진,정상
5111,10003333,1,1002,2026-04-08 09:51:34,재진,정상
5112,10001773,1,1002,2026-04-08 10:03:12,재진,정상
5113,10001932,2,1004,2026-04-08 12:55:25,재진,정상
5114,10000335,2,1004,2026-04-08 12:58:40,초진,정상
5115,10000851,2,1004,2026-04-08 13:09:50,초진,정상
5116,10003902,3,1007,2026-04-08 13:12:38,초진,정상
5117,10000533,3,1007,2026-04-08 13:12:46,재진,정상
5118,10003903,6,1017,2026-04-08 13:19:59,초진,정상
5119,10001147,2,1004,2026-04-08 13:23:51,재진,정상
5120,10003904,3,1007,2026-04-08 13:27:30,초진,취소
5121,10000423,3,1007,2026-04-08 13:46:41,재진,정상
5122,10003905,2,1004,2026-04-08 13:48:16,초진,정상
5123,10000061,3,1007,2026-04-08 13:49:11,초진,정상
5124,10001325,3,1007,2026-04-08 13:51:08,초진,정상
5125,10001398,2,1004,2026-04-08 13:58:21,초진,정상
5126,10003906,3,1007,2026-04-08 14:03:27,초진,정상
5127,10000648,2,1004,2026-04-08 14:14:10,재진,정상
5128,10003907,3,1007,2026-04-08 14:16:55,초진,정상
5129,10003615,3,1007,2026-04-08 14:59:35,재진,정상
5130,10002496,2,1004,2026-04-08 15:15:36,재진,정상
5131,10001318,2,1004,2026-04-08 15:16:40,초진,정상
5132,10002943,2,1005,2026-04-09 08:20:15,재진,정상
5133,10002754,2,1005,2026-04-09 08:21:55,재진,정상
5134,10003908,4,1011,2026-04-09 08:24:39,초진,정상
5135,10003228,3,1009,2026-04-09 08:26:38,재진,정상
5136,10002062,3,1009,2026-04-09 08:29:55,초진,정상
5137,10003909,3,1009,2026-04-09 08:30:43,초진,정상
5138,10002377,2,1005,2026-04-09 08:32:14,초진,정상
5139,10001074,2,1005,2026-04-09 08:32:56,재진,정상
5140,10002753,2,1005,2026-04-09 08:35:14,재진,정상
5141,10000227,4,1011,2026-04-09 08:39:59,재진,정상
5142,10000137,7,1021,2026-04-09 08:43:29,초진,정상
5143,10003434,6,1016,2026-04-09 08:44:16,재진,정상
5144,10000028,4,1011,2026-04-09 08:48:50,재진,정상
5145,10003910,2,1005,2026-04-09 08:49:25,초진,정상
5146,10001299,4,1011,2026-04-09 08:50:13,초진,정상
5147,10003559,2,1005,2026-04-09 08:53:54,재진,정상
5148,10000278,3,1009,2026-04-09 08:55:32,초진,정상
5149,10003225,4,1011,2026-04-09 08:56:15,재진,정상
5150,10003632,2,1005,2026-04-09 08:58:08,재진,정상
5151,10000363,7,1021,2026-04-09 08:58:16,재진,정상
5152,10003545,4,1011,2026-04-09 09:00:37,재진,정상
5153,10003911,2,1005,2026-04-09 09:01:46,초진,정상
5154,10001311,3,1009,2026-04-09 09:05:03,재진,정상
5155,10001835,2,1005,2026-04-09 09:06:42,초진,정상
5156,10000713,3,1009,2026-04-09 09:06:55,재진,정상
5157,10003051,7,1021,2026-04-09 09:07:33,재진,정상
5158,10002809,4,1011,2026-04-09 09:08:35,재진,정상
5159,10003912,7,1021,2026-04-09 09:08:43,초진,정상
5160,10002432,4,1011,2026-04-09 09:11:55,재진,정상
5161,10000268,4,1011,2026-04-09 09:15:01,초진,정상
5162,10003913,3,1009,2026-04-09 09:20:02,초진,정상
5163,10003914,3,1009,2026-04-09 09:24:04,초진,정상
5164,10003454,4,1011,2026-04-09 09:24:05,재진,정상
5165,10003199,4,1011,2026-04-09 09:52:36,재진,정상
5166,10000072,4,1011,2026-04-09 10:05:12,초진,정상
5167,10003200,4,1011,2026-04-09 10:07:12,재진,정상
5168,10003193,4,1011,2026-04-09 10:12:55,재진,정상
5169,10003106,7,1021,2026-04-09 10:21:21,재진,정상
5170,10001184,4,1011,2026-04-09 10:24:55,재진,정상
5171,10003373,2,1005,2026-04-09 10:37:37,재진,정상
5172,10000555,2,1005,2026-04-09 10:39:40,재진,정상
5173,10002575,3,1009,2026-04-09 10:48:29,재진,정상
5174,10003915,7,1021,2026-04-09 10:56:25,초진,정상
5175,10001009,3,1009,2026-04-09 11:03:19,재진,정상
5176,10003916,1,1001,2026-04-09 12:52:06,초진,정상
5177,10003374,1,1001,2026-04-09 12:52:51,재진,정상
5178,10001053,1,1001,2026-04-09 12:54:24,재진,정상
5179,10000098,4,1010,2026-04-09 13:01:18,재진,정상
5180,10001397,1,1001,2026-04-09 13:06:57,초진,정상
5181,10000046,1,1001,2026-04-09 13:06:59,초진,정상
5182,10002212,1,1001,2026-04-09 13:07:15,재진,취소
5183,10003131,1,1001,2026-04-09 13:10:01,재진,정상
5184,10002508,1,1001,2026-04-09 13:12:06,재진,정상
5185,10001343,2,1005,2026-04-09 13:12:52,초진,정상
5186,10000414,1,1001,2026-04-09 13:13:36,초진,정상
5187,10001999,4,1010,2026-04-09 13:14:47,재진,정상
5188,10002996,6,1018,2026-04-09 13:15:08,재진,정상
5189,10003918,1,1001,2026-04-09 13:16:22,초진,정상
5190,10003917,4,1010,2026-04-09 13:17:58,초진,정상
5191,10002780,2,1005,2026-04-09 13:26:11,재진,정상
5192,10000475,4,1010,2026-04-09 13:28:17,초진,취소
5193,10002918,4,1010,2026-04-09 13:33:06,재진,정상
5194,10003919,4,1010,2026-04-09 13:36:45,초진,정상
5195,10003630,2,1005,2026-04-09 13:39:49,재진,정상
5196,10003460,2,1005,2026-04-09 13:40:17,초진,취소
5197,10003025,1,1001,2026-04-09 13:40:36,재진,정상
5198,10003203,1,1001,2026-04-09 13:44:59,재진,정상
5199,10002008,1,1001,2026-04-09 13:51:55,재진,정상
5200,10000676,4,1010,2026-04-09 13:57:45,재진,정상
5201,10000191,4,1010,2026-04-09 14:01:39,재진,정상
5202,10003921,6,1018,2026-04-09 14:02:14,초진,취소
5203,10003920,6,1018,2026-04-09 14:03:05,초진,정상
5204,10002586,2,1005,2026-04-09 14:03:15,재진,정상
5205,10000204,1,1001,2026-04-09 14:10:40,초진,취소
5206,10000621,1,1001,2026-04-09 14:14:23,초진,정상
5207,10001801,5,1015,2026-04-09 14:16:15,재진,정상
5208,10001118,1,1001,2026-04-09 14:35:31,재진,정상
5209,10000318,1,1001,2026-04-09 14:40:31,재진,정상
5210,10003167,2,1005,2026-04-09 14:43:09,초진,정상
5211,10002576,2,1005,2026-04-09 14:57:18,재진,정상
5212,10001101,1,1001,2026-04-09 15:05:15,재진,정상
5213,10003639,5,1015,2026-04-09 15:09:15,재진,정상
5214,10000275,5,1015,2026-04-09 15:35:56,재진,정상
5215,10002595,5,1013,2026-04-10 08:25:26,초진,정상
5216,10002454,5,1013,2026-04-10 08:30:50,재진,정상
5217,10001973,8,1024,2026-04-10 08:31:56,재진,정상
5218,10003922,3,1009,2026-04-10 08:37:21,초진,정상
5219,10000027,5,1013,2026-04-10 08:42:44,재진,정상
5220,10002512,5,1013,2026-04-10 08:58:32,재진,정상
5221,10002947,5,1013,2026-04-10 09:07:56,재진,정상
5222,10001541,3,1009,2026-04-10 09:13:34,초진,취소
5223,10003923,5,1013,2026-04-10 09:19:09,초진,정상
5224,10001401,8,1024,2026-04-10 09:25:21,초진,정상
5225,10001377,8,1024,2026-04-10 09:28:53,초진,취소
5226,10000299,5,1013,2026-04-10 09:32:14,초진,정상
5227,10002963,5,1013,2026-04-10 09:51:03,재진,정상
5228,10003463,5,1013,2026-04-10 10:08:19,재진,정상
5229,10003253,5,1013,2026-04-10 10:14:56,재진,정상
5230,10003648,8,1024,2026-04-10 10:21:23,재진,정상
5231,10003379,4,1011,2026-04-10 12:52:26,재진,정상
5232,10003924,1,1001,2026-04-10 13:04:47,초진,정상
5233,10003623,4,1011,2026-04-10 13:10:26,재진,정상
5234,10001588,1,1001,2026-04-10 13:12:11,초진,정상
5235,10003925,5,1014,2026-04-10 13:13:58,초진,정상
5236,10003469,1,1001,2026-04-10 13:14:40,재진,정상
5237,10000606,2,1004,2026-04-10 13:21:11,재진,정상
5238,10002276,2,1004,2026-04-10 13:24:05,초진,정상
5239,10001530,5,1014,2026-04-10 13:40:11,초진,정상
5240,10003926,4,1011,2026-04-10 13:43:11,초진,정상
5241,10000588,1,1001,2026-04-10 13:46:26,초진,정상
5242,10003927,2,1004,2026-04-10 13:50:27,초진,정상
5243,10000517,1,1001,2026-04-10 14:08:50,재진,정상
5244,10000440,2,1004,2026-04-10 14:13:24,재진,취소
5245,10000278,8,1024,2026-04-10 14:20:58,초진,정상
5246,10003928,8,1024,2026-04-10 14:42:39,초진,정상
5247,10003929,5,1014,2026-04-10 15:02:19,초진,취소
5248,10003381,4,1011,2026-04-10 15:09:25,재진,정상
5249,10001044,5,1014,2026-04-10 15:24:52,초진,정상
5250,10003930,5,1014,2026-04-13 08:20:07,초진,정상
5251,10003931,7,1021,2026-04-13 08:22:00,초진,정상
5252,10000587,2,1006,2026-04-13 08:24:36,초진,정상
5253,10003475,2,1006,2026-04-13 08:28:18,재진,정상
5254,10000081,7,1021,2026-04-13 08:32:18,초진,정상
5255,10003576,7,1021,2026-04-13 08:32:56,재진,정상
5256,10003932,5,1014,2026-04-13 08:33:00,초진,정상
5257,10003201,7,1021,2026-04-13 08:33:38,재진,정상
5258,10002146,1,1002,2026-04-13 08:36:57,재진,정상
5259,10002087,2,1006,2026-04-13 08:38:06,초진,정상
5260,10003663,1,1002,2026-04-13 08:42:36,재진,정상
5261,10001551,7,1021,2026-04-13 08:50:50,초진,정상
5262,10003283,8,1022,2026-04-13 08:51:36,재진,정상
5263,10001681,8,1022,2026-04-13 08:54:44,재진,정상
5264,10003478,1,1002,2026-04-13 08:57:44,재진,정상
5265,10003274,2,1006,2026-04-13 09:00:04,재진,정상
5266,10003933,1,1002,2026-04-13 09:00:37,초진,정상
5267,10003441,1,1002,2026-04-13 09:03:35,재진,취소
5268,10003934,1,1002,2026-04-13 09:16:50,초진,정상
5269,10001816,2,1006,2026-04-13 09:17:16,재진,정상
5270,10001967,2,1006,2026-04-13 09:17:27,초진,정상
5271,10003935,2,1006,2026-04-13 09:18:43,초진,정상
5272,10003222,7,1021,2026-04-13 09:19:36,재진,정상
5273,10001946,5,1014,2026-04-13 09:23:41,재진,정상
5274,10001021,2,1006,2026-04-13 09:28:16,재진,정상
5275,10002413,2,1006,2026-04-13 09:30:55,재진,정상
5276,10003132,5,1014,2026-04-13 09:31:00,재진,정상
5277,10003936,1,1002,2026-04-13 09:31:48,초진,정상
5278,10000365,7,1021,2026-04-13 09:55:02,재진,정상
5279,10002115,1,1002,2026-04-13 09:58:54,재진,정상
5280,10003330,2,1006,2026-04-13 10:02:43,재진,정상
5281,10002384,1,1002,2026-04-13 10:14:49,재진,정상
5282,10003470,7,1021,2026-04-13 10:17:05,재진,정상
5283,10001746,8,1022,2026-04-13 10:58:35,초진,정상
5284,10000207,1,1003,2026-04-13 12:50:19,초진,정상
5285,10000947,1,1003,2026-04-13 12:53:51,초진,정상
5286,10002793,4,1012,2026-04-13 12:54:13,재진,정상
5287,10002240,4,1012,2026-04-13 12:54:46,재진,정상
5288,10000441,7,1019,2026-04-13 12:55:32,초진,정상
5289,10000986,8,1022,2026-04-13 12:57:43,재진,정상
5290,10003293,1,1003,2026-04-13 12:59:48,재진,정상
5291,10000301,8,1022,2026-04-13 13:05:25,재진,취소
5292,10003059,4,1012,2026-04-13 13:05:26,재진,정상
5293,10000102,4,1012,2026-04-13 13:07:11,재진,정상
5294,10000728,8,1022,2026-04-13 13:11:43,초진,정상
5295,10000248,4,1012,2026-04-13 13:13:08,재진,정상
5296,10002192,4,1012,2026-04-13 13:14:18,재진,정상
5297,10003156,1,1003,2026-04-13 13:16:18,재진,정상
5298,10000093,4,1012,2026-04-13 13:17:14,재진,정상
5299,10000876,5,1013,2026-04-13 13:19:03,초진,정상
5300,10001695,4,1012,2026-04-13 13:19:36,초진,정상
5301,10000235,4,1012,2026-04-13 13:23:58,초진,정상
5302,10003937,8,1022,2026-04-13 13:27:10,초진,정상
5303,10000566,1,1003,2026-04-13 13:28:05,재진,취소
5304,10002197,7,1019,2026-04-13 13:28:10,재진,정상
5305,10003326,7,1019,2026-04-13 13:31:25,재진,정상
5306,10003938,1,1003,2026-04-13 13:31:35,초진,정상
5307,10002966,4,1012,2026-04-13 13:34:22,재진,정상
5308,10000477,4,1012,2026-04-13 13:34:54,초진,정상
5309,10000210,8,1022,2026-04-13 13:37:05,초진,정상
5310,10000798,1,1003,2026-04-13 13:37:36,재진,정상
5311,10002676,1,1003,2026-04-13 13:38:48,재진,정상
5312,10001955,7,1019,2026-04-13 13:38:52,재진,정상
5313,10001983,8,1022,2026-04-13 13:39:21,초진,정상
5314,10000183,1,1003,2026-04-13 13:43:21,초진,정상
5315,10003412,7,1019,2026-04-13 13:44:28,재진,정상
5316,10000974,7,1019,2026-04-13 13:46:56,재진,정상
5317,10002965,7,1019,2026-04-13 13:48:09,재진,정상
5318,10003765,5,1013,2026-04-13 13:51:17,재진,정상
5319,10003319,7,1019,2026-04-13 13:54:09,재진,정상
5320,10000060,7,1019,2026-04-13 13:56:18,재진,정상
5321,10001040,4,1012,2026-04-13 13:56:48,초진,정상
5322,10003497,1,1003,2026-04-13 13:58:47,재진,정상
5323,10002685,5,1013,2026-04-13 14:01:27,재진,정상
5324,10000547,7,1019,2026-04-13 14:04:18,초진,정상
5325,10001622,1,1003,2026-04-13 14:10:31,재진,정상
5326,10001896,4,1012,2026-04-13 14:15:54,재진,정상
5327,10002077,1,1003,2026-04-13 14:23:01,재진,정상
5328,10002556,1,1003,2026-04-13 14:23:30,초진,정상
5329,10003592,7,1019,2026-04-13 14:23:56,초진,정상
5330,10003939,1,1003,2026-04-13 14:30:56,초진,정상
5331,10002740,7,1019,2026-04-13 14:35:32,초진,정상
5332,10000041,4,1012,2026-04-13 14:43:55,재진,취소
5333,10001632,4,1012,2026-04-13 14:57:22,초진,정상
5334,10003940,4,1012,2026-04-13 14:58:52,초진,정상
5335,10001635,4,1012,2026-04-13 15:00:23,초진,정상
5336,10003941,4,1012,2026-04-13 15:02:19,초진,정상
5337,10003942,5,1013,2026-04-13 15:09:11,초진,정상
5338,10002756,5,1013,2026-04-13 15:28:24,재진,정상
5339,10003943,7,1020,2026-04-14 08:20:15,초진,정상
5340,10003944,6,1017,2026-04-14 08:24:26,초진,정상
5341,10003945,3,1008,2026-04-14 08:27:35,초진,정상
5342,10001576,4,1012,2026-04-14 08:30:59,초진,정상
5343,10003413,3,1008,2026-04-14 08:37:26,초진,정상
5344,10000364,8,1023,2026-04-14 08:39:00,재진,정상
5345,10002883,7,1020,2026-04-14 08:39:16,재진,정상
5346,10003354,6,1017,2026-04-14 08:39:35,재진,정상
5347,10003946,6,1017,2026-04-14 08:39:59,초진,정상
5348,10002984,6,1017,2026-04-14 08:40:22,재진,정상
5349,10000731,7,1020,2026-04-14 08:43:04,재진,정상
5350,10000148,7,1020,2026-04-14 08:48:55,초진,정상
5351,10000612,3,1008,2026-04-14 08:51:14,초진,정상
5352,10001849,7,1020,2026-04-14 08:51:14,초진,정상
5353,10003947,7,1020,2026-04-14 08:58:06,초진,정상
5354,10000459,7,1020,2026-04-14 09:00:52,초진,정상
5355,10002801,6,1017,2026-04-14 09:05:28,재진,정상
5356,10003401,6,1017,2026-04-14 09:09:13,재진,취소
5357,10003078,7,1020,2026-04-14 09:12:26,재진,정상
5358,10001899,1,1003,2026-04-14 09:15:21,재진,정상
5359,10000079,4,1012,2026-04-14 09:16:15,초진,정상
5360,10003597,7,1020,2026-04-14 09:20:28,재진,정상
5361,10003139,3,1008,2026-04-14 09:22:33,재진,취소
5362,10003160,6,1017,2026-04-14 09:25:49,재진,정상
5363,10002816,3,1008,2026-04-14 09:28:07,재진,정상
5364,10003300,6,1017,2026-04-14 09:34:34,재진,정상
5365,10000942,7,1020,2026-04-14 09:44:36,초진,정상
5366,10001216,7,1020,2026-04-14 09:45:35,재진,정상
5367,10002548,8,1023,2026-04-14 09:45:57,재진,정상
5368,10003508,6,1017,2026-04-14 09:46:18,초진,정상
5369,10002405,3,1008,2026-04-14 10:03:03,재진,정상
5370,10001942,7,1020,2026-04-14 10:03:54,초진,정상
5371,10003948,6,1017,2026-04-14 10:04:33,초진,정상
5372,10003949,7,1020,2026-04-14 10:10:58,초진,정상
5373,10003599,6,1017,2026-04-14 10:15:31,재진,정상
5374,10003950,8,1023,2026-04-14 10:16:18,초진,정상
5375,10000529,8,1023,2026-04-14 10:30:04,재진,정상
5376,10001943,4,1012,2026-04-14 10:40:44,초진,정상
5377,10001839,7,1020,2026-04-14 10:47:42,재진,정상
5378,10003423,4,1010,2026-04-14 12:50:44,재진,정상
5379,10003299,8,1023,2026-04-14 12:51:29,재진,취소
5380,10002550,4,1010,2026-04-14 12:52:15,재진,정상
5381,10001127,3,1008,2026-04-14 12:52:55,초진,정상
5382,10003612,4,1010,2026-04-14 12:53:56,재진,정상
5383,10003522,4,1010,2026-04-14 12:55:03,재진,정상
5384,10002553,5,1015,2026-04-14 13:01:38,재진,정상
5385,10003952,2,1006,2026-04-14 13:02:53,초진,정상
5386,10003951,8,1023,2026-04-14 13:03:19,초진,정상
5387,10003242,4,1010,2026-04-14 13:05:59,재진,정상
5388,10000948,7,1019,2026-04-14 13:07:50,재진,정상
5389,10003953,3,1008,2026-04-14 13:15:24,초진,정상
5390,10002173,5,1015,2026-04-14 13:19:28,재진,정상
5391,10002121,5,1015,2026-04-14 13:24:07,초진,정상
5392,10003588,5,1015,2026-04-14 13:27:19,초진,정상
5393,10000509,4,1010,2026-04-14 13:30:00,재진,정상
5394,10002693,5,1015,2026-04-14 13:30:23,재진,정상
5395,10002979,3,1008,2026-04-14 13:30:59,재진,정상
5396,10002702,6,1018,2026-04-14 13:31:26,재진,정상
5397,10000701,4,1010,2026-04-14 13:32:10,초진,정상
5398,10001557,4,1010,2026-04-14 13:32:36,초진,정상
5399,10003954,3,1008,2026-04-14 13:37:41,초진,정상
5400,10003955,3,1008,2026-04-14 13:39:00,초진,정상
5401,10002415,4,1010,2026-04-14 13:40:13,재진,정상
5402,10003595,3,1008,2026-04-14 13:43:48,재진,정상
5403,10003315,7,1019,2026-04-14 13:48:03,재진,정상
5404,10003956,8,1023,2026-04-14 13:48:40,초진,정상
5405,10003607,6,1018,2026-04-14 13:49:57,재진,취소
5406,10003957,4,1010,2026-04-14 13:50:37,초진,정상
5407,10000673,5,1015,2026-04-14 13:51:44,재진,정상
5408,10003958,4,1010,2026-04-14 13:54:19,초진,정상
5409,10001975,8,1023,2026-04-14 13:54:57,초진,정상
5410,10000905,4,1010,2026-04-14 13:55:03,초진,정상
5411,10003959,4,1010,2026-04-14 13:58:04,초진,정상
5412,10003961,6,1018,2026-04-14 14:00:04,초진,취소
5413,10003960,5,1015,2026-04-14 14:04:14,초진,정상
5414,10003602,4,1010,2026-04-14 14:04:15,재진,정상
5415,10003613,6,1018,2026-04-14 14:04:17,재진,정상
5416,10003235,6,1018,2026-04-14 14:05:34,재진,정상
5417,10003962,5,1015,2026-04-14 14:07:02,초진,정상
5418,10002855,4,1010,2026-04-14 14:13:08,재진,정상
5419,10002549,4,1010,2026-04-14 14:18:24,재진,정상
5420,10003963,6,1018,2026-04-14 14:26:51,초진,정상
5421,10002964,5,1015,2026-04-14 14:28:13,초진,정상
5422,10003965,2,1006,2026-04-14 14:30:42,초진,정상
5423,10003964,6,1018,2026-04-14 14:35:30,초진,정상
5424,10003966,6,1018,2026-04-14 14:40:20,초진,정상
5425,10001830,3,1008,2026-04-14 14:43:03,재진,정상
5426,10000615,5,1015,2026-04-14 14:45:50,재진,정상
5427,10000209,8,1023,2026-04-14 14:50:25,재진,취소
5428,10003967,4,1010,2026-04-14 14:50:50,초진,정상
5429,10003369,4,1010,2026-04-14 14:51:05,재진,정상
5430,10000321,7,1019,2026-04-14 14:56:06,재진,정상
5431,10002440,8,1023,2026-04-14 15:20:37,초진,정상
5432,10001782,3,1008,2026-04-14 15:32:04,재진,정상
5433,10003968,3,1008,2026-04-14 15:34:03,초진,정상
5434,10003137,1,1002,2026-04-15 08:23:41,재진,정상
5435,10002934,6,1016,2026-04-15 08:30:57,재진,정상
5436,10003969,6,1016,2026-04-15 08:32:30,초진,정상
5437,10003970,7,1020,2026-04-15 08:33:36,초진,정상
5438,10003009,3,1007,2026-04-15 08:35:34,재진,정상
5439,10000502,7,1020,2026-04-15 08:38:06,초진,정상
5440,10003971,6,1016,2026-04-15 08:46:36,초진,정상
5441,10002578,6,1016,2026-04-15 08:53:36,재진,정상
5442,10003705,1,1002,2026-04-15 08:53:55,재진,취소
5443,10003972,6,1016,2026-04-15 08:59:10,초진,정상
5444,10003222,6,1016,2026-04-15 09:02:36,재진,정상
5445,10000725,3,1007,2026-04-15 09:16:31,초진,정상
5446,10001070,3,1007,2026-04-15 09:23:16,초진,정상
5447,10002777,1,1002,2026-04-15 09:26:45,재진,취소
5448,10003233,6,1016,2026-04-15 09:33:35,재진,정상
5449,10000881,1,1002,2026-04-15 09:35:16,재진,정상
5450,10000644,3,1007,2026-04-15 09:36:50,초진,정상
5451,10001472,1,1002,2026-04-15 10:02:02,재진,정상
5452,10002382,1,1002,2026-04-15 10:13:22,재진,정상
5453,10001282,3,1007,2026-04-15 10:25:05,초진,정상
5454,10001729,1,1002,2026-04-15 10:27:11,재진,정상
5455,10001591,3,1007,2026-04-15 10:49:02,초진,정상
5456,10002206,6,1016,2026-04-15 11:09:02,재진,정상
5457,10000925,3,1007,2026-04-15 12:50:11,재진,정상
5458,10002589,2,1004,2026-04-15 13:03:26,초진,정상
5459,10001357,3,1007,2026-04-15 13:09:41,초진,정상
5460,10002562,3,1007,2026-04-15 13:12:22,재진,정상
5461,10000979,2,1004,2026-04-15 13:21:01,재진,정상
5462,10003444,6,1017,2026-04-15 13:27:23,재진,정상
5463,10002204,3,1007,2026-04-15 13:31:15,재진,취소
5464,10003973,2,1004,2026-04-15 13:52:31,초진,정상
5465,10002428,2,1004,2026-04-15 13:55:58,재진,정상
5466,10003974,2,1004,2026-04-15 14:03:41,초진,정상
5467,10002629,3,1007,2026-04-15 14:08:13,재진,정상
5468,10003975,3,1007,2026-04-15 14:08:50,초진,정상
5469,10000140,2,1004,2026-04-15 14:14:08,재진,정상
5470,10000752,2,1004,2026-04-15 14:18:27,초진,취소
5471,10003010,2,1004,2026-04-15 14:19:42,재진,정상
5472,10000141,2,1004,2026-04-15 14:19:46,재진,정상
5473,10003976,2,1004,2026-04-15 14:22:05,초진,정상
5474,10002348,3,1007,2026-04-15 14:23:16,재진,정상
5475,10001690,3,1007,2026-04-15 14:24:17,재진,정상
5476,10003977,3,1007,2026-04-15 15:01:04,초진,정상
5477,10000765,3,1007,2026-04-15 15:11:03,초진,정상
5478,10003362,3,1009,2026-04-16 08:20:29,재진,정상
5479,10003627,4,1011,2026-04-16 08:22:28,재진,정상
5480,10001502,4,1011,2026-04-16 08:23:08,초진,정상
5481,10003978,2,1005,2026-04-16 08:23:47,초진,정상
5482,10003240,2,1005,2026-04-16 08:23:51,재진,정상
5483,10000232,3,1009,2026-04-16 08:25:26,재진,정상
5484,10001105,3,1009,2026-04-16 08:30:52,초진,정상
5485,10001082,3,1009,2026-04-16 08:32:24,재진,정상
5486,10003452,7,1021,2026-04-16 08:32:38,재진,정상
5487,10000514,4,1011,2026-04-16 08:33:07,재진,정상
5488,10000312,3,1009,2026-04-16 08:36:03,재진,정상
5489,10003458,2,1005,2026-04-16 08:38:47,재진,정상
5490,10002736,4,1011,2026-04-16 08:42:43,재진,취소
5491,10001122,4,1011,2026-04-16 08:44:17,초진,정상
5492,10003979,4,1011,2026-04-16 08:51:24,초진,정상
5493,10001213,3,1009,2026-04-16 08:51:37,초진,정상
5494,10000729,4,1011,2026-04-16 08:54:27,초진,정상
5495,10003980,3,1009,2026-04-16 08:57:40,초진,정상
5496,10003754,7,1021,2026-04-16 09:06:06,재진,취소
5497,10000229,2,1005,2026-04-16 09:13:30,초진,취소
5498,10003981,2,1005,2026-04-16 09:16:26,초진,취소
5499,10003231,7,1021,2026-04-16 09:24:40,재진,정상
5500,10002519,3,1009,2026-04-16 09:25:18,초진,정상
5501,10003982,3,1009,2026-04-16 09:28:44,초진,정상
5502,10003450,2,1005,2026-04-16 09:29:07,재진,정상
5503,10000848,2,1005,2026-04-16 09:37:14,재진,정상
5504,10003261,2,1005,2026-04-16 09:43:23,초진,정상
5505,10001044,2,1005,2026-04-16 09:45:29,재진,정상
5506,10002593,4,1011,2026-04-16 09:45:48,초진,정상
5507,10003983,4,1011,2026-04-16 09:48:01,초진,정상
5508,10003280,7,1021,2026-04-16 09:51:33,재진,정상
5509,10000396,2,1005,2026-04-16 09:59:25,재진,정상
5510,10001215,2,1005,2026-04-16 10:10:04,재진,취소
5511,10003359,4,1011,2026-04-16 10:10:22,재진,정상
5512,10003984,3,1009,2026-04-16 10:24:07,초진,정상
5513,10000936,2,1005,2026-04-16 10:28:17,재진,정상
5514,10003986,2,1005,2026-04-16 10:29:46,초진,정상
5515,10003985,3,1009,2026-04-16 10:30:25,초진,정상
5516,10002869,4,1011,2026-04-16 10:31:55,재진,정상
5517,10003987,2,1005,2026-04-16 10:34:23,초진,정상
5518,10002850,1,1001,2026-04-16 12:50:35,재진,정상
5519,10001598,1,1001,2026-04-16 12:54:10,초진,정상
5520,10003988,2,1005,2026-04-16 13:02:40,초진,정상
5521,10002320,5,1015,2026-04-16 13:04:59,재진,정상
5522,10003989,2,1005,2026-04-16 13:05:11,초진,정상
5523,10002611,4,1010,2026-04-16 13:18:23,초진,정상
5524,10003794,6,1018,2026-04-16 13:19:51,재진,정상
5525,10003606,6,1018,2026-04-16 13:22:30,재진,정상
5526,10000962,2,1005,2026-04-16 13:24:01,초진,정상
5527,10003991,6,1018,2026-04-16 13:24:29,초진,정상
5528,10003990,1,1001,2026-04-16 13:25:52,초진,정상
5529,10000764,1,1001,2026-04-16 13:26:01,재진,정상
5530,10003891,1,1001,2026-04-16 13:26:09,초진,취소
5531,10003992,1,1001,2026-04-16 13:27:05,초진,정상
5532,10003993,1,1001,2026-04-16 13:29:04,초진,정상
5533,10000567,2,1005,2026-04-16 13:29:33,재진,정상
5534,10003202,6,1018,2026-04-16 13:32:41,재진,정상
5535,10003316,5,1015,2026-04-16 13:33:43,초진,정상
5536,10002473,1,1001,2026-04-16 13:42:38,재진,정상
5537,10002437,1,1001,2026-04-16 13:44:22,재진,정상
5538,10003649,1,1001,2026-04-16 13:45:19,재진,정상
5539,10000715,2,1005,2026-04-16 13:56:03,초진,정상
5540,10003238,1,1001,2026-04-16 13:57:07,재진,정상
5541,10003727,1,1001,2026-04-16 14:04:16,재진,정상
5542,10000540,4,1010,2026-04-16 14:05:12,초진,정상
5543,10001186,4,1010,2026-04-16 14:08:17,초진,정상
5544,10003125,2,1005,2026-04-16 14:08:26,재진,정상
5545,10001428,4,1010,2026-04-16 14:08:27,초진,정상
5546,10000146,1,1001,2026-04-16 14:11:26,재진,정상
5547,10003995,1,1001,2026-04-16 14:21:25,초진,정상
5548,10003122,2,1005,2026-04-16 14:23:52,재진,정상
5549,10003994,2,1005,2026-04-16 14:25:42,초진,정상
5550,10003997,1,1001,2026-04-16 14:34:59,초진,정상
5551,10003996,2,1005,2026-04-16 14:35:19,초진,정상
5552,10002583,2,1005,2026-04-16 14:38:56,재진,정상
5553,10003998,1,1001,2026-04-16 14:40:41,초진,정상
5554,10002503,1,1001,2026-04-16 14:49:21,재진,정상
5555,10003999,2,1005,2026-04-16 15:05:12,초진,정상
5556,10004000,4,1010,2026-04-16 15:16:45,초진,정상
5557,10000749,1,1001,2026-04-16 15:34:31,재진,정상
5558,10003762,5,1013,2026-04-17 08:20:09,재진,정상
5559,10001602,5,1013,2026-04-17 08:25:46,재진,정상
5560,10004001,8,1024,2026-04-17 08:28:13,초진,정상
5561,10003255,5,1013,2026-04-17 08:28:18,재진,정상
5562,10000822,5,1013,2026-04-17 08:30:47,초진,정상
5563,10000338,8,1024,2026-04-17 08:38:38,재진,정상
5564,10001997,5,1013,2026-04-17 09:27:24,재진,정상
5565,10004002,8,1024,2026-04-17 09:38:13,초진,정상
5566,10004003,3,1009,2026-04-17 10:19:32,초진,정상
5567,10000143,8,1024,2026-04-17 12:52:37,초진,정상
5568,10003378,5,1014,2026-04-17 12:54:16,재진,정상
5569,10001405,5,1014,2026-04-17 13:01:46,초진,정상
5570,10001235,8,1024,2026-04-17 13:02:50,재진,정상
5571,10000407,2,1004,2026-04-17 13:03:59,재진,정상
5572,10002660,5,1014,2026-04-17 13:04:38,재진,정상
5573,10003257,2,1004,2026-04-17 13:09:49,재진,정상
5574,10003194,4,1011,2026-04-17 13:10:49,재진,정상
5575,10002860,8,1024,2026-04-17 13:18:58,재진,정상
5576,10002951,2,1004,2026-04-17 13:20:21,초진,정상
5577,10000625,2,1004,2026-04-17 13:23:03,재진,정상
5578,10003461,1,1001,2026-04-17 13:27:25,재진,정상
5579,10004004,2,1004,2026-04-17 13:31:47,초진,정상
5580,10003824,1,1001,2026-04-17 13:37:04,재진,정상
5581,10002592,8,1024,2026-04-17 13:43:44,재진,정상
5582,10000660,8,1024,2026-04-17 13:52:34,재진,정상
5583,10000012,4,1011,2026-04-17 14:09:08,재진,정상
5584,10003130,5,1014,2026-04-17 14:22:42,재진,정상
5585,10000418,8,1024,2026-04-17 14:23:46,재진,정상
5586,10003107,1,1001,2026-04-17 14:27:43,초진,정상
5587,10001612,1,1001,2026-04-17 14:31:49,재진,정상
5588,10000622,4,1011,2026-04-17 14:38:42,초진,정상
5589,10003720,4,1011,2026-04-17 14:57:35,재진,정상
5590,10004005,5,1014,2026-04-17 15:03:34,초진,정상
5591,10001530,2,1004,2026-04-17 15:25:04,재진,정상
5592,10003656,8,1022,2026-04-20 08:20:44,재진,정상
5593,10004006,1,1002,2026-04-20 08:20:59,초진,정상
5594,10000094,1,1002,2026-04-20 08:31:41,재진,정상
5595,10001814,1,1002,2026-04-20 08:32:55,재진,정상
5596,10004009,1,1002,2026-04-20 08:33:28,초진,정상
5597,10001869,7,1021,2026-04-20 08:34:17,초진,정상
5598,10003058,2,1006,2026-04-20 08:35:58,재진,정상
5599,10004008,1,1002,2026-04-20 08:36:19,초진,정상
5600,10004007,1,1002,2026-04-20 08:37:08,초진,정상
5601,10003474,2,1006,2026-04-20 08:44:48,재진,정상
5602,10000875,1,1002,2026-04-20 08:45:50,재진,정상
5603,10004010,8,1022,2026-04-20 08:45:52,초진,정상
5604,10000534,7,1021,2026-04-20 08:48:10,초진,정상
5605,10003324,2,1006,2026-04-20 08:51:11,재진,정상
5606,10003270,2,1006,2026-04-20 08:51:30,재진,정상
5607,10002117,2,1006,2026-04-20 08:52:15,재진,정상
5608,10003494,8,1022,2026-04-20 08:53:03,재진,정상
5609,10002041,2,1006,2026-04-20 08:55:38,재진,정상
5610,10004011,2,1006,2026-04-20 09:01:59,초진,정상
5611,10000398,5,1014,2026-04-20 09:10:52,초진,취소
5612,10003152,2,1006,2026-04-20 09:11:23,재진,정상
5613,10002771,2,1006,2026-04-20 09:11:44,재진,정상
5614,10001287,1,1002,2026-04-20 09:16:15,초진,정상
5615,10003587,8,1022,2026-04-20 09:17:33,재진,정상
5616,10004013,1,1002,2026-04-20 09:18:12,초진,정상
5617,10004012,5,1014,2026-04-20 09:18:16,초진,정상
5618,10003840,1,1002,2026-04-20 09:29:38,재진,정상
5619,10004014,1,1002,2026-04-20 09:32:27,초진,정상
5620,10002679,8,1022,2026-04-20 09:33:03,재진,정상
5621,10004015,1,1002,2026-04-20 09:51:22,초진,정상
5622,10001007,8,1022,2026-04-20 10:00:53,초진,정상
5623,10004016,2,1006,2026-04-20 10:04:05,초진,정상
5624,10002773,1,1002,2026-04-20 10:09:57,재진,정상
5625,10001470,1,1002,2026-04-20 10:10:16,초진,정상
5626,10000179,7,1021,2026-04-20 10:11:02,재진,정상
5627,10000426,7,1021,2026-04-20 10:12:59,재진,정상
5628,10004017,8,1022,2026-04-20 10:15:51,초진,정상
5629,10004018,5,1014,2026-04-20 10:19:13,초진,정상
5630,10000627,1,1002,2026-04-20 10:28:19,초진,정상
5631,10004019,2,1006,2026-04-20 10:30:20,초진,정상
5632,10000669,2,1006,2026-04-20 10:34:36,재진,정상
5633,10002955,2,1006,2026-04-20 10:36:01,재진,정상
5634,10004020,2,1006,2026-04-20 10:38:49,초진,정상
5635,10001048,1,1002,2026-04-20 10:39:16,초진,정상
5636,10003570,5,1014,2026-04-20 10:39:37,재진,정상
5637,10004021,1,1002,2026-04-20 10:47:50,초진,정상
5638,10001459,7,1021,2026-04-20 10:58:17,초진,정상
5639,10004022,2,1006,2026-04-20 11:11:11,초진,정상
5640,10000289,7,1019,2026-04-20 12:52:30,초진,정상
5641,10000016,4,1012,2026-04-20 12:53:14,재진,정상
5642,10004024,7,1019,2026-04-20 12:53:22,초진,정상
5643,10003168,7,1019,2026-04-20 12:53:49,재진,정상
5644,10000513,7,1019,2026-04-20 12:54:58,초진,정상
5645,10003071,4,1012,2026-04-20 12:56:24,재진,정상
5646,10003014,1,1003,2026-04-20 12:56:58,재진,취소
5647,10004023,4,1012,2026-04-20 12:57:09,초진,취소
5648,10000300,8,1022,2026-04-20 12:57:59,재진,정상
5649,10000296,1,1003,2026-04-20 13:03:08,초진,정상
5650,10003390,4,1012,2026-04-20 13:04:44,재진,정상
5651,10004025,4,1012,2026-04-20 13:04:49,초진,정상
5652,10002956,5,1013,2026-04-20 13:04:52,재진,정상
5653,10004026,1,1003,2026-04-20 13:04:58,초진,정상
5654,10000546,4,1012,2026-04-20 13:07:30,초진,정상
5655,10001348,1,1003,2026-04-20 13:08:24,초진,정상
5656,10003752,8,1022,2026-04-20 13:08:56,재진,정상
5657,10004027,8,1022,2026-04-20 13:09:06,초진,정상
5658,10001241,4,1012,2026-04-20 13:10:31,초진,정상
5659,10000993,4,1012,2026-04-20 13:11:18,재진,정상
5660,10003668,4,1012,2026-04-20 13:12:18,재진,정상
5661,10001435,1,1003,2026-04-20 13:14:56,초진,취소
5662,10004028,7,1019,2026-04-20 13:15:51,초진,정상
5663,10000683,8,1022,2026-04-20 13:16:19,초진,정상
5664,10002967,4,1012,2026-04-20 13:18:40,재진,정상
5665,10001646,4,1012,2026-04-20 13:21:30,초진,정상
5666,10004030,4,1012,2026-04-20 13:26:00,초진,정상
5667,10003150,4,1012,2026-04-20 13:27:21,초진,정상
5668,10003594,5,1013,2026-04-20 13:30:04,초진,정상
5669,10004029,5,1013,2026-04-20 13:31:10,초진,정상
5670,10000142,4,1012,2026-04-20 13:31:35,재진,정상
5671,10000153,1,1003,2026-04-20 13:32:21,재진,정상
5672,10002986,7,1019,2026-04-20 13:37:53,재진,정상
5673,10004031,7,1019,2026-04-20 13:37:58,초진,정상
5674,10003734,5,1013,2026-04-20 13:39:10,재진,정상
5675,10003759,1,1003,2026-04-20 13:40:34,재진,정상
5676,10000290,1,1003,2026-04-20 13:44:42,재진,정상
5677,10001169,7,1019,2026-04-20 13:46:06,초진,정상
5678,10003391,4,1012,2026-04-20 13:49:44,재진,정상
5679,10000329,7,1019,2026-04-20 13:52:42,재진,정상
5680,10002685,4,1012,2026-04-20 13:55:31,재진,정상
5681,10003676,7,1019,2026-04-20 13:56:27,재진,정상
5682,10000024,7,1019,2026-04-20 14:04:19,재진,정상
5683,10000897,7,1019,2026-04-20 14:06:38,재진,정상
5684,10003310,1,1003,2026-04-20 14:07:33,재진,정상
5685,10001389,7,1019,2026-04-20 14:07:38,초진,정상
5686,10002378,5,1013,2026-04-20 14:09:20,초진,정상
5687,10002788,1,1003,2026-04-20 14:12:27,재진,정상
5688,10003778,4,1012,2026-04-20 14:15:56,재진,정상
5689,10000826,1,1003,2026-04-20 14:17:21,재진,정상
5690,10001961,8,1022,2026-04-20 14:19:47,초진,정상
5691,10000718,1,1003,2026-04-20 14:20:24,재진,정상
5692,10000857,1,1003,2026-04-20 14:28:40,초진,정상
5693,10000706,8,1022,2026-04-20 14:36:35,재진,정상
5694,10000487,7,1019,2026-04-20 14:36:54,재진,정상
5695,10004032,7,1019,2026-04-20 14:38:05,초진,정상
5696,10001876,7,1019,2026-04-20 14:39:42,초진,정상
5697,10001870,5,1013,2026-04-20 14:41:33,재진,정상
5698,10003930,7,1019,2026-04-20 14:43:44,초진,정상
5699,10003657,8,1022,2026-04-20 14:47:51,재진,정상
5700,10004033,8,1022,2026-04-20 14:55:12,초진,정상
5701,10001567,1,1003,2026-04-20 14:56:59,초진,정상
5702,10002458,1,1003,2026-04-20 15:00:04,재진,정상
5703,10000030,1,1003,2026-04-20 15:00:09,재진,정상
5704,10004034,7,1019,2026-04-20 15:00:59,초진,정상
5705,10002804,4,1012,2026-04-20 15:11:54,초진,정상
5706,10003761,1,1003,2026-04-20 15:20:10,재진,정상
5707,10001177,1,1003,2026-04-20 15:22:50,재진,정상
5708,10002323,3,1008,2026-04-21 08:20:43,재진,정상
5709,10004035,6,1017,2026-04-21 08:22:03,초진,정상
5710,10002789,7,1020,2026-04-21 08:24:54,재진,정상
5711,10003404,7,1020,2026-04-21 08:24:55,재진,정상
5712,10002792,1,1003,2026-04-21 08:25:36,재진,정상
5713,10000265,3,1008,2026-04-21 08:26:28,재진,정상
5714,10001994,1,1003,2026-04-21 08:29:59,초진,정상
5715,10001061,4,1012,2026-04-21 08:36:15,초진,정상
5716,10000034,1,1003,2026-04-21 08:40:32,초진,정상
5717,10004036,8,1023,2026-04-21 08:40:32,초진,정상
5718,10000947,7,1020,2026-04-21 08:41:16,초진,정상
5719,10002817,8,1023,2026-04-21 08:42:33,재진,정상
5720,10002163,7,1020,2026-04-21 08:42:35,재진,정상
5721,10000185,4,1012,2026-04-21 08:44:16,초진,정상
5722,10003500,1,1003,2026-04-21 08:44:53,재진,정상
5723,10002543,4,1012,2026-04-21 08:47:22,재진,정상
5724,10000952,3,1008,2026-04-21 08:48:03,초진,정상
5725,10002534,4,1012,2026-04-21 08:48:12,재진,정상
5726,10004037,3,1008,2026-04-21 09:00:54,초진,정상
5727,10003777,4,1012,2026-04-21 09:02:30,재진,정상
5728,10000467,7,1020,2026-04-21 09:05:11,재진,정상
5729,10003503,6,1017,2026-04-21 09:07:34,재진,정상
5730,10004038,1,1003,2026-04-21 09:09:01,초진,정상
5731,10002790,4,1012,2026-04-21 09:10:14,재진,정상
5732,10002797,6,1017,2026-04-21 09:11:19,초진,정상
5733,10003306,6,1017,2026-04-21 09:16:26,재진,정상
5734,10003596,6,1017,2026-04-21 09:18:16,재진,정상
5735,10000984,3,1008,2026-04-21 09:20:41,재진,정상
5736,10000220,4,1012,2026-04-21 09:21:37,초진,정상
5737,10000497,8,1023,2026-04-21 09:26:01,초진,정상
5738,10004039,3,1008,2026-04-21 09:26:12,초진,취소
5739,10000972,7,1020,2026-04-21 09:27:37,초진,정상
5740,10002619,7,1020,2026-04-21 09:27:38,재진,정상
5741,10002397,6,1017,2026-04-21 09:31:22,재진,정상
5742,10000818,3,1008,2026-04-21 09:31:35,재진,정상
5743,10001866,3,1008,2026-04-21 09:32:00,재진,정상
5744,10004042,6,1017,2026-04-21 09:32:26,초진,정상
5745,10004040,7,1020,2026-04-21 09:32:40,초진,정상
5746,10000058,3,1008,2026-04-21 09:36:06,재진,정상
5747,10004041,6,1017,2026-04-21 09:37:35,초진,정상
5748,10000442,7,1020,2026-04-21 09:39:44,초진,취소
5749,10003509,1,1003,2026-04-21 09:43:54,재진,정상
5750,10003305,6,1017,2026-04-21 09:50:23,재진,정상
5751,10002313,1,1003,2026-04-21 09:55:51,재진,정상
5752,10004043,7,1020,2026-04-21 09:59:19,초진,정상
5753,10001968,7,1020,2026-04-21 09:59:25,재진,취소
5754,10002613,1,1003,2026-04-21 10:04:48,재진,정상
5755,10001793,7,1020,2026-04-21 10:05:19,초진,정상
5756,10000319,1,1003,2026-04-21 10:12:54,재진,정상
5757,10001060,4,1012,2026-04-21 10:20:00,초진,정상
5758,10000371,4,1012,2026-04-21 10:23:21,초진,정상
5759,10000864,7,1020,2026-04-21 10:24:32,재진,정상
5760,10004044,3,1008,2026-04-21 10:25:31,초진,취소
5761,10000237,7,1020,2026-04-21 10:28:17,초진,정상
5762,10003440,7,1020,2026-04-21 10:29:23,초진,정상
5763,10002621,7,1020,2026-04-21 11:02:36,재진,정상
5764,10001585,4,1010,2026-04-21 12:50:02,초진,정상
5765,10004049,5,1015,2026-04-21 12:50:35,초진,정상
5766,10000400,2,1006,2026-04-21 12:51:11,초진,정상
5767,10004048,3,1008,2026-04-21 12:51:42,초진,정상
5768,10002708,5,1015,2026-04-21 12:52:26,재진,정상
5769,10004045,4,1010,2026-04-21 12:55:35,초진,정상
5770,10004046,3,1008,2026-04-21 12:55:40,초진,정상
5771,10002198,5,1015,2026-04-21 12:55:41,재진,정상
5772,10004047,6,1018,2026-04-21 12:56:25,초진,정상
5773,10001094,8,1023,2026-04-21 12:57:01,재진,정상
5774,10003332,2,1006,2026-04-21 12:57:33,초진,정상
5775,10000281,5,1015,2026-04-21 12:58:49,초진,정상
5776,10004050,6,1018,2026-04-21 13:00:35,초진,정상
5777,10000999,3,1008,2026-04-21 13:06:32,초진,정상
5778,10003067,3,1008,2026-04-21 13:07:19,초진,취소
5779,10004052,4,1010,2026-04-21 13:07:24,초진,정상
5780,10001882,4,1010,2026-04-21 13:09:39,초진,정상
5781,10002079,7,1019,2026-04-21 13:09:50,재진,정상
5782,10003417,7,1019,2026-04-21 13:11:25,재진,정상
5783,10004053,6,1018,2026-04-21 13:11:35,초진,정상
5784,10000184,4,1010,2026-04-21 13:11:49,재진,정상
5785,10003728,6,1018,2026-04-21 13:13:19,재진,정상
5786,10004051,4,1010,2026-04-21 13:16:20,초진,정상
5787,10003784,6,1018,2026-04-21 13:18:28,재진,정상
5788,10003600,6,1018,2026-04-21 13:19:55,재진,정상
5789,10000646,2,1006,2026-04-21 13:22:01,재진,정상
5790,10000538,5,1015,2026-04-21 13:23:07,초진,정상
5791,10004054,4,1010,2026-04-21 13:23:13,초진,정상
5792,10001150,4,1010,2026-04-21 13:31:05,초진,정상
5793,10001552,5,1015,2026-04-21 13:32:47,재진,정상
5794,10003318,6,1018,2026-04-21 13:33:09,재진,정상
5795,10001888,3,1008,2026-04-21 13:34:57,초진,정상
5796,10001504,5,1015,2026-04-21 13:35:09,초진,정상
5797,10003780,6,1018,2026-04-21 13:36:07,재진,정상
5798,10000171,3,1008,2026-04-21 13:37:37,재진,정상
5799,10000057,7,1019,2026-04-21 13:38:09,재진,정상
5800,10003611,4,1010,2026-04-21 13:40:06,재진,정상
5801,10004055,6,1018,2026-04-21 13:41:02,초진,정상
5802,10003021,4,1010,2026-04-21 13:41:07,재진,정상
5803,10004056,2,1006,2026-04-21 13:42:06,초진,정상
5804,10002295,8,1023,2026-04-21 13:42:16,재진,정상
5805,10004057,4,1010,2026-04-21 13:45:34,초진,정상
5806,10004060,5,1015,2026-04-21 13:48:04,초진,정상
5807,10001272,4,1010,2026-04-21 13:49:19,재진,정상
5808,10003481,7,1019,2026-04-21 13:52:48,재진,정상
5809,10001725,3,1008,2026-04-21 13:54:49,초진,정상
5810,10004062,2,1006,2026-04-21 13:56:25,초진,정상
5811,10004059,4,1010,2026-04-21 14:01:49,초진,정상
5812,10004063,6,1018,2026-04-21 14:03:01,초진,정상
5813,10004061,6,1018,2026-04-21 14:05:20,초진,정상
5814,10003091,7,1019,2026-04-21 14:10:46,재진,정상
5815,10002669,7,1019,2026-04-21 14:12:14,재진,정상
5816,10004065,5,1015,2026-04-21 14:17:47,초진,정상
5817,10004064,5,1015,2026-04-21 14:18:03,초진,정상
5818,10003519,4,1010,2026-04-21 14:18:21,재진,정상
5819,10000036,4,1010,2026-04-21 14:21:10,재진,정상
5820,10003821,3,1008,2026-04-21 14:23:36,초진,정상
5821,10004067,8,1023,2026-04-21 14:26:55,초진,정상
5822,10004066,3,1008,2026-04-21 14:27:20,초진,정상
5823,10004068,2,1006,2026-04-21 14:30:49,초진,취소
5824,10003677,8,1023,2026-04-21 14:31:27,재진,정상
5825,10003513,4,1010,2026-04-21 14:34:53,재진,정상
5826,10001859,3,1008,2026-04-21 14:35:48,재진,정상
5827,10000246,4,1010,2026-04-21 14:39:35,초진,정상
5828,10000535,3,1008,2026-04-21 14:41:49,재진,정상
5829,10003370,6,1018,2026-04-21 14:42:18,재진,정상
5830,10003311,8,1023,2026-04-21 14:54:31,재진,정상
5831,10002182,3,1008,2026-04-21 14:59:54,초진,정상
5832,10002696,3,1008,2026-04-21 15:07:19,재진,취소
5833,10001659,8,1023,2026-04-21 15:10:32,초진,정상
5834,10000847,4,1010,2026-04-21 15:13:39,재진,정상
5835,10000374,8,1023,2026-04-21 15:16:57,초진,정상
5836,10003428,5,1015,2026-04-21 15:17:55,재진,정상
5837,10002414,3,1008,2026-04-21 15:17:56,재진,정상
5838,10004069,6,1016,2026-04-22 08:20:55,초진,정상
5839,10001086,3,1007,2026-04-22 08:34:29,재진,정상
5840,10000409,3,1007,2026-04-22 08:35:25,초진,정상
5841,10003678,7,1020,2026-04-22 08:37:07,재진,정상
5842,10002721,6,1016,2026-04-22 08:45:36,재진,정상
5843,10003703,3,1007,2026-04-22 08:54:33,재진,정상
5844,10002262,6,1016,2026-04-22 08:57:28,재진,정상
5845,10004070,3,1007,2026-04-22 08:57:46,초진,정상
5846,10003528,6,1016,2026-04-22 08:58:35,재진,정상
5847,10003438,6,1016,2026-04-22 09:00:22,재진,정상
5848,10002804,7,1020,2026-04-22 09:01:42,재진,정상
5849,10004071,3,1007,2026-04-22 09:02:02,초진,정상
5850,10004072,6,1016,2026-04-22 09:09:46,초진,정상
5851,10003473,1,1002,2026-04-22 09:12:25,재진,정상
5852,10004073,6,1016,2026-04-22 09:19:04,초진,정상
5853,10002226,1,1002,2026-04-22 09:19:54,재진,정상
5854,10000385,3,1007,2026-04-22 09:22:33,재진,정상
5855,10004074,3,1007,2026-04-22 09:34:27,초진,정상
5856,10002717,6,1016,2026-04-22 09:34:33,재진,정상
5857,10002263,6,1016,2026-04-22 09:46:47,재진,정상
5858,10000120,1,1002,2026-04-22 09:58:45,재진,정상
5859,10002342,3,1007,2026-04-22 10:06:29,재진,정상
5860,10000203,3,1007,2026-04-22 10:21:08,초진,정상
5861,10002931,3,1007,2026-04-22 10:25:08,재진,정상
5862,10004075,1,1002,2026-04-22 10:53:54,초진,정상
5863,10000215,2,1004,2026-04-22 12:53:47,재진,정상
5864,10004076,6,1017,2026-04-22 13:06:44,초진,정상
5865,10003882,6,1017,2026-04-22 13:13:27,재진,정상
5866,10003127,2,1004,2026-04-22 13:17:32,초진,정상
5867,10000726,2,1004,2026-04-22 13:19:05,초진,정상
5868,10003942,3,1007,2026-04-22 13:19:51,초진,정상
5869,10003634,2,1004,2026-04-22 13:23:15,초진,정상
5870,10003383,2,1004,2026-04-22 13:30:49,재진,정상
5871,10003334,3,1007,2026-04-22 13:35:13,재진,정상
5872,10002080,6,1017,2026-04-22 13:44:50,재진,정상
5873,10002574,2,1004,2026-04-22 13:48:11,재진,정상
5874,10001770,2,1004,2026-04-22 13:58:37,재진,정상
5875,10004077,3,1007,2026-04-22 14:18:10,초진,정상
5876,10004078,2,1004,2026-04-22 14:29:03,초진,취소
5877,10004079,2,1004,2026-04-22 14:33:46,초진,정상
5878,10001976,3,1007,2026-04-22 14:35:10,초진,정상
5879,10000610,3,1007,2026-04-22 14:37:48,초진,정상
5880,10002269,3,1007,2026-04-22 14:40:51,재진,정상
5881,10002151,3,1007,2026-04-22 14:42:46,재진,취소
5882,10004080,2,1004,2026-04-22 14:46:03,초진,정상
5883,10002826,3,1007,2026-04-22 14:51:44,재진,정상
5884,10003082,6,1017,2026-04-22 15:27:10,재진,정상
5885,10002844,7,1021,2026-04-23 08:20:08,재진,정상
5886,10004081,2,1005,2026-04-23 08:21:30,초진,정상
5887,10004082,4,1011,2026-04-23 08:23:35,초진,정상
5888,10002101,4,1011,2026-04-23 08:25:51,재진,정상
5889,10002609,4,1011,2026-04-23 08:29:43,초진,정상
5890,10001479,3,1009,2026-04-23 08:35:16,재진,정상
5891,10000613,3,1009,2026-04-23 08:35:50,재진,취소
5892,10003621,4,1011,2026-04-23 08:36:29,재진,정상
5893,10002731,3,1009,2026-04-23 08:36:44,재진,정상
5894,10002842,7,1021,2026-04-23 08:37:41,재진,정상
5895,10003355,4,1011,2026-04-23 08:41:18,재진,정상
5896,10003536,3,1009,2026-04-23 08:53:35,재진,정상
5897,10001371,6,1016,2026-04-23 08:57:32,초진,정상
5898,10002275,2,1005,2026-04-23 09:02:51,초진,정상
5899,10003192,4,1011,2026-04-23 09:02:58,재진,취소
5900,10003723,3,1009,2026-04-23 09:04:25,재진,정상
5901,10002643,3,1009,2026-04-23 09:04:34,재진,정상
5902,10003544,3,1009,2026-04-23 09:09:05,재진,취소
5903,10002657,4,1011,2026-04-23 09:09:32,초진,정상
5904,10004085,3,1009,2026-04-23 09:11:49,초진,정상
5905,10003542,3,1009,2026-04-23 09:16:15,재진,정상
5906,10001230,7,1021,2026-04-23 09:17:08,초진,정상
5907,10004083,2,1005,2026-04-23 09:17:47,초진,정상
5908,10003913,3,1009,2026-04-23 09:18:50,재진,정상
5909,10004084,4,1011,2026-04-23 09:19:10,초진,정상
5910,10000101,3,1009,2026-04-23 09:21:42,재진,정상
5911,10002584,3,1009,2026-04-23 09:25:24,재진,정상
5912,10003191,3,1009,2026-04-23 09:26:32,재진,정상
5913,10003553,2,1005,2026-04-23 09:28:14,재진,정상
5914,10001965,3,1009,2026-04-23 09:29:52,재진,정상
5915,10004086,2,1005,2026-04-23 09:43:21,초진,정상
5916,10000127,4,1011,2026-04-23 09:44:17,초진,정상
5917,10003738,3,1009,2026-04-23 09:44:22,재진,정상
5918,10003804,3,1009,2026-04-23 09:45:36,초진,정상
5919,10003015,4,1011,2026-04-23 09:46:11,재진,정상
5920,10001508,4,1011,2026-04-23 09:47:06,초진,정상
5921,10001768,7,1021,2026-04-23 09:51:34,초진,정상
5922,10000172,3,1009,2026-04-23 09:52:17,초진,정상
5923,10004087,6,1016,2026-04-23 09:54:55,초진,정상
5924,10000129,4,1011,2026-04-23 10:10:49,초진,정상
5925,10000197,2,1005,2026-04-23 10:21:27,재진,정상
5926,10003564,4,1011,2026-04-23 10:22:17,초진,정상
5927,10004088,2,1005,2026-04-23 10:24:52,초진,취소
5928,10002616,4,1011,2026-04-23 10:25:50,초진,정상
5929,10002581,4,1011,2026-04-23 10:27:32,재진,정상
5930,10004089,4,1011,2026-04-23 10:30:03,초진,정상
5931,10001259,7,1021,2026-04-23 10:30:47,초진,정상
5932,10004090,3,1009,2026-04-23 11:06:32,초진,정상
5933,10003319,4,1011,2026-04-23 11:09:29,재진,정상
5934,10004091,6,1018,2026-04-23 12:50:25,초진,정상
5935,10000328,1,1001,2026-04-23 12:51:17,재진,정상
5936,10003549,6,1018,2026-04-23 12:51:32,재진,정상
5937,10001121,1,1001,2026-04-23 12:52:51,초진,정상
5938,10003640,1,1001,2026-04-23 12:54:13,재진,정상
5939,10003036,2,1005,2026-04-23 12:55:52,재진,정상
5940,10003518,6,1018,2026-04-23 12:56:28,재진,정상
5941,10004092,5,1015,2026-04-23 13:06:06,초진,정상
5942,10003384,1,1001,2026-04-23 13:09:12,재진,정상
5943,10002866,1,1001,2026-04-23 13:09:47,재진,정상
5944,10004094,6,1018,2026-04-23 13:10:59,초진,취소
5945,10003823,1,1001,2026-04-23 13:14:22,재진,정상
5946,10004093,4,1010,2026-04-23 13:17:35,초진,정상
5947,10000346,1,1001,2026-04-23 13:21:34,재진,정상
5948,10003182,2,1005,2026-04-23 13:22:26,초진,정상
5949,10003420,6,1018,2026-04-23 13:22:41,재진,정상
5950,10004096,1,1001,2026-04-23 13:23:29,초진,정상
5951,10000820,1,1001,2026-04-23 13:26:54,재진,정상
5952,10004095,2,1005,2026-04-23 13:30:43,초진,정상
5953,10004097,2,1005,2026-04-23 13:31:33,초진,정상
5954,10001795,2,1005,2026-04-23 13:33:15,초진,정상
5955,10001255,1,1001,2026-04-23 13:33:35,초진,정상
5956,10001532,1,1001,2026-04-23 13:33:52,재진,정상
5957,10000950,5,1015,2026-04-23 13:36:02,재진,정상
5958,10003245,1,1001,2026-04-23 13:39:39,재진,정상
5959,10002336,4,1010,2026-04-23 13:40:21,재진,취소
5960,10004098,1,1001,2026-04-23 13:40:35,초진,정상
5961,10001728,2,1005,2026-04-23 13:41:57,재진,정상
5962,10004099,6,1018,2026-04-23 13:47:28,초진,정상
5963,10004100,2,1005,2026-04-23 13:51:49,초진,정상
5964,10003633,1,1001,2026-04-23 14:15:03,재진,정상
5965,10003521,5,1015,2026-04-23 14:25:48,재진,정상
5966,10001314,4,1010,2026-04-23 14:30:41,재진,정상
5967,10004101,1,1001,2026-04-23 14:36:23,초진,정상
5968,10003725,6,1018,2026-04-23 14:40:06,초진,정상
5969,10003818,5,1015,2026-04-23 14:40:20,초진,정상
5970,10000981,2,1005,2026-04-23 14:59:14,재진,정상
5971,10000880,3,1009,2026-04-24 08:22:16,재진,정상
5972,10002083,3,1009,2026-04-24 08:28:01,초진,정상
5973,10004102,5,1013,2026-04-24 08:28:14,초진,정상
5974,10003249,8,1024,2026-04-24 08:35:23,재진,정상
5975,10004103,5,1013,2026-04-24 08:53:20,초진,정상
5976,10003737,5,1013,2026-04-24 08:54:26,재진,정상
5977,10000937,8,1024,2026-04-24 09:04:20,재진,정상
5978,10000665,8,1024,2026-04-24 09:26:20,재진,정상
5979,10001051,8,1024,2026-04-24 09:36:04,재진,정상
5980,10003382,8,1024,2026-04-24 09:40:59,재진,정상
5981,10002220,8,1024,2026-04-24 10:27:39,재진,정상
5982,10000090,3,1009,2026-04-24 10:28:35,재진,정상
5983,10001002,5,1013,2026-04-24 11:12:49,재진,정상
5984,10000103,5,1014,2026-04-24 12:56:13,재진,정상
5985,10000182,4,1011,2026-04-24 12:58:07,초진,정상
5986,10001947,4,1011,2026-04-24 13:00:00,초진,정상
5987,10004105,4,1011,2026-04-24 13:07:24,초진,정상
5988,10000069,8,1024,2026-04-24 13:12:15,재진,정상
5989,10001807,8,1024,2026-04-24 13:15:29,초진,정상
5990,10003462,8,1024,2026-04-24 13:26:41,재진,정상
5991,10004106,4,1011,2026-04-24 13:42:25,초진,정상
5992,10000767,2,1004,2026-04-24 13:43:30,재진,정상
5993,10000202,4,1011,2026-04-24 13:53:44,초진,정상
5994,10003568,8,1024,2026-04-24 14:01:30,재진,정상
5995,10000370,5,1014,2026-04-24 14:06:52,재진,정상
5996,10004107,8,1024,2026-04-24 14:09:46,초진,정상
5997,10001739,8,1024,2026-04-24 14:27:40,초진,정상
5998,10003216,4,1011,2026-04-24 15:21:30,재진,정상
5999,10002526,2,1006,2026-04-27 08:21:20,재진,정상
6000,10004109,1,1002,2026-04-27 08:21:36,초진,정상
6001,10004111,1,1002,2026-04-27 08:22:32,초진,정상
6002,10003118,2,1006,2026-04-27 08:23:15,초진,정상
6003,10002655,1,1002,2026-04-27 08:23:17,초진,정상
6004,10003660,2,1006,2026-04-27 08:24:02,재진,정상
6005,10000586,7,1021,2026-04-27 08:24:32,초진,정상
6006,10003046,8,1022,2026-04-27 08:28:27,재진,정상
6007,10002447,1,1002,2026-04-27 08:29:20,재진,정상
6008,10004110,1,1002,2026-04-27 08:30:24,초진,정상
6009,10000682,2,1006,2026-04-27 08:33:06,재진,정상
6010,10002017,8,1022,2026-04-27 08:34:26,재진,정상
6011,10001295,1,1002,2026-04-27 08:35:01,초진,정상
6012,10000458,1,1002,2026-04-27 08:36:06,재진,정상
6013,10000059,7,1021,2026-04-27 08:45:46,재진,정상
6014,10002610,8,1022,2026-04-27 08:48:03,재진,정상
6015,10004112,1,1002,2026-04-27 08:52:04,초진,정상
6016,10001824,5,1014,2026-04-27 09:00:46,초진,정상
6017,10004113,7,1021,2026-04-27 09:03:28,초진,취소
6018,10003655,1,1002,2026-04-27 09:04:55,재진,정상
6019,10000260,1,1002,2026-04-27 09:06:31,초진,정상
6020,10000288,2,1006,2026-04-27 09:12:16,재진,정상
6021,10000512,5,1014,2026-04-27 09:14:18,초진,정상
6022,10004114,2,1006,2026-04-27 09:14:36,초진,정상
6023,10000136,7,1021,2026-04-27 09:15:48,재진,정상
6024,10004115,5,1014,2026-04-27 09:16:27,초진,정상
6025,10000582,2,1006,2026-04-27 09:19:53,재진,취소
6026,10000331,7,1021,2026-04-27 09:22:39,재진,정상
6027,10004116,7,1021,2026-04-27 09:23:28,초진,취소
6028,10003055,2,1006,2026-04-27 09:23:59,재진,정상
6029,10000732,1,1002,2026-04-27 09:27:05,재진,정상
6030,10000542,1,1002,2026-04-27 09:30:58,재진,정상
6031,10002070,2,1006,2026-04-27 09:34:44,재진,정상
6032,10003479,2,1006,2026-04-27 09:40:15,재진,정상
6033,10001521,2,1006,2026-04-27 09:41:39,초진,정상
6034,10004118,7,1021,2026-04-27 09:44:51,초진,취소
6035,10001098,2,1006,2026-04-27 09:45:52,초진,정상
6036,10004117,1,1002,2026-04-27 09:50:04,초진,정상
6037,10000898,5,1014,2026-04-27 09:52:45,재진,정상
6038,10004119,7,1021,2026-04-27 09:56:58,초진,정상
6039,10000647,8,1022,2026-04-27 09:57:34,초진,정상
6040,10004120,8,1022,2026-04-27 10:04:21,초진,취소
6041,10001837,2,1006,2026-04-27 10:05:04,초진,정상
6042,10003476,7,1021,2026-04-27 10:09:26,재진,정상
6043,10004121,5,1014,2026-04-27 10:18:18,초진,정상
6044,10004122,8,1022,2026-04-27 10:35:50,초진,정상
6045,10004123,1,1003,2026-04-27 12:50:07,초진,정상
6046,10000070,5,1013,2026-04-27 12:50:45,초진,정상
6047,10001200,4,1012,2026-04-27 12:55:06,초진,정상
6048,10004125,1,1003,2026-04-27 12:55:09,초진,취소
6049,10004124,5,1013,2026-04-27 12:55:44,초진,정상
6050,10003674,1,1003,2026-04-27 12:55:44,재진,정상
6051,10000876,5,1013,2026-04-27 12:56:25,재진,정상
6052,10003665,1,1003,2026-04-27 12:58:09,재진,정상
6053,10003395,4,1012,2026-04-27 12:58:18,재진,정상
6054,10000518,1,1003,2026-04-27 12:58:25,재진,정상
6055,10001199,1,1003,2026-04-27 12:59:27,재진,정상
6056,10003490,4,1012,2026-04-27 12:59:39,재진,정상
6057,10003593,1,1003,2026-04-27 13:01:56,재진,정상
6058,10000108,8,1022,2026-04-27 13:03:31,재진,정상
6059,10000161,4,1012,2026-04-27 13:04:46,재진,정상
6060,10000675,4,1012,2026-04-27 13:04:51,재진,정상
6061,10002883,4,1012,2026-04-27 13:06:32,재진,정상
6062,10003151,5,1013,2026-04-27 13:07:28,초진,정상
6063,10004126,4,1012,2026-04-27 13:08:10,초진,정상
6064,10002675,4,1012,2026-04-27 13:14:34,재진,정상
6065,10002686,1,1003,2026-04-27 13:15:09,재진,정상
6066,10001674,7,1019,2026-04-27 13:16:53,초진,정상
6067,10004127,4,1012,2026-04-27 13:18:35,초진,정상
6068,10000013,4,1012,2026-04-27 13:20:09,초진,정상
6069,10000027,5,1013,2026-04-27 13:21:12,재진,정상
6070,10000107,4,1012,2026-04-27 13:25:08,재진,정상
6071,10004128,7,1019,2026-04-27 13:26:35,초진,정상
6072,10003069,1,1003,2026-04-27 13:26:42,재진,정상
6073,10003644,5,1013,2026-04-27 13:27:16,초진,정상
6074,10001161,8,1022,2026-04-27 13:27:41,재진,취소
6075,10004129,4,1012,2026-04-27 13:29:26,초진,정상
6076,10003149,7,1019,2026-04-27 13:34:57,재진,정상
6077,10002321,1,1003,2026-04-27 13:35:44,재진,정상
6078,10004130,8,1022,2026-04-27 13:37:47,초진,정상
6079,10004131,4,1012,2026-04-27 13:38:20,초진,정상
6080,10001093,7,1019,2026-04-27 13:40:43,초진,정상
6081,10003397,4,1012,2026-04-27 13:43:55,재진,정상
6082,10003763,1,1003,2026-04-27 13:57:13,재진,취소
6083,10004132,4,1012,2026-04-27 14:03:54,초진,정상
6084,10000308,8,1022,2026-04-27 14:04:18,재진,정상
6085,10000416,5,1013,2026-04-27 14:07:07,재진,정상
6086,10002969,7,1019,2026-04-27 14:10:15,재진,정상
6087,10001538,1,1003,2026-04-27 14:11:48,초진,정상
6088,10003673,7,1019,2026-04-27 14:16:18,재진,정상
6089,10003147,1,1003,2026-04-27 14:16:43,재진,정상
6090,10002183,7,1019,2026-04-27 14:18:39,초진,정상
6091,10003848,8,1022,2026-04-27 14:21:28,재진,정상
6092,10003392,4,1012,2026-04-27 14:23:20,재진,정상
6093,10002905,1,1003,2026-04-27 14:30:21,재진,정상
6094,10004133,4,1012,2026-04-27 14:32:30,초진,정상
6095,10004134,8,1022,2026-04-27 14:36:58,초진,정상
6096,10000874,8,1022,2026-04-27 14:37:50,초진,정상
6097,10002672,8,1022,2026-04-27 14:42:20,재진,정상
6098,10003493,7,1019,2026-04-27 14:47:45,재진,정상
6099,10004135,1,1003,2026-04-27 14:50:24,초진,정상
6100,10004136,1,1003,2026-04-27 14:51:15,초진,정상
6101,10004129,7,1019,2026-04-27 14:54:50,초진,정상
6102,10000857,4,1012,2026-04-27 14:59:46,초진,정상
6103,10000849,8,1022,2026-04-27 15:03:12,재진,정상
6104,10000342,1,1003,2026-04-27 15:03:12,재진,정상
6105,10004137,1,1003,2026-04-27 15:26:24,초진,정상
6106,10001822,3,1008,2026-04-28 08:24:34,초진,정상
6107,10003388,1,1003,2026-04-28 08:25:48,재진,정상
6108,10004138,4,1012,2026-04-28 08:28:44,초진,정상
6109,10004139,6,1017,2026-04-28 08:32:04,초진,정상
6110,10001333,4,1012,2026-04-28 08:34:56,재진,정상
6111,10000941,3,1008,2026-04-28 08:35:11,초진,정상
6112,10002807,7,1020,2026-04-28 08:37:56,재진,정상
6113,10003687,3,1008,2026-04-28 08:38:08,재진,정상
6114,10003524,8,1023,2026-04-28 08:39:47,재진,정상
6115,10004140,7,1020,2026-04-28 08:41:03,초진,정상
6116,10001076,8,1023,2026-04-28 08:42:26,재진,정상
6117,10003256,8,1023,2026-04-28 08:47:13,초진,정상
6118,10002798,3,1008,2026-04-28 08:47:37,재진,정상
6119,10002808,7,1020,2026-04-28 08:50:25,재진,정상
6120,10004141,6,1017,2026-04-28 08:59:33,초진,정상
6121,10001328,7,1020,2026-04-28 09:11:12,초진,정상
6122,10003501,7,1020,2026-04-28 09:13:41,재진,정상
6123,10001411,7,1020,2026-04-28 09:15:25,초진,정상
6124,10003163,7,1020,2026-04-28 09:16:04,재진,정상
6125,10000459,7,1020,2026-04-28 09:30:58,재진,정상
6126,10004142,6,1017,2026-04-28 09:31:43,초진,취소
6127,10000477,4,1012,2026-04-28 09:36:25,재진,정상
6128,10003797,3,1008,2026-04-28 09:48:25,재진,정상
6129,10003525,3,1008,2026-04-28 09:58:22,재진,정상
6130,10004143,8,1023,2026-04-28 09:58:50,초진,정상
6131,10003096,8,1023,2026-04-28 10:13:17,재진,정상
6132,10004144,7,1020,2026-04-28 10:14:58,초진,정상
6133,10002246,3,1008,2026-04-28 10:36:57,재진,정상
6134,10001705,3,1008,2026-04-28 10:40:36,초진,정상
6135,10003413,3,1008,2026-04-28 12:55:16,재진,정상
6136,10003407,3,1008,2026-04-28 12:58:01,재진,정상
6137,10004145,2,1006,2026-04-28 12:58:11,초진,정상
6138,10001450,4,1010,2026-04-28 13:01:29,초진,정상
6139,10000593,4,1010,2026-04-28 13:01:37,재진,정상
6140,10000131,2,1006,2026-04-28 13:04:37,초진,정상
6141,10000866,4,1010,2026-04-28 13:10:45,초진,정상
6142,10002068,5,1015,2026-04-28 13:12:25,초진,정상
6143,10004146,4,1010,2026-04-28 13:16:45,초진,정상
6144,10002333,4,1010,2026-04-28 13:18:27,재진,정상
6145,10003822,5,1015,2026-04-28 13:19:41,재진,정상
6146,10002478,4,1010,2026-04-28 13:19:53,재진,정상
6147,10003647,3,1008,2026-04-28 13:22:14,초진,정상
6148,10002199,6,1018,2026-04-28 13:26:17,재진,정상
6149,10004148,5,1015,2026-04-28 13:27:25,초진,정상
6150,10004147,4,1010,2026-04-28 13:27:46,초진,정상
6151,10000685,5,1015,2026-04-28 13:29:30,재진,정상
6152,10003421,4,1010,2026-04-28 13:33:20,재진,취소
6153,10004149,6,1018,2026-04-28 13:37:45,초진,정상
6154,10004150,3,1008,2026-04-28 13:40:56,초진,정상
6155,10004151,4,1010,2026-04-28 13:41:50,초진,정상
6156,10003610,6,1018,2026-04-28 13:42:00,재진,정상
6157,10003792,4,1010,2026-04-28 13:43:12,재진,정상
6158,10003641,5,1015,2026-04-28 13:46:48,재진,정상
6159,10000104,4,1010,2026-04-28 13:50:28,재진,정상
6160,10004152,4,1010,2026-04-28 13:52:08,초진,정상
6161,10003425,6,1018,2026-04-28 13:53:33,재진,정상
6162,10002624,8,1023,2026-04-28 13:55:57,재진,정상
6163,10001139,3,1008,2026-04-28 13:56:03,초진,정상
6164,10003689,5,1015,2026-04-28 13:56:47,재진,취소
6165,10003321,5,1015,2026-04-28 13:58:02,재진,취소
6166,10000417,5,1015,2026-04-28 14:02:07,초진,정상
6167,10002446,2,1006,2026-04-28 14:12:28,초진,정상
6168,10002918,4,1010,2026-04-28 14:14:10,재진,정상
6169,10003690,5,1015,2026-04-28 14:15:32,재진,정상
6170,10001631,4,1010,2026-04-28 14:15:42,재진,정상
6171,10000411,4,1010,2026-04-28 14:26:55,초진,취소
6172,10000031,4,1010,2026-04-28 14:32:44,재진,정상
6173,10004153,6,1018,2026-04-28 14:42:51,초진,취소
6174,10003892,4,1010,2026-04-28 14:49:41,재진,정상
6175,10004154,5,1015,2026-04-28 14:51:35,초진,정상
6176,10001081,3,1008,2026-04-28 15:19:06,초진,정상
6177,10003512,6,1018,2026-04-28 15:21:16,재진,정상
6178,10004155,2,1006,2026-04-28 15:31:26,초진,정상
6179,10000242,1,1002,2026-04-29 08:31:09,재진,취소
6180,10003704,3,1007,2026-04-29 08:40:49,재진,정상
6181,10003803,1,1002,2026-04-29 08:40:52,재진,정상
6182,10004156,6,1016,2026-04-29 08:41:49,초진,정상
6183,10002398,7,1020,2026-04-29 08:42:08,재진,정상
6184,10001887,3,1007,2026-04-29 08:46:23,초진,정상
6185,10004157,3,1007,2026-04-29 09:06:16,초진,정상
6186,10000205,3,1007,2026-04-29 09:09:07,재진,정상
6187,10003181,3,1007,2026-04-29 09:09:23,재진,정상
6188,10001104,1,1002,2026-04-29 09:09:35,재진,정상
6189,10001063,1,1002,2026-04-29 09:13:03,재진,정상
6190,10004159,3,1007,2026-04-29 09:16:52,초진,정상
6191,10004158,6,1016,2026-04-29 09:18:15,초진,정상
6192,10001613,1,1002,2026-04-29 09:25:34,초진,취소
6193,10004160,6,1016,2026-04-29 09:34:11,초진,정상
6194,10002723,6,1016,2026-04-29 09:42:39,재진,정상
6195,10004161,6,1016,2026-04-29 09:45:28,초진,정상
6196,10000479,1,1002,2026-04-29 09:54:08,초진,정상
6197,10004162,6,1016,2026-04-29 10:24:59,초진,정상
6198,10003863,3,1007,2026-04-29 10:40:57,초진,정상
6199,10001296,2,1004,2026-04-29 13:07:49,재진,정상
6200,10000589,2,1004,2026-04-29 13:14:29,초진,정상
6201,10000953,3,1007,2026-04-29 13:23:55,재진,정상
6202,10003772,6,1017,2026-04-29 13:30:54,재진,정상
6203,10000055,2,1004,2026-04-29 13:37:57,재진,정상
6204,10002928,3,1007,2026-04-29 13:44:20,재진,정상
6205,10004163,2,1004,2026-04-29 13:45:15,초진,정상
6206,10003680,6,1017,2026-04-29 13:53:50,재진,정상
6207,10001160,2,1004,2026-04-29 13:55:39,재진,정상
6208,10002932,3,1007,2026-04-29 14:07:39,초진,정상
6209,10000827,2,1004,2026-04-29 14:13:09,재진,취소
6210,10003904,3,1007,2026-04-29 14:21:47,초진,정상
6211,10004164,2,1004,2026-04-29 14:25:00,초진,정상
6212,10003807,3,1007,2026-04-29 14:28:28,재진,정상
6213,10003005,3,1007,2026-04-29 14:32:58,재진,취소
6214,10003443,3,1007,2026-04-29 14:43:50,재진,정상
6215,10003506,6,1017,2026-04-29 14:59:10,재진,정상
6216,10003352,3,1007,2026-04-29 15:26:48,재진,정상
6217,10003628,3,1009,2026-04-30 08:20:45,재진,정상
6218,10004165,3,1009,2026-04-30 08:24:20,초진,정상
6219,10004166,7,1021,2026-04-30 08:26:37,초진,정상
6220,10000243,4,1011,2026-04-30 08:31:11,재진,정상
6221,10001574,2,1005,2026-04-30 08:32:23,재진,정상
6222,10003114,3,1009,2026-04-30 08:32:30,재진,정상
6223,10001410,3,1009,2026-04-30 08:32:52,초진,정상
6224,10003212,3,1009,2026-04-30 08:33:27,재진,정상
6225,10000485,3,1009,2026-04-30 08:35:09,재진,정상
6226,10003215,4,1011,2026-04-30 08:39:30,재진,취소
6227,10004167,3,1009,2026-04-30 08:40:53,초진,정상
6228,10000316,3,1009,2026-04-30 08:41:20,초진,정상
6229,10004168,3,1009,2026-04-30 08:42:32,초진,정상
6230,10003359,4,1011,2026-04-30 08:44:19,재진,정상
6231,10002298,4,1011,2026-04-30 08:45:57,재진,정상
6232,10003836,4,1011,2026-04-30 08:46:58,재진,정상
6233,10002637,3,1009,2026-04-30 08:48:38,재진,정상
6234,10003548,2,1005,2026-04-30 08:51:21,재진,정상
6235,10000768,3,1009,2026-04-30 08:53:47,초진,정상
6236,10003054,7,1021,2026-04-30 09:00:10,재진,정상
6237,10004169,2,1005,2026-04-30 09:01:46,초진,정상
6238,10001462,3,1009,2026-04-30 09:02:17,재진,정상
6239,10002749,2,1005,2026-04-30 09:02:21,재진,정상
6240,10000264,4,1011,2026-04-30 09:04:21,재진,정상
6241,10001449,3,1009,2026-04-30 09:06:57,초진,정상
6242,10003559,2,1005,2026-04-30 09:08:38,재진,정상
6243,10003451,4,1011,2026-04-30 09:09:31,재진,정상
6244,10000368,7,1021,2026-04-30 09:11:29,재진,정상
6245,10001733,7,1021,2026-04-30 09:11:43,초진,정상
6246,10003851,7,1021,2026-04-30 09:14:28,재진,취소
6247,10000227,4,1011,2026-04-30 09:15:13,재진,정상
6248,10004170,4,1011,2026-04-30 09:16:09,초진,정상
6249,10002299,3,1009,2026-04-30 09:16:34,재진,정상
6250,10000367,4,1011,2026-04-30 09:18:23,초진,정상
6251,10003038,3,1009,2026-04-30 09:20:18,재진,정상
6252,10002066,4,1011,2026-04-30 09:22:58,초진,정상
6253,10002511,4,1011,2026-04-30 09:27:07,초진,정상
6254,10000317,3,1009,2026-04-30 09:30:06,초진,정상
6255,10001454,7,1021,2026-04-30 09:31:53,재진,정상
6256,10000908,2,1005,2026-04-30 09:32:27,재진,정상
6257,10004171,6,1016,2026-04-30 09:38:17,초진,정상
6258,10004173,3,1009,2026-04-30 09:44:00,초진,정상
6259,10004174,4,1011,2026-04-30 09:47:05,초진,정상
6260,10004172,4,1011,2026-04-30 09:50:56,초진,정상
6261,10003575,7,1021,2026-04-30 10:05:41,재진,정상
6262,10000182,7,1021,2026-04-30 10:07:15,재진,정상
6263,10004175,7,1021,2026-04-30 10:21:33,초진,정상
6264,10000791,3,1009,2026-04-30 10:24:03,재진,정상
6265,10001319,4,1011,2026-04-30 10:29:58,재진,정상
6266,10000330,1,1001,2026-04-30 12:50:37,초진,정상
6267,10003020,6,1018,2026-04-30 12:53:10,재진,정상
6268,10004176,1,1001,2026-04-30 12:56:47,초진,정상
6269,10001953,1,1001,2026-04-30 12:57:10,초진,정상
6270,10000267,4,1010,2026-04-30 13:07:16,재진,정상
6271,10003459,1,1001,2026-04-30 13:07:30,재진,정상
6272,10003320,4,1010,2026-04-30 13:09:33,초진,정상
6273,10001179,2,1005,2026-04-30 13:10:05,초진,정상
6274,10000151,1,1001,2026-04-30 13:13:02,재진,정상
6275,10004177,4,1010,2026-04-30 13:13:05,초진,정상
6276,10000828,1,1001,2026-04-30 13:18:42,초진,취소
6277,10003241,6,1018,2026-04-30 13:20:22,재진,정상
6278,10002515,1,1001,2026-04-30 13:27:13,재진,취소
6279,10003696,4,1010,2026-04-30 13:29:51,재진,정상
6280,10001117,1,1001,2026-04-30 13:34:53,재진,정상
6281,10002221,1,1001,2026-04-30 13:35:33,재진,취소
6282,10004178,1,1001,2026-04-30 13:37:14,초진,정상
6283,10003693,4,1010,2026-04-30 13:39:44,재진,정상
6284,10004179,2,1005,2026-04-30 13:42:48,초진,정상
6285,10000782,1,1001,2026-04-30 13:42:48,재진,정상
6286,10002499,2,1005,2026-04-30 13:43:55,재진,정상
6287,10004180,6,1018,2026-04-30 13:46:32,초진,정상
6288,10003642,2,1005,2026-04-30 13:46:36,재진,정상
6289,10004181,1,1001,2026-04-30 13:47:00,초진,정상
6290,10002896,5,1015,2026-04-30 13:53:41,초진,정상
6291,10000846,2,1005,2026-04-30 13:54:11,초진,정상
6292,10003016,2,1005,2026-04-30 13:59:15,재진,정상
6293,10004182,1,1001,2026-04-30 14:06:38,초진,취소
6294,10000098,4,1010,2026-04-30 14:12:02,재진,정상
6295,10004184,1,1001,2026-04-30 14:12:39,초진,정상
6296,10004183,4,1010,2026-04-30 14:14:15,초진,정상
6297,10003637,1,1001,2026-04-30 14:19:34,재진,정상
6298,10004185,4,1010,2026-04-30 14:41:46,초진,정상
6299,10004186,1,1001,2026-04-30 14:43:37,초진,정상
6300,10004187,1,1001,2026-04-30 14:45:04,초진,정상
6301,10000276,2,1005,2026-04-30 14:51:30,초진,정상
6302,10000760,4,1010,2026-04-30 14:59:42,초진,정상
6303,10004188,5,1015,2026-04-30 15:11:11,초진,정상
6304,10003788,6,1018,2026-04-30 15:27:24,재진,정상
6305,10000524,8,1024,2026-05-01 08:20:18,재진,정상
6306,10003538,3,1009,2026-05-01 08:24:54,초진,취소
6307,10003831,8,1024,2026-05-01 08:32:54,재진,정상
6308,10000121,5,1013,2026-05-01 08:34:38,초진,정상
6309,10001377,8,1024,2026-05-01 08:35:39,초진,정상
6310,10000356,8,1024,2026-05-01 08:35:41,재진,정상
6311,10001062,5,1013,2026-05-01 08:47:35,재진,정상
6312,10000126,8,1024,2026-05-01 09:07:15,초진,정상
6313,10002540,5,1013,2026-05-01 09:22:11,재진,정상
6314,10002973,5,1013,2026-05-01 09:32:40,재진,정상
6315,10001359,8,1024,2026-05-01 09:33:11,초진,정상
6316,10002371,8,1024,2026-05-01 09:49:54,재진,정상
6317,10004189,8,1024,2026-05-01 10:20:34,초진,정상
6318,10000888,5,1013,2026-05-01 10:38:39,초진,정상
6319,10003828,8,1024,2026-05-01 12:50:12,재진,정상
6320,10000813,1,1001,2026-05-01 12:54:04,초진,정상
6321,10001384,4,1011,2026-05-01 12:54:57,초진,정상
6322,10002223,8,1024,2026-05-01 13:07:39,재진,정상
6323,10003647,2,1004,2026-05-01 13:10:23,재진,정상
6324,10004190,1,1001,2026-05-01 13:13:10,초진,정상
6325,10000049,5,1014,2026-05-01 13:18:07,초진,정상
6326,10004016,1,1001,2026-05-01 13:24:56,초진,정상
6327,10001421,2,1004,2026-05-01 13:27:11,초진,정상
6328,10004191,2,1004,2026-05-01 13:27:28,초진,정상
6329,10004192,2,1004,2026-05-01 13:29:12,초진,정상
6330,10003740,5,1014,2026-05-01 13:33:04,재진,정상
6331,10003467,2,1004,2026-05-01 13:33:59,재진,정상
6332,10000017,8,1024,2026-05-01 13:44:18,초진,정상
6333,10003499,5,1014,2026-05-01 13:46:49,초진,정상
6334,10002867,5,1014,2026-05-01 14:01:11,재진,정상
6335,10001107,2,1004,2026-05-01 14:06:54,재진,정상
6336,10003374,1,1001,2026-05-01 14:13:39,재진,정상
6337,10004193,5,1014,2026-05-01 14:15:01,초진,정상
6338,10001387,8,1024,2026-05-01 14:15:04,재진,정상
6339,10003561,2,1004,2026-05-01 14:16:23,초진,정상
6340,10000605,8,1024,2026-05-01 14:16:46,재진,정상
6341,10004194,5,1014,2026-05-01 14:27:35,초진,정상
6342,10004195,4,1011,2026-05-01 14:30:59,초진,정상
6343,10003210,8,1024,2026-05-01 14:33:52,재진,정상
6344,10003976,2,1004,2026-05-01 14:34:47,재진,정상
6345,10001466,5,1014,2026-05-01 14:36:58,초진,정상
6346,10003136,5,1014,2026-05-01 15:43:53,재진,정상
6347,10003585,8,1022,2026-05-04 08:21:52,재진,정상
6348,10003708,1,1002,2026-05-04 08:22:47,재진,정상
6349,10001719,1,1002,2026-05-04 08:23:51,재진,정상
6350,10004197,2,1006,2026-05-04 08:24:29,초진,정상
6351,10003132,5,1014,2026-05-04 08:24:55,재진,정상
6352,10002382,1,1002,2026-05-04 08:25:00,재진,정상
6353,10002600,7,1021,2026-05-04 08:26:10,재진,정상
6354,10004196,7,1021,2026-05-04 08:28:16,초진,정상
6355,10003137,1,1002,2026-05-04 08:29:26,재진,정상
6356,10000510,7,1021,2026-05-04 08:37:25,재진,정상
6357,10003899,1,1002,2026-05-04 08:39:53,재진,정상
6358,10001480,7,1021,2026-05-04 08:39:53,초진,정상
6359,10000587,2,1006,2026-05-04 08:41:26,재진,정상
6360,10003751,2,1006,2026-05-04 08:43:42,재진,정상
6361,10000414,5,1014,2026-05-04 08:43:56,재진,정상
6362,10004048,5,1014,2026-05-04 08:47:14,초진,정상
6363,10000122,1,1002,2026-05-04 08:47:41,초진,정상
6364,10003664,1,1002,2026-05-04 08:48:06,재진,정상
6365,10004198,2,1006,2026-05-04 08:54:30,초진,정상
6366,10001729,1,1002,2026-05-04 08:56:06,재진,정상
6367,10000251,8,1022,2026-05-04 08:56:54,재진,정상
6368,10002233,1,1002,2026-05-04 08:58:53,재진,정상
6369,10003190,7,1021,2026-05-04 08:58:53,재진,정상
6370,10002146,1,1002,2026-05-04 09:00:28,재진,정상
6371,10000626,7,1021,2026-05-04 09:01:21,초진,정상
6372,10003276,2,1006,2026-05-04 09:04:29,재진,정상
6373,10001265,1,1002,2026-05-04 09:10:20,재진,정상
6374,10001277,2,1006,2026-05-04 09:19:01,초진,정상
6375,10004199,2,1006,2026-05-04 09:22:34,초진,정상
6376,10001056,7,1021,2026-05-04 09:23:09,초진,취소
6377,10001315,1,1002,2026-05-04 09:25:12,초진,정상
6378,10003480,7,1021,2026-05-04 09:26:30,재진,정상
6379,10003386,1,1002,2026-05-04 09:27:18,초진,취소
6380,10003271,8,1022,2026-05-04 09:27:28,재진,정상
6381,10004200,1,1002,2026-05-04 09:36:31,초진,정상
6382,10000166,2,1006,2026-05-04 09:41:14,재진,정상
6383,10000658,2,1006,2026-05-04 09:43:22,초진,정상
6384,10003622,7,1021,2026-05-04 09:44:44,재진,정상
6385,10004201,8,1022,2026-05-04 09:46:36,초진,정상
6386,10001013,2,1006,2026-05-04 09:53:09,재진,정상
6387,10000515,2,1006,2026-05-04 10:02:35,초진,정상
6388,10003621,1,1002,2026-05-04 10:02:43,초진,정상
6389,10003326,2,1006,2026-05-04 10:45:15,재진,정상
6390,10002868,5,1014,2026-05-04 10:52:22,재진,취소
6391,10001617,8,1022,2026-05-04 10:54:21,초진,정상
6392,10003669,8,1022,2026-05-04 10:57:57,재진,정상
6393,10003220,8,1022,2026-05-04 11:09:45,재진,정상
6394,10004202,2,1006,2026-05-04 11:13:24,초진,정상
6395,10001018,8,1022,2026-05-04 12:51:16,재진,정상
6396,10002457,5,1013,2026-05-04 12:52:30,재진,정상
6397,10002243,5,1013,2026-05-04 12:52:57,재진,정상
6398,10001072,8,1022,2026-05-04 12:55:10,재진,정상
6399,10000374,1,1003,2026-05-04 12:56:20,초진,정상
6400,10000887,4,1012,2026-05-04 12:56:57,초진,정상
6401,10000882,7,1019,2026-05-04 12:57:26,재진,정상
6402,10000164,1,1003,2026-05-04 12:57:49,초진,정상
6403,10004203,4,1012,2026-05-04 12:58:30,초진,정상
6404,10003589,4,1012,2026-05-04 13:07:21,재진,정상
6405,10004204,4,1012,2026-05-04 13:08:14,초진,정상
6406,10004205,4,1012,2026-05-04 13:08:31,초진,정상
6407,10002144,1,1003,2026-05-04 13:09:53,초진,취소
6408,10000156,7,1019,2026-05-04 13:11:55,재진,정상
6409,10004207,1,1003,2026-05-04 13:12:22,초진,정상
6410,10000928,7,1019,2026-05-04 13:13:33,초진,정상
6411,10001743,4,1012,2026-05-04 13:13:43,재진,취소
6412,10000430,1,1003,2026-05-04 13:19:32,초진,취소
6413,10000566,1,1003,2026-05-04 13:20:17,재진,정상
6414,10004206,5,1013,2026-05-04 13:20:51,초진,정상
6415,10002076,7,1019,2026-05-04 13:21:50,재진,정상
6416,10003148,4,1012,2026-05-04 13:22:01,재진,정상
6417,10000544,8,1022,2026-05-04 13:22:31,초진,정상
6418,10004208,5,1013,2026-05-04 13:22:55,초진,정상
6419,10000003,5,1013,2026-05-04 13:23:10,초진,정상
6420,10000304,8,1022,2026-05-04 13:24:14,재진,정상
6421,10000130,1,1003,2026-05-04 13:24:51,재진,정상
6422,10000248,4,1012,2026-05-04 13:26:55,재진,정상
6423,10001549,7,1019,2026-05-04 13:27:23,초진,정상
6424,10001285,1,1003,2026-05-04 13:31:35,초진,정상
6425,10003311,4,1012,2026-05-04 13:34:07,초진,정상
6426,10000795,7,1019,2026-05-04 13:34:54,재진,정상
6427,10003758,1,1003,2026-05-04 13:39:25,재진,정상
6428,10000476,1,1003,2026-05-04 13:44:30,재진,정상
6429,10003495,7,1019,2026-05-04 13:44:58,재진,정상
6430,10002599,8,1022,2026-05-04 13:45:06,재진,정상
6431,10003315,7,1019,2026-05-04 13:45:10,재진,정상
6432,10003067,4,1012,2026-05-04 13:46:11,재진,정상
6433,10000488,8,1022,2026-05-04 13:46:18,재진,정상
6434,10004209,8,1022,2026-05-04 13:47:11,초진,정상
6435,10004210,4,1012,2026-05-04 13:48:09,초진,정상
6436,10001263,7,1019,2026-05-04 13:57:22,재진,정상
6437,10001347,5,1013,2026-05-04 13:58:25,재진,정상
6438,10000093,4,1012,2026-05-04 14:00:04,재진,정상
6439,10000192,4,1012,2026-05-04 14:02:46,재진,정상
6440,10004211,1,1003,2026-05-04 14:03:15,초진,정상
6441,10003487,5,1013,2026-05-04 14:05:05,재진,정상
6442,10002893,8,1022,2026-05-04 14:07:28,재진,정상
6443,10001345,7,1019,2026-05-04 14:10:16,초진,정상
6444,10004212,1,1003,2026-05-04 14:20:47,초진,정상
6445,10003293,1,1003,2026-05-04 14:23:43,재진,정상
6446,10004213,5,1013,2026-05-04 14:27:52,초진,정상
6447,10001364,1,1003,2026-05-04 14:28:37,재진,정상
6448,10003294,1,1003,2026-05-04 14:29:00,재진,정상
6449,10002966,4,1012,2026-05-04 14:32:17,재진,정상
6450,10004214,7,1019,2026-05-04 14:35:54,초진,정상
6451,10000963,4,1012,2026-05-04 14:47:28,초진,정상
6452,10002075,1,1003,2026-05-04 14:48:18,재진,정상
6453,10001366,7,1019,2026-05-04 14:52:45,초진,취소
6454,10003646,5,1013,2026-05-04 14:59:58,재진,정상
6455,10003289,7,1019,2026-05-04 15:05:16,재진,정상
6456,10003856,1,1003,2026-05-04 15:07:40,재진,정상
6457,10000235,4,1012,2026-05-04 15:13:52,재진,정상
6458,10000776,4,1012,2026-05-04 15:14:26,재진,정상
6459,10001701,4,1012,2026-05-04 15:22:48,재진,취소
6460,10000931,1,1003,2026-05-04 15:32:45,초진,정상
6461,10004215,6,1016,2026-05-06 08:21:08,초진,정상
6462,10000743,7,1020,2026-05-06 08:25:37,초진,정상
6463,10004216,3,1007,2026-05-06 08:27:02,초진,정상
6464,10003002,6,1016,2026-05-06 08:29:07,재진,취소
6465,10003314,7,1020,2026-05-06 08:30:42,재진,정상
6466,10001223,7,1020,2026-05-06 08:30:46,초진,정상
6467,10000492,1,1002,2026-05-06 08:35:21,초진,정상
6468,10003496,7,1020,2026-05-06 08:35:32,재진,정상
6469,10001493,6,1016,2026-05-06 08:37:06,초진,정상
6470,10004217,7,1020,2026-05-06 08:44:47,초진,정상
6471,10003222,6,1016,2026-05-06 08:47:27,재진,정상
6472,10003356,3,1007,2026-05-06 08:47:37,초진,정상
6473,10004218,6,1016,2026-05-06 08:50:02,초진,정상
6474,10003716,3,1007,2026-05-06 08:51:09,재진,정상
6475,10002264,1,1002,2026-05-06 08:54:11,재진,정상
6476,10000382,7,1020,2026-05-06 08:55:09,재진,정상
6477,10003659,1,1002,2026-05-06 08:56:33,재진,정상
6478,10003718,6,1016,2026-05-06 08:57:45,재진,정상
6479,10004219,6,1016,2026-05-06 09:00:34,초진,정상
6480,10001594,7,1020,2026-05-06 09:01:07,초진,정상
6481,10003505,7,1020,2026-05-06 09:01:49,재진,정상
6482,10004220,6,1016,2026-05-06 09:08:04,초진,정상
6483,10003801,6,1016,2026-05-06 09:08:06,재진,정상
6484,10003770,7,1020,2026-05-06 09:14:34,재진,정상
6485,10003679,7,1020,2026-05-06 09:21:10,재진,정상
6486,10004222,7,1020,2026-05-06 09:24:31,초진,정상
6487,10004221,6,1016,2026-05-06 09:24:55,초진,정상
6488,10002773,1,1002,2026-05-06 09:30:54,재진,정상
6489,10004223,6,1016,2026-05-06 09:37:07,초진,정상
6490,10001463,1,1002,2026-05-06 09:43:20,초진,정상
6491,10001579,7,1020,2026-05-06 09:44:28,초진,정상
6492,10003440,1,1002,2026-05-06 09:49:31,재진,정상
6493,10003597,7,1020,2026-05-06 10:00:09,재진,정상
6494,10000671,7,1020,2026-05-06 10:01:47,초진,정상
6495,10004224,3,1007,2026-05-06 10:36:42,초진,정상
6496,10001941,7,1020,2026-05-06 10:45:10,초진,정상
6497,10004225,6,1017,2026-05-06 12:59:09,초진,정상
6498,10004226,3,1007,2026-05-06 13:06:34,초진,정상
6499,10003185,3,1007,2026-05-06 13:09:27,재진,정상
6500,10002276,2,1004,2026-05-06 13:11:16,재진,정상
6501,10002589,2,1004,2026-05-06 13:14:05,재진,정상
6502,10003620,2,1004,2026-05-06 13:21:13,재진,정상
6503,10003948,6,1017,2026-05-06 13:21:30,재진,정상
6504,10003903,6,1017,2026-05-06 13:26:10,재진,정상
6505,10000980,2,1004,2026-05-06 13:27:07,초진,정상
6506,10002929,2,1004,2026-05-06 13:28:48,재진,정상
6507,10003809,6,1017,2026-05-06 13:35:02,재진,정상
6508,10004227,6,1017,2026-05-06 13:39:23,초진,정상
6509,10001134,3,1007,2026-05-06 13:53:54,초진,정상
6510,10000096,2,1004,2026-05-06 14:05:57,재진,정상
6511,10003705,2,1004,2026-05-06 14:12:20,초진,정상
6512,10003946,6,1017,2026-05-06 14:14:39,재진,정상
6513,10002933,3,1007,2026-05-06 14:15:58,재진,정상
6514,10001812,2,1004,2026-05-06 14:19:16,초진,정상
6515,10001556,3,1007,2026-05-06 14:26:56,재진,정상
6516,10003755,2,1004,2026-05-06 14:33:55,초진,정상
6517,10001380,2,1004,2026-05-06 14:36:53,재진,정상
6518,10003305,6,1017,2026-05-06 14:57:21,재진,정상
6519,10002633,2,1004,2026-05-06 14:57:34,재진,정상
6520,10002326,6,1017,2026-05-06 14:58:08,초진,정상
6521,10003769,6,1017,2026-05-06 15:01:28,재진,정상
6522,10004228,6,1017,2026-05-06 15:09:00,초진,정상
6523,10002358,4,1011,2026-05-07 08:21:07,재진,정상
6524,10003732,2,1005,2026-05-07 08:22:07,초진,정상
6525,10002344,6,1016,2026-05-07 08:22:48,재진,정상
6526,10003722,4,1011,2026-05-07 08:23:45,재진,정상
6527,10000551,4,1011,2026-05-07 08:24:18,초진,정상
6528,10003537,3,1009,2026-05-07 08:25:06,재진,정상
6529,10000729,4,1011,2026-05-07 08:26:01,재진,정상
6530,10000977,3,1009,2026-05-07 08:27:40,초진,정상
6531,10000774,7,1021,2026-05-07 08:39:08,초진,정상
6532,10004229,7,1021,2026-05-07 08:48:15,초진,정상
6533,10001193,4,1011,2026-05-07 08:50:43,초진,정상
6534,10003742,4,1011,2026-05-07 08:53:19,재진,정상
6535,10003362,3,1009,2026-05-07 08:53:54,재진,정상
6536,10004230,4,1011,2026-05-07 08:57:36,초진,정상
6537,10004231,4,1011,2026-05-07 08:58:06,초진,정상
6538,10003620,3,1009,2026-05-07 09:01:13,초진,정상
6539,10004232,2,1005,2026-05-07 09:05:24,초진,정상
6540,10004233,7,1021,2026-05-07 09:08:28,초진,정상
6541,10000995,4,1011,2026-05-07 09:15:47,재진,정상
6542,10001082,3,1009,2026-05-07 09:17:48,재진,정상
6543,10004235,4,1011,2026-05-07 09:25:15,초진,정상
6544,10003365,2,1005,2026-05-07 09:27:04,재진,정상
6545,10004234,6,1016,2026-05-07 09:27:56,초진,정상
6546,10004236,3,1009,2026-05-07 09:27:59,초진,정상
6547,10002026,7,1021,2026-05-07 09:28:08,초진,정상
6548,10002027,2,1005,2026-05-07 09:32:47,재진,정상
6549,10003979,4,1011,2026-05-07 09:34:54,재진,정상
6550,10001884,4,1011,2026-05-07 09:37:32,재진,취소
6551,10000226,3,1009,2026-05-07 09:43:53,재진,정상
6552,10004237,4,1011,2026-05-07 09:50:25,초진,정상
6553,10000483,4,1011,2026-05-07 09:51:14,재진,정상
6554,10000858,4,1011,2026-05-07 09:57:09,초진,정상
6555,10001686,4,1011,2026-05-07 10:11:50,재진,정상
6556,10001835,2,1005,2026-05-07 10:22:13,재진,취소
6557,10004238,4,1011,2026-05-07 11:01:34,초진,정상
6558,10003112,3,1009,2026-05-07 11:02:21,재진,정상
6559,10002054,4,1011,2026-05-07 11:03:14,재진,정상
6560,10003988,2,1005,2026-05-07 11:13:56,재진,정상
6561,10003698,5,1015,2026-05-07 12:50:18,재진,정상
6562,10004239,2,1005,2026-05-07 12:51:26,초진,정상
6563,10001557,4,1010,2026-05-07 12:52:48,재진,정상
6564,10003523,6,1018,2026-05-07 12:53:52,재진,정상
6565,10002102,4,1010,2026-05-07 12:54:57,초진,정상
6566,10004240,2,1005,2026-05-07 12:57:43,초진,정상
6567,10003966,6,1018,2026-05-07 13:03:30,재진,정상
6568,10003428,5,1015,2026-05-07 13:05:34,재진,정상
6569,10000806,5,1015,2026-05-07 13:06:14,재진,정상
6570,10000749,1,1001,2026-05-07 13:07:59,재진,정상
6571,10001197,5,1015,2026-05-07 13:10:08,초진,정상
6572,10000999,4,1010,2026-05-07 13:10:28,재진,정상
6573,10002915,4,1010,2026-05-07 13:11:22,재진,정상
6574,10003781,4,1010,2026-05-07 13:11:35,재진,정상
6575,10003730,1,1001,2026-05-07 13:14:36,재진,정상
6576,10001433,1,1001,2026-05-07 13:15:20,초진,정상
6577,10003119,1,1001,2026-05-07 13:18:03,재진,정상
6578,10000777,2,1005,2026-05-07 13:18:58,재진,정상
6579,10003692,6,1018,2026-05-07 13:19:12,재진,정상
6580,10001481,1,1001,2026-05-07 13:20:25,재진,정상
6581,10004241,4,1010,2026-05-07 13:22:31,초진,정상
6582,10000396,2,1005,2026-05-07 13:23:09,재진,정상
6583,10001509,5,1015,2026-05-07 13:24:14,초진,취소
6584,10000162,1,1001,2026-05-07 13:25:56,재진,정상
6585,10004242,4,1010,2026-05-07 13:27:07,초진,정상
6586,10002780,2,1005,2026-05-07 13:28:29,재진,정상
6587,10000171,5,1015,2026-05-07 13:31:09,초진,정상
6588,10002524,2,1005,2026-05-07 13:33:06,재진,정상
6589,10000414,1,1001,2026-05-07 13:33:25,재진,정상
6590,10004244,4,1010,2026-05-07 13:35:49,초진,정상
6591,10002841,2,1005,2026-05-07 13:37:43,재진,정상
6592,10004243,4,1010,2026-05-07 13:38:14,초진,정상
6593,10003767,6,1018,2026-05-07 13:39:57,초진,정상
6594,10003694,4,1010,2026-05-07 13:42:32,재진,정상
6595,10003918,1,1001,2026-05-07 13:43:02,재진,정상
6596,10000673,5,1015,2026-05-07 13:45:16,재진,정상
6597,10003265,2,1005,2026-05-07 13:47:58,초진,정상
6598,10003423,4,1010,2026-05-07 13:48:15,재진,정상
6599,10003924,1,1001,2026-05-07 13:49:19,재진,정상
6600,10000045,1,1001,2026-05-07 13:50:07,재진,정상
6601,10002853,2,1005,2026-05-07 13:54:57,재진,정상
6602,10003991,6,1018,2026-05-07 13:57:00,재진,정상
6603,10000632,1,1001,2026-05-07 14:03:27,재진,정상
6604,10000538,5,1015,2026-05-07 14:03:35,재진,정상
6605,10002940,1,1001,2026-05-07 14:05:46,재진,정상
6606,10003427,4,1010,2026-05-07 14:07:26,재진,취소
6607,10000636,1,1001,2026-05-07 14:08:43,초진,정상
6608,10004245,4,1010,2026-05-07 14:10:10,초진,정상
6609,10003691,4,1010,2026-05-07 14:13:16,재진,정상
6610,10001777,6,1018,2026-05-07 14:14:51,초진,정상
6611,10003563,1,1001,2026-05-07 14:15:58,재진,정상
6612,10002437,1,1001,2026-05-07 14:28:06,재진,정상
6613,10000436,1,1001,2026-05-07 14:29:30,초진,정상
6614,10001026,4,1010,2026-05-07 14:31:15,재진,정상
6615,10004246,4,1010,2026-05-07 14:44:41,초진,정상
6616,10003701,6,1018,2026-05-07 14:44:43,초진,정상
6617,10003798,5,1015,2026-05-07 14:59:44,재진,취소
6618,10002945,2,1005,2026-05-07 15:02:45,재진,정상
6619,10003567,1,1001,2026-05-07 15:05:40,재진,정상
6620,10003094,4,1010,2026-05-07 15:24:00,재진,정상
6621,10003028,1,1001,2026-05-07 15:25:34,재진,정상
6622,10003323,4,1010,2026-05-07 15:33:28,재진,정상
6623,10003254,8,1024,2026-05-08 08:24:52,재진,정상
6624,10001229,5,1013,2026-05-08 08:30:24,초진,정상
6625,10004029,5,1013,2026-05-08 08:37:12,재진,정상
6626,10004248,8,1024,2026-05-08 08:49:21,초진,정상
6627,10004247,8,1024,2026-05-08 08:55:37,초진,정상
6628,10003129,5,1013,2026-05-08 09:02:07,재진,정상
6629,10003645,8,1024,2026-05-08 09:07:15,재진,취소
6630,10001724,8,1024,2026-05-08 09:07:25,초진,정상
6631,10003827,5,1013,2026-05-08 09:08:01,재진,정상
6632,10004249,8,1024,2026-05-08 09:08:41,초진,정상
6633,10001401,8,1024,2026-05-08 09:17:12,재진,정상
6634,10001252,8,1024,2026-05-08 09:21:55,초진,정상
6635,10003928,8,1024,2026-05-08 09:24:04,재진,정상
6636,10004250,5,1013,2026-05-08 09:27:37,초진,정상
6637,10004251,5,1013,2026-05-08 09:44:13,초진,정상
6638,10004252,5,1013,2026-05-08 09:44:19,초진,정상
6639,10004253,3,1009,2026-05-08 09:53:54,초진,정상
6640,10004254,8,1024,2026-05-08 10:01:00,초진,정상
6641,10002575,3,1009,2026-05-08 10:03:36,재진,정상
6642,10004255,5,1013,2026-05-08 10:12:46,초진,정상
6643,10001870,5,1013,2026-05-08 10:16:21,재진,정상
6644,10002378,5,1013,2026-05-08 10:27:29,재진,정상
6645,10003560,8,1024,2026-05-08 10:45:19,재진,정상
6646,10004256,1,1001,2026-05-08 12:52:23,초진,정상
6647,10003739,1,1001,2026-05-08 12:58:46,재진,정상
6648,10004257,8,1024,2026-05-08 13:01:59,초진,정상
6649,10000450,4,1011,2026-05-08 13:08:21,초진,정상
6650,10003833,8,1024,2026-05-08 13:10:01,재진,정상
6651,10000869,1,1001,2026-05-08 13:16:34,초진,정상
6652,10004258,5,1014,2026-05-08 13:19:29,초진,정상
6653,10001402,1,1001,2026-05-08 13:22:40,재진,정상
6654,10000064,1,1001,2026-05-08 13:28:40,재진,정상
6655,10000273,1,1001,2026-05-08 13:31:05,초진,정상
6656,10000046,1,1001,2026-05-08 13:33:17,재진,정상
6657,10003817,4,1011,2026-05-08 13:37:34,재진,정상
6658,10001317,2,1004,2026-05-08 13:38:32,재진,정상
6659,10000968,1,1001,2026-05-08 13:39:24,재진,정상
6660,10003645,4,1011,2026-05-08 13:54:27,재진,정상
6661,10000291,5,1014,2026-05-08 13:59:15,재진,정상
6662,10000072,4,1011,2026-05-08 13:59:27,재진,정상
6663,10004259,4,1011,2026-05-08 14:01:23,초진,정상
6664,10001274,1,1001,2026-05-08 14:06:03,초진,정상
6665,10004261,2,1004,2026-05-08 14:07:44,초진,정상
6666,10001445,8,1024,2026-05-08 14:11:58,초진,정상
6667,10004260,1,1001,2026-05-08 14:12:46,초진,정상
6668,10000362,5,1014,2026-05-08 14:24:11,초진,정상
6669,10002915,5,1014,2026-05-08 14:28:43,초진,정상
6670,10003638,1,1001,2026-05-08 14:47:47,재진,정상
6671,10000976,1,1001,2026-05-08 14:54:13,초진,정상
6672,10000110,4,1011,2026-05-08 15:03:09,재진,정상
6673,10001526,2,1004,2026-05-08 15:07:27,초진,정상
6674,10000581,4,1011,2026-05-08 15:16:21,초진,정상
6675,10001681,8,1022,2026-05-11 08:23:40,재진,정상
6676,10003747,2,1006,2026-05-11 08:24:45,재진,정상
6677,10003058,2,1006,2026-05-11 08:25:00,재진,정상
6678,10002087,2,1006,2026-05-11 08:26:32,재진,정상
6679,10004262,2,1006,2026-05-11 08:27:57,초진,정상
6680,10001671,1,1002,2026-05-11 08:31:39,재진,정상
6681,10000298,7,1021,2026-05-11 08:32:17,초진,정상
6682,10004263,2,1006,2026-05-11 08:33:11,초진,정상
6683,10003135,2,1006,2026-05-11 08:34:12,재진,정상
6684,10001108,1,1002,2026-05-11 08:37:45,초진,정상
6685,10003525,1,1002,2026-05-11 08:38:55,재진,정상
6686,10001570,2,1006,2026-05-11 08:39:58,재진,정상
6687,10000210,8,1022,2026-05-11 08:40:07,재진,정상
6688,10001577,7,1021,2026-05-11 08:42:15,초진,정상
6689,10003140,1,1002,2026-05-11 08:42:19,재진,정상
6690,10003378,5,1014,2026-05-11 08:43:23,재진,정상
6691,10002387,8,1022,2026-05-11 08:43:30,재진,정상
6692,10001470,1,1002,2026-05-11 08:44:04,재진,정상
6693,10000099,2,1006,2026-05-11 08:48:17,초진,정상
6694,10003576,7,1021,2026-05-11 08:50:20,재진,정상
6695,10004264,8,1022,2026-05-11 08:57:36,초진,정상
6696,10003441,1,1002,2026-05-11 09:06:34,재진,취소
6697,10002999,2,1006,2026-05-11 09:07:17,초진,정상
6698,10000569,7,1021,2026-05-11 09:12:50,초진,정상
6699,10003270,2,1006,2026-05-11 09:18:24,재진,취소
6700,10004265,1,1002,2026-05-11 09:19:51,초진,정상
6701,10003895,1,1002,2026-05-11 09:22:47,재진,정상
6702,10003281,2,1006,2026-05-11 09:26:22,재진,정상
6703,10001091,1,1002,2026-05-11 09:26:33,초진,정상
6704,10001519,7,1021,2026-05-11 09:30:37,재진,취소
6705,10003041,1,1002,2026-05-11 09:31:03,초진,정상
6706,10000056,1,1002,2026-05-11 09:33:07,재진,정상
6707,10004266,2,1006,2026-05-11 09:41:17,초진,정상
6708,10004021,1,1002,2026-05-11 09:50:26,재진,정상
6709,10000494,7,1021,2026-05-11 09:50:35,초진,정상
6710,10003231,7,1021,2026-05-11 09:51:28,재진,정상
6711,10004267,2,1006,2026-05-11 09:56:30,초진,정상
6712,10000386,2,1006,2026-05-11 10:10:38,초진,정상
6713,10004268,1,1002,2026-05-11 10:11:38,초진,정상
6714,10004269,7,1021,2026-05-11 10:12:26,초진,정상
6715,10000257,2,1006,2026-05-11 10:12:37,재진,정상
6716,10003475,2,1006,2026-05-11 10:25:45,재진,정상
6717,10003840,1,1002,2026-05-11 10:25:55,재진,정상
6718,10003897,1,1002,2026-05-11 10:27:49,재진,정상
6719,10004270,2,1006,2026-05-11 10:43:12,초진,정상
6720,10003757,5,1013,2026-05-11 12:51:19,초진,정상
6721,10002699,7,1019,2026-05-11 12:52:47,재진,정상
6722,10003238,8,1022,2026-05-11 12:53:11,재진,정상
6723,10003168,7,1019,2026-05-11 12:53:56,재진,정상
6724,10000982,7,1019,2026-05-11 12:55:30,초진,정상
6725,10003860,5,1013,2026-05-11 12:55:53,재진,정상
6726,10001136,7,1019,2026-05-11 12:56:12,재진,정상
6727,10000591,4,1012,2026-05-11 12:57:07,재진,취소
6728,10002034,4,1012,2026-05-11 12:57:24,재진,정상
6729,10001666,4,1012,2026-05-11 12:58:12,초진,정상
6730,10004271,1,1003,2026-05-11 12:58:49,초진,정상
6731,10003006,1,1003,2026-05-11 13:00:26,재진,정상
6732,10001635,4,1012,2026-05-11 13:02:39,재진,정상
6733,10002196,1,1003,2026-05-11 13:04:15,초진,취소
6734,10004272,4,1012,2026-05-11 13:07:34,초진,정상
6735,10001808,4,1012,2026-05-11 13:08:23,초진,정상
6736,10001378,4,1012,2026-05-11 13:08:41,초진,정상
6737,10000689,1,1003,2026-05-11 13:09:39,재진,정상
6738,10001344,4,1012,2026-05-11 13:16:34,재진,정상
6739,10002458,1,1003,2026-05-11 13:20:03,재진,정상
6740,10003491,4,1012,2026-05-11 13:22:19,재진,정상
6741,10001168,4,1012,2026-05-11 13:23:07,재진,정상
6742,10003874,1,1003,2026-05-11 13:25:37,재진,정상
6743,10001236,1,1003,2026-05-11 13:32:11,초진,정상
6744,10000552,1,1003,2026-05-11 13:32:23,초진,정상
6745,10002002,5,1013,2026-05-11 13:33:09,재진,정상
6746,10004274,5,1013,2026-05-11 13:35:45,초진,정상
6747,10004273,1,1003,2026-05-11 13:37:07,초진,정상
6748,10004276,4,1012,2026-05-11 13:37:29,초진,정상
6749,10004031,7,1019,2026-05-11 13:38:38,재진,정상
6750,10003121,8,1022,2026-05-11 13:40:07,초진,정상
6751,10004277,4,1012,2026-05-11 13:41:19,초진,정상
6752,10003156,1,1003,2026-05-11 13:46:20,재진,취소
6753,10002254,7,1019,2026-05-11 13:49:34,초진,정상
6754,10004275,5,1013,2026-05-11 13:49:47,초진,정상
6755,10001389,7,1019,2026-05-11 13:49:47,재진,정상
6756,10004278,1,1003,2026-05-11 13:49:48,초진,정상
6757,10000102,4,1012,2026-05-11 13:49:56,재진,정상
6758,10003588,1,1003,2026-05-11 13:54:36,재진,정상
6759,10001573,4,1012,2026-05-11 13:55:01,초진,정상
6760,10003666,4,1012,2026-05-11 13:55:08,재진,정상
6761,10003584,1,1003,2026-05-11 13:55:58,재진,정상
6762,10003766,7,1019,2026-05-11 13:57:21,재진,정상
6763,10000513,7,1019,2026-05-11 14:03:34,재진,정상
6764,10000478,4,1012,2026-05-11 14:09:13,재진,정상
6765,10003591,4,1012,2026-05-11 14:11:40,재진,정상
6766,10004279,1,1003,2026-05-11 14:19:03,초진,정상
6767,10004028,7,1019,2026-05-11 14:20:30,재진,정상
6768,10004280,5,1013,2026-05-11 14:20:33,초진,정상
6769,10004281,5,1013,2026-05-11 14:20:38,초진,정상
6770,10001169,7,1019,2026-05-11 14:21:22,재진,정상
6771,10003671,4,1012,2026-05-11 14:23:02,재진,정상
6772,10000961,7,1019,2026-05-11 14:23:07,재진,정상
6773,10003586,1,1003,2026-05-11 14:24:25,재진,정상
6774,10000321,7,1019,2026-05-11 14:28:38,재진,정상
6775,10002887,1,1003,2026-05-11 14:29:04,재진,정상
6776,10000706,8,1022,2026-05-11 14:30:15,재진,정상
6777,10003482,1,1003,2026-05-11 14:33:17,재진,정상
6778,10002788,1,1003,2026-05-11 14:33:38,재진,정상
6779,10003864,5,1013,2026-05-11 14:34:18,재진,정상
6780,10002956,5,1013,2026-05-11 14:57:25,재진,정상
6781,10004282,7,1019,2026-05-11 15:02:40,초진,정상
6782,10003756,7,1019,2026-05-11 15:06:08,재진,정상
6783,10000974,7,1019,2026-05-11 15:23:47,재진,정상
6784,10003147,1,1003,2026-05-12 08:20:21,재진,정상
6785,10003884,8,1023,2026-05-12 08:23:21,재진,정상
6786,10004283,8,1023,2026-05-12 08:27:24,초진,정상
6787,10000406,3,1008,2026-05-12 08:29:09,초진,정상
6788,10000209,8,1023,2026-05-12 08:32:38,재진,정상
6789,10004285,1,1003,2026-05-12 08:35:36,초진,정상
6790,10003507,4,1012,2026-05-12 08:35:38,재진,정상
6791,10003605,3,1008,2026-05-12 08:39:17,재진,정상
6792,10003079,6,1017,2026-05-12 08:39:24,재진,정상
6793,10004284,3,1008,2026-05-12 08:39:41,초진,정상
6794,10000575,8,1023,2026-05-12 08:40:07,재진,정상
6795,10003508,6,1017,2026-05-12 08:40:16,재진,정상
6796,10003303,7,1020,2026-05-12 08:40:36,재진,정상
6797,10002601,3,1008,2026-05-12 08:41:03,초진,정상
6798,10000520,7,1020,2026-05-12 08:43:07,초진,정상
6799,10001979,8,1023,2026-05-12 08:49:08,재진,정상
6800,10004286,6,1017,2026-05-12 08:52:02,초진,정상
6801,10002149,6,1017,2026-05-12 08:53:03,재진,정상
6802,10001694,7,1020,2026-05-12 08:53:16,초진,정상
6803,10000111,3,1008,2026-05-12 08:55:50,초진,정상
6804,10001144,4,1012,2026-05-12 08:58:00,재진,정상
6805,10002617,6,1017,2026-05-12 09:08:16,재진,정상
6806,10002622,6,1017,2026-05-12 09:10:28,재진,정상
6807,10004287,6,1017,2026-05-12 09:11:31,초진,정상
6808,10004288,6,1017,2026-05-12 09:13:53,초진,정상
6809,10000630,4,1012,2026-05-12 09:18:06,초진,정상
6810,10001725,3,1008,2026-05-12 09:20:39,재진,정상
6811,10003688,8,1023,2026-05-12 09:22:18,재진,정상
6812,10000638,7,1020,2026-05-12 09:22:35,초진,정상
6813,10004041,6,1017,2026-05-12 09:24:49,재진,정상
6814,10000965,3,1008,2026-05-12 09:26:42,초진,정상
6815,10003697,3,1008,2026-05-12 09:28:19,재진,정상
6816,10003941,4,1012,2026-05-12 09:28:53,재진,정상
6817,10001695,4,1012,2026-05-12 09:29:09,재진,정상
6818,10003881,3,1008,2026-05-12 09:31:24,재진,정상
6819,10000425,1,1003,2026-05-12 09:31:59,초진,정상
6820,10004289,8,1023,2026-05-12 09:36:46,초진,정상
6821,10000013,4,1012,2026-05-12 09:37:01,재진,정상
6822,10002809,3,1008,2026-05-12 09:38:42,재진,정상
6823,10002323,3,1008,2026-05-12 09:45:56,재진,정상
6824,10004291,6,1017,2026-05-12 09:49:49,초진,정상
6825,10004290,3,1008,2026-05-12 09:50:51,초진,정상
6826,10001580,8,1023,2026-05-12 09:57:16,재진,정상
6827,10003879,8,1023,2026-05-12 10:06:50,재진,정상
6828,10004293,6,1017,2026-05-12 10:13:31,초진,정상
6829,10000361,3,1008,2026-05-12 10:14:11,초진,정상
6830,10004292,3,1008,2026-05-12 10:14:32,초진,정상
6831,10000347,4,1012,2026-05-12 10:19:31,초진,정상
6832,10000863,8,1023,2026-05-12 10:21:38,재진,정상
6833,10000819,3,1008,2026-05-12 10:22:10,재진,정상
6834,10003401,6,1017,2026-05-12 10:28:12,재진,정상
6835,10000883,7,1020,2026-05-12 10:28:42,초진,정상
6836,10004294,6,1017,2026-05-12 10:39:51,초진,정상
6837,10002506,3,1008,2026-05-12 10:53:58,재진,정상
6838,10003397,7,1020,2026-05-12 10:55:13,재진,정상
6839,10000119,8,1023,2026-05-12 12:50:07,초진,정상
6840,10001093,7,1019,2026-05-12 12:50:27,재진,정상
6841,10001517,3,1008,2026-05-12 12:54:41,초진,취소
6842,10000651,3,1008,2026-05-12 13:00:21,재진,정상
6843,10001078,4,1010,2026-05-12 13:00:41,재진,정상
6844,10000620,3,1008,2026-05-12 13:03:52,재진,정상
6845,10004060,5,1015,2026-05-12 13:05:25,재진,정상
6846,10001011,8,1023,2026-05-12 13:07:09,초진,정상
6847,10003412,7,1019,2026-05-12 13:07:22,재진,정상
6848,10003549,6,1018,2026-05-12 13:12:17,재진,정상
6849,10004295,3,1008,2026-05-12 13:13:26,초진,정상
6850,10003090,8,1023,2026-05-12 13:13:28,재진,정상
6851,10003961,6,1018,2026-05-12 13:13:33,초진,정상
6852,10001769,3,1008,2026-05-12 13:21:56,초진,정상
6853,10001356,4,1010,2026-05-12 13:24:13,초진,정상
6854,10001176,4,1010,2026-05-12 13:25:53,초진,정상
6855,10000545,5,1015,2026-05-12 13:27:02,재진,정상
6856,10001500,8,1023,2026-05-12 13:27:19,재진,정상
6857,10004061,6,1018,2026-05-12 13:29:02,재진,정상
6858,10000011,8,1023,2026-05-12 13:29:19,초진,정상
6859,10002770,4,1010,2026-05-12 13:29:59,초진,정상
6860,10004296,8,1023,2026-05-12 13:34:34,초진,정상
6861,10003470,4,1010,2026-05-12 13:35:23,초진,정상
6862,10002104,4,1010,2026-05-12 13:39:32,재진,정상
6863,10004297,3,1008,2026-05-12 13:46:09,초진,정상
6864,10003745,3,1008,2026-05-12 13:48:01,초진,정상
6865,10000281,5,1015,2026-05-12 13:51:22,재진,정상
6866,10004298,4,1010,2026-05-12 13:54:42,초진,정상
6867,10002763,3,1008,2026-05-12 13:56:07,초진,정상
6868,10004053,6,1018,2026-05-12 13:59:22,재진,정상
6869,10003321,5,1015,2026-05-12 14:01:36,재진,정상
6870,10000537,5,1015,2026-05-12 14:01:42,재진,정상
6871,10004300,8,1023,2026-05-12 14:02:02,초진,정상
6872,10001192,8,1023,2026-05-12 14:02:48,초진,정상
6873,10004301,4,1010,2026-05-12 14:07:39,초진,정상
6874,10004299,4,1010,2026-05-12 14:09:32,초진,정상
6875,10001940,4,1010,2026-05-12 14:09:52,초진,정상
6876,10003511,4,1010,2026-05-12 14:11:27,재진,정상
6877,10003170,4,1010,2026-05-12 14:13:55,재진,정상
6878,10003603,5,1015,2026-05-12 14:19:04,재진,취소
6879,10001423,4,1010,2026-05-12 14:25:15,초진,정상
6880,10000634,4,1010,2026-05-12 14:27:02,재진,정상
6881,10001217,8,1023,2026-05-12 14:27:19,초진,정상
6882,10004302,3,1008,2026-05-12 14:39:56,초진,정상
6883,10001035,4,1010,2026-05-12 14:40:24,초진,정상
6884,10000233,3,1008,2026-05-12 14:42:55,재진,정상
6885,10001857,5,1015,2026-05-12 14:48:33,초진,정상
6886,10000600,5,1015,2026-05-12 14:53:33,재진,정상
6887,10003061,7,1019,2026-05-12 14:56:38,재진,정상
6888,10002942,6,1018,2026-05-12 15:15:26,재진,정상
6889,10000593,4,1010,2026-05-12 15:17:28,재진,정상
6890,10001837,2,1006,2026-05-12 15:31:46,재진,정상
6891,10004303,6,1016,2026-05-13 08:22:55,초진,정상
6892,10004304,3,1007,2026-05-13 08:23:52,초진,정상
6893,10000878,1,1002,2026-05-13 08:25:37,재진,정상
6894,10003655,1,1002,2026-05-13 08:26:13,재진,정상
6895,10002717,6,1016,2026-05-13 08:26:48,재진,정상
6896,10004305,6,1016,2026-05-13 08:31:17,초진,정상
6897,10003334,3,1007,2026-05-13 08:33:39,재진,정상
6898,10000218,3,1007,2026-05-13 08:41:06,초진,정상
6899,10002069,6,1016,2026-05-13 08:42:07,초진,정상
6900,10001911,3,1007,2026-05-13 08:42:54,초진,정상
6901,10004306,6,1016,2026-05-13 08:44:42,초진,정상
6902,10001291,7,1020,2026-05-13 08:52:12,재진,정상
6903,10002820,6,1016,2026-05-13 08:54:17,재진,정상
6904,10003434,6,1016,2026-05-13 09:02:58,재진,정상
6905,10004307,6,1016,2026-05-13 09:10:38,초진,정상
6906,10004308,6,1016,2026-05-13 09:20:28,초진,정상
6907,10004309,6,1016,2026-05-13 09:21:35,초진,정상
6908,10003615,3,1007,2026-05-13 09:29:27,재진,정상
6909,10003360,6,1016,2026-05-13 09:32:11,재진,정상
6910,10000925,3,1007,2026-05-13 09:33:29,재진,정상
6911,10003353,3,1007,2026-05-13 09:34:09,재진,정상
6912,10003977,3,1007,2026-05-13 09:34:30,재진,정상
6913,10003387,1,1002,2026-05-13 09:35:49,초진,정상
6914,10003898,6,1016,2026-05-13 09:39:12,재진,정상
6915,10000881,1,1002,2026-05-13 09:49:11,재진,정상
6916,10002834,6,1016,2026-05-13 09:51:19,재진,정상
6917,10003710,6,1016,2026-05-13 10:02:51,재진,정상
6918,10004310,1,1002,2026-05-13 10:12:07,초진,정상
6919,10003342,6,1016,2026-05-13 10:18:02,재진,취소
6920,10000094,1,1002,2026-05-13 10:37:49,재진,정상
6921,10003103,2,1004,2026-05-13 12:52:05,재진,정상
6922,10004311,3,1007,2026-05-13 13:04:17,초진,정상
6923,10002569,3,1007,2026-05-13 13:05:26,재진,정상
6924,10001932,2,1004,2026-05-13 13:07:36,재진,정상
6925,10000252,2,1004,2026-05-13 13:26:38,초진,정상
6926,10002634,3,1007,2026-05-13 13:46:15,재진,정상
6927,10004141,6,1017,2026-05-13 13:56:06,재진,정상
6928,10000933,3,1007,2026-05-13 14:20:51,재진,정상
6929,10000951,2,1004,2026-05-13 14:20:59,재진,정상
6930,10004312,2,1004,2026-05-13 15:02:04,초진,정상
6931,10003181,3,1007,2026-05-13 15:13:55,재진,정상
6932,10003184,2,1004,2026-05-13 15:22:37,재진,정상
6933,10002639,3,1009,2026-05-14 08:25:06,재진,정상
6934,10000394,3,1009,2026-05-14 08:26:18,초진,정상
6935,10004313,7,1021,2026-05-14 08:26:25,초진,정상
6936,10000240,3,1009,2026-05-14 08:26:45,재진,정상
6937,10000232,3,1009,2026-05-14 08:27:06,재진,정상
6938,10004166,7,1021,2026-05-14 08:30:43,재진,정상
6939,10003815,4,1011,2026-05-14 08:32:12,재진,정상
6940,10004314,4,1011,2026-05-14 08:33:30,초진,정상
6941,10002147,2,1005,2026-05-14 08:33:55,초진,정상
6942,10002073,4,1011,2026-05-14 08:34:07,초진,정상
6943,10001009,3,1009,2026-05-14 08:37:26,재진,정상
6944,10004315,4,1011,2026-05-14 08:46:18,초진,정상
6945,10004316,4,1011,2026-05-14 08:47:31,초진,정상
6946,10001475,3,1009,2026-05-14 08:51:01,초진,정상
6947,10004073,6,1016,2026-05-14 08:54:32,재진,정상
6948,10004317,4,1011,2026-05-14 09:01:01,초진,정상
6949,10004318,2,1005,2026-05-14 09:02:59,초진,정상
6950,10003913,3,1009,2026-05-14 09:05:08,재진,정상
6951,10004320,4,1011,2026-05-14 09:06:59,초진,정상
6952,10001266,4,1011,2026-05-14 09:11:00,재진,정상
6953,10004321,7,1021,2026-05-14 09:15:03,초진,정상
6954,10000990,3,1009,2026-05-14 09:16:53,재진,정상
6955,10004319,4,1011,2026-05-14 09:16:55,초진,정상
6956,10003983,4,1011,2026-05-14 09:20:37,재진,정상
6957,10004322,2,1005,2026-05-14 09:21:29,초진,정상
6958,10003193,4,1011,2026-05-14 09:29:35,재진,정상
6959,10001299,4,1011,2026-05-14 09:30:33,재진,정상
6960,10003731,2,1005,2026-05-14 09:39:00,재진,정상
6961,10003915,7,1021,2026-05-14 09:41:21,재진,정상
6962,10002275,2,1005,2026-05-14 09:46:07,재진,정상
6963,10004324,4,1011,2026-05-14 09:47:48,초진,정상
6964,10003545,4,1011,2026-05-14 09:53:48,재진,정상
6965,10004106,4,1011,2026-05-14 09:53:53,재진,정상
6966,10004323,3,1009,2026-05-14 09:56:49,초진,정상
6967,10001687,4,1011,2026-05-14 09:57:36,재진,정상
6968,10004325,3,1009,2026-05-14 10:02:06,초진,정상
6969,10003122,2,1005,2026-05-14 10:05:36,재진,정상
6970,10003191,3,1009,2026-05-14 10:10:53,재진,정상
6971,10000127,4,1011,2026-05-14 10:12:18,재진,정상
6972,10003011,3,1009,2026-05-14 10:14:40,재진,정상
6973,10003709,6,1016,2026-05-14 10:17:10,재진,정상
6974,10004326,3,1009,2026-05-14 10:18:49,초진,정상
6975,10000580,4,1011,2026-05-14 10:57:09,재진,정상
6976,10004327,1,1001,2026-05-14 12:50:50,초진,취소
6977,10003639,5,1015,2026-05-14 12:53:26,재진,정상
6978,10001953,1,1001,2026-05-14 12:53:48,재진,정상
6979,10000766,1,1001,2026-05-14 12:54:23,초진,정상
6980,10001057,2,1005,2026-05-14 12:54:58,초진,정상
6981,10002576,2,1005,2026-05-14 12:57:43,재진,정상
6982,10003540,1,1001,2026-05-14 12:58:24,초진,정상
6983,10003824,1,1001,2026-05-14 12:59:11,재진,정상
6984,10004328,1,1001,2026-05-14 13:00:21,초진,정상
6985,10004330,1,1001,2026-05-14 13:02:33,초진,정상
6986,10002419,6,1018,2026-05-14 13:03:39,재진,정상
6987,10001045,4,1010,2026-05-14 13:04:54,초진,정상
6988,10004329,2,1005,2026-05-14 13:05:19,초진,정상
6989,10002919,4,1010,2026-05-14 13:08:26,재진,정상
6990,10000165,1,1001,2026-05-14 13:13:30,초진,정상
6991,10003522,4,1010,2026-05-14 13:17:31,재진,정상
6992,10003861,6,1018,2026-05-14 13:19:10,초진,정상
6993,10004331,6,1018,2026-05-14 13:21:41,초진,정상
6994,10003998,1,1001,2026-05-14 13:21:57,재진,정상
6995,10004332,2,1005,2026-05-14 13:26:01,초진,취소
6996,10002278,1,1001,2026-05-14 13:28:23,재진,정상
6997,10004187,1,1001,2026-05-14 13:39:31,재진,정상
6998,10004333,6,1018,2026-05-14 13:45:22,초진,정상
6999,10000461,5,1015,2026-05-14 13:46:07,초진,정상
7000,10001255,1,1001,2026-05-14 13:49:44,재진,정상
7001,10003891,1,1001,2026-05-14 13:53:33,초진,정상
7002,10000918,5,1015,2026-05-14 13:53:37,초진,정상
7003,10002121,5,1015,2026-05-14 13:57:22,재진,정상
7004,10003245,1,1001,2026-05-14 13:59:31,재진,정상
7005,10004335,1,1001,2026-05-14 14:03:48,초진,정상
7006,10004334,2,1005,2026-05-14 14:08:21,초진,정상
7007,10001078,5,1015,2026-05-14 14:10:51,초진,정상
7008,10004336,2,1005,2026-05-14 14:33:39,초진,정상
7009,10000355,1,1001,2026-05-14 14:36:43,초진,정상
7010,10004337,5,1015,2026-05-14 14:40:56,초진,정상
7011,10004338,1,1001,2026-05-14 14:54:10,초진,정상
7012,10002515,1,1001,2026-05-14 15:15:56,재진,정상
7013,10003628,3,1009,2026-05-15 08:20:26,재진,정상
7014,10004339,8,1024,2026-05-15 08:24:20,초진,정상
7015,10004340,5,1013,2026-05-15 08:26:58,초진,정상
7016,10004341,8,1024,2026-05-15 08:27:47,초진,정상
7017,10002947,5,1013,2026-05-15 08:28:24,재진,정상
7018,10004342,8,1024,2026-05-15 09:14:34,초진,정상
7019,10004344,5,1013,2026-05-15 09:14:55,초진,정상
7020,10001376,8,1024,2026-05-15 09:14:56,재진,정상
7021,10004343,8,1024,2026-05-15 09:19:46,초진,정상
7022,10000167,5,1013,2026-05-15 09:21:56,초진,정상
7023,10003648,8,1024,2026-05-15 09:22:55,재진,정상
7024,10002595,5,1013,2026-05-15 09:30:38,재진,정상
7025,10004345,5,1013,2026-05-15 10:01:33,초진,정상
7026,10002491,8,1024,2026-05-15 10:03:27,초진,정상
7027,10004346,8,1024,2026-05-15 10:04:29,초진,정상
7028,10000177,8,1024,2026-05-15 10:19:01,초진,정상
7029,10003866,5,1013,2026-05-15 10:57:18,재진,정상
7030,10000335,2,1004,2026-05-15 12:53:46,재진,정상
7031,10000501,1,1001,2026-05-15 12:55:06,초진,정상
7032,10000804,4,1011,2026-05-15 13:02:26,초진,정상
7033,10001103,4,1011,2026-05-15 13:05:22,초진,취소
7034,10004347,5,1014,2026-05-15 13:16:31,초진,정상
7035,10000322,4,1011,2026-05-15 13:25:25,초진,정상
7036,10001397,1,1001,2026-05-15 13:29:20,재진,정상
7037,10004348,1,1001,2026-05-15 13:32:27,초진,정상
7038,10004349,4,1011,2026-05-15 13:39:13,초진,정상
7039,10001824,5,1014,2026-05-15 13:45:04,재진,정상
7040,10002592,8,1024,2026-05-15 13:50:51,재진,정상
7041,10004350,2,1004,2026-05-15 13:50:52,초진,정상
7042,10000652,4,1011,2026-05-15 14:00:57,초진,정상
7043,10004351,1,1001,2026-05-15 14:15:38,초진,정상
7044,10000836,1,1001,2026-05-15 14:17:00,초진,정상
7045,10002496,2,1004,2026-05-15 14:19:01,재진,정상
7046,10003749,5,1014,2026-05-15 14:28:59,재진,정상
7047,10003652,5,1014,2026-05-15 14:29:50,재진,정상
7048,10003825,1,1001,2026-05-15 14:31:38,재진,정상
7049,10004353,5,1014,2026-05-15 14:54:07,초진,정상
7050,10004352,4,1011,2026-05-15 14:59:22,초진,정상
7051,10001545,2,1006,2026-05-18 08:20:40,재진,정상
7052,10004354,1,1002,2026-05-18 08:20:49,초진,정상
7053,10002768,8,1022,2026-05-18 08:21:46,초진,정상
7054,10003850,1,1002,2026-05-18 08:27:14,재진,정상
7055,10001353,1,1002,2026-05-18 08:27:27,초진,정상
7056,10002117,2,1006,2026-05-18 08:27:40,재진,정상
7057,10003660,2,1006,2026-05-18 08:28:08,재진,정상
7058,10000261,2,1006,2026-05-18 08:28:09,초진,정상
7059,10003317,1,1002,2026-05-18 08:29:03,재진,정상
7060,10004022,2,1006,2026-05-18 08:30:08,재진,정상
7061,10003965,2,1006,2026-05-18 08:34:39,재진,정상
7062,10004355,1,1002,2026-05-18 08:37:47,초진,정상
7063,10001643,2,1006,2026-05-18 08:39:17,초진,정상
7064,10000347,2,1006,2026-05-18 08:42:36,초진,정상
7065,10000639,2,1006,2026-05-18 08:50:00,재진,정상
7066,10000834,2,1006,2026-05-18 08:56:36,초진,정상
7067,10003748,5,1014,2026-05-18 08:56:40,초진,정상
7068,10004014,1,1002,2026-05-18 09:00:14,재진,정상
7069,10003376,5,1014,2026-05-18 09:02:06,초진,정상
7070,10003570,5,1014,2026-05-18 09:04:15,재진,정상
7071,10004097,1,1002,2026-05-18 09:04:23,초진,정상
7072,10003130,5,1014,2026-05-18 09:07:45,재진,정상
7073,10001295,1,1002,2026-05-18 09:09:27,재진,정상
7074,10002899,2,1006,2026-05-18 09:10:22,초진,정상
7075,10000480,1,1002,2026-05-18 09:10:57,재진,정상
7076,10000746,1,1002,2026-05-18 09:11:36,재진,정상
7077,10003272,2,1006,2026-05-18 09:18:33,재진,정상
7078,10003661,2,1006,2026-05-18 09:19:51,초진,정상
7079,10001015,1,1002,2026-05-18 09:24:03,초진,정상
7080,10003842,2,1006,2026-05-18 09:24:35,재진,정상
7081,10004356,1,1002,2026-05-18 09:24:53,초진,정상
7082,10003327,2,1006,2026-05-18 09:28:42,재진,정상
7083,10003259,5,1014,2026-05-18 09:29:43,재진,정상
7084,10002441,2,1006,2026-05-18 09:32:01,초진,정상
7085,10003571,1,1002,2026-05-18 09:35:57,재진,정상
7086,10000120,1,1002,2026-05-18 09:51:56,재진,정상
7087,10003569,2,1006,2026-05-18 09:55:43,재진,정상
7088,10000661,7,1021,2026-05-18 10:00:48,초진,정상
7089,10003708,1,1002,2026-05-18 10:04:45,재진,정상
7090,10000505,7,1021,2026-05-18 10:18:27,재진,정상
7091,10000022,2,1006,2026-05-18 10:19:52,초진,정상
7092,10004005,5,1014,2026-05-18 10:27:23,재진,정상
7093,10004357,1,1002,2026-05-18 10:35:33,초진,정상
7094,10004358,8,1022,2026-05-18 10:44:58,초진,정상
7095,10003937,8,1022,2026-05-18 10:45:03,재진,정상
7096,10002655,1,1002,2026-05-18 10:47:45,재진,정상
7097,10001535,5,1014,2026-05-18 11:14:08,초진,정상
7098,10000392,1,1003,2026-05-18 12:51:41,초진,정상
7099,10001876,7,1019,2026-05-18 12:53:43,재진,정상
7100,10001622,1,1003,2026-05-18 12:54:14,재진,정상
7101,10001450,1,1003,2026-05-18 12:54:23,초진,정상
7102,10004359,4,1012,2026-05-18 12:55:20,초진,정상
7103,10003759,1,1003,2026-05-18 12:55:57,재진,정상
7104,10000397,4,1012,2026-05-18 13:00:40,초진,정상
7105,10003288,7,1019,2026-05-18 13:04:21,재진,정상
7106,10002534,4,1012,2026-05-18 13:06:54,재진,정상
7107,10004362,8,1022,2026-05-18 13:06:59,초진,정상
7108,10000339,1,1003,2026-05-18 13:10:03,초진,정상
7109,10003623,8,1022,2026-05-18 13:10:30,초진,정상
7110,10000888,5,1013,2026-05-18 13:10:42,재진,정상
7111,10004361,4,1012,2026-05-18 13:11:20,초진,정상
7112,10001453,4,1012,2026-05-18 13:11:24,재진,정상
7113,10003128,5,1013,2026-05-18 13:11:52,재진,정상
7114,10004360,1,1003,2026-05-18 13:12:18,초진,정상
7115,10003940,4,1012,2026-05-18 13:18:10,재진,정상
7116,10001528,1,1003,2026-05-18 13:25:54,초진,정상
7117,10001548,4,1012,2026-05-18 13:25:56,초진,정상
7118,10002313,1,1003,2026-05-18 13:27:57,재진,정상
7119,10002389,7,1019,2026-05-18 13:30:35,재진,정상
7120,10004363,4,1012,2026-05-18 13:35:50,초진,취소
7121,10002963,5,1013,2026-05-18 13:40:38,재진,정상
7122,10003735,5,1013,2026-05-18 13:42:37,재진,정상
7123,10000590,1,1003,2026-05-18 13:44:28,재진,정상
7124,10001572,4,1012,2026-05-18 13:44:55,초진,정상
7125,10001547,7,1019,2026-05-18 13:49:45,초진,정상
7126,10001989,4,1012,2026-05-18 13:52:43,초진,정상
7127,10004364,1,1003,2026-05-18 14:02:04,초진,정상
7128,10000079,4,1012,2026-05-18 14:04:54,재진,정상
7129,10004365,1,1003,2026-05-18 14:07:25,초진,정상
7130,10000857,1,1003,2026-05-18 14:10:27,재진,정상
7131,10004030,4,1012,2026-05-18 14:20:47,재진,정상
7132,10000183,1,1003,2026-05-18 14:22:40,재진,정상
7133,10001354,7,1019,2026-05-18 14:23:37,재진,정상
7134,10001061,4,1012,2026-05-18 14:25:55,재진,정상
7135,10002395,4,1012,2026-05-18 14:26:21,재진,정상
7136,10000107,4,1012,2026-05-18 14:29:40,재진,정상
7137,10002608,1,1003,2026-05-18 14:31:09,재진,정상
7138,10004366,4,1012,2026-05-18 14:33:45,초진,정상
7139,10003938,1,1003,2026-05-18 14:38:18,재진,정상
7140,10001391,7,1019,2026-05-18 14:39:36,재진,정상
7141,10000546,4,1012,2026-05-18 14:45:22,재진,정상
7142,10003761,1,1003,2026-05-18 14:47:07,재진,정상
7143,10003406,1,1003,2026-05-18 15:04:21,재진,정상
7144,10004129,7,1019,2026-05-18 15:19:20,재진,정상
7145,10004367,7,1020,2026-05-19 08:22:50,초진,정상
7146,10003886,3,1008,2026-05-19 08:23:12,재진,정상
7147,10000871,3,1008,2026-05-19 08:26:14,초진,정상
7148,10004368,7,1020,2026-05-19 08:33:24,초진,정상
7149,10004369,6,1017,2026-05-19 08:38:59,초진,정상
7150,10003416,3,1008,2026-05-19 08:48:37,재진,정상
7151,10004346,3,1008,2026-05-19 08:48:47,초진,정상
7152,10000364,8,1023,2026-05-19 08:51:52,재진,정상
7153,10003768,7,1020,2026-05-19 08:55:46,재진,정상
7154,10003779,6,1017,2026-05-19 08:59:34,재진,정상
7155,10002401,8,1023,2026-05-19 09:02:09,재진,정상
7156,10000503,7,1020,2026-05-19 09:02:43,재진,정상
7157,10004363,7,1020,2026-05-19 09:03:52,초진,정상
7158,10004370,1,1003,2026-05-19 09:11:28,초진,정상
7159,10002399,6,1017,2026-05-19 09:14:17,재진,정상
7160,10003713,6,1017,2026-05-19 09:16:13,재진,정상
7161,10003525,3,1008,2026-05-19 09:18:57,재진,정상
7162,10002406,6,1017,2026-05-19 09:19:25,재진,정상
7163,10003685,6,1017,2026-05-19 09:21:03,재진,정상
7164,10001663,8,1023,2026-05-19 09:21:54,재진,정상
7165,10003078,7,1020,2026-05-19 09:24:35,재진,정상
7166,10002789,7,1020,2026-05-19 09:33:33,재진,취소
7167,10000419,3,1008,2026-05-19 09:35:47,재진,정상
7168,10002696,3,1008,2026-05-19 09:35:53,재진,정상
7169,10002816,3,1008,2026-05-19 09:40:51,재진,취소
7170,10000422,8,1023,2026-05-19 09:40:57,초진,정상
7171,10004143,8,1023,2026-05-19 09:43:29,재진,정상
7172,10004371,3,1008,2026-05-19 09:51:20,초진,정상
7173,10000519,1,1003,2026-05-19 09:53:40,초진,정상
7174,10001165,3,1008,2026-05-19 09:59:29,초진,정상
7175,10002801,6,1017,2026-05-19 10:02:18,재진,정상
7176,10001587,3,1008,2026-05-19 10:07:09,초진,정상
7177,10001149,3,1008,2026-05-19 10:10:08,초진,정상
7178,10002324,7,1020,2026-05-19 10:11:12,초진,정상
7179,10000097,8,1023,2026-05-19 10:12:21,초진,정상
7180,10003304,7,1020,2026-05-19 10:23:40,재진,정상
7181,10002798,3,1008,2026-05-19 10:28:08,재진,정상
7182,10004035,6,1017,2026-05-19 10:30:52,재진,정상
7183,10004372,6,1017,2026-05-19 10:56:11,초진,정상
7184,10001498,8,1023,2026-05-19 12:53:11,초진,정상
7185,10001314,4,1010,2026-05-19 12:56:03,재진,정상
7186,10003962,5,1015,2026-05-19 12:56:21,재진,정상
7187,10000905,4,1010,2026-05-19 12:58:36,재진,정상
7188,10000971,5,1015,2026-05-19 13:00:05,초진,정상
7189,10004374,4,1010,2026-05-19 13:00:05,초진,정상
7190,10004373,5,1015,2026-05-19 13:00:25,초진,정상
7191,10002135,3,1008,2026-05-19 13:02:13,초진,정상
7192,10002403,3,1008,2026-05-19 13:03:19,재진,정상
7193,10004146,4,1010,2026-05-19 13:11:12,재진,정상
7194,10003875,3,1008,2026-05-19 13:13:42,재진,정상
7195,10001586,4,1010,2026-05-19 13:17:14,초진,정상
7196,10004049,5,1015,2026-05-19 13:17:55,재진,정상
7197,10003920,6,1018,2026-05-19 13:18:13,재진,정상
7198,10003794,6,1018,2026-05-19 13:18:35,재진,취소
7199,10001967,2,1006,2026-05-19 13:19:55,재진,정상
7200,10003950,8,1023,2026-05-19 13:23:22,재진,정상
7201,10003795,4,1010,2026-05-19 13:23:39,재진,정상
7202,10002414,3,1008,2026-05-19 13:25:41,재진,정상
7203,10004376,6,1018,2026-05-19 13:30:45,초진,정상
7204,10000850,3,1008,2026-05-19 13:30:54,재진,정상
7205,10003085,8,1023,2026-05-19 13:31:31,재진,정상
7206,10003726,6,1018,2026-05-19 13:32:36,재진,취소
7207,10004092,5,1015,2026-05-19 13:34:12,재진,정상
7208,10004375,4,1010,2026-05-19 13:35:15,초진,정상
7209,10000369,2,1006,2026-05-19 13:35:24,재진,정상
7210,10000098,4,1010,2026-05-19 13:35:24,재진,정상
7211,10004379,3,1008,2026-05-19 13:35:49,초진,정상
7212,10004377,3,1008,2026-05-19 13:37:18,초진,정상
7213,10004378,4,1010,2026-05-19 13:37:21,초진,정상
7214,10004380,5,1015,2026-05-19 13:38:06,초진,정상
7215,10004051,4,1010,2026-05-19 13:46:15,재진,취소
7216,10004135,4,1010,2026-05-19 13:46:24,초진,정상
7217,10003658,2,1006,2026-05-19 13:46:41,재진,정상
7218,10002478,4,1010,2026-05-19 13:51:21,재진,정상
7219,10002333,4,1010,2026-05-19 13:52:09,재진,정상
7220,10003789,4,1010,2026-05-19 13:52:23,초진,정상
7221,10003919,4,1010,2026-05-19 13:53:30,재진,정상
7222,10003702,8,1023,2026-05-19 13:54:32,재진,정상
7223,10003725,6,1018,2026-05-19 13:55:29,재진,정상
7224,10002405,3,1008,2026-05-19 13:57:24,재진,정상
7225,10000246,4,1010,2026-05-19 13:58:13,재진,정상
7226,10004381,4,1010,2026-05-19 14:01:16,초진,정상
7227,10001952,5,1015,2026-05-19 14:02:44,초진,정상
7228,10003419,5,1015,2026-05-19 14:11:38,재진,정상
7229,10003954,3,1008,2026-05-19 14:21:35,재진,정상
7230,10003950,7,1019,2026-05-19 14:29:51,초진,정상
7231,10001183,3,1008,2026-05-19 14:35:48,초진,정상
7232,10002611,4,1010,2026-05-19 14:45:34,재진,정상
7233,10003890,8,1023,2026-05-19 14:46:25,재진,정상
7234,10003683,3,1008,2026-05-19 14:52:47,재진,정상
7235,10004382,6,1016,2026-05-20 08:28:13,초진,정상
7236,10000423,3,1007,2026-05-20 08:28:29,재진,정상
7237,10002619,7,1020,2026-05-20 08:38:02,재진,정상
7238,10001924,3,1007,2026-05-20 08:38:54,초진,정상
7239,10000203,3,1007,2026-05-20 08:41:49,재진,정상
7240,10003438,6,1016,2026-05-20 08:53:05,재진,정상
7241,10003386,1,1002,2026-05-20 09:04:41,초진,정상
7242,10001696,3,1007,2026-05-20 09:10:26,초진,정상
7243,10004087,6,1016,2026-05-20 09:16:54,재진,정상
7244,10004113,6,1016,2026-05-20 09:18:15,초진,정상
7245,10003005,3,1007,2026-05-20 09:43:53,재진,정상
7246,10004384,3,1007,2026-05-20 09:52:10,초진,정상
7247,10004383,6,1016,2026-05-20 09:55:56,초진,정상
7248,10003707,6,1016,2026-05-20 09:59:19,재진,정상
7249,10004385,6,1016,2026-05-20 10:06:07,초진,정상
7250,10003902,3,1007,2026-05-20 10:30:15,재진,정상
7251,10000610,3,1007,2026-05-20 10:49:18,재진,정상
7252,10000635,3,1007,2026-05-20 12:51:58,재진,정상
7253,10004074,3,1007,2026-05-20 12:56:12,재진,정상
7254,10003445,2,1004,2026-05-20 13:00:14,재진,정상
7255,10003839,2,1004,2026-05-20 13:08:13,재진,정상
7256,10004386,3,1007,2026-05-20 13:09:27,초진,정상
7257,10000589,2,1004,2026-05-20 13:11:10,재진,정상
7258,10004387,6,1017,2026-05-20 13:16:05,초진,정상
7259,10004388,2,1004,2026-05-20 13:19:45,초진,정상
7260,10000851,2,1004,2026-05-20 13:38:59,재진,정상
7261,10000867,3,1007,2026-05-20 13:39:44,초진,정상
7262,10002025,2,1004,2026-05-20 13:45:24,초진,정상
7263,10004390,2,1004,2026-05-20 13:54:07,초진,정상
7264,10004389,2,1004,2026-05-20 13:54:38,초진,정상
7265,10004392,2,1004,2026-05-20 14:01:06,초진,정상
7266,10004391,3,1007,2026-05-20 14:06:45,초진,정상
7267,10001308,3,1007,2026-05-20 14:18:01,초진,정상
7268,10000124,2,1004,2026-05-20 14:26:14,초진,정상
7269,10004393,3,1007,2026-05-20 14:34:02,초진,정상
7270,10004191,2,1004,2026-05-20 14:44:23,재진,정상
7271,10003345,2,1004,2026-05-20 14:45:49,재진,정상
7272,10000712,3,1007,2026-05-20 15:06:59,초진,정상
7273,10000855,3,1007,2026-05-20 15:13:54,초진,정상
7274,10004394,3,1007,2026-05-20 15:14:42,초진,정상
7275,10000873,2,1004,2026-05-20 15:25:26,재진,정상
7276,10003738,3,1009,2026-05-21 08:20:06,재진,정상
7277,10002647,4,1011,2026-05-21 08:20:42,재진,정상
7278,10000504,4,1011,2026-05-21 08:21:45,재진,정상
7279,10004395,7,1021,2026-05-21 08:25:07,초진,취소
7280,10000555,2,1005,2026-05-21 08:27:04,재진,정상
7281,10004396,4,1011,2026-05-21 08:28:34,초진,정상
7282,10000073,3,1009,2026-05-21 08:29:40,재진,정상
7283,10000367,4,1011,2026-05-21 08:32:43,재진,정상
7284,10000641,3,1009,2026-05-21 08:33:59,초진,정상
7285,10003723,3,1009,2026-05-21 08:36:16,재진,정상
7286,10003450,2,1005,2026-05-21 08:38:44,재진,정상
7287,10003263,4,1011,2026-05-21 08:39:10,재진,정상
7288,10001713,2,1005,2026-05-21 08:43:12,초진,정상
7289,10004397,2,1005,2026-05-21 08:46:35,초진,정상
7290,10003012,4,1011,2026-05-21 08:50:01,재진,정상
7291,10003230,3,1009,2026-05-21 08:51:22,초진,정상
7292,10001368,4,1011,2026-05-21 09:03:21,초진,정상
7293,10001722,3,1009,2026-05-21 09:04:41,재진,정상
7294,10004398,3,1009,2026-05-21 09:04:43,초진,정상
7295,10002523,4,1011,2026-05-21 09:18:58,초진,정상
7296,10000355,4,1011,2026-05-21 09:22:52,재진,정상
7297,10000278,3,1009,2026-05-21 09:29:33,재진,정상
7298,10003845,7,1021,2026-05-21 09:29:35,재진,정상
7299,10002761,7,1021,2026-05-21 09:38:04,초진,정상
7300,10004399,2,1005,2026-05-21 09:42:58,초진,정상
7301,10003667,4,1011,2026-05-21 09:46:30,초진,정상
7302,10001910,7,1021,2026-05-21 09:48:34,초진,정상
7303,10003562,4,1011,2026-05-21 09:52:14,재진,취소
7304,10004400,3,1009,2026-05-21 10:00:29,초진,정상
7305,10004084,4,1011,2026-05-21 10:00:34,재진,정상
7306,10000182,4,1011,2026-05-21 10:05:21,재진,정상
7307,10000075,7,1021,2026-05-21 10:19:20,재진,정상
7308,10004401,2,1005,2026-05-21 10:24:02,초진,정상
7309,10002733,4,1011,2026-05-21 10:25:32,재진,정상
7310,10001105,3,1009,2026-05-21 10:34:12,재진,정상
7311,10002684,3,1009,2026-05-21 10:39:26,재진,정상
7312,10002519,3,1009,2026-05-21 10:40:20,재진,정상
7313,10003116,2,1005,2026-05-21 10:40:22,재진,정상
7314,10002440,4,1010,2026-05-21 12:52:20,재진,정상
7315,10000267,4,1010,2026-05-21 12:53:07,재진,정상
7316,10004402,2,1005,2026-05-21 12:53:17,초진,정상
7317,10004403,4,1010,2026-05-21 12:54:38,초진,정상
7318,10001588,1,1001,2026-05-21 12:59:41,재진,정상
7319,10003993,1,1001,2026-05-21 13:01:17,재진,정상
7320,10000330,1,1001,2026-05-21 13:08:40,재진,정상
7321,10000621,1,1001,2026-05-21 13:13:59,재진,정상
7322,10002996,6,1018,2026-05-21 13:14:14,재진,정상
7323,10004057,4,1010,2026-05-21 13:14:44,재진,정상
7324,10004045,4,1010,2026-05-21 13:15:36,재진,정상
7325,10000358,1,1001,2026-05-21 13:17:09,재진,정상
7326,10004404,4,1010,2026-05-21 13:19:05,초진,정상
7327,10001114,1,1001,2026-05-21 13:20:03,재진,정상
7328,10003733,4,1010,2026-05-21 13:20:47,재진,정상
7329,10004405,4,1010,2026-05-21 13:21:10,초진,정상
7330,10004406,1,1001,2026-05-21 13:24:00,초진,정상
7331,10002866,1,1001,2026-05-21 13:27:15,재진,정상
7332,10003095,4,1010,2026-05-21 13:31:22,재진,정상
7333,10003885,6,1018,2026-05-21 13:40:08,재진,정상
7334,10000438,4,1010,2026-05-21 13:40:59,재진,정상
7335,10001667,5,1015,2026-05-21 13:50:56,초진,정상
7336,10000310,2,1005,2026-05-21 13:52:17,재진,정상
7337,10002409,5,1015,2026-05-21 13:53:26,재진,취소
7338,10004178,1,1001,2026-05-21 13:58:05,재진,정상
7339,10001511,5,1015,2026-05-21 14:04:45,초진,정상
7340,10003425,6,1018,2026-05-21 14:16:46,재진,정상
7341,10001487,2,1005,2026-05-21 14:16:51,초진,정상
7342,10004407,4,1010,2026-05-21 14:22:13,초진,정상
7343,10000528,1,1001,2026-05-21 14:30:34,재진,취소
7344,10004181,1,1001,2026-05-21 14:31:45,재진,정상
7345,10002035,1,1001,2026-05-21 14:32:00,초진,취소
7346,10004408,1,1001,2026-05-21 14:34:24,초진,정상
7347,10003203,1,1001,2026-05-21 14:36:39,재진,정상
7348,10003887,6,1018,2026-05-21 14:38:43,재진,정상
7349,10001704,5,1015,2026-05-21 14:52:02,재진,정상
7350,10000184,4,1010,2026-05-21 15:02:33,재진,정상
7351,10000087,2,1005,2026-05-21 15:11:24,재진,정상
7352,10000269,4,1010,2026-05-21 15:14:10,초진,정상
7353,10000815,4,1010,2026-05-21 15:19:01,초진,정상
7354,10000572,2,1005,2026-05-21 15:32:56,초진,정상
7355,10003734,5,1013,2026-05-22 08:20:38,재진,정상
7356,10003862,5,1013,2026-05-22 08:22:08,재진,정상
7357,10000791,3,1009,2026-05-22 08:22:19,재진,정상
7358,10003985,3,1009,2026-05-22 08:26:41,재진,정상
7359,10001807,8,1024,2026-05-22 08:29:06,재진,정상
7360,10003362,3,1009,2026-05-22 08:34:40,재진,정상
7361,10004409,5,1013,2026-05-22 08:42:15,초진,정상
7362,10004410,5,1013,2026-05-22 08:56:40,초진,정상
7363,10002606,5,1013,2026-05-22 09:03:17,초진,정상
7364,10004411,8,1024,2026-05-22 09:16:33,초진,정상
7365,10000709,5,1013,2026-05-22 09:17:41,재진,정상
7366,10001297,8,1024,2026-05-22 09:29:25,초진,정상
7367,10004189,8,1024,2026-05-22 09:32:33,재진,정상
7368,10003151,5,1013,2026-05-22 10:11:23,재진,정상
7369,10000524,8,1024,2026-05-22 10:19:43,재진,정상
7370,10004255,5,1013,2026-05-22 10:29:46,재진,정상
7371,10003620,3,1009,2026-05-22 10:41:07,재진,정상
7372,10000401,2,1004,2026-05-22 12:50:55,재진,정상
7373,10001553,8,1024,2026-05-22 12:52:06,초진,정상
7374,10003264,1,1001,2026-05-22 12:54:40,재진,정상
7375,10001770,2,1004,2026-05-22 13:01:20,재진,정상
7376,10001530,5,1014,2026-05-22 13:10:16,재진,정상
7377,10003359,4,1011,2026-05-22 13:11:38,재진,정상
7378,10002872,2,1004,2026-05-22 13:13:36,재진,정상
7379,10002871,5,1014,2026-05-22 13:15:17,재진,정상
7380,10004412,5,1014,2026-05-22 13:24:42,초진,정상
7381,10004413,4,1011,2026-05-22 13:38:38,초진,정상
7382,10003846,5,1014,2026-05-22 13:49:14,재진,정상
7383,10001121,8,1024,2026-05-22 13:49:42,초진,정상
7384,10000012,4,1011,2026-05-22 14:05:42,재진,정상
7385,10004414,2,1004,2026-05-22 14:06:27,초진,정상
7386,10000527,5,1014,2026-05-22 14:21:29,초진,정상
7387,10003563,1,1001,2026-05-22 14:24:51,재진,정상
7388,10001884,4,1011,2026-05-22 14:36:55,재진,정상
7389,10003469,1,1001,2026-05-22 14:41:24,재진,취소
7390,10003134,8,1024,2026-05-22 14:47:55,초진,정상
7391,10003090,2,1004,2026-05-22 14:53:26,초진,정상
7392,10000996,8,1024,2026-05-22 15:06:39,초진,정상
7393,10000964,2,1004,2026-05-22 15:14:53,초진,취소
7394,10001632,4,1012,2026-05-26 08:20:36,재진,정상
7395,10001567,1,1003,2026-05-26 08:20:38,재진,정상
7396,10004416,1,1003,2026-05-26 08:21:55,초진,정상
7397,10003299,8,1023,2026-05-26 08:23:12,재진,정상
7398,10004025,4,1012,2026-05-26 08:23:14,재진,정상
7399,10000100,4,1012,2026-05-26 08:27:09,초진,취소
7400,10003880,1,1003,2026-05-26 08:29:02,재진,정상
7401,10004417,1,1003,2026-05-26 08:29:39,초진,정상
7402,10002556,1,1003,2026-05-26 08:31:10,재진,정상
7403,10003876,7,1020,2026-05-26 08:33:16,재진,정상
7404,10004092,4,1012,2026-05-26 08:35:22,초진,정상
7405,10001014,8,1023,2026-05-26 08:39:44,초진,정상
7406,10001313,7,1020,2026-05-26 08:48:22,초진,정상
7407,10004418,7,1020,2026-05-26 08:48:56,초진,정상
7408,10001060,4,1012,2026-05-26 08:49:15,재진,정상
7409,10001538,1,1003,2026-05-26 08:50:25,재진,정상
7410,10003593,1,1003,2026-05-26 08:50:28,재진,정상
7411,10004076,6,1017,2026-05-26 08:51:02,재진,정상
7412,10004127,4,1012,2026-05-26 08:51:34,재진,정상
7413,10003599,6,1017,2026-05-26 08:54:00,재진,정상
7414,10003681,6,1017,2026-05-26 08:55:19,재진,정상
7415,10004420,4,1012,2026-05-26 08:55:38,초진,정상
7416,10001364,1,1003,2026-05-26 08:56:02,재진,정상
7417,10002883,7,1020,2026-05-26 08:56:56,재진,정상
7418,10003536,4,1012,2026-05-26 08:59:49,초진,정상
7419,10004211,1,1003,2026-05-26 09:00:34,재진,정상
7420,10004419,4,1012,2026-05-26 09:00:52,초진,정상
7421,10004421,6,1017,2026-05-26 09:06:52,초진,정상
7422,10000222,3,1008,2026-05-26 09:09:24,초진,정상
7423,10003877,8,1023,2026-05-26 09:12:25,재진,정상
7424,10000548,3,1008,2026-05-26 09:12:26,초진,정상
7425,10004422,6,1017,2026-05-26 09:16:58,초진,정상
7426,10000623,4,1012,2026-05-26 09:19:10,초진,정상
7427,10004423,4,1012,2026-05-26 09:20:37,초진,정상
7428,10003878,7,1020,2026-05-26 09:22:41,재진,정상
7429,10001579,7,1020,2026-05-26 09:23:27,재진,정상
7430,10002116,1,1003,2026-05-26 09:24:17,초진,정상
7431,10000296,1,1003,2026-05-26 09:27:46,재진,정상
7432,10003776,1,1003,2026-05-26 09:28:16,재진,정상
7433,10004228,6,1017,2026-05-26 09:28:40,재진,취소
7434,10002605,1,1003,2026-05-26 09:32:53,재진,정상
7435,10003311,4,1012,2026-05-26 09:37:31,재진,정상
7436,10003139,3,1008,2026-05-26 09:39:17,재진,정상
7437,10004425,1,1003,2026-05-26 09:43:24,초진,정상
7438,10000499,7,1020,2026-05-26 09:43:24,초진,정상
7439,10003786,3,1008,2026-05-26 09:44:14,재진,정상
7440,10004424,4,1012,2026-05-26 09:46:23,초진,정상
7441,10000993,4,1012,2026-05-26 09:49:30,재진,정상
7442,10001333,8,1023,2026-05-26 09:49:47,초진,정상
7443,10002330,7,1020,2026-05-26 09:50:43,재진,정상
7444,10004217,7,1020,2026-05-26 09:52:55,재진,정상
7445,10000733,7,1020,2026-05-26 09:53:06,초진,정상
7446,10000093,4,1012,2026-05-26 09:56:53,재진,정상
7447,10003882,6,1017,2026-05-26 09:58:07,재진,정상
7448,10002971,1,1003,2026-05-26 09:58:42,초진,정상
7449,10003088,3,1008,2026-05-26 10:00:12,재진,정상
7450,10003293,1,1003,2026-05-26 10:03:18,재진,정상
7451,10001260,8,1023,2026-05-26 10:05:26,초진,정상
7452,10004426,4,1012,2026-05-26 10:07:10,초진,정상
7453,10003870,6,1017,2026-05-26 10:07:51,재진,정상
7454,10004427,8,1023,2026-05-26 10:09:10,초진,정상
7455,10000290,1,1003,2026-05-26 10:12:21,재진,정상
7456,10003506,6,1017,2026-05-26 10:17:41,재진,정상
7457,10003395,4,1012,2026-05-26 10:20:48,재진,정상
7458,10004428,8,1023,2026-05-26 10:21:03,초진,정상
7459,10001369,8,1023,2026-05-26 10:29:30,재진,정상
7460,10004430,3,1008,2026-05-26 10:36:15,초진,정상
7461,10001915,7,1020,2026-05-26 10:36:22,초진,정상
7462,10004431,1,1003,2026-05-26 10:36:57,초진,정상
7463,10004429,6,1017,2026-05-26 10:39:09,초진,정상
7464,10002790,4,1012,2026-05-26 10:39:49,재진,정상
7465,10000497,8,1023,2026-05-26 10:45:36,재진,정상
7466,10000119,8,1023,2026-05-26 10:53:22,재진,정상
7467,10001084,3,1008,2026-05-26 12:51:25,재진,정상
7468,10004197,2,1006,2026-05-26 12:52:36,재진,정상
7469,10003411,3,1008,2026-05-26 12:53:27,초진,정상
7470,10004434,6,1018,2026-05-26 12:53:36,초진,정상
7471,10004432,4,1010,2026-05-26 12:56:18,초진,정상
7472,10000860,3,1008,2026-05-26 12:56:30,초진,정상
7473,10004433,5,1015,2026-05-26 12:58:08,초진,정상
7474,10004034,7,1019,2026-05-26 12:58:57,재진,정상
7475,10002771,2,1006,2026-05-26 13:03:28,재진,정상
7476,10003058,2,1006,2026-05-26 13:04:44,재진,정상
7477,10002710,6,1018,2026-05-26 13:04:50,재진,정상
7478,10003320,4,1010,2026-05-26 13:05:00,재진,정상
7479,10003479,2,1006,2026-05-26 13:05:01,재진,정상
7480,10004435,2,1006,2026-05-26 13:07:46,초진,정상
7481,10003301,8,1023,2026-05-26 13:09:21,재진,정상
7482,10003785,4,1010,2026-05-26 13:11:10,재진,정상
7483,10002531,7,1019,2026-05-26 13:12:39,재진,정상
7484,10001131,5,1015,2026-05-26 13:13:13,초진,정상
7485,10001081,3,1008,2026-05-26 13:13:31,재진,정상
7486,10003422,2,1006,2026-05-26 13:15:51,재진,취소
7487,10004011,2,1006,2026-05-26 13:15:59,재진,정상
7488,10004437,7,1019,2026-05-26 13:18:43,초진,정상
7489,10003893,6,1018,2026-05-26 13:19:28,재진,정상
7490,10000553,7,1019,2026-05-26 13:19:44,재진,정상
7491,10000568,3,1008,2026-05-26 13:19:54,초진,정상
7492,10004241,4,1010,2026-05-26 13:20:53,재진,취소
7493,10002436,7,1019,2026-05-26 13:23:52,초진,정상
7494,10000806,5,1015,2026-05-26 13:25:18,재진,정상
7495,10004438,2,1006,2026-05-26 13:25:43,초진,정상
7496,10004436,7,1019,2026-05-26 13:26:11,초진,정상
7497,10000287,2,1006,2026-05-26 13:27:01,초진,정상
7498,10003784,6,1018,2026-05-26 13:27:04,재진,정상
7499,10004439,8,1023,2026-05-26 13:28:32,초진,정상
7500,10001864,4,1010,2026-05-26 13:29:16,초진,정상
7501,10004114,2,1006,2026-05-26 13:30:58,재진,정상
7502,10003865,7,1019,2026-05-26 13:33:18,재진,정상
7503,10003967,4,1010,2026-05-26 13:35:49,재진,취소
7504,10001067,7,1019,2026-05-26 13:37:38,초진,정상
7505,10000174,5,1015,2026-05-26 13:41:22,초진,정상
7506,10004155,2,1006,2026-05-26 13:44:18,재진,취소
7507,10004440,2,1006,2026-05-26 13:44:36,초진,정상
7508,10003332,2,1006,2026-05-26 13:45:49,재진,정상
7509,10003791,5,1015,2026-05-26 13:46:04,재진,취소
7510,10001749,6,1018,2026-05-26 13:46:06,초진,정상
7511,10001917,8,1023,2026-05-26 13:50:03,초진,정상
7512,10002740,7,1019,2026-05-26 13:50:10,재진,정상
7513,10004442,6,1018,2026-05-26 13:50:25,초진,정상
7514,10004441,4,1010,2026-05-26 13:57:40,초진,정상
7515,10002031,3,1008,2026-05-26 13:58:38,초진,정상
7516,10002708,5,1015,2026-05-26 14:04:14,재진,정상
7517,10004443,6,1018,2026-05-26 14:05:20,초진,정상
7518,10004198,2,1006,2026-05-26 14:08:41,재진,정상
7519,10003788,6,1018,2026-05-26 14:12:37,재진,정상
7520,10000241,2,1006,2026-05-26 14:18:27,초진,정상
7521,10003793,6,1018,2026-05-26 14:24:40,초진,정상
7522,10003675,5,1015,2026-05-26 14:28:28,초진,정상
7523,10003750,2,1006,2026-05-26 14:30:13,재진,정상
7524,10002809,3,1008,2026-05-26 14:32:46,재진,정상
7525,10001955,7,1019,2026-05-26 14:34:59,재진,정상
7526,10004444,7,1019,2026-05-26 14:35:05,초진,정상
7527,10004242,4,1010,2026-05-26 14:41:41,재진,정상
7528,10003330,2,1006,2026-05-26 14:43:02,재진,정상
7529,10003693,4,1010,2026-05-26 14:43:37,재진,정상
7530,10001444,7,1019,2026-05-26 14:47:18,초진,정상
7531,10003470,4,1010,2026-05-26 14:50:10,재진,정상
7532,10000253,7,1019,2026-05-26 14:51:44,재진,정상
7533,10001021,2,1006,2026-05-26 14:54:58,재진,정상
7534,10003187,3,1008,2026-05-26 14:58:53,초진,정상
7535,10003859,7,1019,2026-05-26 15:01:14,재진,취소
7536,10004445,6,1018,2026-05-26 15:02:21,초진,정상
7537,10004446,3,1008,2026-05-26 15:06:28,초진,정상
7538,10002876,5,1015,2026-05-26 15:10:00,초진,정상
7539,10000952,3,1008,2026-05-26 15:33:18,재진,정상
7540,10003894,6,1016,2026-05-27 08:20:02,재진,정상
7541,10000747,3,1007,2026-05-27 08:20:43,초진,정상
7542,10003233,6,1016,2026-05-27 08:24:50,재진,정상
7543,10004447,1,1002,2026-05-27 08:28:40,초진,정상
7544,10003936,1,1002,2026-05-27 08:37:34,재진,정상
7545,10004448,3,1007,2026-05-27 08:39:56,초진,정상
7546,10003847,1,1002,2026-05-27 08:42:14,재진,정상
7547,10004449,1,1002,2026-05-27 08:43:21,초진,정상
7548,10001048,1,1002,2026-05-27 08:44:02,재진,정상
7549,10004043,7,1020,2026-05-27 08:45:29,재진,정상
7550,10003800,6,1016,2026-05-27 08:46:23,재진,정상
7551,10004158,6,1016,2026-05-27 08:51:30,재진,정상
7552,10003804,1,1002,2026-05-27 08:57:34,재진,정상
7553,10004450,6,1016,2026-05-27 08:58:03,초진,정상
7554,10001465,1,1002,2026-05-27 09:02:48,재진,정상
7555,10003972,6,1016,2026-05-27 09:08:26,재진,정상
7556,10001027,3,1007,2026-05-27 09:11:20,재진,정상
7557,10001424,1,1002,2026-05-27 09:20:12,초진,정상
7558,10003333,1,1002,2026-05-27 09:23:11,재진,정상
7559,10004451,6,1016,2026-05-27 09:27:16,초진,정상
7560,10004215,6,1016,2026-05-27 09:29:53,재진,정상
7561,10003430,1,1002,2026-05-27 09:32:35,재진,정상
7562,10003703,3,1007,2026-05-27 09:37:10,재진,정상
7563,10003802,6,1016,2026-05-27 09:43:58,재진,정상
7564,10003431,6,1016,2026-05-27 09:57:52,재진,정상
7565,10003901,1,1002,2026-05-27 10:11:57,재진,정상
7566,10003933,1,1002,2026-05-27 10:16:28,재진,정상
7567,10003189,6,1016,2026-05-27 10:27:55,재진,정상
7568,10000263,1,1002,2026-05-27 10:32:59,초진,정상
7569,10004268,1,1002,2026-05-27 10:34:46,재진,정상
7570,10004110,1,1002,2026-05-27 10:35:50,재진,취소
7571,10003896,1,1002,2026-05-27 10:38:35,재진,정상
7572,10000479,1,1002,2026-05-27 10:41:29,재진,정상
7573,10003808,3,1007,2026-05-27 10:48:29,재진,정상
7574,10004109,1,1002,2026-05-27 11:12:22,재진,정상
7575,10001342,3,1007,2026-05-27 12:52:14,재진,정상
7576,10004452,2,1004,2026-05-27 12:52:34,초진,정상
7577,10000980,2,1004,2026-05-27 12:55:06,재진,정상
7578,10004453,3,1007,2026-05-27 12:58:20,초진,정상
7579,10003975,3,1007,2026-05-27 13:02:38,재진,정상
7580,10000677,3,1007,2026-05-27 13:04:20,재진,정상
7581,10003942,3,1007,2026-05-27 13:09:38,재진,취소
7582,10001194,3,1007,2026-05-27 13:37:21,초진,정상
7583,10004192,2,1004,2026-05-27 14:13:17,재진,정상
7584,10001318,2,1004,2026-05-27 14:31:44,재진,정상
7585,10000533,3,1007,2026-05-27 14:41:29,재진,정상
7586,10003976,2,1004,2026-05-27 14:41:51,재진,정상
7587,10000648,2,1004,2026-05-27 14:46:51,재진,정상
7588,10004454,2,1004,2026-05-27 15:17:43,초진,정상
7589,10004081,2,1005,2026-05-28 08:28:10,재진,정상
7590,10003455,7,1021,2026-05-28 08:28:57,재진,취소
7591,10000891,3,1009,2026-05-28 08:29:23,재진,정상
7592,10003813,2,1005,2026-05-28 08:30:22,재진,정상
7593,10000581,4,1011,2026-05-28 08:42:09,재진,정상
7594,10004457,6,1016,2026-05-28 08:43:17,초진,정상
7595,10004456,7,1021,2026-05-28 08:43:55,초진,정상
7596,10004455,3,1009,2026-05-28 08:44:45,초진,정상
7597,10001459,7,1021,2026-05-28 08:46:17,재진,정상
7598,10002110,7,1021,2026-05-28 08:51:13,초진,정상
7599,10003627,4,1011,2026-05-28 08:52:24,재진,정상
7600,10004458,4,1011,2026-05-28 08:59:53,초진,정상
7601,10004113,7,1021,2026-05-28 09:01:49,초진,정상
7602,10003812,4,1011,2026-05-28 09:06:57,재진,정상
7603,10001164,3,1009,2026-05-28 09:10:11,초진,정상
7604,10000182,7,1021,2026-05-28 09:13:24,재진,정상
7605,10000567,2,1005,2026-05-28 09:18:56,재진,정상
7606,10004459,3,1009,2026-05-28 09:20:24,초진,정상
7607,10003630,2,1005,2026-05-28 09:22:43,재진,정상
7608,10003355,4,1011,2026-05-28 09:22:45,재진,정상
7609,10003970,3,1009,2026-05-28 09:23:30,초진,정상
7610,10003817,4,1011,2026-05-28 09:25:26,재진,정상
7611,10000202,4,1011,2026-05-28 09:26:54,재진,취소
7612,10003982,3,1009,2026-05-28 09:27:04,재진,정상
7613,10003987,2,1005,2026-05-28 09:28:41,재진,정상
7614,10001363,4,1011,2026-05-28 09:34:45,초진,정상
7615,10002511,4,1011,2026-05-28 09:34:47,재진,정상
7616,10003280,7,1021,2026-05-28 09:35:32,재진,정상
7617,10004460,4,1011,2026-05-28 09:35:51,초진,정상
7618,10000788,4,1011,2026-05-28 09:36:41,초진,정상
7619,10002731,3,1009,2026-05-28 09:38:33,재진,정상
7620,10002252,3,1009,2026-05-28 09:42:27,초진,정상
7621,10001225,4,1011,2026-05-28 09:46:07,재진,정상
7622,10002831,2,1005,2026-05-28 09:47:50,재진,정상
7623,10002989,7,1021,2026-05-28 09:48:06,초진,정상
7624,10004307,6,1016,2026-05-28 10:02:22,재진,정상
7625,10000317,3,1009,2026-05-28 10:02:24,재진,정상
7626,10004196,7,1021,2026-05-28 10:04:30,재진,정상
7627,10001052,2,1005,2026-05-28 10:05:24,초진,정상
7628,10001929,4,1011,2026-05-28 10:11:13,초진,정상
7629,10003811,7,1021,2026-05-28 10:13:12,재진,정상
7630,10003200,4,1011,2026-05-28 10:18:14,재진,정상
7631,10003225,4,1011,2026-05-28 10:28:31,재진,정상
7632,10004461,3,1009,2026-05-28 10:38:33,초진,정상
7633,10003980,3,1009,2026-05-28 10:42:31,재진,정상
7634,10001417,2,1005,2026-05-28 10:57:39,초진,정상
7635,10001551,7,1021,2026-05-28 10:59:27,재진,정상
7636,10004462,7,1021,2026-05-28 11:00:03,초진,정상
7637,10002749,2,1005,2026-05-28 12:56:06,재진,정상
7638,10004463,6,1018,2026-05-28 12:56:21,초진,정상
7639,10004464,6,1018,2026-05-28 12:57:46,초진,정상
7640,10003820,2,1005,2026-05-28 13:00:13,재진,정상
7641,10002473,1,1001,2026-05-28 13:01:04,재진,정상
7642,10004466,1,1001,2026-05-28 13:07:23,초진,정상
7643,10004465,1,1001,2026-05-28 13:12:16,초진,정상
7644,10003958,4,1010,2026-05-28 13:15:33,재진,정상
7645,10001356,4,1010,2026-05-28 13:17:34,재진,취소
7646,10003610,6,1018,2026-05-28 13:18:36,재진,정상
7647,10000828,1,1001,2026-05-28 13:21:08,초진,정상
7648,10003368,1,1001,2026-05-28 13:21:21,재진,정상
7649,10002202,1,1001,2026-05-28 13:25:26,초진,정상
7650,10000912,5,1015,2026-05-28 13:25:57,초진,정상
7651,10004467,2,1005,2026-05-28 13:29:35,초진,정상
7652,10004468,1,1001,2026-05-28 13:32:47,초진,정상
7653,10001639,4,1010,2026-05-28 13:33:20,초진,정상
7654,10001795,2,1005,2026-05-28 13:38:09,재진,정상
7655,10000764,1,1001,2026-05-28 13:44:06,재진,정상
7656,10002853,2,1005,2026-05-28 13:49:31,재진,정상
7657,10000820,1,1001,2026-05-28 14:00:32,재진,정상
7658,10003992,1,1001,2026-05-28 14:03:46,재진,정상
7659,10004096,1,1001,2026-05-28 14:07:37,재진,정상
7660,10000907,1,1001,2026-05-28 14:15:48,초진,정상
7661,10000892,2,1005,2026-05-28 14:20:02,초진,정상
7662,10004469,6,1018,2026-05-28 14:24:34,초진,정상
7663,10000636,1,1001,2026-05-28 14:26:21,재진,정상
7664,10001110,4,1010,2026-05-28 14:31:12,초진,정상
7665,10000813,1,1001,2026-05-28 14:36:45,재진,정상
7666,10004232,2,1005,2026-05-28 14:37:23,재진,정상
7667,10004470,1,1001,2026-05-28 14:41:53,초진,정상
7668,10002350,1,1001,2026-05-28 14:44:04,재진,정상
7669,10004471,6,1018,2026-05-28 14:47:51,초진,정상
7670,10000871,1,1001,2026-05-28 15:10:41,초진,정상
7671,10003986,2,1005,2026-05-28 15:12:58,재진,정상
7672,10004472,1,1001,2026-05-28 15:14:54,초진,정상
7673,10000042,5,1013,2026-05-29 08:22:47,재진,정상
7674,10000463,3,1009,2026-05-29 08:24:29,초진,취소
7675,10004473,5,1013,2026-05-29 08:28:18,초진,정상
7676,10004206,5,1013,2026-05-29 08:29:27,재진,정상
7677,10001002,5,1013,2026-05-29 08:39:36,재진,정상
7678,10004474,3,1009,2026-05-29 08:41:22,초진,정상
7679,10002454,5,1013,2026-05-29 08:43:20,재진,정상
7680,10001595,5,1013,2026-05-29 08:43:48,초진,정상
7681,10000315,8,1024,2026-05-29 08:52:06,초진,정상
7682,10003737,5,1013,2026-05-29 08:56:14,재진,정상
7683,10004475,5,1013,2026-05-29 09:02:40,초진,정상
7684,10003771,5,1013,2026-05-29 09:03:48,초진,정상
7685,10002378,5,1013,2026-05-29 09:31:42,재진,정상
7686,10003834,5,1013,2026-05-29 09:47:19,재진,정상
7687,10000937,8,1024,2026-05-29 10:14:37,재진,정상
7688,10004476,8,1024,2026-05-29 10:40:25,초진,정상
7689,10000398,5,1014,2026-05-29 12:50:30,초진,정상
7690,10003499,5,1014,2026-05-29 12:53:26,재진,정상
7691,10004394,1,1001,2026-05-29 13:02:46,초진,정상
7692,10000033,1,1001,2026-05-29 13:06:55,초진,정상
7693,10001810,5,1014,2026-05-29 13:06:56,초진,정상
7694,10001138,5,1014,2026-05-29 13:07:13,초진,정상
7695,10003916,1,1001,2026-05-29 13:10:46,재진,정상
7696,10001099,4,1011,2026-05-29 13:10:52,초진,정상
7697,10000607,8,1024,2026-05-29 13:11:31,초진,취소
7698,10004012,5,1014,2026-05-29 13:11:45,재진,정상
7699,10001142,5,1014,2026-05-29 13:15:36,초진,정상
7700,10002765,5,1014,2026-05-29 13:23:46,재진,정상
7701,10004186,1,1001,2026-05-29 13:25:58,재진,정상
7702,10000585,5,1014,2026-05-29 13:27:31,초진,정상
7703,10000414,5,1014,2026-05-29 13:30:02,재진,정상
7704,10004018,5,1014,2026-05-29 13:30:50,재진,정상
7705,10000573,4,1011,2026-05-29 13:32:31,초진,정상
7706,10004477,5,1014,2026-05-29 13:35:05,초진,정상
7707,10000968,1,1001,2026-05-29 13:35:45,재진,정상
7708,10004262,5,1014,2026-05-29 13:37:28,초진,정상
7709,10003979,4,1011,2026-05-29 13:38:32,재진,정상
7710,10000729,4,1011,2026-05-29 13:41:58,재진,정상
7711,10004478,5,1014,2026-05-29 13:48:11,초진,정상
7712,10004479,2,1004,2026-05-29 13:50:43,초진,정상
7713,10000140,2,1004,2026-05-29 13:51:04,재진,정상
7714,10004001,8,1024,2026-05-29 13:58:16,재진,정상
7715,10004480,1,1001,2026-05-29 14:08:29,초진,정상
7716,10003988,5,1014,2026-05-29 14:17:37,초진,정상
7717,10004481,5,1014,2026-05-29 14:19:39,초진,정상
7718,10004482,5,1014,2026-05-29 14:23:42,초진,정상
7719,10003560,8,1024,2026-05-29 14:30:16,재진,정상
7720,10001276,1,1001,2026-05-29 14:38:44,초진,정상
7721,10003727,1,1001,2026-05-29 14:44:04,재진,정상
7722,10001359,8,1024,2026-05-29 14:44:43,재진,정상
7723,10003493,4,1011,2026-05-29 14:46:23,초진,정상
7724,10000436,1,1001,2026-05-29 15:01:04,재진,정상
7725,10003634,2,1004,2026-05-29 15:02:00,재진,정상
7726,10004483,4,1011,2026-05-29 15:11:14,초진,정상
7727,10000470,2,1004,2026-05-29 15:12:04,초진,정상
7728,10004258,5,1014,2026-05-29 15:19:31,재진,정상
7729,10003659,1,1002,2026-06-01 08:22:58,재진,정상
7730,10000627,1,1002,2026-06-01 08:23:01,재진,정상
7731,10004116,7,1021,2026-06-01 08:23:05,초진,정상
7732,10001844,5,1014,2026-06-01 08:23:31,초진,정상
7733,10003170,5,1014,2026-06-01 08:25:34,초진,정상
7734,10000108,8,1022,2026-06-01 08:25:35,재진,정상
7735,10004484,8,1022,2026-06-01 08:29:18,초진,정상
7736,10003849,2,1006,2026-06-01 08:30:41,재진,정상
7737,10000727,2,1006,2026-06-01 08:33:11,재진,정상
7738,10000331,7,1021,2026-06-01 08:34:17,재진,정상
7739,10001243,8,1022,2026-06-01 08:36:57,초진,정상
7740,10004486,2,1006,2026-06-01 08:37:32,초진,정상
7741,10000094,1,1002,2026-06-01 08:39:00,재진,정상
7742,10000700,8,1022,2026-06-01 08:40:11,초진,정상
7743,10003897,1,1002,2026-06-01 08:40:11,재진,정상
7744,10000865,2,1006,2026-06-01 08:40:30,초진,정상
7745,10004209,8,1022,2026-06-01 08:43:12,재진,정상
7746,10001322,2,1006,2026-06-01 08:44:58,초진,정상
7747,10004485,2,1006,2026-06-01 08:49:06,초진,정상
7748,10004488,2,1006,2026-06-01 08:50:31,초진,정상
7749,10004487,1,1002,2026-06-01 08:51:16,초진,정상
7750,10001013,2,1006,2026-06-01 08:52:29,재진,취소
7751,10001443,8,1022,2026-06-01 09:00:08,초진,정상
7752,10003930,5,1014,2026-06-01 09:03:01,재진,정상
7753,10004111,1,1002,2026-06-01 09:05:19,재진,정상
7754,10003883,2,1006,2026-06-01 09:05:45,재진,정상
7755,10003283,8,1022,2026-06-01 09:07:39,재진,취소
7756,10000861,2,1006,2026-06-01 09:07:53,초진,정상
7757,10000301,8,1022,2026-06-01 09:08:06,재진,정상
7758,10001869,7,1021,2026-06-01 09:08:07,재진,정상
7759,10004489,7,1021,2026-06-01 09:08:47,초진,정상
7760,10002955,2,1006,2026-06-01 09:09:23,재진,정상
7761,10004122,8,1022,2026-06-01 09:12:04,재진,정상
7762,10000228,1,1002,2026-06-01 09:14:18,재진,정상
7763,10000521,7,1021,2026-06-01 09:14:30,초진,정상
7764,10000400,2,1006,2026-06-01 09:15:37,재진,정상
7765,10002679,8,1022,2026-06-01 09:17:55,재진,정상
7766,10003271,8,1022,2026-06-01 09:18:31,재진,정상
7767,10000986,8,1022,2026-06-01 09:21:05,재진,정상
7768,10004112,1,1002,2026-06-01 09:22:58,재진,정상
7769,10000145,2,1006,2026-06-01 09:26:58,초진,정상
7770,10004007,1,1002,2026-06-01 09:37:16,재진,정상
7771,10004490,2,1006,2026-06-01 09:43:20,초진,취소
7772,10000136,7,1021,2026-06-01 09:43:21,재진,정상
7773,10001046,8,1022,2026-06-01 09:48:17,초진,정상
7774,10000092,8,1022,2026-06-01 09:50:15,초진,정상
7775,10004009,1,1002,2026-06-01 09:51:44,재진,정상
7776,10000786,5,1014,2026-06-01 09:52:46,초진,정상
7777,10004019,2,1006,2026-06-01 09:56:46,재진,정상
7778,10001056,7,1021,2026-06-01 09:56:54,초진,정상
7779,10003473,1,1002,2026-06-01 10:13:44,재진,정상
7780,10000458,1,1002,2026-06-01 10:15:55,재진,정상
7781,10004491,7,1021,2026-06-01 10:21:41,초진,취소
7782,10003740,5,1014,2026-06-01 10:21:46,재진,정상
7783,10000492,1,1002,2026-06-01 10:22:27,재진,정상
7784,10004492,1,1002,2026-06-01 10:26:55,초진,정상
7785,10002017,8,1022,2026-06-01 10:35:13,재진,정상
7786,10004493,8,1022,2026-06-01 10:37:12,초진,정상
7787,10003118,2,1006,2026-06-01 10:44:32,재진,정상
7788,10004494,2,1006,2026-06-01 10:51:58,초진,정상
7789,10000982,1,1002,2026-06-01 10:57:49,초진,정상
7790,10004495,2,1006,2026-06-01 10:58:08,초진,취소
7791,10000536,7,1019,2026-06-01 12:53:36,초진,정상
7792,10004272,4,1012,2026-06-01 12:54:48,재진,정상
7793,10004049,4,1012,2026-06-01 12:56:06,초진,정상
7794,10004212,1,1003,2026-06-01 12:57:09,재진,정상
7795,10004497,1,1003,2026-06-01 13:01:09,초진,정상
7796,10001196,7,1019,2026-06-01 13:04:25,초진,정상
7797,10003857,1,1003,2026-06-01 13:04:28,재진,정상
7798,10004271,8,1022,2026-06-01 13:04:51,초진,정상
7799,10003869,1,1003,2026-06-01 13:05:45,재진,정상
7800,10000478,4,1012,2026-06-01 13:08:27,재진,정상
7801,10003585,8,1022,2026-06-01 13:08:40,재진,정상
7802,10001666,4,1012,2026-06-01 13:09:34,재진,정상
7803,10000795,7,1019,2026-06-01 13:11:30,재진,정상
7804,10001442,7,1019,2026-06-01 13:11:59,초진,정상
7805,10004496,4,1012,2026-06-01 13:12:38,초진,취소
7806,10003507,4,1012,2026-06-01 13:12:59,재진,정상
7807,10000339,1,1003,2026-06-01 13:14:52,재진,정상
7808,10003487,5,1013,2026-06-01 13:17:17,재진,정상
7809,10001547,7,1019,2026-06-01 13:17:43,재진,정상
7810,10001337,7,1019,2026-06-01 13:18:43,초진,정상
7811,10003874,1,1003,2026-06-01 13:25:36,재진,정상
7812,10004498,7,1019,2026-06-01 13:25:59,초진,정상
7813,10000931,1,1003,2026-06-01 13:26:59,재진,정상
7814,10000403,4,1012,2026-06-01 13:29:51,초진,정상
7815,10000770,4,1012,2026-06-01 13:30:53,초진,정상
7816,10000013,4,1012,2026-06-01 13:31:07,재진,정상
7817,10004499,5,1013,2026-06-01 13:33:04,초진,정상
7818,10003463,5,1013,2026-06-01 13:36:31,재진,정상
7819,10003848,8,1022,2026-06-01 13:38:46,재진,정상
7820,10002898,7,1019,2026-06-01 13:38:58,재진,정상
7821,10004500,1,1003,2026-06-01 13:40:12,초진,정상
7822,10001190,7,1019,2026-06-01 13:41:13,초진,정상
7823,10000544,8,1022,2026-06-01 13:43:03,재진,정상
7824,10001109,4,1012,2026-06-01 13:43:31,초진,정상
7825,10001316,8,1022,2026-06-01 13:45:07,초진,정상
7826,10003071,4,1012,2026-06-01 13:49:53,재진,정상
7827,10001366,7,1019,2026-06-01 13:55:34,초진,정상
7828,10001701,4,1012,2026-06-01 13:55:54,재진,정상
7829,10002630,5,1013,2026-06-01 13:56:17,초진,취소
7830,10001136,7,1019,2026-06-01 13:56:53,재진,정상
7831,10004502,8,1022,2026-06-01 13:59:38,초진,정상
7832,10000530,4,1012,2026-06-01 14:00:49,초진,정상
7833,10004017,8,1022,2026-06-01 14:01:25,재진,정상
7834,10004501,4,1012,2026-06-01 14:01:27,초진,정상
7835,10003753,8,1022,2026-06-01 14:06:16,재진,정상
7836,10003067,4,1012,2026-06-01 14:08:50,재진,정상
7837,10002599,8,1022,2026-06-01 14:13:02,재진,취소
7838,10002686,1,1003,2026-06-01 14:15:14,재진,정상
7839,10002792,1,1003,2026-06-01 14:15:44,재진,정상
7840,10000207,1,1003,2026-06-01 14:19:37,재진,정상
7841,10004274,5,1013,2026-06-01 14:21:46,재진,정상
7842,10000982,7,1019,2026-06-01 14:27:28,재진,정상
7843,10001351,7,1019,2026-06-01 14:27:36,초진,정상
7844,10004133,4,1012,2026-06-01 14:38:39,재진,정상
7845,10003344,8,1022,2026-06-01 14:45:56,재진,정상
7846,10004201,8,1022,2026-06-01 14:48:18,재진,정상
7847,10004503,8,1022,2026-06-01 14:49:05,초진,정상
7848,10004038,1,1003,2026-06-01 14:51:00,재진,정상
7849,10001542,7,1019,2026-06-01 14:53:41,초진,정상
7850,10003491,4,1012,2026-06-01 14:54:14,재진,정상
7851,10001141,7,1019,2026-06-01 14:59:35,초진,정상
7852,10003509,1,1003,2026-06-01 15:02:56,재진,정상
7853,10004504,1,1003,2026-06-01 15:04:02,초진,정상
7854,10001522,8,1022,2026-06-01 15:08:35,초진,정상
7855,10003032,7,1019,2026-06-01 15:11:14,재진,정상
7856,10000849,8,1022,2026-06-01 15:16:19,재진,정상
7857,10000361,3,1008,2026-06-02 08:20:26,재진,정상
7858,10003369,7,1020,2026-06-02 08:20:51,재진,정상
7859,10004505,7,1020,2026-06-02 08:21:25,초진,정상
7860,10000132,7,1020,2026-06-02 08:23:08,초진,정상
7861,10004293,6,1017,2026-06-02 08:26:50,재진,정상
7862,10003300,6,1017,2026-06-02 08:27:06,재진,정상
7863,10000502,7,1020,2026-06-02 08:27:16,재진,정상
7864,10003406,1,1003,2026-06-02 08:30:34,재진,정상
7865,10001694,7,1020,2026-06-02 08:30:35,재진,정상
7866,10004506,6,1017,2026-06-02 08:33:36,초진,정상
7867,10000973,7,1020,2026-06-02 08:33:37,초진,정상
7868,10004507,6,1017,2026-06-02 08:34:48,초진,정상
7869,10003941,4,1012,2026-06-02 08:40:36,재진,정상
7870,10004508,4,1012,2026-06-02 08:41:15,초진,정상
7871,10001302,7,1020,2026-06-02 08:41:22,초진,정상
7872,10004509,6,1017,2026-06-02 08:44:26,초진,정상
7873,10001159,7,1020,2026-06-02 08:44:38,초진,정상
7874,10004510,6,1017,2026-06-02 08:48:27,초진,정상
7875,10004066,3,1008,2026-06-02 08:50:48,재진,정상
7876,10003595,3,1008,2026-06-02 08:51:40,재진,정상
7877,10002817,8,1023,2026-06-02 08:51:51,재진,정상
7878,10002398,7,1020,2026-06-02 08:55:08,재진,정상
7879,10004511,3,1008,2026-06-02 08:57:18,초진,정상
7880,10001529,4,1012,2026-06-02 08:58:49,초진,정상
7881,10004515,6,1017,2026-06-02 09:04:40,초진,정상
7882,10004512,6,1017,2026-06-02 09:07:40,초진,정상
7883,10004039,3,1008,2026-06-02 09:08:21,초진,정상
7884,10004513,6,1017,2026-06-02 09:11:42,초진,정상
7885,10000447,3,1008,2026-06-02 09:13:38,초진,정상
7886,10002881,8,1023,2026-06-02 09:14:54,초진,정상
7887,10004516,6,1017,2026-06-02 09:15:29,초진,정상
7888,10001861,7,1020,2026-06-02 09:15:33,초진,정상
7889,10003758,1,1003,2026-06-02 09:15:54,재진,정상
7890,10004514,6,1017,2026-06-02 09:16:53,초진,정상
7891,10003945,3,1008,2026-06-02 09:17:50,재진,정상
7892,10004138,4,1012,2026-06-02 09:18:02,재진,정상
7893,10004517,7,1020,2026-06-02 09:25:11,초진,취소
7894,10001076,8,1023,2026-06-02 09:28:15,재진,정상
7895,10003508,6,1017,2026-06-02 09:36:27,재진,정상
7896,10003951,8,1023,2026-06-02 09:37:12,재진,정상
7897,10003147,1,1003,2026-06-02 09:38:23,재진,취소
7898,10004150,3,1008,2026-06-02 09:39:44,재진,정상
7899,10003605,3,1008,2026-06-02 09:59:31,재진,정상
7900,10003947,7,1020,2026-06-02 10:07:30,재진,정상
7901,10003525,3,1008,2026-06-02 10:07:36,재진,정상
7902,10002967,4,1012,2026-06-02 10:07:53,재진,정상
7903,10004519,6,1017,2026-06-02 10:12:02,초진,취소
7904,10004518,6,1017,2026-06-02 10:12:45,초진,정상
7905,10004360,1,1003,2026-06-02 10:33:05,재진,정상
7906,10000453,8,1023,2026-06-02 10:52:22,초진,정상
7907,10004520,6,1018,2026-06-02 12:52:58,초진,정상
7908,10004333,6,1018,2026-06-02 12:56:22,재진,정상
7909,10002693,5,1015,2026-06-02 13:05:15,재진,정상
7910,10004521,6,1018,2026-06-02 13:07:17,초진,정상
7911,10004047,6,1018,2026-06-02 13:07:26,재진,정상
7912,10003607,6,1018,2026-06-02 13:08:54,재진,정상
7913,10004522,6,1018,2026-06-02 13:11:00,초진,정상
7914,10003613,6,1018,2026-06-02 13:11:34,재진,정상
7915,10001450,4,1010,2026-06-02 13:12:09,재진,정상
7916,10003370,6,1018,2026-06-02 13:17:20,재진,정상
7917,10004523,3,1008,2026-06-02 13:18:45,초진,정상
7918,10000391,8,1023,2026-06-02 13:19:48,초진,정상
7919,10004524,3,1008,2026-06-02 13:29:42,초진,정상
7920,10000281,5,1015,2026-06-02 13:30:05,재진,취소
7921,10002506,3,1008,2026-06-02 13:32:59,재진,정상
7922,10000559,5,1015,2026-06-02 13:34:21,재진,정상
7923,10000537,5,1015,2026-06-02 13:34:59,재진,정상
7924,10004290,3,1008,2026-06-02 13:37:45,재진,정상
7925,10004292,3,1008,2026-06-02 13:39:02,재진,정상
7926,10000210,5,1015,2026-06-02 13:39:22,초진,정상
7927,10001026,4,1010,2026-06-02 13:45:19,재진,정상
7928,10000701,4,1010,2026-06-02 13:46:09,재진,정상
7929,10000164,4,1010,2026-06-02 13:50:41,초진,정상
7930,10003481,7,1019,2026-06-02 13:51:01,재진,정상
7931,10000615,5,1015,2026-06-02 13:54:57,재진,정상
7932,10003505,8,1023,2026-06-02 13:56:18,초진,정상
7933,10000555,5,1015,2026-06-02 14:00:06,초진,정상
7934,10000611,4,1010,2026-06-02 14:01:01,초진,정상
7935,10002549,4,1010,2026-06-02 14:18:42,재진,정상
7936,10001683,4,1010,2026-06-02 14:19:18,초진,정상
7937,10004093,4,1010,2026-06-02 14:23:03,재진,정상
7938,10001217,8,1023,2026-06-02 14:27:30,재진,정상
7939,10004053,6,1018,2026-06-02 14:30:50,재진,정상
7940,10001544,5,1015,2026-06-02 14:30:54,초진,정상
7941,10001568,8,1023,2026-06-02 14:33:34,초진,정상
7942,10000948,7,1019,2026-06-02 14:34:56,재진,정상
7943,10004048,3,1008,2026-06-02 14:35:49,재진,정상
7944,10003658,2,1006,2026-06-02 14:38:05,재진,정상
7945,10004263,2,1006,2026-06-02 14:46:07,재진,정상
7946,10002198,5,1015,2026-06-02 14:47:21,재진,정상
7947,10004525,2,1006,2026-06-02 14:54:01,초진,정상
7948,10002489,4,1010,2026-06-02 15:16:15,초진,정상
7949,10000191,4,1010,2026-06-02 15:32:49,재진,정상
7950,10004527,2,1005,2026-06-04 08:24:42,초진,정상
7951,10001933,3,1009,2026-06-04 08:24:58,초진,정상
7952,10001019,3,1009,2026-06-04 08:25:07,초진,정상
7953,10003996,2,1005,2026-06-04 08:26:40,재진,정상
7954,10004526,6,1016,2026-06-04 08:28:14,초진,정상
7955,10004528,4,1011,2026-06-04 08:31:08,초진,정상
7956,10004259,4,1011,2026-06-04 08:31:14,재진,정상
7957,10001910,7,1021,2026-06-04 08:31:49,재진,정상
7958,10004529,6,1016,2026-06-04 08:33:47,초진,정상
7959,10004243,3,1009,2026-06-04 08:34:00,초진,정상
7960,10000510,7,1021,2026-06-04 08:36:43,재진,정상
7961,10004531,6,1016,2026-06-04 08:39:59,초진,정상
7962,10004072,6,1016,2026-06-04 08:40:52,재진,정상
7963,10004533,3,1009,2026-06-04 08:43:07,초진,정상
7964,10004532,7,1021,2026-06-04 08:43:22,초진,정상
7965,10004530,4,1011,2026-06-04 08:44:23,초진,정상
7966,10004166,7,1021,2026-06-04 08:48:44,재진,정상
7967,10000948,3,1009,2026-06-04 08:53:28,초진,정상
7968,10004534,6,1016,2026-06-04 08:55:35,초진,정상
7969,10000649,7,1021,2026-06-04 08:55:49,초진,정상
7970,10004535,4,1011,2026-06-04 08:57:11,초진,정상
7971,10004536,3,1009,2026-06-04 08:57:13,초진,정상
7972,10003373,2,1005,2026-06-04 09:03:29,재진,정상
7973,10004537,6,1016,2026-06-04 09:08:49,초진,정상
7974,10000828,3,1009,2026-06-04 09:09:04,초진,정상
7975,10004165,3,1009,2026-06-04 09:09:24,재진,정상
7976,10000777,2,1005,2026-06-04 09:11:21,재진,정상
7977,10003537,3,1009,2026-06-04 09:11:42,재진,정상
7978,10003804,3,1009,2026-06-04 09:14:43,재진,정상
7979,10000351,3,1009,2026-06-04 09:15:37,초진,정상
7980,10001166,4,1011,2026-06-04 09:15:53,초진,정상
7981,10002576,2,1005,2026-06-04 09:19:30,재진,정상
7982,10000268,4,1011,2026-06-04 09:20:04,재진,정상
7983,10004538,3,1009,2026-06-04 09:22:21,초진,정상
7984,10003642,2,1005,2026-06-04 09:23:01,재진,정상
7985,10002578,6,1016,2026-06-04 09:32:53,재진,정상
7986,10003360,6,1016,2026-06-04 09:34:39,재진,정상
7987,10003908,4,1011,2026-06-04 09:41:18,재진,정상
7988,10003632,2,1005,2026-06-04 09:45:24,재진,정상
7989,10004540,6,1016,2026-06-04 09:45:38,초진,정상
7990,10004539,2,1005,2026-06-04 09:45:40,초진,정상
7991,10004073,6,1016,2026-06-04 09:46:30,재진,정상
7992,10001047,4,1011,2026-06-04 09:47:11,초진,정상
7993,10000324,4,1011,2026-06-04 09:49:17,초진,정상
7994,10004160,6,1016,2026-06-04 09:50:15,재진,정상
7995,10004173,3,1009,2026-06-04 09:51:40,재진,정상
7996,10004140,6,1016,2026-06-04 09:51:43,초진,정상
7997,10004541,3,1009,2026-06-04 09:51:55,초진,정상
7998,10004543,6,1016,2026-06-04 10:00:39,초진,정상
7999,10004542,3,1009,2026-06-04 10:01:04,초진,정상
8000,10003922,3,1009,2026-06-04 10:01:23,재진,정상
8001,10001479,3,1009,2026-06-04 10:13:35,재진,정상
8002,10001057,2,1005,2026-06-04 10:15:17,재진,정상
8003,10002721,6,1016,2026-06-04 10:20:03,재진,정상
8004,10000990,3,1009,2026-06-04 10:24:56,재진,정상
8005,10004545,4,1011,2026-06-04 10:34:16,초진,정상
8006,10004544,6,1016,2026-06-04 10:34:32,초진,정상
8007,10004231,4,1011,2026-06-04 10:38:36,재진,정상
8008,10001768,7,1021,2026-06-04 10:43:52,재진,정상
8009,10004218,6,1016,2026-06-04 10:52:53,재진,정상
8010,10001546,4,1011,2026-06-04 11:13:43,초진,정상
8011,10000962,2,1005,2026-06-04 12:51:21,재진,정상
8012,10000685,5,1015,2026-06-04 12:53:02,재진,정상
8013,10000204,1,1001,2026-06-04 12:57:44,초진,정상
8014,10003186,2,1005,2026-06-04 13:00:25,초진,정상
8015,10003554,1,1001,2026-06-04 13:04:01,초진,정상
8016,10003021,4,1010,2026-06-04 13:04:02,재진,정상
8017,10001835,2,1005,2026-06-04 13:06:41,재진,정상
8018,10003960,5,1015,2026-06-04 13:07:29,재진,정상
8019,10002320,5,1015,2026-06-04 13:07:31,재진,정상
8020,10004169,2,1005,2026-06-04 13:09:10,재진,정상
8021,10002524,2,1005,2026-06-04 13:13:48,재진,정상
8022,10002651,2,1005,2026-06-04 13:17:59,초진,취소
8023,10001248,5,1015,2026-06-04 13:19:45,초진,정상
8024,10002945,2,1005,2026-06-04 13:20:11,재진,정상
8025,10000318,1,1001,2026-06-04 13:20:44,재진,정상
8026,10003461,1,1001,2026-06-04 13:23:28,재진,정상
8027,10004546,2,1005,2026-06-04 13:30:18,초진,정상
8028,10003242,4,1010,2026-06-04 13:32:38,재진,정상
8029,10004240,2,1005,2026-06-04 13:33:03,재진,정상
8030,10000940,2,1005,2026-06-04 13:42:25,초진,정상
8031,10002753,2,1005,2026-06-04 13:43:19,재진,정상
8032,10000659,1,1001,2026-06-04 13:45:19,초진,정상
8033,10004329,2,1005,2026-06-04 13:47:18,재진,정상
8034,10000555,2,1005,2026-06-04 13:48:19,재진,취소
8035,10001598,1,1001,2026-06-04 13:56:10,재진,정상
8036,10003824,1,1001,2026-06-04 13:56:32,재진,정상
8037,10003094,4,1010,2026-06-04 13:57:02,재진,정상
8038,10001001,1,1001,2026-06-04 13:57:56,초진,정상
8039,10004547,1,1001,2026-06-04 13:59:03,초진,정상
8040,10000151,1,1001,2026-06-04 14:07:25,재진,정상
8041,10004548,2,1005,2026-06-04 14:20:15,초진,정상
8042,10004549,2,1005,2026-06-04 14:22:36,초진,정상
8043,10003459,1,1001,2026-06-04 14:27:10,재진,정상
8044,10002005,6,1018,2026-06-04 14:33:53,초진,정상
8045,10003825,1,1001,2026-06-04 14:38:38,재진,정상
8046,10004550,2,1005,2026-06-04 14:42:41,초진,정상
8047,10004330,1,1001,2026-06-04 14:49:55,재진,정상
8048,10004552,2,1005,2026-06-04 15:04:09,초진,정상
8049,10004551,2,1005,2026-06-04 15:07:31,초진,정상
8050,10004553,3,1009,2026-06-05 08:25:20,초진,취소
8051,10004554,5,1013,2026-06-05 08:33:37,초진,정상
8052,10004555,3,1009,2026-06-05 08:44:56,초진,정상
8053,10000070,5,1013,2026-06-05 08:50:59,재진,정상
8054,10002756,5,1013,2026-06-05 08:53:39,재진,정상
8055,10001238,3,1009,2026-06-05 09:01:04,초진,정상
8056,10004556,5,1013,2026-06-05 09:06:50,초진,정상
8057,10000613,3,1009,2026-06-05 09:11:22,재진,정상
8058,10004557,5,1013,2026-06-05 09:18:46,초진,정상
8059,10004029,5,1013,2026-06-05 09:23:43,재진,정상
8060,10000454,5,1013,2026-06-05 09:26:28,초진,정상
8061,10002914,5,1013,2026-06-05 10:09:55,초진,정상
8062,10001252,8,1024,2026-06-05 10:21:36,재진,정상
8063,10002512,5,1013,2026-06-05 10:58:37,재진,정상
8064,10000416,5,1013,2026-06-05 11:01:10,재진,정상
8065,10000062,5,1014,2026-06-05 12:53:01,초진,정상
8066,10003839,2,1004,2026-06-05 12:53:30,재진,정상
8067,10004558,2,1004,2026-06-05 12:57:11,초진,정상
8068,10001739,8,1024,2026-06-05 12:58:20,재진,정상
8069,10003379,4,1011,2026-06-05 13:00:15,재진,정상
8070,10004254,8,1024,2026-06-05 13:04:20,재진,정상
8071,10003376,5,1014,2026-06-05 13:08:34,재진,정상
8072,10000859,2,1004,2026-06-05 13:11:32,초진,정상
8073,10001338,2,1004,2026-06-05 13:12:08,초진,정상
8074,10004559,2,1004,2026-06-05 13:16:30,초진,정상
8075,10002280,2,1004,2026-06-05 13:16:35,초진,정상
8076,10002915,5,1014,2026-06-05 13:22:18,재진,정상
8077,10004004,2,1004,2026-06-05 13:22:55,재진,정상
8078,10001145,8,1024,2026-06-05 13:23:14,초진,정상
8079,10004560,4,1011,2026-06-05 13:24:50,초진,정상
8080,10004561,4,1011,2026-06-05 13:27:00,초진,정상
8081,10003570,5,1014,2026-06-05 13:38:43,재진,정상
8082,10001535,5,1014,2026-06-05 13:43:46,재진,정상
8083,10004562,2,1004,2026-06-05 13:45:19,초진,정상
8084,10003382,8,1024,2026-06-05 13:46:40,재진,정상
8085,10004563,4,1011,2026-06-05 13:47:04,초진,정상
8086,10000466,4,1011,2026-06-05 13:51:56,초진,정상
8087,10001526,2,1004,2026-06-05 13:53:21,재진,정상
8088,10003974,2,1004,2026-06-05 13:53:28,재진,정상
8089,10004079,2,1004,2026-06-05 13:59:52,재진,정상
8090,10000141,2,1004,2026-06-05 14:02:40,재진,정상
8091,10001147,2,1004,2026-06-05 14:05:53,재진,취소
8092,10004564,8,1024,2026-06-05 14:06:06,초진,취소
8093,10001553,2,1004,2026-06-05 14:08:40,초진,정상
8094,10002371,8,1024,2026-06-05 14:09:33,재진,정상
8095,10004565,8,1024,2026-06-05 14:23:05,초진,정상
8096,10003828,8,1024,2026-06-05 14:25:11,재진,정상
8097,10000336,2,1004,2026-06-05 14:28:54,초진,정상
8098,10002917,5,1014,2026-06-05 14:31:13,초진,정상
8099,10001724,8,1024,2026-06-05 14:40:31,재진,정상
8100,10000752,2,1004,2026-06-05 14:55:05,초진,정상
8101,10002951,2,1004,2026-06-05 15:08:54,재진,정상
8102,10001421,2,1004,2026-06-05 15:09:50,재진,정상
8103,10000169,1,1002,2026-06-08 08:21:00,초진,취소
8104,10002615,2,1006,2026-06-08 08:23:50,초진,정상
8105,10000539,2,1006,2026-06-08 08:23:57,초진,정상
8106,10004022,2,1006,2026-06-08 08:24:09,재진,정상
8107,10003041,1,1002,2026-06-08 08:27:53,재진,정상
8108,10004566,7,1021,2026-06-08 08:29:03,초진,정상
8109,10002902,1,1002,2026-06-08 08:29:25,초진,정상
8110,10003952,2,1006,2026-06-08 08:31:07,재진,정상
8111,10004567,1,1002,2026-06-08 08:34:55,초진,정상
8112,10003935,5,1014,2026-06-08 08:35:52,초진,정상
8113,10000562,2,1006,2026-06-08 08:37:35,초진,정상
8114,10000362,5,1014,2026-06-08 08:38:51,재진,정상
8115,10001321,7,1021,2026-06-08 08:40:33,초진,정상
8116,10001581,2,1006,2026-06-08 08:40:35,초진,정상
8117,10002041,2,1006,2026-06-08 08:41:46,재진,정상
8118,10003440,1,1002,2026-06-08 08:42:16,재진,정상
8119,10004062,2,1006,2026-06-08 08:48:55,재진,정상
8120,10002233,1,1002,2026-06-08 08:50:06,재진,정상
8121,10003274,2,1006,2026-06-08 09:01:00,재진,정상
8122,10004117,1,1002,2026-06-08 09:02:42,재진,정상
8123,10003803,1,1002,2026-06-08 09:04:41,재진,정상
8124,10004569,5,1014,2026-06-08 09:09:53,초진,정상
8125,10004568,1,1002,2026-06-08 09:15:05,초진,정상
8126,10001148,5,1014,2026-06-08 09:16:00,초진,정상
8127,10000692,5,1014,2026-06-08 09:17:22,초진,정상
8128,10000784,1,1002,2026-06-08 09:24:36,초진,정상
8129,10001957,1,1002,2026-06-08 09:32:09,초진,정상
8130,10004570,1,1002,2026-06-08 09:32:34,초진,정상
8131,10004571,8,1022,2026-06-08 09:34:07,초진,정상
8132,10003935,2,1006,2026-06-08 09:38:50,재진,정상
8133,10004353,5,1014,2026-06-08 09:39:29,재진,취소
8134,10003621,1,1002,2026-06-08 09:42:45,재진,정상
8135,10004572,1,1002,2026-06-08 09:46:39,초진,정상
8136,10000816,2,1006,2026-06-08 09:48:12,초진,정상
8137,10001372,8,1022,2026-06-08 09:54:21,초진,정상
8138,10003663,1,1002,2026-06-08 09:59:24,재진,정상
8139,10000303,1,1002,2026-06-08 10:02:25,초진,정상
8140,10003135,2,1006,2026-06-08 10:04:36,재진,정상
8141,10004573,2,1006,2026-06-08 10:06:38,초진,취소
8142,10004574,1,1002,2026-06-08 10:16:55,초진,정상
8143,10000369,2,1006,2026-06-08 10:29:54,재진,정상
8144,10000527,5,1014,2026-06-08 10:57:54,재진,정상
8145,10001332,8,1022,2026-06-08 12:50:40,초진,정상
8146,10004362,8,1022,2026-06-08 12:51:04,재진,정상
8147,10000123,1,1003,2026-06-08 12:51:15,초진,정상
8148,10003151,5,1013,2026-06-08 12:51:41,재진,정상
8149,10000161,4,1012,2026-06-08 12:52:06,재진,정상
8150,10003390,4,1012,2026-06-08 12:52:11,재진,정상
8151,10000153,1,1003,2026-06-08 12:53:56,재진,정상
8152,10001355,7,1019,2026-06-08 12:54:19,초진,정상
8153,10000167,5,1013,2026-06-08 12:56:14,재진,정상
8154,10003014,1,1003,2026-06-08 12:57:35,재진,정상
8155,10003199,1,1003,2026-06-08 13:00:02,초진,취소
8156,10004575,4,1012,2026-06-08 13:00:52,초진,정상
8157,10004577,1,1003,2026-06-08 13:01:32,초진,정상
8158,10003810,7,1019,2026-06-08 13:02:25,초진,정상
8159,10000468,1,1003,2026-06-08 13:03:39,초진,취소
8160,10004104,7,1019,2026-06-08 13:03:54,초진,정상
8161,10003806,7,1019,2026-06-08 13:03:56,초진,정상
8162,10003412,7,1019,2026-06-08 13:05:43,재진,정상
8163,10004576,1,1003,2026-06-08 13:09:22,초진,정상
8164,10004010,8,1022,2026-06-08 13:11:08,재진,정상
8165,10004203,4,1012,2026-06-08 13:11:08,재진,정상
8166,10004578,4,1012,2026-06-08 13:12:09,초진,정상
8167,10000552,1,1003,2026-06-08 13:14:09,재진,정상
8168,10000882,7,1019,2026-06-08 13:14:34,재진,정상
8169,10004255,5,1013,2026-06-08 13:15:11,재진,정상
8170,10004579,7,1019,2026-06-08 13:17:13,초진,취소
8171,10004580,5,1013,2026-06-08 13:18:07,초진,정상
8172,10003939,1,1003,2026-06-08 13:18:31,재진,정상
8173,10004581,4,1012,2026-06-08 13:19:08,초진,정상
8174,10000371,4,1012,2026-06-08 13:22:20,재진,정상
8175,10000397,4,1012,2026-06-08 13:23:00,재진,정상
8176,10003673,7,1019,2026-06-08 13:24:46,재진,취소
8177,10001263,7,1019,2026-06-08 13:30:01,재진,정상
8178,10001576,4,1012,2026-06-08 13:30:26,재진,정상
8179,10004582,1,1003,2026-06-08 13:35:26,초진,정상
8180,10003319,7,1019,2026-06-08 13:35:47,재진,정상
8181,10004583,8,1022,2026-06-08 13:38:58,초진,정상
8182,10000792,1,1003,2026-06-08 13:40:49,초진,정상
8183,10001608,8,1022,2026-06-08 13:42:11,초진,정상
8184,10001144,4,1012,2026-06-08 13:43:20,재진,정상
8185,10004585,7,1019,2026-06-08 13:43:44,초진,취소
8186,10001870,5,1013,2026-06-08 13:44:39,재진,정상
8187,10002536,1,1003,2026-06-08 13:46:32,초진,취소
8188,10004584,7,1019,2026-06-08 13:46:37,초진,정상
8189,10000329,7,1019,2026-06-08 13:47:15,재진,정상
8190,10002965,7,1019,2026-06-08 13:48:54,재진,정상
8191,10003656,8,1022,2026-06-08 13:49:19,재진,정상
8192,10000709,5,1013,2026-06-08 13:55:30,재진,정상
8193,10004586,4,1012,2026-06-08 13:57:27,초진,정상
8194,10002672,8,1022,2026-06-08 13:58:55,재진,정상
8195,10000630,4,1012,2026-06-08 14:01:16,재진,정상
8196,10004587,7,1019,2026-06-08 14:03:17,초진,정상
8197,10004481,4,1012,2026-06-08 14:03:21,초진,정상
8198,10001258,5,1013,2026-06-08 14:07:27,초진,정상
8199,10004588,4,1012,2026-06-08 14:19:00,초진,정상
8200,10004365,1,1003,2026-06-08 14:24:57,재진,정상
8201,10003739,4,1012,2026-06-08 14:42:12,초진,정상
8202,10000392,1,1003,2026-06-08 14:45:08,재진,취소
8203,10003391,4,1012,2026-06-08 14:46:08,재진,정상
8204,10004589,1,1003,2026-06-08 14:53:41,초진,정상
8205,10004280,5,1013,2026-06-08 14:59:47,재진,정상
8206,10004590,4,1012,2026-06-08 15:11:41,초진,정상
8207,10004207,1,1003,2026-06-08 15:16:20,재진,정상
8208,10003297,1,1003,2026-06-08 15:17:35,초진,정상
8209,10001876,7,1019,2026-06-08 15:30:02,재진,정상
8210,10000439,1,1003,2026-06-08 15:45:32,초진,취소
8211,10003501,7,1020,2026-06-09 08:22:11,재진,정상
8212,10000862,3,1008,2026-06-09 08:27:21,초진,정상
8213,10001689,8,1023,2026-06-09 08:27:26,초진,정상
8214,10004591,8,1023,2026-06-09 08:30:21,초진,정상
8215,10002163,7,1020,2026-06-09 08:33:09,재진,정상
8216,10001059,3,1008,2026-06-09 08:36:25,초진,정상
8217,10001203,7,1020,2026-06-09 08:37:20,초진,정상
8218,10000467,7,1020,2026-06-09 08:37:35,재진,정상
8219,10004593,1,1003,2026-06-09 08:38:27,초진,정상
8220,10004592,8,1023,2026-06-09 08:40:29,초진,정상
8221,10003078,7,1020,2026-06-09 08:42:21,재진,취소
8222,10003905,8,1023,2026-06-09 08:43:05,초진,정상
8223,10003809,6,1017,2026-06-09 08:50:11,재진,정상
8224,10003697,3,1008,2026-06-09 08:50:55,재진,정상
8225,10002622,6,1017,2026-06-09 08:54:42,재진,정상
8226,10004594,1,1003,2026-06-09 08:54:59,초진,정상
8227,10001312,6,1017,2026-06-09 08:58:53,초진,정상
8228,10004140,7,1020,2026-06-09 09:02:32,재진,정상
8229,10003943,7,1020,2026-06-09 09:03:47,재진,정상
8230,10002539,6,1017,2026-06-09 09:04:19,초진,정상
8231,10000085,1,1003,2026-06-09 09:04:24,초진,정상
8232,10001209,8,1023,2026-06-09 09:13:30,초진,정상
8233,10002197,3,1008,2026-06-09 09:15:11,초진,정상
8234,10004595,7,1020,2026-06-09 09:15:36,초진,정상
8235,10004597,7,1020,2026-06-09 09:15:51,초진,정상
8236,10004596,3,1008,2026-06-09 09:15:58,초진,취소
8237,10004036,8,1023,2026-06-09 09:21:26,재진,정상
8238,10002698,8,1023,2026-06-09 09:23:54,초진,정상
8239,10003354,6,1017,2026-06-09 09:24:19,재진,정상
8240,10004600,6,1017,2026-06-09 09:27:30,초진,정상
8241,10004599,1,1003,2026-06-09 09:30:22,초진,정상
8242,10004601,6,1017,2026-06-09 09:35:13,초진,정상
8243,10004598,6,1017,2026-06-09 09:35:36,초진,정상
8244,10004222,7,1020,2026-06-09 09:37:12,재진,정상
8245,10000957,1,1003,2026-06-09 09:39:27,초진,정상
8246,10004602,7,1020,2026-06-09 09:40:20,초진,정상
8247,10003950,8,1023,2026-06-09 09:41:07,재진,정상
8248,10003588,1,1003,2026-06-09 09:41:14,재진,정상
8249,10001094,8,1023,2026-06-09 09:42:07,재진,정상
8250,10004603,1,1003,2026-06-09 09:53:26,초진,정상
8251,10004604,6,1017,2026-06-09 10:09:34,초진,정상
8252,10002399,6,1017,2026-06-09 10:11:03,재진,정상
8253,10001767,8,1023,2026-06-09 10:14:22,초진,정상
8254,10000883,7,1020,2026-06-09 10:17:32,재진,정상
8255,10004605,7,1020,2026-06-09 10:19:35,초진,정상
8256,10004300,8,1023,2026-06-09 10:31:16,재진,정상
8257,10003877,8,1023,2026-06-09 10:34:36,재진,정상
8258,10000620,3,1008,2026-06-09 10:37:23,재진,정상
8259,10001641,8,1023,2026-06-09 10:45:50,초진,정상
8260,10000864,7,1020,2026-06-09 10:49:48,재진,정상
8261,10000255,7,1020,2026-06-09 10:53:50,초진,정상
8262,10004606,6,1017,2026-06-09 10:56:43,초진,정상
8263,10004607,3,1008,2026-06-09 11:09:52,초진,정상
8264,10003641,5,1015,2026-06-09 12:50:38,재진,정상
8265,10004608,6,1018,2026-06-09 12:51:28,초진,정상
8266,10004609,3,1008,2026-06-09 12:51:42,초진,정상
8267,10003241,6,1018,2026-06-09 12:53:23,재진,정상
8268,10004064,5,1015,2026-06-09 12:53:38,재진,정상
8269,10004146,4,1010,2026-06-09 12:55:10,재진,정상
8270,10003959,4,1010,2026-06-09 12:55:13,재진,정상
8271,10000437,3,1008,2026-06-09 13:01:29,초진,정상
8272,10004610,5,1015,2026-06-09 13:03:36,초진,정상
8273,10001540,5,1015,2026-06-09 13:06:21,초진,정상
8274,10004611,8,1023,2026-06-09 13:09:03,초진,정상
8275,10004403,4,1010,2026-06-09 13:09:52,재진,정상
8276,10000233,3,1008,2026-06-09 13:11:11,재진,정상
8277,10000509,4,1010,2026-06-09 13:12:41,재진,정상
8278,10002996,6,1018,2026-06-09 13:15:41,재진,정상
8279,10001045,4,1010,2026-06-09 13:17:43,재진,정상
8280,10004037,3,1008,2026-06-09 13:23:30,재진,정상
8281,10000200,4,1010,2026-06-09 13:24:06,초진,취소
8282,10000074,4,1010,2026-06-09 13:25:40,초진,정상
8283,10004380,5,1015,2026-06-09 13:32:50,재진,정상
8284,10002323,3,1008,2026-06-09 13:37:30,재진,정상
8285,10001585,4,1010,2026-06-09 13:48:03,재진,정상
8286,10004337,5,1015,2026-06-09 13:50:54,재진,정상
8287,10003416,3,1008,2026-06-09 13:53:35,재진,정상
8288,10002986,5,1015,2026-06-09 13:55:36,초진,정상
8289,10000386,2,1006,2026-06-09 13:58:26,재진,정상
8290,10001570,2,1006,2026-06-09 14:00:19,재진,정상
8291,10004612,6,1018,2026-06-09 14:03:07,초진,정상
8292,10000460,4,1010,2026-06-09 14:03:54,초진,정상
8293,10004067,8,1023,2026-06-09 14:10:54,재진,정상
8294,10000984,3,1008,2026-06-09 14:13:47,재진,정상
8295,10003957,4,1010,2026-06-09 14:14:21,재진,정상
8296,10004613,4,1010,2026-06-09 14:14:36,초진,정상
8297,10003920,6,1018,2026-06-09 14:24:31,재진,정상
8298,10003890,8,1023,2026-06-09 14:33:24,재진,정상
8299,10000261,2,1006,2026-06-09 14:36:54,재진,정상
8300,10004614,5,1015,2026-06-09 14:37:52,초진,정상
8301,10004617,8,1023,2026-06-09 14:42:58,초진,정상
8302,10004615,7,1019,2026-06-09 14:43:05,초진,취소
8303,10004618,4,1010,2026-06-09 14:49:48,초진,정상
8304,10004616,4,1010,2026-06-09 14:50:28,초진,정상
8305,10001131,5,1015,2026-06-09 14:51:07,재진,정상
8306,10004376,6,1018,2026-06-09 14:56:51,재진,정상
8307,10003792,4,1010,2026-06-09 15:14:15,재진,정상
8308,10000760,4,1010,2026-06-09 15:14:36,재진,정상
8309,10001218,4,1010,2026-06-09 15:33:54,초진,정상
8310,10001282,3,1007,2026-06-10 08:22:04,재진,정상
8311,10004619,3,1007,2026-06-10 08:28:41,초진,정상
8312,10001559,7,1020,2026-06-10 08:29:54,초진,정상
8313,10001924,3,1007,2026-06-10 08:32:33,재진,정상
8314,10002928,3,1007,2026-06-10 08:39:46,재진,정상
8315,10004308,6,1016,2026-06-10 08:45:07,재진,정상
8316,10002934,6,1016,2026-06-10 08:47:18,재진,정상
8317,10000733,7,1020,2026-06-10 08:58:33,재진,정상
8318,10004303,6,1016,2026-06-10 09:01:19,재진,취소
8319,10004620,6,1016,2026-06-10 09:12:02,초진,정상
8320,10001539,3,1007,2026-06-10 09:19:57,재진,정상
8321,10004621,1,1002,2026-06-10 09:22:54,초진,정상
8322,10003615,3,1007,2026-06-10 09:23:15,재진,정상
8323,10001490,7,1020,2026-06-10 09:27:25,초진,정상
8324,10003704,3,1007,2026-06-10 09:34:09,재진,취소
8325,10000885,3,1007,2026-06-10 09:46:20,초진,정상
8326,10004309,6,1016,2026-06-10 10:26:20,재진,정상
8327,10003898,6,1016,2026-06-10 10:29:58,재진,정상
8328,10003317,1,1002,2026-06-10 10:30:12,재진,정상
8329,10004032,3,1007,2026-06-10 10:42:03,초진,정상
8330,10004622,3,1007,2026-06-10 11:04:13,초진,정상
8331,10004452,2,1004,2026-06-10 12:50:59,재진,정상
8332,10000824,2,1004,2026-06-10 12:52:05,초진,정상
8333,10000467,3,1007,2026-06-10 12:53:28,초진,정상
8334,10001070,3,1007,2026-06-10 12:57:25,재진,정상
8335,10004623,2,1004,2026-06-10 13:05:52,초진,정상
8336,10004624,2,1004,2026-06-10 13:09:24,초진,취소
8337,10003647,2,1004,2026-06-10 13:13:24,재진,정상
8338,10000061,3,1007,2026-06-10 13:15:21,재진,정상
8339,10003184,2,1004,2026-06-10 13:33:46,재진,정상
8340,10001134,3,1007,2026-06-10 13:37:13,재진,정상
8341,10004074,3,1007,2026-06-10 13:47:10,재진,정상
8342,10001571,3,1007,2026-06-10 13:47:42,초진,정상
8343,10004080,2,1004,2026-06-10 13:56:47,재진,정상
8344,10004625,3,1007,2026-06-10 14:03:30,초진,정상
8345,10000725,3,1007,2026-06-10 14:03:49,재진,정상
8346,10000280,2,1004,2026-06-10 14:05:10,초진,정상
8347,10004291,6,1017,2026-06-10 14:22:13,재진,정상
8348,10001357,3,1007,2026-06-10 14:24:50,재진,정상
8349,10001736,3,1007,2026-06-10 14:27:50,초진,정상
8350,10000712,3,1007,2026-06-10 14:53:09,재진,정상
8351,10004626,2,1004,2026-06-10 15:05:22,초진,정상
8352,10000880,3,1009,2026-06-11 08:23:08,재진,정상
8353,10004253,3,1009,2026-06-11 08:23:20,재진,정상
8354,10002499,2,1005,2026-06-11 08:24:16,재진,정상
8355,10000266,2,1005,2026-06-11 08:24:49,초진,정상
8356,10004158,6,1016,2026-06-11 08:26:01,재진,정상
8357,10000564,3,1009,2026-06-11 08:29:44,초진,정상
8358,10000243,4,1011,2026-06-11 08:30:03,재진,정상
8359,10003212,3,1009,2026-06-11 08:32:41,재진,정상
8360,10002733,4,1011,2026-06-11 08:35:46,재진,정상
8361,10002483,4,1011,2026-06-11 08:37:33,초진,정상
8362,10002736,4,1011,2026-06-11 08:40:48,재진,정상
8363,10004167,3,1009,2026-06-11 08:41:53,재진,취소
8364,10000312,3,1009,2026-06-11 08:44:35,재진,정상
8365,10004396,4,1011,2026-06-11 08:49:10,재진,정상
8366,10000322,4,1011,2026-06-11 08:49:41,재진,정상
8367,10002841,2,1005,2026-06-11 08:53:28,재진,정상
8368,10003836,4,1011,2026-06-11 08:56:54,재진,정상
8369,10004627,3,1009,2026-06-11 08:59:41,초진,정상
8370,10003542,3,1009,2026-06-11 09:03:57,재진,정상
8371,10000680,4,1011,2026-06-11 09:04:30,초진,정상
8372,10004406,4,1011,2026-06-11 09:06:06,초진,정상
8373,10003011,3,1009,2026-06-11 09:06:25,재진,정상
8374,10004628,3,1009,2026-06-11 09:06:35,초진,정상
8375,10001409,7,1021,2026-06-11 09:08:57,초진,정상
8376,10002842,7,1021,2026-06-11 09:13:52,재진,정상
8377,10003984,3,1009,2026-06-11 09:14:29,재진,정상
8378,10004455,3,1009,2026-06-11 09:14:37,재진,정상
8379,10004629,7,1021,2026-06-11 09:22:59,초진,정상
8380,10004631,3,1009,2026-06-11 09:23:15,초진,정상
8381,10004179,2,1005,2026-06-11 09:23:24,재진,정상
8382,10000858,4,1011,2026-06-11 09:24:12,재진,정상
8383,10004630,4,1011,2026-06-11 09:25:13,초진,정상
8384,10000791,3,1009,2026-06-11 09:25:45,재진,정상
8385,10000223,7,1021,2026-06-11 09:42:44,초진,정상
8386,10001599,4,1011,2026-06-11 09:45:05,초진,정상
8387,10002162,4,1011,2026-06-11 09:47:45,초진,취소
8388,10003553,2,1005,2026-06-11 09:47:47,재진,정상
8389,10004632,3,1009,2026-06-11 09:51:17,초진,정상
8390,10004633,4,1011,2026-06-11 10:00:41,초진,정상
8391,10001299,4,1011,2026-06-11 10:15:46,재진,정상
8392,10002647,4,1011,2026-06-11 10:25:06,재진,정상
8393,10000316,3,1009,2026-06-11 10:38:12,재진,정상
8394,10000483,4,1011,2026-06-11 10:47:07,재진,정상
8395,10003983,4,1011,2026-06-11 10:55:09,재진,정상
8396,10003718,6,1016,2026-06-11 10:55:58,재진,정상
8397,10004223,7,1021,2026-06-11 11:10:29,초진,정상
8398,10003640,1,1001,2026-06-11 12:53:17,재진,정상
8399,10004177,4,1010,2026-06-11 13:00:50,재진,정상
8400,10004634,2,1005,2026-06-11 13:04:55,초진,정상
8401,10003668,1,1001,2026-06-11 13:06:35,초진,정상
8402,10003321,5,1015,2026-06-11 13:10:59,재진,정상
8403,10003822,5,1015,2026-06-11 13:11:31,재진,정상
8404,10000077,1,1001,2026-06-11 13:11:55,초진,정상
8405,10004635,1,1001,2026-06-11 13:13:35,초진,정상
8406,10000037,1,1001,2026-06-11 13:15:46,초진,정상
8407,10002278,1,1001,2026-06-11 13:19:04,재진,정상
8408,10004636,1,1001,2026-06-11 13:24:25,초진,정상
8409,10003924,1,1001,2026-06-11 13:33:36,재진,정상
8410,10000902,1,1001,2026-06-11 13:37:04,초진,정상
8411,10002336,4,1010,2026-06-11 13:37:10,재진,정상
8412,10001509,5,1015,2026-06-11 13:37:34,초진,정상
8413,10003316,5,1015,2026-06-11 13:37:50,재진,정상
8414,10002850,1,1001,2026-06-11 13:39:11,재진,정상
8415,10004637,5,1015,2026-06-11 13:42:09,초진,정상
8416,10002199,6,1018,2026-06-11 13:44:33,재진,정상
8417,10000168,1,1001,2026-06-11 13:45:09,초진,정상
8418,10001065,4,1010,2026-06-11 13:49:15,초진,정상
8419,10002176,2,1005,2026-06-11 13:51:50,초진,정상
8420,10001154,2,1005,2026-06-11 13:59:20,초진,정상
8421,10004434,6,1018,2026-06-11 14:06:53,재진,정상
8422,10003989,2,1005,2026-06-11 14:12:10,재진,정상
8423,10000230,1,1001,2026-06-11 14:18:30,초진,정상
8424,10001455,1,1001,2026-06-11 14:18:36,초진,정상
8425,10004638,4,1010,2026-06-11 14:21:16,초진,정상
8426,10001677,4,1010,2026-06-11 14:23:57,초진,정상
8427,10001186,4,1010,2026-06-11 14:26:17,재진,정상
8428,10000890,1,1001,2026-06-11 14:33:07,초진,정상
8429,10004640,6,1018,2026-06-11 14:34:47,초진,정상
8430,10003383,4,1010,2026-06-11 14:35:39,초진,정상
8431,10004639,6,1018,2026-06-11 14:37:19,초진,정상
8432,10003125,2,1005,2026-06-11 14:38:20,재진,정상
8433,10003420,6,1018,2026-06-11 14:43:52,재진,정상
8434,10004397,2,1005,2026-06-11 14:47:26,재진,정상
8435,10003997,1,1001,2026-06-11 14:51:49,재진,정상
8436,10003995,1,1001,2026-06-11 14:55:00,재진,정상
8437,10002936,2,1005,2026-06-11 15:04:27,초진,정상
8438,10002503,1,1001,2026-06-11 15:18:05,재진,정상
8439,10004099,6,1018,2026-06-11 15:33:14,재진,정상
8440,10004641,1,1001,2026-06-11 15:44:51,초진,정상
8441,10002947,5,1013,2026-06-12 08:40:32,재진,정상
8442,10003255,5,1013,2026-06-12 08:47:23,재진,정상
8443,10004474,3,1009,2026-06-12 08:48:59,재진,정상
8444,10002457,5,1013,2026-06-12 08:52:47,재진,정상
8445,10004103,5,1013,2026-06-12 08:55:32,재진,정상
8446,10002956,5,1013,2026-06-12 08:57:11,재진,정상
8447,10004642,8,1024,2026-06-12 08:58:11,초진,정상
8448,10002973,5,1013,2026-06-12 08:58:16,재진,정상
8449,10004398,3,1009,2026-06-12 09:04:15,재진,정상
8450,10004252,5,1013,2026-06-12 09:36:09,재진,정상
8451,10002595,5,1013,2026-06-12 09:42:24,재진,정상
8452,10003860,5,1013,2026-06-12 10:51:57,재진,정상
8453,10004643,4,1011,2026-06-12 12:52:42,초진,정상
8454,10000338,8,1024,2026-06-12 12:53:20,재진,정상
8455,10003264,1,1001,2026-06-12 12:53:39,재진,정상
8456,10000127,4,1011,2026-06-12 12:54:10,재진,정상
8457,10000177,8,1024,2026-06-12 13:01:02,재진,정상
8458,10003998,1,1001,2026-06-12 13:07:51,재진,정상
8459,10004392,2,1004,2026-06-12 13:12:12,재진,정상
8460,10004048,5,1014,2026-06-12 13:13:11,재진,정상
8461,10001031,4,1011,2026-06-12 13:19:00,초진,정상
8462,10004346,8,1024,2026-06-12 13:20:48,재진,취소
8463,10004182,1,1001,2026-06-12 13:21:30,초진,정상
8464,10004260,1,1001,2026-06-12 13:24:10,재진,정상
8465,10004645,2,1004,2026-06-12 13:25:03,초진,정상
8466,10004644,5,1014,2026-06-12 13:31:54,초진,정상
8467,10004104,4,1011,2026-06-12 13:34:14,초진,정상
8468,10004646,5,1014,2026-06-12 13:39:57,초진,정상
8469,10001892,5,1014,2026-06-12 13:40:48,초진,정상
8470,10003755,2,1004,2026-06-12 13:46:12,재진,정상
8471,10004647,1,1001,2026-06-12 13:54:52,초진,정상
8472,10000072,4,1011,2026-06-12 13:55:17,재진,정상
8473,10004648,8,1024,2026-06-12 14:13:24,초진,취소
8474,10004649,1,1001,2026-06-12 14:15:06,초진,정상
8475,10004650,2,1004,2026-06-12 14:28:20,초진,정상
8476,10004651,5,1014,2026-06-12 14:37:51,초진,정상
8477,10004101,1,1001,2026-06-12 14:55:59,재진,정상
8478,10001492,4,1011,2026-06-12 14:57:20,초진,정상
8479,10004652,4,1011,2026-06-12 15:09:27,초진,정상
8480,10000252,2,1004,2026-06-12 15:14:44,재진,정상
8481,10000899,1,1001,2026-06-12 15:28:01,초진,정상
8482,10000484,2,1006,2026-06-15 08:25:16,초진,정상
8483,10000923,7,1021,2026-06-15 08:27:25,초진,정상
8484,10004356,1,1002,2026-06-15 08:30:24,재진,정상
8485,10004653,2,1006,2026-06-15 08:36:42,초진,정상
8486,10003936,1,1002,2026-06-15 08:38:47,재진,정상
8487,10004654,2,1006,2026-06-15 08:40:09,초진,정상
8488,10000652,1,1002,2026-06-15 08:43:11,초진,정상
8489,10000347,2,1006,2026-06-15 08:47:55,재진,정상
8490,10004008,1,1002,2026-06-15 08:50:16,재진,정상
8491,10000878,1,1002,2026-06-15 08:50:53,재진,취소
8492,10003281,2,1006,2026-06-15 08:51:27,재진,정상
8493,10003152,2,1006,2026-06-15 08:52:54,재진,정상
8494,10000387,5,1014,2026-06-15 09:00:26,초진,정상
8495,10002177,7,1021,2026-06-15 09:00:27,초진,정상
8496,10000737,2,1006,2026-06-15 09:01:39,초진,정상
8497,10001254,7,1021,2026-06-15 09:07:07,초진,정상
8498,10000879,5,1014,2026-06-15 09:08:02,초진,정상
8499,10004655,1,1002,2026-06-15 09:13:52,초진,정상
8500,10003804,1,1002,2026-06-15 09:16:42,재진,정상
8501,10000083,1,1002,2026-06-15 09:26:17,초진,취소
8502,10001776,1,1002,2026-06-15 09:27:14,초진,정상
8503,10004011,2,1006,2026-06-15 09:27:52,재진,정상
8504,10004656,7,1021,2026-06-15 09:28:08,초진,정상
8505,10002761,7,1021,2026-06-15 09:48:48,재진,정상
8506,10000655,1,1002,2026-06-15 09:49:26,초진,정상
8507,10004657,1,1002,2026-06-15 09:51:20,초진,정상
8508,10001636,1,1002,2026-06-15 09:59:46,초진,정상
8509,10001729,1,1002,2026-06-15 10:04:16,재진,정상
8510,10003623,8,1022,2026-06-15 10:05:24,재진,정상
8511,10004658,1,1002,2026-06-15 10:06:55,초진,정상
8512,10000694,7,1021,2026-06-15 10:11:18,초진,정상
8513,10004269,7,1021,2026-06-15 10:14:00,재진,정상
8514,10004491,7,1021,2026-06-15 10:15:20,초진,정상
8515,10004084,7,1021,2026-06-15 10:15:54,초진,정상
8516,10000569,7,1021,2026-06-15 10:17:06,재진,정상
8517,10004268,1,1002,2026-06-15 10:21:47,재진,정상
8518,10001230,7,1021,2026-06-15 10:29:28,재진,정상
8519,10004659,1,1002,2026-06-15 10:34:15,초진,정상
8520,10004660,8,1022,2026-06-15 10:39:22,초진,정상
8521,10001352,7,1021,2026-06-15 10:44:59,초진,정상
8522,10000494,7,1021,2026-06-15 10:47:42,재진,정상
8523,10000505,7,1021,2026-06-15 10:49:19,재진,정상
8524,10000809,1,1003,2026-06-15 12:54:06,초진,정상
8525,10001808,4,1012,2026-06-15 12:55:07,재진,정상
8526,10001169,7,1019,2026-06-15 13:00:14,재진,정상
8527,10004027,8,1022,2026-06-15 13:00:14,재진,정상
8528,10004361,4,1012,2026-06-15 13:02:30,재진,정상
8529,10003806,4,1012,2026-06-15 13:04:35,초진,정상
8530,10001548,4,1012,2026-06-15 13:07:55,재진,정상
8531,10004661,8,1022,2026-06-15 13:14:17,초진,정상
8532,10000654,8,1022,2026-06-15 13:16:47,초진,정상
8533,10004129,7,1019,2026-06-15 13:20:25,재진,취소
8534,10004662,4,1012,2026-06-15 13:20:53,초진,정상
8535,10000790,4,1012,2026-06-15 13:21:55,초진,정상
8536,10003880,5,1013,2026-06-15 13:24:14,초진,정상
8537,10000477,4,1012,2026-06-15 13:25:10,재진,정상
8538,10003930,7,1019,2026-06-15 13:26:04,재진,정상
8539,10002969,7,1019,2026-06-15 13:28:52,재진,정상
8540,10002543,4,1012,2026-06-15 13:29:02,재진,정상
8541,10004504,1,1003,2026-06-15 13:31:27,재진,정상
8542,10001792,7,1019,2026-06-15 13:32:03,초진,정상
8543,10003091,7,1019,2026-06-15 13:32:51,재진,정상
8544,10000339,1,1003,2026-06-15 13:32:52,재진,정상
8545,10000100,4,1012,2026-06-15 13:34:34,초진,정상
8546,10001072,8,1022,2026-06-15 13:37:35,재진,정상
8547,10004132,4,1012,2026-06-15 13:41:14,재진,정상
8548,10004663,8,1022,2026-06-15 13:41:19,초진,정상
8549,10000210,8,1022,2026-06-15 13:42:40,재진,정상
8550,10003594,5,1013,2026-06-15 13:43:02,재진,정상
8551,10000553,7,1019,2026-06-15 13:44:10,재진,정상
8552,10004664,4,1012,2026-06-15 13:46:47,초진,정상
8553,10000279,1,1003,2026-06-15 13:48:13,초진,정상
8554,10001146,5,1013,2026-06-15 13:50:03,초진,취소
8555,10000248,4,1012,2026-06-15 13:52:19,재진,정상
8556,10004058,1,1003,2026-06-15 13:53:25,초진,정상
8557,10001374,4,1012,2026-06-15 13:55:56,초진,정상
8558,10004483,7,1019,2026-06-15 14:00:19,초진,정상
8559,10001743,4,1012,2026-06-15 14:02:18,재진,정상
8560,10004278,1,1003,2026-06-15 14:04:08,재진,정상
8561,10000963,4,1012,2026-06-15 14:04:51,재진,정상
8562,10001061,1,1003,2026-06-15 14:07:39,초진,정상
8563,10004665,4,1012,2026-06-15 14:17:30,초진,정상
8564,10004666,1,1003,2026-06-15 14:19:15,초진,정상
8565,10004667,8,1022,2026-06-15 14:23:47,초진,정상
8566,10001373,1,1003,2026-06-15 14:29:56,초진,정상
8567,10000928,7,1019,2026-06-15 14:32:38,재진,정상
8568,10002963,5,1013,2026-06-15 14:33:07,재진,정상
8569,10004134,8,1022,2026-06-15 14:33:44,재진,정상
8570,10000430,1,1003,2026-06-15 14:34:30,초진,취소
8571,10001573,4,1012,2026-06-15 14:35:41,재진,정상
8572,10000374,1,1003,2026-06-15 14:37:30,재진,정상
8573,10000289,7,1019,2026-06-15 14:38:56,재진,정상
8574,10002792,1,1003,2026-06-15 14:41:00,재진,정상
8575,10004128,7,1019,2026-06-15 14:41:13,재진,정상
8576,10003148,4,1012,2026-06-15 14:52:48,재진,정상
8577,10004668,1,1003,2026-06-15 15:05:46,초진,정상
8578,10002905,1,1003,2026-06-15 15:12:46,재진,정상
8579,10004273,1,1003,2026-06-15 15:17:59,재진,정상
8580,10000775,1,1003,2026-06-15 15:20:24,초진,정상
8581,10004213,5,1013,2026-06-15 15:26:17,재진,정상
8582,10004669,1,1003,2026-06-15 15:26:20,초진,정상
8583,10000442,7,1020,2026-06-16 08:22:34,초진,정상
8584,10000638,7,1020,2026-06-16 08:25:29,재진,정상
8585,10004042,6,1017,2026-06-16 08:27:04,재진,정상
8586,10004670,7,1020,2026-06-16 08:28:33,초진,정상
8587,10000344,4,1012,2026-06-16 08:29:53,초진,정상
8588,10004672,6,1017,2026-06-16 08:30:22,초진,취소
8589,10001328,7,1020,2026-06-16 08:31:02,재진,정상
8590,10004671,7,1020,2026-06-16 08:33:01,초진,정상
8591,10000244,7,1020,2026-06-16 08:34:26,초진,정상
8592,10000575,8,1023,2026-06-16 08:36:20,재진,정상
8593,10004673,6,1017,2026-06-16 08:40:34,초진,정상
8594,10001596,1,1003,2026-06-16 08:41:24,초진,정상
8595,10000366,7,1020,2026-06-16 08:43:27,초진,정상
8596,10002862,1,1003,2026-06-16 08:44:53,초진,정상
8597,10003496,7,1020,2026-06-16 08:45:04,재진,정상
8598,10003163,7,1020,2026-06-16 08:45:17,재진,취소
8599,10004674,7,1020,2026-06-16 08:45:25,초진,정상
8600,10001498,8,1023,2026-06-16 08:46:14,재진,정상
8601,10003303,7,1020,2026-06-16 08:46:36,재진,정상
8602,10004675,1,1003,2026-06-16 08:55:38,초진,정상
8603,10004676,6,1017,2026-06-16 08:57:26,초진,정상
8604,10002797,6,1017,2026-06-16 09:02:52,재진,정상
8605,10004677,3,1008,2026-06-16 09:05:02,초진,정상
8606,10004678,7,1020,2026-06-16 09:07:10,초진,정상
8607,10002326,6,1017,2026-06-16 09:15:13,재진,정상
8608,10003879,8,1023,2026-06-16 09:21:46,재진,정상
8609,10004681,3,1008,2026-06-16 09:22:05,초진,정상
8610,10001822,3,1008,2026-06-16 09:22:58,재진,정상
8611,10004679,7,1020,2026-06-16 09:23:51,초진,정상
8612,10004125,1,1003,2026-06-16 09:24:16,초진,정상
8613,10004680,6,1017,2026-06-16 09:24:28,초진,정상
8614,10004682,7,1020,2026-06-16 09:26:03,초진,정상
8615,10004421,6,1017,2026-06-16 09:32:20,재진,정상
8616,10001888,3,1008,2026-06-16 09:33:44,재진,정상
8617,10004302,3,1008,2026-06-16 09:53:42,재진,정상
8618,10001659,8,1023,2026-06-16 10:08:49,재진,정상
8619,10000080,3,1008,2026-06-16 10:09:07,초진,정상
8620,10000762,8,1023,2026-06-16 10:19:54,초진,정상
8621,10000546,4,1012,2026-06-16 10:31:36,재진,정상
8622,10004683,1,1003,2026-06-16 10:44:48,초진,정상
8623,10001093,1,1003,2026-06-16 10:59:39,초진,취소
8624,10004040,7,1020,2026-06-16 11:07:19,재진,정상
8625,10004685,4,1010,2026-06-16 12:50:25,초진,정상
8626,10003611,4,1010,2026-06-16 12:50:30,재진,정상
8627,10004684,8,1023,2026-06-16 12:54:59,초진,정상
8628,10000637,4,1010,2026-06-16 12:57:26,초진,정상
8629,10001483,4,1010,2026-06-16 12:57:33,초진,정상
8630,10004688,4,1010,2026-06-16 13:00:59,초진,정상
8631,10002079,7,1019,2026-06-16 13:02:13,재진,정상
8632,10004686,5,1015,2026-06-16 13:02:42,초진,정상
8633,10000384,5,1015,2026-06-16 13:03:14,초진,정상
8634,10004689,3,1008,2026-06-16 13:03:31,초진,정상
8635,10004159,5,1015,2026-06-16 13:03:36,초진,정상
8636,10003396,7,1019,2026-06-16 13:03:58,초진,정상
8637,10001821,4,1010,2026-06-16 13:04:10,초진,정상
8638,10000429,3,1008,2026-06-16 13:04:25,초진,정상
8639,10004687,2,1006,2026-06-16 13:06:03,초진,정상
8640,10004690,6,1018,2026-06-16 13:14:22,초진,정상
8641,10003475,2,1006,2026-06-16 13:15:07,재진,정상
8642,10003318,6,1018,2026-06-16 13:19:41,재진,정상
8643,10004034,7,1019,2026-06-16 13:20:13,재진,정상
8644,10004045,4,1010,2026-06-16 13:20:37,재진,정상
8645,10003411,3,1008,2026-06-16 13:20:53,재진,정상
8646,10004691,6,1018,2026-06-16 13:23:18,초진,정상
8647,10003600,6,1018,2026-06-16 13:25:06,재진,정상
8648,10003688,8,1023,2026-06-16 13:28:34,재진,취소
8649,10001857,3,1008,2026-06-16 13:28:42,초진,정상
8650,10000918,5,1015,2026-06-16 13:29:06,재진,정상
8651,10000538,5,1015,2026-06-16 13:31:01,재진,정상
8652,10003428,5,1015,2026-06-16 13:37:17,재진,정상
8653,10001028,5,1015,2026-06-16 13:44:56,초진,정상
8654,10001452,4,1010,2026-06-16 13:53:28,초진,정상
8655,10004198,4,1010,2026-06-16 13:55:44,초진,정상
8656,10004180,6,1018,2026-06-16 13:56:52,재진,정상
8657,10004692,2,1006,2026-06-16 13:57:59,초진,정상
8658,10000411,4,1010,2026-06-16 14:01:40,초진,정상
8659,10004091,6,1018,2026-06-16 14:05:22,재진,정상
8660,10004693,6,1018,2026-06-16 14:11:12,초진,정상
8661,10004373,5,1015,2026-06-16 14:14:09,재진,정상
8662,10004694,5,1015,2026-06-16 14:17:59,초진,정상
8663,10004695,3,1008,2026-06-16 14:20:02,초진,정상
8664,10000111,3,1008,2026-06-16 14:20:25,재진,정상
8665,10001081,3,1008,2026-06-16 14:21:48,재진,정상
8666,10003892,4,1010,2026-06-16 14:30:00,재진,정상
8667,10000078,4,1010,2026-06-16 14:33:58,초진,정상
8668,10000549,8,1023,2026-06-16 14:35:41,초진,정상
8669,10002770,4,1010,2026-06-16 14:39:02,재진,정상
8670,10003519,4,1010,2026-06-16 14:43:33,재진,정상
8671,10002517,4,1010,2026-06-16 14:49:23,초진,정상
8672,10002121,5,1015,2026-06-16 14:57:05,재진,정상
8673,10003793,6,1018,2026-06-16 15:04:21,재진,정상
8674,10004153,6,1018,2026-06-16 15:05:12,초진,정상
8675,10004432,4,1010,2026-06-16 15:09:07,재진,정상
8676,10004697,6,1016,2026-06-17 08:21:00,초진,정상
8677,10004698,7,1020,2026-06-17 08:21:03,초진,정상
8678,10004696,1,1002,2026-06-17 08:26:06,초진,정상
8679,10004363,7,1020,2026-06-17 08:39:30,재진,정상
8680,10004699,3,1007,2026-06-17 08:42:14,초진,정상
8681,10004306,6,1016,2026-06-17 08:50:52,재진,정상
8682,10004700,6,1016,2026-06-17 08:55:02,초진,정상
8683,10001261,1,1002,2026-06-17 08:57:35,초진,정상
8684,10004265,1,1002,2026-06-17 08:58:05,재진,정상
8685,10001543,3,1007,2026-06-17 09:05:16,초진,정상
8686,10000933,3,1007,2026-06-17 09:07:54,재진,정상
8687,10000410,3,1007,2026-06-17 09:18:23,초진,정상
8688,10001696,3,1007,2026-06-17 09:25:54,재진,정상
8689,10002655,1,1002,2026-06-17 09:29:24,재진,정상
8690,10003232,6,1016,2026-06-17 09:32:23,초진,정상
8691,10004702,3,1007,2026-06-17 09:34:02,초진,정상
8692,10004701,1,1002,2026-06-17 09:43:18,초진,정상
8693,10003807,3,1007,2026-06-17 09:52:10,재진,정상
8694,10001104,1,1002,2026-06-17 09:55:58,재진,정상
8695,10004087,6,1016,2026-06-17 09:58:04,재진,정상
8696,10000506,3,1007,2026-06-17 09:59:41,초진,정상
8697,10000434,3,1007,2026-06-17 10:00:49,초진,정상
8698,10003353,3,1007,2026-06-17 10:13:47,재진,정상
8699,10004703,3,1007,2026-06-17 10:22:02,초진,정상
8700,10000743,3,1007,2026-06-17 10:27:01,초진,정상
8701,10004598,7,1020,2026-06-17 10:41:46,초진,정상
8702,10004304,3,1007,2026-06-17 12:51:45,재진,정상
8703,10004704,3,1007,2026-06-17 12:59:20,초진,정상
8704,10000063,3,1007,2026-06-17 13:04:01,초진,정상
8705,10001107,2,1004,2026-06-17 13:08:19,재진,정상
8706,10004448,3,1007,2026-06-17 13:22:04,재진,정상
8707,10004705,2,1004,2026-06-17 13:28:35,초진,정상
8708,10001318,2,1004,2026-06-17 13:32:57,재진,정상
8709,10004706,6,1017,2026-06-17 13:36:53,초진,정상
8710,10004707,2,1004,2026-06-17 13:39:55,초진,정상
8711,10003863,3,1007,2026-06-17 13:40:14,재진,정상
8712,10001066,2,1004,2026-06-17 13:45:45,초진,정상
8713,10004164,2,1004,2026-06-17 13:54:20,재진,정상
8714,10003620,2,1004,2026-06-17 13:54:52,재진,정상
8715,10004384,3,1007,2026-06-17 13:56:17,재진,정상
8716,10004163,2,1004,2026-06-17 13:57:47,재진,정상
8717,10004078,2,1004,2026-06-17 14:05:03,초진,정상
8718,10003445,2,1004,2026-06-17 14:35:54,재진,정상
8719,10000470,2,1004,2026-06-17 14:49:43,재진,정상
8720,10001454,7,1021,2026-06-18 08:21:34,재진,정상
8721,10004709,2,1005,2026-06-18 08:22:25,초진,정상
8722,10003544,3,1009,2026-06-18 08:24:49,재진,정상
8723,10004160,6,1016,2026-06-18 08:25:09,재진,정상
8724,10004708,3,1009,2026-06-18 08:25:19,초진,정상
8725,10002684,3,1009,2026-06-18 08:25:23,재진,정상
8726,10003970,3,1009,2026-06-18 08:26:41,재진,정상
8727,10004710,2,1005,2026-06-18 08:27:04,초진,정상
8728,10004319,4,1011,2026-06-18 08:31:21,재진,정상
8729,10004711,2,1005,2026-06-18 08:34:51,초진,취소
8730,10000652,4,1011,2026-06-18 08:35:09,재진,정상
8731,10001722,3,1009,2026-06-18 08:36:55,재진,정상
8732,10004714,4,1011,2026-06-18 08:42:47,초진,정상
8733,10001052,2,1005,2026-06-18 08:43:27,재진,정상
8734,10004713,4,1011,2026-06-18 08:45:07,초진,정상
8735,10004712,4,1011,2026-06-18 08:45:35,초진,정상
8736,10001687,4,1011,2026-06-18 08:45:37,재진,정상
8737,10003450,2,1005,2026-06-18 08:46:04,재진,정상
8738,10003988,2,1005,2026-06-18 08:47:35,재진,정상
8739,10004715,3,1009,2026-06-18 08:49:49,초진,정상
8740,10003015,4,1011,2026-06-18 08:51:03,재진,정상
8741,10004090,3,1009,2026-06-18 08:52:07,재진,정상
8742,10001506,4,1011,2026-06-18 08:53:46,초진,정상
8743,10004716,2,1005,2026-06-18 08:56:30,초진,정상
8744,10001604,4,1011,2026-06-18 08:57:26,초진,정상
8745,10002298,4,1011,2026-06-18 08:59:30,재진,정상
8746,10004168,3,1009,2026-06-18 09:02:02,재진,정상
8747,10004401,2,1005,2026-06-18 09:02:58,재진,정상
8748,10004717,3,1009,2026-06-18 09:16:50,초진,정상
8749,10001365,7,1021,2026-06-18 09:19:47,초진,정상
8750,10001009,3,1009,2026-06-18 09:22:37,재진,정상
8751,10004082,4,1011,2026-06-18 09:25:02,재진,정상
8752,10004718,3,1009,2026-06-18 09:27:02,초진,정상
8753,10001004,7,1021,2026-06-18 09:27:08,초진,취소
8754,10001105,3,1009,2026-06-18 09:30:38,재진,정상
8755,10003424,4,1011,2026-06-18 09:31:34,초진,정상
8756,10004105,4,1011,2026-06-18 09:32:07,재진,정상
8757,10002744,4,1011,2026-06-18 09:35:38,초진,정상
8758,10002733,7,1021,2026-06-18 09:46:10,초진,정상
8759,10000846,2,1005,2026-06-18 09:47:25,재진,정상
8760,10002026,7,1021,2026-06-18 09:56:38,재진,정상
8761,10001363,4,1011,2026-06-18 09:57:41,재진,정상
8762,10001099,4,1011,2026-06-18 10:02:22,재진,정상
8763,10003813,2,1005,2026-06-18 10:17:26,재진,정상
8764,10004324,4,1011,2026-06-18 10:18:44,재진,정상
8765,10003182,2,1005,2026-06-18 10:49:58,재진,정상
8766,10004719,4,1011,2026-06-18 10:56:06,초진,정상
8767,10002524,2,1005,2026-06-18 11:03:55,재진,정상
8768,10000394,3,1009,2026-06-18 11:07:26,재진,정상
8769,10004093,4,1010,2026-06-18 12:56:46,재진,정상
8770,10004720,1,1001,2026-06-18 12:57:43,초진,정상
8771,10004298,4,1010,2026-06-18 13:08:34,재진,정상
8772,10003992,1,1001,2026-06-18 13:10:24,재진,정상
8773,10004083,2,1005,2026-06-18 13:11:46,재진,정상
8774,10000836,1,1001,2026-06-18 13:14:44,재진,정상
8775,10004721,1,1001,2026-06-18 13:15:16,초진,정상
8776,10002918,4,1010,2026-06-18 13:15:49,재진,정상
8777,10000991,1,1001,2026-06-18 13:16:56,초진,정상
8778,10000528,1,1001,2026-06-18 13:29:42,재진,정상
8779,10003511,4,1010,2026-06-18 13:30:43,재진,정상
8780,10001294,5,1015,2026-06-18 13:31:03,초진,정상
8781,10004016,1,1001,2026-06-18 13:34:45,재진,정상
8782,10003203,1,1001,2026-06-18 13:35:32,재진,정상
8783,10000806,5,1015,2026-06-18 13:40:08,재진,취소
8784,10000909,1,1001,2026-06-18 13:40:41,초진,정상
8785,10003036,2,1005,2026-06-18 13:41:05,재진,정상
8786,10001323,2,1005,2026-06-18 13:41:42,초진,정상
8787,10004245,4,1010,2026-06-18 13:41:47,재진,정상
8788,10001828,1,1001,2026-06-18 13:48:22,초진,정상
8789,10003603,5,1015,2026-06-18 13:50:45,재진,정상
8790,10001253,6,1018,2026-06-18 13:54:08,초진,정상
8791,10002522,4,1010,2026-06-18 14:05:02,초진,정상
8792,10003961,6,1018,2026-06-18 14:26:17,재진,정상
8793,10004187,1,1001,2026-06-18 14:31:53,재진,정상
8794,10001397,1,1001,2026-06-18 14:39:37,재진,정상
8795,10004472,1,1001,2026-06-18 14:45:50,재진,정상
8796,10004722,6,1018,2026-06-18 14:46:07,초진,취소
8797,10004061,6,1018,2026-06-18 14:59:04,재진,정상
8798,10003423,4,1010,2026-06-18 15:00:53,재진,정상
8799,10001088,5,1015,2026-06-18 15:07:09,초진,정상
8800,10004521,6,1018,2026-06-18 15:08:24,재진,정상
8801,10004102,5,1013,2026-06-19 08:22:51,재진,정상
8802,10004723,5,1013,2026-06-19 08:25:19,초진,정상
8803,10003462,8,1024,2026-06-19 08:41:09,재진,정상
8804,10004724,5,1013,2026-06-19 08:43:13,초진,정상
8805,10001062,5,1013,2026-06-19 08:45:23,재진,정상
8806,10001709,5,1013,2026-06-19 08:46:24,초진,정상
8807,10000605,8,1024,2026-06-19 08:49:36,재진,정상
8808,10004411,8,1024,2026-06-19 08:49:47,재진,정상
8809,10004250,5,1013,2026-06-19 08:51:18,재진,정상
8810,10002520,5,1013,2026-06-19 08:56:09,초진,정상
8811,10001025,8,1024,2026-06-19 09:14:57,초진,정상
8812,10001993,5,1013,2026-06-19 09:20:50,초진,정상
8813,10004725,5,1013,2026-06-19 09:23:02,초진,정상
8814,10003249,8,1024,2026-06-19 09:32:09,재진,정상
8815,10000798,5,1013,2026-06-19 09:39:50,초진,정상
8816,10002630,5,1013,2026-06-19 09:44:17,초진,정상
8817,10004726,8,1024,2026-06-19 10:01:24,초진,정상
8818,10004727,5,1013,2026-06-19 10:12:17,초진,정상
8819,10004186,1,1001,2026-06-19 12:54:52,재진,정상
8820,10000585,5,1014,2026-06-19 13:02:33,재진,정상
8821,10002183,5,1014,2026-06-19 13:08:42,초진,정상
8822,10001138,5,1014,2026-06-19 13:09:10,재진,정상
8823,10003988,5,1014,2026-06-19 13:12:19,재진,정상
8824,10000558,5,1014,2026-06-19 13:13:36,초진,정상
8825,10003564,4,1011,2026-06-19 13:27:04,재진,정상
8826,10001426,5,1014,2026-06-19 13:29:45,초진,정상
8827,10004728,1,1001,2026-06-19 13:31:20,초진,정상
8828,10003136,5,1014,2026-06-19 13:35:28,재진,정상
8829,10004729,2,1004,2026-06-19 13:38:15,초진,정상
8830,10000023,4,1011,2026-06-19 13:39:05,초진,정상
8831,10003739,1,1001,2026-06-19 13:45:21,재진,정상
8832,10003378,5,1014,2026-06-19 13:46:16,재진,정상
8833,10004731,5,1014,2026-06-19 13:48:56,초진,정상
8834,10004730,2,1004,2026-06-19 13:49:19,초진,정상
8835,10004408,1,1001,2026-06-19 13:53:11,재진,정상
8836,10004732,2,1004,2026-06-19 13:57:14,초진,정상
8837,10000376,8,1024,2026-06-19 14:06:51,초진,정상
8838,10002616,4,1011,2026-06-19 14:07:43,재진,정상
8839,10003560,8,1024,2026-06-19 14:16:19,재진,정상
8840,10000766,1,1001,2026-06-19 14:25:43,재진,정상
8841,10002109,8,1024,2026-06-19 14:31:30,초진,정상
8842,10003748,5,1014,2026-06-19 14:36:25,재진,정상
8843,10002172,8,1024,2026-06-19 14:39:30,초진,정상
8844,10004733,4,1011,2026-06-19 15:03:40,초진,정상
8845,10004734,1,1001,2026-06-19 15:20:11,초진,취소
8846,10000350,2,1006,2026-06-22 08:23:28,초진,정상
8847,10004735,7,1021,2026-06-22 08:23:56,초진,정상
8848,10001505,1,1002,2026-06-22 08:29:55,초진,정상
8849,10000480,1,1002,2026-06-22 08:30:55,재진,정상
8850,10004115,5,1014,2026-06-22 08:31:00,재진,정상
8851,10001671,1,1002,2026-06-22 08:31:15,재진,정상
8852,10004736,2,1006,2026-06-22 08:41:39,초진,정상
8853,10000474,8,1022,2026-06-22 08:43:21,초진,정상
8854,10003751,2,1006,2026-06-22 08:44:20,재진,정상
8855,10000341,1,1002,2026-06-22 08:44:55,초진,정상
8856,10004643,8,1022,2026-06-22 08:46:48,초진,정상
8857,10002893,8,1022,2026-06-22 08:47:57,재진,정상
8858,10004193,5,1014,2026-06-22 08:48:06,재진,정상
8859,10001613,1,1002,2026-06-22 08:50:38,초진,정상
8860,10002487,7,1021,2026-06-22 08:52:07,초진,정상
8861,10001525,1,1002,2026-06-22 08:55:38,초진,정상
8862,10000706,8,1022,2026-06-22 08:59:23,재진,정상
8863,10004494,2,1006,2026-06-22 09:01:27,재진,정상
8864,10004737,1,1002,2026-06-22 09:03:08,초진,정상
8865,10000287,2,1006,2026-06-22 09:03:36,재진,정상
8866,10003899,1,1002,2026-06-22 09:05:24,재진,정상
8867,10000489,1,1002,2026-06-22 09:10:49,초진,정상
8868,10004194,5,1014,2026-06-22 09:14:49,재진,취소
8869,10004739,1,1002,2026-06-22 09:16:42,초진,정상
8870,10003965,2,1006,2026-06-22 09:17:03,재진,정상
8871,10004738,1,1002,2026-06-22 09:18:28,초진,정상
8872,10003753,8,1022,2026-06-22 09:18:31,재진,정상
8873,10001844,5,1014,2026-06-22 09:19:40,재진,정상
8874,10002070,2,1006,2026-06-22 09:28:51,재진,정상
8875,10004486,2,1006,2026-06-22 09:32:53,재진,정상
8876,10000700,8,1022,2026-06-22 09:36:57,재진,정상
8877,10003840,1,1002,2026-06-22 09:51:28,재진,정상
8878,10004740,8,1022,2026-06-22 09:52:46,초진,정상
8879,10001098,2,1006,2026-06-22 09:54:12,재진,정상
8880,10004200,1,1002,2026-06-22 10:02:10,재진,정상
8881,10003669,8,1022,2026-06-22 10:03:21,재진,정상
8882,10001295,1,1002,2026-06-22 10:14:59,재진,정상
8883,10003897,1,1002,2026-06-22 10:15:59,재진,정상
8884,10000647,8,1022,2026-06-22 10:22:58,재진,정상
8885,10004478,5,1014,2026-06-22 10:27:17,재진,정상
8886,10002868,5,1014,2026-06-22 10:27:29,재진,정상
8887,10000122,1,1002,2026-06-22 10:29:53,재진,정상
8888,10002446,2,1006,2026-06-22 10:36:29,재진,정상
8889,10004108,2,1006,2026-06-22 10:46:22,초진,정상
8890,10004741,7,1021,2026-06-22 10:48:00,초진,정상
8891,10004175,7,1021,2026-06-22 10:48:13,재진,정상
8892,10001496,8,1022,2026-06-22 10:57:12,초진,정상
8893,10002311,8,1022,2026-06-22 10:57:42,초진,정상
8894,10004743,7,1019,2026-06-22 12:50:49,초진,정상
8895,10001980,5,1013,2026-06-22 12:54:13,초진,정상
8896,10004207,1,1003,2026-06-22 12:55:58,재진,정상
8897,10003463,5,1013,2026-06-22 12:59:05,재진,정상
8898,10004742,8,1022,2026-06-22 13:00:20,초진,정상
8899,10003874,1,1003,2026-06-22 13:01:12,재진,정상
8900,10004744,7,1019,2026-06-22 13:04:17,초진,정상
8901,10004745,4,1012,2026-06-22 13:04:21,초진,정상
8902,10004746,1,1003,2026-06-22 13:10:14,초진,정상
8903,10004010,8,1022,2026-06-22 13:14:14,재진,정상
8904,10000915,4,1012,2026-06-22 13:16:11,초진,정상
8905,10004747,1,1003,2026-06-22 13:17:23,초진,취소
8906,10004749,4,1012,2026-06-22 13:17:32,초진,정상
8907,10004030,4,1012,2026-06-22 13:19:31,재진,정상
8908,10000796,4,1012,2026-06-22 13:19:46,초진,취소
8909,10004748,4,1012,2026-06-22 13:21:00,초진,정상
8910,10004750,7,1019,2026-06-22 13:24:39,초진,정상
8911,10003759,1,1003,2026-06-22 13:25:00,재진,정상
8912,10003666,4,1012,2026-06-22 13:27:07,재진,정상
8913,10003937,8,1022,2026-06-22 13:29:03,재진,정상
8914,10004751,1,1003,2026-06-22 13:29:16,초진,정상
8915,10003859,7,1019,2026-06-22 13:30:27,재진,정상
8916,10004285,1,1003,2026-06-22 13:31:04,재진,정상
8917,10001250,5,1013,2026-06-22 13:31:40,초진,정상
8918,10003014,1,1003,2026-06-22 13:33:46,재진,정상
8919,10001141,7,1019,2026-06-22 13:35:10,재진,정상
8920,10004409,5,1013,2026-06-22 13:43:36,재진,정상
8921,10002183,7,1019,2026-06-22 13:44:16,재진,취소
8922,10001285,1,1003,2026-06-22 13:46:49,재진,정상
8923,10004123,1,1003,2026-06-22 13:47:09,재진,정상
8924,10000197,7,1019,2026-06-22 13:48:38,초진,정상
8925,10000008,7,1019,2026-06-22 13:49:12,초진,정상
8926,10004753,7,1019,2026-06-22 13:53:33,초진,정상
8927,10004752,1,1003,2026-06-22 13:57:56,초진,정상
8928,10004126,4,1012,2026-06-22 14:05:49,재진,정상
8929,10004209,8,1022,2026-06-22 14:07:10,재진,정상
8930,10001080,1,1003,2026-06-22 14:12:33,초진,정상
8931,10002034,4,1012,2026-06-22 14:13:09,재진,정상
8932,10000697,7,1019,2026-06-22 14:14:09,초진,정상
8933,10002675,4,1012,2026-06-22 14:18:42,재진,정상
8934,10002606,5,1013,2026-06-22 14:22:17,재진,취소
8935,10004279,1,1003,2026-06-22 14:23:05,재진,정상
8936,10003763,1,1003,2026-06-22 14:24:10,재진,정상
8937,10004370,1,1003,2026-06-22 14:26:00,재진,정상
8938,10003128,5,1013,2026-06-22 14:28:18,재진,정상
8939,10004167,4,1012,2026-06-22 14:29:08,초진,정상
8940,10002439,1,1003,2026-06-22 14:34:17,초진,취소
8941,10004754,4,1012,2026-06-22 14:36:09,초진,정상
8942,10001212,4,1012,2026-06-22 14:36:42,초진,정상
8943,10000917,8,1022,2026-06-22 14:38:40,초진,취소
8944,10004755,5,1013,2026-06-22 14:47:46,초진,정상
8945,10004756,1,1003,2026-06-22 14:55:15,초진,정상
8946,10004757,4,1012,2026-06-22 15:09:23,초진,정상
8947,10004758,7,1019,2026-06-22 15:11:13,초진,정상
8948,10004759,5,1013,2026-06-22 15:12:34,초진,정상
8949,10000496,8,1022,2026-06-22 15:13:41,초진,정상
8950,10003006,1,1003,2026-06-22 15:20:20,재진,정상
8951,10003490,4,1012,2026-06-22 15:21:00,재진,정상
8952,10000548,3,1008,2026-06-23 08:29:06,재진,정상
8953,10000125,8,1023,2026-06-23 08:37:05,초진,정상
8954,10003869,1,1003,2026-06-23 08:41:10,재진,정상
8955,10000274,7,1020,2026-06-23 08:41:14,초진,정상
8956,10003713,6,1017,2026-06-23 08:44:11,재진,정상
8957,10001769,3,1008,2026-06-23 08:45:53,재진,정상
8958,10000667,7,1020,2026-06-23 08:47:50,초진,정상
8959,10000406,3,1008,2026-06-23 08:48:53,재진,정상
8960,10004294,6,1017,2026-06-23 08:50:15,재진,정상
8961,10004505,7,1020,2026-06-23 08:51:20,재진,정상
8962,10000502,7,1020,2026-06-23 08:52:28,재진,정상
8963,10004524,3,1008,2026-06-23 08:57:02,재진,정상
8964,10004761,3,1008,2026-06-23 09:01:11,초진,정상
8965,10003679,7,1020,2026-06-23 09:02:07,재진,정상
8966,10003256,8,1023,2026-06-23 09:03:13,재진,취소
8967,10004760,7,1020,2026-06-23 09:07:34,초진,정상
8968,10004762,6,1017,2026-06-23 09:09:40,초진,정상
8969,10002405,3,1008,2026-06-23 09:11:59,재진,정상
8970,10001211,7,1020,2026-06-23 09:16:31,초진,정상
8971,10000503,7,1020,2026-06-23 09:24:39,재진,정상
8972,10004763,3,1008,2026-06-23 09:30:11,초진,정상
8973,10003779,6,1017,2026-06-23 09:33:34,재진,정상
8974,10003903,6,1017,2026-06-23 09:41:12,재진,정상
8975,10001809,3,1008,2026-06-23 09:51:25,초진,정상
8976,10003954,3,1008,2026-06-23 09:54:26,재진,정상
8977,10004764,6,1017,2026-06-23 10:04:18,초진,정상
8978,10003524,8,1023,2026-06-23 10:12:19,재진,정상
8979,10004659,7,1020,2026-06-23 10:17:20,초진,정상
8980,10004369,6,1017,2026-06-23 10:40:37,재진,정상
8981,10001340,3,1008,2026-06-23 10:40:59,초진,정상
8982,10000347,4,1012,2026-06-23 10:46:19,재진,정상
8983,10002411,8,1023,2026-06-23 10:57:41,초진,정상
8984,10001600,1,1003,2026-06-23 10:58:48,초진,정상
8985,10002809,3,1008,2026-06-23 12:51:05,재진,정상
8986,10000634,4,1010,2026-06-23 12:55:13,재진,정상
8987,10003407,2,1006,2026-06-23 12:58:33,초진,정상
8988,10004765,3,1008,2026-06-23 13:06:42,초진,정상
8989,10002999,2,1006,2026-06-23 13:07:00,재진,정상
8990,10004766,7,1019,2026-06-23 13:08:28,초진,정상
8991,10003789,4,1010,2026-06-23 13:11:22,재진,정상
8992,10002708,5,1015,2026-06-23 13:18:54,재진,정상
8993,10004767,6,1018,2026-06-23 13:39:10,초진,정상
8994,10004769,8,1023,2026-06-23 13:44:47,초진,정상
8995,10004768,4,1010,2026-06-23 13:48:25,초진,정상
8996,10000452,8,1023,2026-06-23 13:53:55,초진,정상
8997,10004770,4,1010,2026-06-23 13:55:16,초진,정상
8998,10000460,4,1010,2026-06-23 13:57:00,재진,정상
8999,10001952,5,1015,2026-06-23 14:05:00,재진,정상
9000,10001587,3,1008,2026-06-23 14:05:25,재진,취소
9001,10001078,5,1015,2026-06-23 14:07:50,재진,정상
9002,10000871,3,1008,2026-06-23 14:11:41,재진,정상
9003,10000778,5,1015,2026-06-23 14:16:09,초진,정상
9004,10003788,6,1018,2026-06-23 14:18:55,재진,정상
9005,10003419,5,1015,2026-06-23 14:24:29,재진,정상
9006,10003746,6,1018,2026-06-23 14:32:29,초진,정상
9007,10004771,5,1015,2026-06-23 14:36:25,초진,정상
9008,10000302,4,1010,2026-06-23 14:37:36,초진,정상
9009,10004772,4,1010,2026-06-23 14:49:21,초진,정상
9010,10004266,2,1006,2026-06-23 15:10:12,재진,정상
9011,10004773,7,1019,2026-06-23 15:25:35,초진,정상
9012,10001944,6,1018,2026-06-23 15:28:31,초진,정상
9013,10003710,6,1016,2026-06-24 08:22:50,재진,정상
9014,10000746,1,1002,2026-06-24 08:27:37,재진,정상
9015,10004574,1,1002,2026-06-24 08:29:34,재진,정상
9016,10004774,7,1020,2026-06-24 08:35:46,초진,정상
9017,10001307,1,1002,2026-06-24 08:36:30,초진,정상
9018,10003434,6,1016,2026-06-24 08:39:55,재진,정상
9019,10004111,1,1002,2026-06-24 08:40:17,재진,정상
9020,10002398,7,1020,2026-06-24 08:46:13,재진,정상
9021,10001730,1,1002,2026-06-24 09:04:23,초진,정상
9022,10004775,6,1016,2026-06-24 09:09:02,초진,정상
9023,10001353,1,1002,2026-06-24 09:25:16,재진,정상
9024,10004534,6,1016,2026-06-24 09:26:52,재진,정상
9025,10004072,6,1016,2026-06-24 09:35:39,재진,정상
9026,10002932,3,1007,2026-06-24 09:41:23,재진,정상
9027,10003222,6,1016,2026-06-24 09:46:05,재진,정상
9028,10004457,6,1016,2026-06-24 09:46:11,재진,정상
9029,10004776,7,1020,2026-06-24 09:49:30,초진,정상
9030,10004385,6,1016,2026-06-24 09:54:05,재진,정상
9031,10004777,6,1016,2026-06-24 09:56:38,초진,정상
9032,10004156,6,1016,2026-06-24 09:57:10,재진,정상
9033,10003005,3,1007,2026-06-24 09:58:02,재진,정상
9034,10003802,6,1016,2026-06-24 10:13:48,재진,정상
9035,10003850,1,1002,2026-06-24 10:18:48,재진,정상
9036,10004779,1,1002,2026-06-24 10:38:13,초진,정상
9037,10004778,1,1002,2026-06-24 10:39:32,초진,정상
9038,10002789,7,1020,2026-06-24 10:54:08,재진,정상
9039,10000873,2,1004,2026-06-24 12:53:03,재진,취소
9040,10004004,2,1004,2026-06-24 12:55:05,재진,정상
9041,10004780,2,1004,2026-06-24 12:56:56,초진,정상
9042,10003680,6,1017,2026-06-24 12:56:56,재진,정상
9043,10002602,3,1007,2026-06-24 12:58:48,초진,정상
9044,10001662,2,1004,2026-06-24 13:01:12,초진,정상
9045,10004781,3,1007,2026-06-24 13:10:55,초진,정상
9046,10004191,2,1004,2026-06-24 13:16:33,재진,정상
9047,10004412,2,1004,2026-06-24 13:20:43,초진,정상
9048,10004312,2,1004,2026-06-24 13:22:47,재진,취소
9049,10003352,3,1007,2026-06-24 13:23:13,재진,정상
9050,10000958,3,1007,2026-06-24 13:23:39,초진,정상
9051,10004390,2,1004,2026-06-24 13:27:34,재진,정상
9052,10004782,6,1017,2026-06-24 13:32:16,초진,취소
9053,10000295,2,1004,2026-06-24 13:42:42,초진,정상
9054,10004783,2,1004,2026-06-24 13:46:43,초진,취소
9055,10003975,3,1007,2026-06-24 14:00:34,재진,정상
9056,10001037,3,1007,2026-06-24 14:02:35,초진,정상
9057,10003977,3,1007,2026-06-24 14:05:00,재진,취소
9058,10001058,3,1007,2026-06-24 14:10:31,초진,정상
9059,10004784,2,1004,2026-06-24 14:34:48,초진,정상
9060,10004785,6,1017,2026-06-24 14:37:44,초진,정상
9061,10004787,3,1009,2026-06-25 08:25:33,초진,정상
9062,10003804,3,1009,2026-06-25 08:26:03,재진,정상
9063,10004786,4,1011,2026-06-25 08:29:05,초진,정상
9064,10000852,7,1021,2026-06-25 08:30:55,초진,정상
9065,10004788,4,1011,2026-06-25 08:31:33,초진,정상
9066,10004789,3,1009,2026-06-25 08:34:43,초진,정상
9067,10004230,4,1011,2026-06-25 08:36:16,재진,정상
9068,10000240,3,1009,2026-06-25 08:37:52,재진,정상
9069,10004243,3,1009,2026-06-25 08:39:30,재진,정상
9070,10004318,2,1005,2026-06-25 08:47:54,재진,정상
9071,10004673,7,1021,2026-06-25 08:48:16,초진,정상
9072,10004106,4,1011,2026-06-25 08:50:34,재진,정상
9073,10002578,6,1016,2026-06-25 08:51:51,재진,정상
9074,10004101,4,1011,2026-06-25 08:52:33,초진,정상
9075,10000276,2,1005,2026-06-25 08:52:43,재진,정상
9076,10000661,7,1021,2026-06-25 08:55:59,재진,정상
9077,10004236,3,1009,2026-06-25 09:03:14,재진,정상
9078,10003230,3,1009,2026-06-25 09:06:34,재진,정상
9079,10000768,3,1009,2026-06-25 09:09:02,재진,정상
9080,10003193,4,1011,2026-06-25 09:11:54,재진,정상
9081,10000807,4,1011,2026-06-25 09:14:53,초진,정상
9082,10004561,4,1011,2026-06-25 09:16:03,재진,정상
9083,10001158,7,1021,2026-06-25 09:16:05,초진,정상
9084,10004790,2,1005,2026-06-25 09:17:07,초진,정상
9085,10004221,6,1016,2026-06-25 09:17:34,재진,정상
9086,10004791,4,1011,2026-06-25 09:17:34,초진,정상
9087,10000463,3,1009,2026-06-25 09:26:26,초진,정상
9088,10000759,4,1011,2026-06-25 09:26:56,초진,정상
9089,10000555,2,1005,2026-06-25 09:27:38,재진,정상
9090,10003141,4,1011,2026-06-25 09:29:56,초진,정상
9091,10001614,3,1009,2026-06-25 09:31:45,초진,정상
9092,10003996,2,1005,2026-06-25 09:32:02,재진,정상
9093,10003265,2,1005,2026-06-25 09:34:46,재진,정상
9094,10000429,4,1011,2026-06-25 09:36:50,초진,정상
9095,10004793,3,1009,2026-06-25 09:37:29,초진,정상
9096,10004792,4,1011,2026-06-25 09:41:23,초진,정상
9097,10004323,3,1009,2026-06-25 09:44:37,재진,정상
9098,10004794,2,1005,2026-06-25 09:44:54,초진,정상
9099,10001480,7,1021,2026-06-25 09:49:22,재진,정상
9100,10004528,7,1021,2026-06-25 09:49:31,초진,정상
9101,10003628,3,1009,2026-06-25 10:00:18,재진,정상
9102,10001207,3,1009,2026-06-25 10:07:14,초진,정상
9103,10004545,4,1011,2026-06-25 10:08:39,재진,정상
9104,10000823,3,1009,2026-06-25 10:10:55,초진,정상
9105,10004314,4,1011,2026-06-25 10:26:59,재진,정상
9106,10004084,4,1011,2026-06-25 10:27:06,재진,정상
9107,10001111,3,1009,2026-06-25 10:28:44,초진,정상
9108,10004795,4,1011,2026-06-25 10:29:47,초진,정상
9109,10003603,4,1011,2026-06-25 10:33:43,초진,정상
9110,10004334,2,1005,2026-06-25 10:37:38,재진,정상
9111,10004796,3,1009,2026-06-25 10:42:14,초진,정상
9112,10004797,1,1001,2026-06-25 12:51:07,초진,정상
9113,10002221,1,1001,2026-06-25 12:58:17,재진,정상
9114,10000436,1,1001,2026-06-25 13:00:35,재진,정상
9115,10004798,1,1001,2026-06-25 13:04:43,초진,정상
9116,10000045,1,1001,2026-06-25 13:04:52,재진,정상
9117,10000246,4,1010,2026-06-25 13:08:04,재진,정상
9118,10002104,4,1010,2026-06-25 13:09:53,재진,정상
9119,10004800,1,1001,2026-06-25 13:10:32,초진,정상
9120,10004178,1,1001,2026-06-25 13:16:11,재진,정상
9121,10004799,1,1001,2026-06-25 13:20:37,초진,정상
9122,10002156,1,1001,2026-06-25 13:20:40,초진,정상
9123,10004801,4,1010,2026-06-25 13:25:04,초진,정상
9124,10003958,4,1010,2026-06-25 13:29:49,재진,정상
9125,10004176,1,1001,2026-06-25 13:36:55,재진,정상
9126,10004802,1,1001,2026-06-25 13:41:46,초진,정상
9127,10001447,5,1015,2026-06-25 13:41:49,초진,정상
9128,10003691,4,1010,2026-06-25 13:48:53,재진,정상
9129,10004803,1,1001,2026-06-25 13:50:30,초진,정상
9130,10004804,5,1015,2026-06-25 13:53:51,초진,정상
9131,10000355,1,1001,2026-06-25 13:56:19,재진,정상
9132,10004805,1,1001,2026-06-25 14:10:15,초진,정상
9133,10003987,2,1005,2026-06-25 14:23:25,재진,정상
9134,10003028,1,1001,2026-06-25 14:23:34,재진,취소
9135,10004806,5,1015,2026-06-25 14:29:17,초진,정상
9136,10003563,1,1001,2026-06-25 14:35:07,재진,정상
9137,10002515,1,1001,2026-06-25 14:52:29,재진,정상
9138,10000545,5,1015,2026-06-25 14:59:45,재진,정상
9139,10004807,4,1010,2026-06-25 15:01:51,초진,정상
9140,10004337,5,1015,2026-06-25 15:11:09,재진,정상
9141,10000390,8,1024,2026-06-26 08:24:08,초진,정상
9142,10003646,5,1013,2026-06-26 08:25:07,재진,정상
9143,10003831,8,1024,2026-06-26 08:43:42,재진,정상
9144,10001350,8,1024,2026-06-26 08:48:51,초진,정상
9145,10003866,5,1013,2026-06-26 09:13:13,재진,정상
9146,10001184,3,1009,2026-06-26 09:28:31,초진,정상
9147,10004499,5,1013,2026-06-26 09:30:00,재진,정상
9148,10004808,5,1013,2026-06-26 09:45:18,초진,정상
9149,10004001,8,1024,2026-06-26 10:46:37,재진,정상
9150,10002570,5,1013,2026-06-26 10:50:06,초진,정상
9151,10004809,5,1014,2026-06-26 12:53:36,초진,정상
9152,10003645,8,1024,2026-06-26 12:57:30,재진,정상
9153,10000017,8,1024,2026-06-26 13:05:12,재진,정상
9154,10000556,4,1011,2026-06-26 13:07:50,초진,정상
9155,10003061,1,1001,2026-06-26 13:12:08,초진,정상
9156,10003634,2,1004,2026-06-26 13:35:48,재진,정상
9157,10001145,8,1024,2026-06-26 13:37:03,재진,정상
9158,10004810,8,1024,2026-06-26 13:38:15,초진,정상
9159,10001724,8,1024,2026-06-26 13:45:31,재진,정상
9160,10004811,4,1011,2026-06-26 13:56:20,초진,정상
9161,10000729,4,1011,2026-06-26 14:05:10,재진,정상
9162,10004460,4,1011,2026-06-26 14:17:35,재진,정상
9163,10004814,8,1024,2026-06-26 14:22:01,초진,정상
9164,10004812,1,1001,2026-06-26 14:22:06,초진,정상
9165,10003677,5,1014,2026-06-26 14:25:14,초진,정상
9166,10004813,5,1014,2026-06-26 14:28:30,초진,정상
9167,10004815,1,1001,2026-06-26 14:31:01,초진,정상
9168,10003705,2,1004,2026-06-26 14:39:02,재진,정상
9169,10000334,5,1014,2026-06-26 14:42:26,초진,정상
9170,10004199,2,1006,2026-06-29 08:22:20,재진,정상
9171,10000960,2,1006,2026-06-29 08:22:29,초진,정상
9172,10004114,2,1006,2026-06-29 08:24:29,재진,정상
9173,10003329,8,1022,2026-06-29 08:28:22,초진,정상
9174,10000805,5,1014,2026-06-29 08:28:50,초진,정상
9175,10001046,8,1022,2026-06-29 08:29:39,재진,정상
9176,10004816,8,1022,2026-06-29 08:30:20,초진,정상
9177,10004262,2,1006,2026-06-29 08:31:49,재진,정상
9178,10003317,1,1002,2026-06-29 08:33:21,재진,정상
9179,10003901,1,1002,2026-06-29 08:39:10,재진,정상
9180,10001766,1,1002,2026-06-29 08:41:39,초진,정상
9181,10003271,8,1022,2026-06-29 08:41:55,재진,정상
9182,10003243,2,1006,2026-06-29 08:43:39,초진,정상
9183,10001316,8,1022,2026-06-29 08:44:28,재진,정상
9184,10003479,2,1006,2026-06-29 08:46:20,재진,정상
9185,10003803,1,1002,2026-06-29 08:47:43,재진,정상
9186,10004818,2,1006,2026-06-29 08:48:53,초진,정상
9187,10000147,2,1006,2026-06-29 08:49:59,초진,정상
9188,10004817,1,1002,2026-06-29 08:52:01,초진,정상
9189,10000456,8,1022,2026-06-29 08:59:26,초진,정상
9190,10003333,1,1002,2026-06-29 09:00:52,재진,정상
9191,10000120,1,1002,2026-06-29 09:02:02,재진,정상
9192,10000652,1,1002,2026-06-29 09:06:36,재진,정상
9193,10001972,1,1002,2026-06-29 09:07:36,초진,정상
9194,10001416,8,1022,2026-06-29 09:10:04,초진,정상
9195,10003974,7,1021,2026-06-29 09:11:01,초진,정상
9196,10003935,2,1006,2026-06-29 09:20:42,재진,정상
9197,10003137,1,1002,2026-06-29 09:21:00,재진,정상
9198,10003660,2,1006,2026-06-29 09:21:11,재진,취소
9199,10001869,7,1021,2026-06-29 09:21:26,재진,정상
9200,10004820,8,1022,2026-06-29 09:23:56,초진,정상
9201,10001957,1,1002,2026-06-29 09:29:20,재진,정상
9202,10000157,1,1002,2026-06-29 09:29:22,초진,취소
9203,10004819,8,1022,2026-06-29 09:34:33,초진,정상
9204,10003585,8,1022,2026-06-29 09:35:39,재진,정상
9205,10004503,8,1022,2026-06-29 09:47:11,재진,정상
9206,10001815,1,1002,2026-06-29 09:51:49,초진,정상
9207,10002641,2,1006,2026-06-29 09:53:15,초진,정상
9208,10004488,2,1006,2026-06-29 09:53:56,재진,정상
9209,10004822,5,1014,2026-06-29 09:56:25,초진,정상
9210,10001617,8,1022,2026-06-29 09:57:43,재진,정상
9211,10000471,8,1022,2026-06-29 09:58:09,초진,정상
9212,10004821,1,1002,2026-06-29 10:01:34,초진,정상
9213,10001108,1,1002,2026-06-29 10:02:18,재진,정상
9214,10004415,2,1006,2026-06-29 10:02:56,초진,취소
9215,10003332,2,1006,2026-06-29 10:03:06,재진,정상
9216,10004492,1,1002,2026-06-29 10:05:45,재진,정상
9217,10004233,7,1021,2026-06-29 10:08:44,재진,정상
9218,10004310,1,1002,2026-06-29 10:11:51,재진,정상
9219,10004823,1,1002,2026-06-29 10:15:31,초진,정상
9220,10003849,2,1006,2026-06-29 10:27:41,재진,정상
9221,10000834,2,1006,2026-06-29 10:28:13,재진,정상
9222,10001768,7,1021,2026-06-29 10:55:02,재진,정상
9223,10003756,7,1019,2026-06-29 12:55:28,재진,정상
9224,10004603,4,1012,2026-06-29 12:57:23,초진,정상
9225,10000468,1,1003,2026-06-29 12:58:08,초진,정상
9226,10001632,4,1012,2026-06-29 12:59:22,재진,정상
9227,10000337,4,1012,2026-06-29 13:01:38,초진,정상
9228,10001263,7,1019,2026-06-29 13:03:02,재진,정상
9229,10001890,4,1012,2026-06-29 13:03:45,초진,정상
9230,10002253,7,1019,2026-06-29 13:04:12,초진,정상
9231,10004103,5,1013,2026-06-29 13:04:57,재진,취소
9232,10003862,5,1013,2026-06-29 13:05:01,재진,정상
9233,10000296,1,1003,2026-06-29 13:05:34,재진,정상
9234,10000079,4,1012,2026-06-29 13:06:38,재진,정상
9235,10000601,1,1003,2026-06-29 13:07:00,초진,취소
9236,10000754,5,1013,2026-06-29 13:07:35,초진,정상
9237,10000841,8,1022,2026-06-29 13:08:41,초진,정상
9238,10000216,1,1003,2026-06-29 13:11:18,초진,정상
9239,10004362,8,1022,2026-06-29 13:11:22,재진,정상
9240,10001067,7,1019,2026-06-29 13:15:02,재진,정상
9241,10003673,7,1019,2026-06-29 13:21:28,재진,취소
9242,10004825,1,1003,2026-06-29 13:22:33,초진,정상
9243,10004824,1,1003,2026-06-29 13:22:45,초진,정상
9244,10001041,4,1012,2026-06-29 13:25:31,초진,정상
9245,10004498,7,1019,2026-06-29 13:27:32,재진,정상
9246,10003288,7,1019,2026-06-29 13:30:42,재진,정상
9247,10000354,5,1013,2026-06-29 13:36:36,초진,정상
9248,10004038,1,1003,2026-06-29 13:36:55,재진,정상
9249,10001109,4,1012,2026-06-29 13:40:28,재진,정상
9250,10001512,7,1019,2026-06-29 13:45:36,초진,정상
9251,10004826,4,1012,2026-06-29 13:45:50,초진,정상
9252,10003067,4,1012,2026-06-29 13:46:59,재진,정상
9253,10000425,1,1003,2026-06-29 13:52:53,재진,정상
9254,10000493,7,1019,2026-06-29 13:54:43,초진,정상
9255,10000277,7,1019,2026-06-29 13:55:31,초진,정상
9256,10003655,8,1022,2026-06-29 14:00:15,초진,정상
9257,10004827,1,1003,2026-06-29 14:00:59,초진,정상
9258,10004829,1,1003,2026-06-29 14:02:31,초진,정상
9259,10004828,7,1019,2026-06-29 14:03:48,초진,정상
9260,10000284,1,1003,2026-06-29 14:04:14,초진,정상
9261,10000988,4,1012,2026-06-29 14:06:54,초진,정상
9262,10001875,7,1019,2026-06-29 14:09:26,초진,정상
9263,10003129,5,1013,2026-06-29 14:12:56,재진,정상
9264,10004831,1,1003,2026-06-29 14:13:20,초진,정상
9265,10004830,8,1022,2026-06-29 14:15:38,초진,정상
9266,10000769,5,1013,2026-06-29 14:17:01,초진,정상
9267,10004830,1,1003,2026-06-29 14:17:31,초진,정상
9268,10003758,1,1003,2026-06-29 14:18:53,재진,정상
9269,10003076,1,1003,2026-06-29 14:22:37,초진,취소
9270,10004062,1,1003,2026-06-29 14:27:15,초진,정상
9271,10002144,1,1003,2026-06-29 14:29:33,초진,정상
9272,10004832,4,1012,2026-06-29 14:33:15,초진,정상
9273,10004833,4,1012,2026-06-29 14:39:05,초진,정상
9274,10004834,4,1012,2026-06-29 14:51:08,초진,정상
9275,10004582,1,1003,2026-06-29 14:54:15,재진,정상
9276,10003481,7,1019,2026-06-29 14:59:44,재진,정상
9277,10001547,7,1019,2026-06-29 15:31:24,재진,정상
9278,10004837,6,1017,2026-06-30 08:21:56,초진,정상
9279,10004836,1,1003,2026-06-30 08:23:06,초진,정상
9280,10001689,8,1023,2026-06-30 08:24:11,재진,정상
9281,10004835,8,1023,2026-06-30 08:27:36,초진,정상
9282,10004041,6,1017,2026-06-30 08:30:33,재진,정상
9283,10000361,3,1008,2026-06-30 08:32:39,재진,정상
9284,10003939,1,1003,2026-06-30 08:33:12,재진,정상
9285,10000389,1,1003,2026-06-30 08:35:09,초진,정상
9286,10002581,7,1020,2026-06-30 08:36:22,초진,정상
9287,10003293,1,1003,2026-06-30 08:39:13,재진,정상
9288,10000270,1,1003,2026-06-30 08:45:32,초진,정상
9289,10000625,7,1020,2026-06-30 08:50:01,초진,정상
9290,10004293,6,1017,2026-06-30 08:51:01,재진,정상
9291,10000599,8,1023,2026-06-30 08:54:47,초진,정상
9292,10003809,6,1017,2026-06-30 08:55:08,재진,정상
9293,10002343,6,1017,2026-06-30 09:02:40,초진,정상
9294,10004838,6,1017,2026-06-30 09:02:56,초진,정상
9295,10004387,6,1017,2026-06-30 09:05:38,재진,정상
9296,10000153,1,1003,2026-06-30 09:07:27,재진,정상
9297,10004839,7,1020,2026-06-30 09:07:48,초진,정상
9298,10001941,7,1020,2026-06-30 09:09:22,재진,정상
9299,10001580,8,1023,2026-06-30 09:18:04,재진,정상
9300,10001333,8,1023,2026-06-30 09:24:05,재진,정상
9301,10004227,6,1017,2026-06-30 09:25:35,재진,정상
9302,10004840,3,1008,2026-06-30 09:26:22,초진,정상
9303,10004043,7,1020,2026-06-30 09:32:32,재진,정상
9304,10004284,3,1008,2026-06-30 09:33:08,재진,정상
9305,10002801,6,1017,2026-06-30 09:34:37,재진,정상
9306,10000382,7,1020,2026-06-30 09:34:57,재진,정상
9307,10001183,3,1008,2026-06-30 09:38:21,재진,정상
9308,10004841,7,1020,2026-06-30 09:39:46,초진,정상
9309,10000283,3,1008,2026-06-30 09:50:30,초진,정상
9310,10004300,8,1023,2026-06-30 09:58:38,재진,정상
9311,10004842,6,1017,2026-06-30 10:15:17,초진,정상
9312,10004843,3,1008,2026-06-30 10:26:23,초진,정상
9313,10000272,8,1023,2026-06-30 10:27:21,초진,정상
9314,10004844,8,1023,2026-06-30 10:31:52,초진,정상
9315,10002324,7,1020,2026-06-30 10:33:39,재진,정상
9316,10000883,7,1020,2026-06-30 10:38:34,재진,정상
9317,10004048,3,1008,2026-06-30 12:50:45,재진,정상
9318,10004845,5,1015,2026-06-30 12:53:28,초진,정상
9319,10001176,4,1010,2026-06-30 12:58:07,재진,정상
9320,10000526,4,1010,2026-06-30 13:00:23,초진,정상
9321,10004060,5,1015,2026-06-30 13:00:50,재진,정상
9322,10003784,6,1018,2026-06-30 13:01:11,재진,정상
9323,10000911,5,1015,2026-06-30 13:06:52,초진,정상
9324,10004428,8,1023,2026-06-30 13:13:29,재진,정상
9325,10004244,4,1010,2026-06-30 13:19:09,재진,정상
9326,10004435,2,1006,2026-06-30 13:29:46,재진,정상
9327,10002611,4,1010,2026-06-30 13:30:40,재진,정상
9328,10003549,6,1018,2026-06-30 13:31:01,재진,정상
9329,10003919,4,1010,2026-06-30 13:34:40,재진,정상
9330,10004846,6,1018,2026-06-30 13:37:44,초진,정상
9331,10004847,4,1010,2026-06-30 13:39:33,초진,정상
9332,10002969,7,1019,2026-06-30 13:41:24,재진,정상
9333,10003884,8,1023,2026-06-30 13:41:44,재진,정상
9334,10004848,3,1008,2026-06-30 13:44:04,초진,정상
9335,10000411,4,1010,2026-06-30 13:44:52,재진,정상
9336,10003701,6,1018,2026-06-30 13:45:45,재진,정상
9337,10001320,8,1023,2026-06-30 13:45:48,초진,정상
9338,10004691,6,1018,2026-06-30 13:48:52,재진,정상
9339,10004694,5,1015,2026-06-30 13:48:53,재진,정상
9340,10001667,5,1015,2026-06-30 13:49:58,재진,정상
9341,10001857,5,1015,2026-06-30 13:51:05,재진,정상
9342,10004849,8,1023,2026-06-30 13:58:12,초진,정상
9343,10000109,3,1008,2026-06-30 13:58:14,초진,정상
9344,10004609,3,1008,2026-06-30 13:59:53,재진,정상
9345,10001786,8,1023,2026-06-30 14:00:41,초진,정상
9346,10001641,8,1023,2026-06-30 14:00:50,재진,정상
9347,10004850,3,1008,2026-06-30 14:08:07,초진,정상
9348,10000905,4,1010,2026-06-30 14:08:38,재진,정상
9349,10003962,5,1015,2026-06-30 14:10:14,재진,정상
9350,10003505,8,1023,2026-06-30 14:13:40,재진,정상
9351,10002942,6,1018,2026-06-30 14:19:18,재진,정상
9352,10000839,3,1008,2026-06-30 14:19:55,초진,정상
9353,10004851,6,1018,2026-06-30 14:21:32,초진,정상
9354,10003725,6,1018,2026-06-30 14:23:46,재진,정상
9355,10004852,6,1018,2026-06-30 14:31:34,초진,정상
9356,10004243,4,1010,2026-06-30 14:32:36,재진,정상
9357,10004853,8,1023,2026-06-30 14:43:53,초진,정상
9358,10004331,6,1018,2026-06-30 14:48:02,재진,정상
9359,10004378,4,1010,2026-06-30 14:50:08,재진,정상
9360,10004404,4,1010,2026-06-30 14:51:25,재진,정상
9361,10002698,8,1023,2026-06-30 15:02:48,재진,정상
9362,10003887,6,1018,2026-06-30 15:04:09,재진,정상
