treatment_id,reception_id,start_at,end_at
1,1,2026-01-02 09:00:20,2026-01-02 09:11:51
2,2,2026-01-02 09:01:28,2026-01-02 09:09:55
3,3,2026-01-02 09:00:15,2026-01-02 09:09:54
4,4,2026-01-02 09:11:23,2026-01-02 09:15:23
5,5,2026-01-02 09:16:17,2026-01-02 09:20:53
6,6,2026-01-02 09:20:55,2026-01-02 09:34:40
7,7,2026-01-02 09:12:20,2026-01-02 09:24:08
8,8,2026-01-02 09:10:54,2026-01-02 09:16:10
9,9,2026-01-02 09:24:09,2026-01-02 09:35:57
10,10,2026-01-02 09:16:39,2026-01-02 09:25:23
11,11,2026-01-02 09:35:09,2026-01-02 09:39:21
12,12,2026-01-02 09:36:16,2026-01-02 09:45:04
13,13,2026-01-02 09:40:13,2026-01-02 09:50:59
14,14,2026-01-02 09:52:04,2026-01-02 10:04:55
15,15,2026-01-02 10:05:33,2026-01-02 10:08:40
16,16,2026-01-02 09:36:02,2026-01-02 09:46:19
17,17,2026-01-02 10:09:27,2026-01-02 10:19:05
18,18,2026-01-02 10:20:22,2026-01-02 10:30:36
19,19,2026-01-02 09:47:00,2026-01-02 09:50:57
20,20,2026-01-02 10:32:02,2026-01-02 10:44:36
21,21,2026-01-02 10:45:46,2026-01-02 10:54:50
22,22,2026-01-02 10:55:35,2026-01-02 11:03:25
23,24,2026-01-02 13:30:35,2026-01-02 13:35:58
24,25,2026-01-02 13:30:12,2026-01-02 13:35:03
25,26,2026-01-02 13:30:29,2026-01-02 13:34:37
26,27,2026-01-02 13:36:39,2026-01-02 13:39:46
27,28,2026-01-02 13:40:15,2026-01-02 13:54:59
28,29,2026-01-02 13:35:26,2026-01-02 13:38:46
29,30,2026-01-02 13:39:07,2026-01-02 13:45:46
30,31,2026-01-02 13:56:24,2026-01-02 14:09:49
31,32,2026-01-02 13:30:48,2026-01-02 13:39:07
32,33,2026-01-02 14:11:19,2026-01-02 14:22:58
33,34,2026-01-02 13:40:05,2026-01-02 13:44:45
34,35,2026-01-02 13:47:02,2026-01-02 13:50:02
35,36,2026-01-02 13:35:52,2026-01-02 13:41:02
36,37,2026-01-02 13:44:45,2026-01-02 13:48:59
37,38,2026-01-02 13:31:13,2026-01-02 13:37:23
38,39,2026-01-02 14:24:23,2026-01-02 14:32:00
39,40,2026-01-02 13:50:49,2026-01-02 13:55:18
40,41,2026-01-02 13:49:52,2026-01-02 14:02:16
41,42,2026-01-02 14:03:07,2026-01-02 14:06:24
42,43,2026-01-02 14:33:17,2026-01-02 14:47:46
43,44,2026-01-02 14:48:20,2026-01-02 14:55:00
44,45,2026-01-02 13:56:12,2026-01-02 14:08:46
45,46,2026-01-02 14:55:14,2026-01-02 14:59:58
46,47,2026-01-02 15:01:12,2026-01-02 15:13:52
47,48,2026-01-02 15:14:58,2026-01-02 15:21:40
48,49,2026-01-02 15:21:42,2026-01-02 15:27:07
49,50,2026-01-02 13:37:35,2026-01-02 13:42:08
50,51,2026-01-02 13:43:19,2026-01-02 13:47:03
51,52,2026-01-02 14:09:43,2026-01-02 14:15:22
52,53,2026-01-02 13:47:20,2026-01-02 13:52:04
53,54,2026-01-02 14:15:45,2026-01-02 14:25:35
54,55,2026-01-02 13:53:28,2026-01-02 13:59:03
55,56,2026-01-02 15:27:36,2026-01-02 15:37:05
56,57,2026-01-02 15:38:21,2026-01-02 15:51:58
57,58,2026-01-02 14:26:46,2026-01-02 14:30:57
58,59,2026-01-02 14:04:44,2026-01-02 14:15:36
59,60,2026-01-02 14:06:24,2026-01-02 14:15:01
60,61,2026-01-02 14:16:18,2026-01-02 14:19:37
61,62,2026-01-02 15:53:04,2026-01-02 16:07:49
62,63,2026-01-02 14:17:57,2026-01-02 14:22:09
63,64,2026-01-02 14:32:05,2026-01-02 14:36:43
64,66,2026-01-02 14:26:35,2026-01-02 14:34:31
65,67,2026-01-02 16:09:01,2026-01-02 16:15:56
66,68,2026-01-02 14:29:38,2026-01-02 14:39:20
67,69,2026-01-02 14:40:45,2026-01-02 14:45:05
68,70,2026-01-02 14:35:10,2026-01-02 14:41:49
69,71,2026-01-02 14:53:44,2026-01-02 15:00:10
70,72,2026-01-02 14:54:35,2026-01-02 15:07:46
71,73,2026-01-02 16:16:54,2026-01-02 16:25:47
72,74,2026-01-02 15:06:15,2026-01-02 15:11:06
73,75,2026-01-02 15:07:49,2026-01-02 15:14:12
74,76,2026-01-02 15:04:19,2026-01-02 15:07:38
75,77,2026-01-02 15:18:55,2026-01-02 15:25:40
76,78,2026-01-02 16:26:21,2026-01-02 16:38:57
77,79,2026-01-02 15:36:00,2026-01-02 15:40:58
78,80,2026-01-05 09:00:08,2026-01-05 09:13:23
79,81,2026-01-05 09:01:20,2026-01-05 09:14:45
80,82,2026-01-05 09:13:58,2026-01-05 09:24:06
81,83,2026-01-05 09:01:17,2026-01-05 09:11:36
82,84,2026-01-05 09:00:49,2026-01-05 09:04:17
83,85,2026-01-05 09:04:55,2026-01-05 09:15:22
84,86,2026-01-05 09:16:51,2026-01-05 09:24:59
85,87,2026-01-05 09:24:50,2026-01-05 09:29:31
86,88,2026-01-05 09:12:19,2026-01-05 09:21:19
87,89,2026-01-05 09:26:04,2026-01-05 09:30:33
88,90,2026-01-05 09:00:08,2026-01-05 09:05:42
89,91,2026-01-05 09:15:40,2026-01-05 09:29:51
90,92,2026-01-05 09:31:32,2026-01-05 09:38:47
91,93,2026-01-05 09:29:42,2026-01-05 09:33:45
92,94,2026-01-05 09:05:51,2026-01-05 09:17:00
93,95,2026-01-05 09:22:10,2026-01-05 09:27:01
94,96,2026-01-05 09:30:58,2026-01-05 09:38:28
95,97,2026-01-05 09:39:02,2026-01-05 09:44:46
96,98,2026-01-05 09:39:39,2026-01-05 09:44:25
97,99,2026-01-05 09:45:44,2026-01-05 09:49:58
98,100,2026-01-05 09:34:08,2026-01-05 09:40:31
99,101,2026-01-05 09:41:03,2026-01-05 09:44:41
100,102,2026-01-05 09:45:21,2026-01-05 09:56:48
101,103,2026-01-05 09:51:03,2026-01-05 10:03:53
102,104,2026-01-05 09:58:18,2026-01-05 10:08:57
103,105,2026-01-05 10:04:01,2026-01-05 10:08:31
104,106,2026-01-05 09:44:41,2026-01-05 09:49:46
105,107,2026-01-05 09:27:15,2026-01-05 09:31:42
106,108,2026-01-05 10:10:04,2026-01-05 10:18:04
107,109,2026-01-05 09:32:40,2026-01-05 09:40:26
108,110,2026-01-05 10:19:09,2026-01-05 10:22:51
109,111,2026-01-05 10:08:42,2026-01-05 10:20:05
110,112,2026-01-05 10:23:38,2026-01-05 10:27:18
111,113,2026-01-05 10:27:46,2026-01-05 10:41:28
112,114,2026-01-05 09:42:15,2026-01-05 09:51:19
113,115,2026-01-05 10:42:31,2026-01-05 10:53:37
114,116,2026-01-05 10:20:18,2026-01-05 10:30:30
115,117,2026-01-05 10:31:41,2026-01-05 10:37:43
116,118,2026-01-05 10:54:32,2026-01-05 10:58:04
117,119,2026-01-05 09:58:15,2026-01-05 10:02:15
118,120,2026-01-05 10:06:55,2026-01-05 10:20:22
119,121,2026-01-05 10:38:14,2026-01-05 10:47:10
120,122,2026-01-05 10:31:47,2026-01-05 10:44:34
121,123,2026-01-05 10:48:12,2026-01-05 11:03:01
122,124,2026-01-05 10:35:41,2026-01-05 10:42:57
123,125,2026-01-05 10:45:55,2026-01-05 10:49:18
124,127,2026-01-05 10:48:02,2026-01-05 11:00:16
125,128,2026-01-05 10:57:28,2026-01-05 11:03:57
126,129,2026-01-05 13:30:39,2026-01-05 13:39:24
127,130,2026-01-05 13:31:02,2026-01-05 13:35:42
128,131,2026-01-05 13:40:34,2026-01-05 13:55:24
129,132,2026-01-05 13:55:26,2026-01-05 14:06:05
130,133,2026-01-05 13:30:07,2026-01-05 13:35:10
131,134,2026-01-05 13:30:28,2026-01-05 13:34:18
132,135,2026-01-05 13:36:55,2026-01-05 13:41:36
133,136,2026-01-05 13:30:48,2026-01-05 13:41:44
134,137,2026-01-05 13:36:22,2026-01-05 13:41:45
135,138,2026-01-05 13:42:12,2026-01-05 13:49:37
136,139,2026-01-05 13:41:53,2026-01-05 13:51:55
137,140,2026-01-05 14:07:19,2026-01-05 14:11:43
138,141,2026-01-05 13:53:18,2026-01-05 13:58:20
139,143,2026-01-05 13:34:54,2026-01-05 13:45:06
140,144,2026-01-05 13:59:19,2026-01-05 14:10:54
141,145,2026-01-05 13:42:33,2026-01-05 13:48:05
142,146,2026-01-05 13:48:35,2026-01-05 13:56:00
143,147,2026-01-05 14:11:19,2026-01-05 14:18:38
144,148,2026-01-05 13:57:13,2026-01-05 14:02:27
145,149,2026-01-05 14:03:23,2026-01-05 14:15:13
146,150,2026-01-05 13:49:56,2026-01-05 14:04:53
147,151,2026-01-05 14:05:07,2026-01-05 14:11:36
148,153,2026-01-05 13:46:09,2026-01-05 13:53:12
149,154,2026-01-05 14:18:44,2026-01-05 14:30:30
150,155,2026-01-05 13:54:29,2026-01-05 13:58:11
151,156,2026-01-05 14:16:07,2026-01-05 14:29:09
152,157,2026-01-05 14:31:23,2026-01-05 14:44:29
153,158,2026-01-05 14:45:35,2026-01-05 14:52:58
154,159,2026-01-05 13:59:39,2026-01-05 14:03:32
155,160,2026-01-05 14:12:46,2026-01-05 14:25:53
156,162,2026-01-05 14:11:45,2026-01-05 14:26:27
157,163,2026-01-05 14:29:33,2026-01-05 14:37:09
158,164,2026-01-05 14:54:13,2026-01-05 14:58:43
159,166,2026-01-05 14:37:14,2026-01-05 14:42:10
160,167,2026-01-05 15:00:07,2026-01-05 15:12:13
161,168,2026-01-05 15:12:25,2026-01-05 15:19:40
162,169,2026-01-05 15:20:46,2026-01-05 15:35:16
163,170,2026-01-05 14:42:14,2026-01-05 14:54:46
164,171,2026-01-05 14:13:43,2026-01-05 14:21:04
165,172,2026-01-05 14:21:21,2026-01-05 14:31:05
166,173,2026-01-05 14:27:09,2026-01-05 14:36:21
167,174,2026-01-05 15:35:18,2026-01-05 15:44:39
168,175,2026-01-05 15:45:42,2026-01-05 15:57:12
169,176,2026-01-05 15:58:17,2026-01-05 16:02:31
170,177,2026-01-05 14:55:43,2026-01-05 15:06:17
171,179,2026-01-05 15:07:42,2026-01-05 15:20:52
172,180,2026-01-05 16:03:59,2026-01-05 16:14:37
173,181,2026-01-05 16:14:54,2026-01-05 16:28:04
174,182,2026-01-05 14:53:38,2026-01-05 14:59:23
175,183,2026-01-05 14:54:15,2026-01-05 15:08:44
176,184,2026-01-05 15:21:45,2026-01-05 15:31:40
177,185,2026-01-05 15:09:52,2026-01-05 15:17:16
178,186,2026-01-05 15:32:18,2026-01-05 15:44:36
179,187,2026-01-05 15:11:22,2026-01-05 15:14:34
180,188,2026-01-06 09:00:40,2026-01-06 09:08:46
181,190,2026-01-06 09:01:01,2026-01-06 09:12:45
182,191,2026-01-06 09:09:13,2026-01-06 09:20:11
183,194,2026-01-06 09:01:06,2026-01-06 09:05:50
184,195,2026-01-06 09:20:48,2026-01-06 09:32:13
185,196,2026-01-06 09:33:12,2026-01-06 09:47:08
186,197,2026-01-06 09:13:59,2026-01-06 09:21:01
187,198,2026-01-06 09:47:45,2026-01-06 10:01:43
188,199,2026-01-06 09:22:07,2026-01-06 09:26:28
189,200,2026-01-06 09:07:10,2026-01-06 09:11:48
190,201,2026-01-06 09:00:00,2026-01-06 09:06:12
191,202,2026-01-06 09:27:41,2026-01-06 09:42:38
192,203,2026-01-06 09:07:34,2026-01-06 09:13:40
193,204,2026-01-06 09:01:13,2026-01-06 09:09:13
194,205,2026-01-06 09:01:00,2026-01-06 09:14:11
195,206,2026-01-06 09:12:43,2026-01-06 09:19:45
196,207,2026-01-06 09:42:51,2026-01-06 09:48:27
197,208,2026-01-06 09:49:02,2026-01-06 10:00:54
198,209,2026-01-06 10:01:24,2026-01-06 10:09:43
199,210,2026-01-06 09:19:50,2026-01-06 09:30:00
200,211,2026-01-06 09:13:42,2026-01-06 09:27:53
201,212,2026-01-06 10:10:36,2026-01-06 10:18:05
202,213,2026-01-06 09:31:10,2026-01-06 09:38:31
203,214,2026-01-06 10:01:46,2026-01-06 10:13:21
204,215,2026-01-06 10:18:53,2026-01-06 10:21:56
205,216,2026-01-06 09:11:14,2026-01-06 09:15:05
206,217,2026-01-06 10:14:09,2026-01-06 10:27:04
207,218,2026-01-06 10:22:31,2026-01-06 10:29:47
208,219,2026-01-06 09:38:48,2026-01-06 09:53:01
209,220,2026-01-06 09:54:02,2026-01-06 10:06:13
210,221,2026-01-06 10:06:38,2026-01-06 10:18:35
211,222,2026-01-06 09:30:41,2026-01-06 09:38:42
212,224,2026-01-06 09:38:50,2026-01-06 09:45:01
213,225,2026-01-06 09:48:11,2026-01-06 09:53:43
214,226,2026-01-06 10:28:21,2026-01-06 10:34:48
215,227,2026-01-06 10:30:46,2026-01-06 10:37:27
216,228,2026-01-06 10:01:28,2026-01-06 10:05:13
217,229,2026-01-06 09:59:59,2026-01-06 10:03:10
218,230,2026-01-06 10:35:45,2026-01-06 10:39:02
219,231,2026-01-06 10:14:09,2026-01-06 10:20:23
220,232,2026-01-06 10:38:32,2026-01-06 10:43:50
221,233,2026-01-06 10:20:22,2026-01-06 10:24:42
222,234,2026-01-06 10:25:43,2026-01-06 10:29:19
223,235,2026-01-06 10:41:41,2026-01-06 10:54:18
224,236,2026-01-06 11:10:52,2026-01-06 11:15:28
225,237,2026-01-06 11:14:30,2026-01-06 11:22:02
226,238,2026-01-06 13:30:17,2026-01-06 13:37:06
227,239,2026-01-06 13:38:01,2026-01-06 13:45:28
228,240,2026-01-06 13:30:06,2026-01-06 13:35:11
229,241,2026-01-06 13:30:26,2026-01-06 13:33:42
230,242,2026-01-06 13:46:48,2026-01-06 13:54:23
231,243,2026-01-06 13:30:30,2026-01-06 13:44:35
232,244,2026-01-06 13:34:50,2026-01-06 13:42:04
233,246,2026-01-06 13:42:56,2026-01-06 13:57:03
234,247,2026-01-06 13:31:24,2026-01-06 13:39:23
235,248,2026-01-06 13:30:34,2026-01-06 13:34:46
236,249,2026-01-06 13:39:24,2026-01-06 13:44:09
237,250,2026-01-06 13:44:59,2026-01-06 13:54:14
238,251,2026-01-06 13:45:23,2026-01-06 13:57:23
239,252,2026-01-06 13:54:50,2026-01-06 14:06:38
240,253,2026-01-06 13:58:02,2026-01-06 14:04:20
241,254,2026-01-06 13:35:01,2026-01-06 13:40:48
242,255,2026-01-06 14:07:05,2026-01-06 14:15:00
243,256,2026-01-06 13:32:35,2026-01-06 13:42:09
244,257,2026-01-06 13:41:46,2026-01-06 13:49:55
245,258,2026-01-06 14:16:00,2026-01-06 14:23:06
246,259,2026-01-06 14:23:10,2026-01-06 14:32:26
247,260,2026-01-06 13:36:02,2026-01-06 13:41:26
248,261,2026-01-06 13:55:33,2026-01-06 14:01:10
249,262,2026-01-06 14:01:26,2026-01-06 14:10:08
250,263,2026-01-06 14:10:24,2026-01-06 14:15:09
251,264,2026-01-06 13:42:16,2026-01-06 13:45:41
252,265,2026-01-06 14:15:19,2026-01-06 14:18:49
253,266,2026-01-06 14:18:55,2026-01-06 14:27:23
254,267,2026-01-06 14:05:16,2026-01-06 14:08:37
255,268,2026-01-06 14:33:53,2026-01-06 14:37:16
256,269,2026-01-06 14:27:55,2026-01-06 14:32:38
257,270,2026-01-06 14:32:38,2026-01-06 14:40:39
258,271,2026-01-06 14:41:57,2026-01-06 14:44:58
259,272,2026-01-06 14:09:34,2026-01-06 14:24:13
260,273,2026-01-06 14:37:30,2026-01-06 14:48:02
261,274,2026-01-06 14:09:32,2026-01-06 14:21:15
262,275,2026-01-06 14:45:07,2026-01-06 14:48:49
263,276,2026-01-06 14:25:21,2026-01-06 14:39:07
264,277,2026-01-06 14:49:10,2026-01-06 14:54:47
265,278,2026-01-06 14:40:22,2026-01-06 14:48:33
266,279,2026-01-06 14:50:02,2026-01-06 14:57:25
267,280,2026-01-06 14:56:05,2026-01-06 15:10:19
268,281,2026-01-06 14:22:15,2026-01-06 14:28:00
269,282,2026-01-06 14:48:08,2026-01-06 14:53:09
270,283,2026-01-06 14:54:22,2026-01-06 15:07:17
271,284,2026-01-06 14:34:01,2026-01-06 14:47:24
272,285,2026-01-06 14:32:11,2026-01-06 14:38:37
273,286,2026-01-06 15:11:48,2026-01-06 15:24:53
274,287,2026-01-06 14:40:33,2026-01-06 14:55:05
275,289,2026-01-06 15:07:50,2026-01-06 15:13:03
276,290,2026-01-06 15:13:56,2026-01-06 15:19:06
277,291,2026-01-06 15:25:36,2026-01-06 15:39:13
278,292,2026-01-06 15:10:56,2026-01-06 15:23:59
279,293,2026-01-06 15:20:53,2026-01-06 15:28:42
280,294,2026-01-06 15:19:29,2026-01-06 15:22:54
281,295,2026-01-06 15:22:10,2026-01-06 15:31:20
282,296,2026-01-06 15:27:27,2026-01-06 15:33:32
283,297,2026-01-06 15:27:08,2026-01-06 15:39:32
284,298,2026-01-06 15:40:19,2026-01-06 15:54:21
285,299,2026-01-07 09:00:30,2026-01-07 09:11:16
286,300,2026-01-07 09:01:03,2026-01-07 09:11:18
287,301,2026-01-07 09:11:56,2026-01-07 09:23:14
288,303,2026-01-07 09:23:31,2026-01-07 09:37:40
289,304,2026-01-07 09:38:19,2026-01-07 09:52:02
290,305,2026-01-07 09:52:44,2026-01-07 10:01:27
291,306,2026-01-07 09:00:27,2026-01-07 09:05:30
292,307,2026-01-07 10:02:41,2026-01-07 10:06:31
293,308,2026-01-07 10:07:28,2026-01-07 10:11:43
294,309,2026-01-07 10:11:57,2026-01-07 10:17:22
295,310,2026-01-07 09:11:20,2026-01-07 09:18:32
296,311,2026-01-07 10:17:23,2026-01-07 10:23:29
297,312,2026-01-07 09:09:14,2026-01-07 09:19:36
298,313,2026-01-07 09:16:34,2026-01-07 09:22:33
299,314,2026-01-07 10:24:56,2026-01-07 10:37:38
300,315,2026-01-07 09:23:26,2026-01-07 09:37:42
301,316,2026-01-07 09:24:51,2026-01-07 09:35:28
302,317,2026-01-07 10:38:14,2026-01-07 10:44:57
303,318,2026-01-07 09:26:27,2026-01-07 09:30:30
304,320,2026-01-07 09:38:46,2026-01-07 09:47:52
305,321,2026-01-07 09:38:55,2026-01-07 09:45:18
306,322,2026-01-07 10:45:04,2026-01-07 10:52:32
307,323,2026-01-07 10:53:03,2026-01-07 10:57:40
308,324,2026-01-07 09:59:57,2026-01-07 10:06:44
309,325,2026-01-07 10:15:13,2026-01-07 10:23:26
310,326,2026-01-07 10:58:25,2026-01-07 11:06:50
311,327,2026-01-07 11:06:59,2026-01-07 11:16:42
312,328,2026-01-07 11:18:07,2026-01-07 11:24:06
313,329,2026-01-07 10:48:57,2026-01-07 10:53:10
314,330,2026-01-07 10:50:52,2026-01-07 11:00:32
315,332,2026-01-07 13:30:11,2026-01-07 13:44:57
316,333,2026-01-07 13:46:10,2026-01-07 13:50:07
317,334,2026-01-07 13:30:49,2026-01-07 13:36:09
318,335,2026-01-07 13:50:10,2026-01-07 13:53:58
319,336,2026-01-07 13:30:32,2026-01-07 13:42:25
320,337,2026-01-07 13:43:29,2026-01-07 13:51:30
321,338,2026-01-07 13:51:54,2026-01-07 13:56:22
322,339,2026-01-07 13:55:06,2026-01-07 14:06:14
323,340,2026-01-07 13:57:37,2026-01-07 14:10:54
324,341,2026-01-07 14:07:01,2026-01-07 14:10:21
325,342,2026-01-07 14:11:50,2026-01-07 14:18:03
326,343,2026-01-07 14:19:31,2026-01-07 14:27:02
327,344,2026-01-07 14:27:10,2026-01-07 14:38:52
328,345,2026-01-07 14:39:39,2026-01-07 14:47:19
329,346,2026-01-07 14:48:22,2026-01-07 15:00:23
330,347,2026-01-07 15:00:50,2026-01-07 15:12:49
331,348,2026-01-07 15:14:17,2026-01-07 15:19:53
332,349,2026-01-07 14:52:43,2026-01-07 14:56:27
333,350,2026-01-08 09:00:42,2026-01-08 09:07:05
334,351,2026-01-08 09:00:49,2026-01-08 09:06:09
335,352,2026-01-08 09:08:19,2026-01-08 09:15:24
336,353,2026-01-08 09:07:14,2026-01-08 09:16:43
337,354,2026-01-08 09:16:51,2026-01-08 09:22:13
338,355,2026-01-08 09:22:38,2026-01-08 09:34:21
339,357,2026-01-08 09:16:58,2026-01-08 09:30:39
340,358,2026-01-08 09:00:16,2026-01-08 09:03:19
341,359,2026-01-08 09:35:25,2026-01-08 09:47:35
342,360,2026-01-08 09:04:42,2026-01-08 09:11:02
343,361,2026-01-08 09:11:09,2026-01-08 09:15:53
344,362,2026-01-08 09:16:22,2026-01-08 09:23:44
345,363,2026-01-08 09:30:50,2026-01-08 09:37:34
346,365,2026-01-08 09:47:40,2026-01-08 09:59:45
347,366,2026-01-08 09:24:42,2026-01-08 09:37:04
348,367,2026-01-08 09:37:50,2026-01-08 09:51:58
349,369,2026-01-08 09:38:54,2026-01-08 09:45:50
350,370,2026-01-08 09:46:29,2026-01-08 09:59:42
351,371,2026-01-08 09:53:06,2026-01-08 09:58:25
352,372,2026-01-08 10:01:15,2026-01-08 10:13:43
353,373,2026-01-08 09:59:05,2026-01-08 10:04:31
354,374,2026-01-08 10:05:39,2026-01-08 10:18:42
355,375,2026-01-08 10:14:35,2026-01-08 10:27:20
356,376,2026-01-08 10:18:51,2026-01-08 10:27:31
357,377,2026-01-08 10:28:46,2026-01-08 10:42:52
358,378,2026-01-08 09:15:27,2026-01-08 09:21:35
359,379,2026-01-08 10:27:35,2026-01-08 10:31:34
360,380,2026-01-08 09:22:54,2026-01-08 09:29:40
361,381,2026-01-08 10:33:00,2026-01-08 10:36:29
362,382,2026-01-08 10:37:45,2026-01-08 10:42:49
363,383,2026-01-08 10:44:07,2026-01-08 10:49:22
364,384,2026-01-08 10:49:33,2026-01-08 10:54:15
365,385,2026-01-08 09:47:17,2026-01-08 10:01:00
366,386,2026-01-08 10:54:38,2026-01-08 11:01:12
367,387,2026-01-08 10:43:56,2026-01-08 10:57:49
368,388,2026-01-08 09:59:45,2026-01-08 10:11:02
369,389,2026-01-08 10:02:12,2026-01-08 10:07:36
370,390,2026-01-08 10:59:08,2026-01-08 11:13:12
371,391,2026-01-08 10:10:32,2026-01-08 10:21:18
372,392,2026-01-08 10:35:19,2026-01-08 10:49:11
373,393,2026-01-08 10:45:48,2026-01-08 10:52:33
374,394,2026-01-08 11:01:18,2026-01-08 11:06:27
375,395,2026-01-08 11:06:59,2026-01-08 11:12:22
376,396,2026-01-08 11:14:03,2026-01-08 11:17:16
377,397,2026-01-08 10:48:16,2026-01-08 10:53:05
378,398,2026-01-08 10:54:17,2026-01-08 11:04:49
379,399,2026-01-08 11:18:46,2026-01-08 11:33:25
380,400,2026-01-08 13:31:29,2026-01-08 13:34:32
381,401,2026-01-08 13:35:33,2026-01-08 13:40:01
382,402,2026-01-08 13:31:05,2026-01-08 13:35:03
383,403,2026-01-08 13:36:11,2026-01-08 13:48:14
384,404,2026-01-08 13:41:00,2026-01-08 13:46:34
385,406,2026-01-08 13:48:48,2026-01-08 13:54:13
386,407,2026-01-08 13:54:26,2026-01-08 14:08:37
387,408,2026-01-08 13:48:01,2026-01-08 13:57:30
388,409,2026-01-08 13:30:39,2026-01-08 13:37:42
389,410,2026-01-08 13:57:37,2026-01-08 14:12:25
390,411,2026-01-08 14:13:46,2026-01-08 14:19:51
391,412,2026-01-08 14:09:28,2026-01-08 14:15:42
392,413,2026-01-08 13:30:33,2026-01-08 13:38:28
393,414,2026-01-08 14:20:52,2026-01-08 14:28:58
394,415,2026-01-08 14:29:45,2026-01-08 14:42:17
395,416,2026-01-08 14:16:43,2026-01-08 14:19:47
396,417,2026-01-08 13:38:11,2026-01-08 13:43:41
397,418,2026-01-08 13:38:31,2026-01-08 13:42:07
398,419,2026-01-08 14:42:37,2026-01-08 14:47:26
399,420,2026-01-08 14:48:01,2026-01-08 14:57:15
400,421,2026-01-08 14:57:29,2026-01-08 15:02:13
401,422,2026-01-08 13:42:15,2026-01-08 13:46:29
402,423,2026-01-08 13:46:35,2026-01-08 13:53:59
403,424,2026-01-08 15:02:18,2026-01-08 15:05:31
404,425,2026-01-08 14:20:05,2026-01-08 14:25:16
405,426,2026-01-08 13:55:23,2026-01-08 14:02:58
406,427,2026-01-08 13:44:00,2026-01-08 13:47:45
407,429,2026-01-08 14:25:36,2026-01-08 14:33:26
408,430,2026-01-08 14:34:47,2026-01-08 14:44:06
409,431,2026-01-08 15:06:02,2026-01-08 15:12:18
410,433,2026-01-08 14:08:09,2026-01-08 14:11:32
411,434,2026-01-08 14:44:17,2026-01-08 14:49:27
412,435,2026-01-08 14:49:56,2026-01-08 15:02:03
413,437,2026-01-08 14:10:21,2026-01-08 14:19:03
414,438,2026-01-08 14:19:52,2026-01-08 14:34:10
415,439,2026-01-08 15:03:02,2026-01-08 15:14:12
416,440,2026-01-08 14:34:57,2026-01-08 14:48:27
417,441,2026-01-08 15:15:15,2026-01-08 15:19:13
418,442,2026-01-08 15:12:39,2026-01-08 15:16:36
419,444,2026-01-08 14:44:18,2026-01-08 14:52:08
420,445,2026-01-08 15:19:23,2026-01-08 15:30:36
421,446,2026-01-08 15:16:51,2026-01-08 15:23:40
422,447,2026-01-08 15:30:38,2026-01-08 15:42:50
423,448,2026-01-08 15:24:40,2026-01-08 15:31:16
424,449,2026-01-08 15:44:18,2026-01-08 15:54:26
425,450,2026-01-08 15:54:29,2026-01-08 16:08:40
426,451,2026-01-09 09:00:04,2026-01-09 09:12:38
427,452,2026-01-09 09:00:18,2026-01-09 09:04:56
428,453,2026-01-09 09:05:33,2026-01-09 09:20:31
429,454,2026-01-09 09:12:57,2026-01-09 09:18:14
430,455,2026-01-09 09:20:39,2026-01-09 09:25:43
431,456,2026-01-09 09:19:15,2026-01-09 09:26:20
432,457,2026-01-09 09:26:25,2026-01-09 09:36:48
433,458,2026-01-09 09:37:26,2026-01-09 09:41:02
434,459,2026-01-09 09:41:20,2026-01-09 09:51:16
435,460,2026-01-09 09:27:33,2026-01-09 09:33:23
436,461,2026-01-09 09:51:19,2026-01-09 09:58:21
437,462,2026-01-09 09:30:50,2026-01-09 09:34:12
438,463,2026-01-09 09:58:44,2026-01-09 10:03:29
439,464,2026-01-09 09:58:28,2026-01-09 10:01:36
440,465,2026-01-09 10:15:46,2026-01-09 10:24:00
441,466,2026-01-09 10:12:50,2026-01-09 10:18:36
442,467,2026-01-09 10:29:04,2026-01-09 10:33:21
443,468,2026-01-09 13:31:01,2026-01-09 13:37:45
444,469,2026-01-09 13:31:11,2026-01-09 13:35:38
445,470,2026-01-09 13:38:37,2026-01-09 13:51:34
446,471,2026-01-09 13:52:26,2026-01-09 14:03:39
447,472,2026-01-09 14:05:07,2026-01-09 14:16:14
448,473,2026-01-09 13:30:22,2026-01-09 13:34:59
449,474,2026-01-09 14:16:24,2026-01-09 14:20:42
450,475,2026-01-09 13:30:30,2026-01-09 13:38:41
451,476,2026-01-09 13:36:19,2026-01-09 13:39:48
452,477,2026-01-09 13:36:36,2026-01-09 13:51:13
453,478,2026-01-09 13:39:25,2026-01-09 13:43:01
454,479,2026-01-09 14:21:50,2026-01-09 14:28:50
455,480,2026-01-09 13:40:37,2026-01-09 13:47:58
456,481,2026-01-09 13:52:04,2026-01-09 13:56:26
457,482,2026-01-09 13:57:27,2026-01-09 14:03:59
458,483,2026-01-09 13:51:20,2026-01-09 14:05:09
459,484,2026-01-09 13:56:12,2026-01-09 14:07:53
460,485,2026-01-09 14:04:56,2026-01-09 14:18:27
461,486,2026-01-09 14:30:16,2026-01-09 14:33:21
462,487,2026-01-09 14:19:38,2026-01-09 14:23:20
463,488,2026-01-09 14:24:03,2026-01-09 14:33:03
464,489,2026-01-09 14:34:12,2026-01-09 14:46:05
465,491,2026-01-09 14:21:13,2026-01-09 14:26:18
466,492,2026-01-09 14:21:55,2026-01-09 14:30:42
467,493,2026-01-09 14:47:16,2026-01-09 14:52:28
468,494,2026-01-09 14:31:00,2026-01-09 14:44:54
469,495,2026-01-09 14:34:41,2026-01-09 14:41:46
470,496,2026-01-09 14:53:43,2026-01-09 15:04:08
471,497,2026-01-09 14:58:55,2026-01-09 15:07:38
472,498,2026-01-09 15:04:09,2026-01-09 15:16:05
473,499,2026-01-09 15:17:13,2026-01-09 15:23:46
474,500,2026-01-09 15:23:48,2026-01-09 15:29:44
475,501,2026-01-09 15:30:24,2026-01-09 15:41:45
476,502,2026-01-09 15:41:54,2026-01-09 15:46:44
477,503,2026-01-09 15:30:30,2026-01-09 15:35:29
478,504,2026-01-12 09:01:10,2026-01-12 09:15:02
479,505,2026-01-12 09:16:08,2026-01-12 09:21:56
480,506,2026-01-12 09:00:09,2026-01-12 09:08:50
481,507,2026-01-12 09:08:52,2026-01-12 09:21:24
482,508,2026-01-12 09:00:56,2026-01-12 09:14:24
483,509,2026-01-12 09:22:16,2026-01-12 09:28:02
484,510,2026-01-12 09:21:25,2026-01-12 09:34:46
485,511,2026-01-12 09:14:45,2026-01-12 09:19:26
486,512,2026-01-12 09:00:49,2026-01-12 09:07:56
487,513,2026-01-12 09:28:30,2026-01-12 09:35:19
488,514,2026-01-12 09:09:22,2026-01-12 09:15:53
489,515,2026-01-12 09:35:13,2026-01-12 09:41:14
490,516,2026-01-12 09:41:56,2026-01-12 09:56:33
491,517,2026-01-12 09:20:44,2026-01-12 09:31:15
492,518,2026-01-12 09:31:29,2026-01-12 09:36:16
493,519,2026-01-12 09:37:08,2026-01-12 09:44:15
494,520,2026-01-12 09:36:44,2026-01-12 09:47:57
495,521,2026-01-12 09:01:10,2026-01-12 09:06:24
496,522,2026-01-12 09:57:10,2026-01-12 10:09:47
497,523,2026-01-12 09:16:48,2026-01-12 09:30:18
498,524,2026-01-12 09:30:49,2026-01-12 09:39:49
499,525,2026-01-12 09:44:21,2026-01-12 09:51:11
500,526,2026-01-12 10:10:04,2026-01-12 10:23:56
501,527,2026-01-12 09:39:57,2026-01-12 09:44:54
502,528,2026-01-12 10:24:03,2026-01-12 10:36:43
503,529,2026-01-12 09:49:27,2026-01-12 09:57:13
504,530,2026-01-12 09:46:09,2026-01-12 09:53:00
505,531,2026-01-12 09:15:25,2026-01-12 09:20:08
506,532,2026-01-12 09:57:25,2026-01-12 10:00:35
507,533,2026-01-12 10:37:34,2026-01-12 10:44:02
508,534,2026-01-12 10:44:43,2026-01-12 10:52:08
509,535,2026-01-12 10:02:03,2026-01-12 10:09:50
510,536,2026-01-12 10:10:07,2026-01-12 10:16:20
511,537,2026-01-12 10:52:42,2026-01-12 10:57:47
512,538,2026-01-12 10:59:16,2026-01-12 11:03:16
513,539,2026-01-12 09:40:16,2026-01-12 09:46:02
514,540,2026-01-12 11:03:25,2026-01-12 11:16:07
515,541,2026-01-12 10:16:24,2026-01-12 10:22:02
516,542,2026-01-12 11:16:08,2026-01-12 11:22:07
517,543,2026-01-12 11:23:11,2026-01-12 11:26:18
518,544,2026-01-12 10:23:32,2026-01-12 10:32:03
519,545,2026-01-12 10:06:49,2026-01-12 10:21:07
520,546,2026-01-12 10:33:09,2026-01-12 10:38:02
521,547,2026-01-12 10:38:17,2026-01-12 10:41:33
522,549,2026-01-12 11:26:34,2026-01-12 11:38:39
523,550,2026-01-12 10:15:15,2026-01-12 10:21:46
524,551,2026-01-12 10:25:56,2026-01-12 10:32:22
525,552,2026-01-12 10:41:48,2026-01-12 10:45:24
526,553,2026-01-12 10:43:47,2026-01-12 10:51:03
527,554,2026-01-12 10:48:41,2026-01-12 10:53:46
528,555,2026-01-12 11:39:19,2026-01-12 11:50:21
529,556,2026-01-12 11:13:37,2026-01-12 11:24:17
530,557,2026-01-12 13:30:24,2026-01-12 13:35:35
531,558,2026-01-12 13:30:05,2026-01-12 13:40:08
532,559,2026-01-12 13:40:41,2026-01-12 13:54:56
533,560,2026-01-12 13:30:07,2026-01-12 13:40:11
534,561,2026-01-12 13:36:54,2026-01-12 13:40:27
535,562,2026-01-12 13:55:27,2026-01-12 14:01:19
536,563,2026-01-12 13:30:28,2026-01-12 13:38:12
537,564,2026-01-12 13:39:37,2026-01-12 13:43:17
538,565,2026-01-12 14:01:46,2026-01-12 14:13:52
539,566,2026-01-12 13:40:33,2026-01-12 13:45:33
540,567,2026-01-12 13:44:10,2026-01-12 13:49:20
541,568,2026-01-12 14:14:34,2026-01-12 14:28:34
542,569,2026-01-12 13:49:56,2026-01-12 13:56:28
543,570,2026-01-12 13:30:46,2026-01-12 13:41:39
544,571,2026-01-12 13:42:36,2026-01-12 13:49:20
545,572,2026-01-12 14:29:15,2026-01-12 14:32:40
546,573,2026-01-12 13:50:45,2026-01-12 13:56:38
547,574,2026-01-12 13:46:54,2026-01-12 13:59:02
548,575,2026-01-12 13:58:05,2026-01-12 14:10:57
549,576,2026-01-12 13:57:35,2026-01-12 14:04:03
550,577,2026-01-12 14:33:12,2026-01-12 14:37:37
551,578,2026-01-12 14:05:23,2026-01-12 14:13:22
552,579,2026-01-12 14:11:17,2026-01-12 14:25:26
553,580,2026-01-12 14:39:00,2026-01-12 14:43:42
554,581,2026-01-12 14:26:11,2026-01-12 14:34:25
555,582,2026-01-12 14:00:23,2026-01-12 14:06:03
556,583,2026-01-12 14:43:47,2026-01-12 14:47:34
557,584,2026-01-12 14:06:47,2026-01-12 14:20:41
558,585,2026-01-12 14:49:02,2026-01-12 14:54:09
559,586,2026-01-12 14:14:00,2026-01-12 14:20:24
560,587,2026-01-12 14:20:56,2026-01-12 14:32:03
561,588,2026-01-12 14:35:15,2026-01-12 14:44:29
562,589,2026-01-12 14:45:55,2026-01-12 14:51:57
563,590,2026-01-12 14:21:49,2026-01-12 14:28:19
564,591,2026-01-12 14:54:40,2026-01-12 15:09:20
565,592,2026-01-12 15:10:33,2026-01-12 15:14:55
566,593,2026-01-12 14:33:09,2026-01-12 14:38:36
567,594,2026-01-12 14:53:12,2026-01-12 14:58:42
568,596,2026-01-12 15:15:33,2026-01-12 15:25:05
569,597,2026-01-12 14:21:45,2026-01-12 14:25:43
570,598,2026-01-12 14:59:12,2026-01-12 15:13:56
571,599,2026-01-12 15:14:07,2026-01-12 15:22:33
572,600,2026-01-12 15:26:10,2026-01-12 15:30:06
573,601,2026-01-12 15:31:28,2026-01-12 15:40:02
574,602,2026-01-12 14:38:02,2026-01-12 14:42:25
575,603,2026-01-12 15:22:58,2026-01-12 15:28:06
576,604,2026-01-12 14:39:34,2026-01-12 14:48:04
577,605,2026-01-12 15:40:10,2026-01-12 15:49:28
578,606,2026-01-12 15:28:18,2026-01-12 15:43:00
579,607,2026-01-12 14:55:40,2026-01-12 15:04:13
580,608,2026-01-12 14:51:45,2026-01-12 15:05:48
581,609,2026-01-12 15:49:42,2026-01-12 15:59:35
582,610,2026-01-12 15:43:17,2026-01-12 15:48:43
583,611,2026-01-12 15:13:09,2026-01-12 15:26:29
584,612,2026-01-12 15:27:29,2026-01-12 15:39:08
585,613,2026-01-12 16:00:36,2026-01-12 16:04:00
586,614,2026-01-12 15:49:33,2026-01-12 16:02:27
587,615,2026-01-13 09:00:30,2026-01-13 09:09:30
588,616,2026-01-13 09:00:28,2026-01-13 09:07:14
589,617,2026-01-13 09:08:35,2026-01-13 09:18:30
590,618,2026-01-13 09:01:30,2026-01-13 09:08:01
591,619,2026-01-13 09:18:38,2026-01-13 09:28:45
592,620,2026-01-13 09:01:20,2026-01-13 09:07:48
593,621,2026-01-13 09:01:30,2026-01-13 09:09:04
594,622,2026-01-13 09:08:17,2026-01-13 09:16:35
595,623,2026-01-13 09:00:06,2026-01-13 09:10:26
596,624,2026-01-13 09:08:38,2026-01-13 09:16:03
597,625,2026-01-13 09:17:16,2026-01-13 09:23:39
598,626,2026-01-13 09:17:36,2026-01-13 09:30:10
599,627,2026-01-13 09:10:15,2026-01-13 09:14:46
600,628,2026-01-13 09:29:34,2026-01-13 09:35:30
601,629,2026-01-13 09:10:09,2026-01-13 09:16:44
602,630,2026-01-13 09:24:36,2026-01-13 09:37:49
603,631,2026-01-13 09:15:09,2026-01-13 09:25:47
604,632,2026-01-13 09:31:35,2026-01-13 09:45:53
605,634,2026-01-13 09:37:49,2026-01-13 09:45:02
606,635,2026-01-13 09:45:39,2026-01-13 09:55:04
607,636,2026-01-13 09:17:27,2026-01-13 09:23:21
608,638,2026-01-13 09:56:12,2026-01-13 10:04:30
609,639,2026-01-13 09:26:47,2026-01-13 09:41:31
610,640,2026-01-13 10:05:09,2026-01-13 10:10:49
611,641,2026-01-13 10:11:59,2026-01-13 10:21:55
612,642,2026-01-13 09:41:47,2026-01-13 09:48:03
613,643,2026-01-13 10:23:01,2026-01-13 10:33:42
614,644,2026-01-13 09:46:23,2026-01-13 09:50:30
615,645,2026-01-13 09:31:29,2026-01-13 09:34:59
616,646,2026-01-13 10:34:59,2026-01-13 10:39:54
617,648,2026-01-13 10:41:17,2026-01-13 10:49:14
618,649,2026-01-13 10:49:38,2026-01-13 11:03:38
619,650,2026-01-13 09:54:25,2026-01-13 10:07:04
620,651,2026-01-13 10:20:13,2026-01-13 10:23:22
621,652,2026-01-13 10:26:44,2026-01-13 10:34:53
622,653,2026-01-13 10:26:06,2026-01-13 10:38:14
623,656,2026-01-13 10:48:36,2026-01-13 10:58:02
624,657,2026-01-13 10:58:47,2026-01-13 11:03:48
625,658,2026-01-13 11:05:00,2026-01-13 11:08:21
626,659,2026-01-13 11:10:53,2026-01-13 11:17:05
627,660,2026-01-13 11:09:06,2026-01-13 11:17:11
628,661,2026-01-13 11:17:36,2026-01-13 11:20:39
629,662,2026-01-13 13:30:12,2026-01-13 13:37:28
630,663,2026-01-13 13:31:28,2026-01-13 13:35:28
631,664,2026-01-13 13:30:10,2026-01-13 13:37:52
632,665,2026-01-13 13:30:00,2026-01-13 13:42:26
633,666,2026-01-13 13:38:03,2026-01-13 13:43:26
634,667,2026-01-13 13:30:49,2026-01-13 13:36:14
635,668,2026-01-13 13:38:57,2026-01-13 13:48:45
636,669,2026-01-13 13:36:58,2026-01-13 13:50:50
637,670,2026-01-13 13:49:51,2026-01-13 13:53:15
638,671,2026-01-13 13:51:40,2026-01-13 13:57:14
639,672,2026-01-13 13:54:08,2026-01-13 14:01:32
640,673,2026-01-13 13:57:45,2026-01-13 14:02:25
641,674,2026-01-13 13:43:53,2026-01-13 13:49:50
642,675,2026-01-13 13:51:05,2026-01-13 13:58:43
643,676,2026-01-13 13:59:19,2026-01-13 14:02:39
644,677,2026-01-13 14:03:20,2026-01-13 14:16:54
645,678,2026-01-13 14:01:52,2026-01-13 14:06:12
646,679,2026-01-13 14:18:10,2026-01-13 14:25:49
647,680,2026-01-13 13:50:41,2026-01-13 13:54:20
648,681,2026-01-13 13:56:40,2026-01-13 14:05:46
649,682,2026-01-13 13:59:10,2026-01-13 14:12:35
650,683,2026-01-13 14:25:53,2026-01-13 14:32:30
651,684,2026-01-13 14:06:20,2026-01-13 14:10:18
652,685,2026-01-13 14:09:03,2026-01-13 14:14:31
653,686,2026-01-13 14:19:24,2026-01-13 14:26:16
654,687,2026-01-13 14:17:53,2026-01-13 14:21:10
655,688,2026-01-13 14:26:53,2026-01-13 14:33:52
656,690,2026-01-13 14:33:55,2026-01-13 14:39:29
657,691,2026-01-13 14:29:19,2026-01-13 14:33:02
658,692,2026-01-13 14:43:56,2026-01-13 14:57:29
659,693,2026-01-13 14:49:21,2026-01-13 15:01:23
660,694,2026-01-13 14:46:18,2026-01-13 15:00:07
661,695,2026-01-13 14:56:10,2026-01-13 15:03:03
662,696,2026-01-13 15:04:23,2026-01-13 15:08:58
663,697,2026-01-13 15:09:14,2026-01-13 15:14:41
664,698,2026-01-13 15:15:45,2026-01-13 15:19:08
665,699,2026-01-13 15:13:18,2026-01-13 15:18:36
666,700,2026-01-13 15:25:16,2026-01-13 15:28:32
667,701,2026-01-14 09:00:02,2026-01-14 09:13:59
668,702,2026-01-14 09:00:14,2026-01-14 09:12:01
669,703,2026-01-14 09:12:38,2026-01-14 09:17:42
670,704,2026-01-14 09:18:23,2026-01-14 09:22:33
671,705,2026-01-14 09:22:33,2026-01-14 09:30:46
672,706,2026-01-14 09:14:09,2026-01-14 09:18:32
673,707,2026-01-14 09:31:47,2026-01-14 09:42:28
674,708,2026-01-14 09:43:55,2026-01-14 09:55:15
675,709,2026-01-14 09:19:40,2026-01-14 09:29:52
676,710,2026-01-14 09:30:58,2026-01-14 09:42:57
677,711,2026-01-14 09:43:56,2026-01-14 09:50:55
678,712,2026-01-14 09:51:38,2026-01-14 10:06:08
679,713,2026-01-14 09:55:41,2026-01-14 09:59:20
680,714,2026-01-14 09:03:56,2026-01-14 09:11:02
681,715,2026-01-14 10:00:08,2026-01-14 10:08:29
682,716,2026-01-14 10:09:44,2026-01-14 10:13:05
683,717,2026-01-14 09:24:03,2026-01-14 09:31:36
684,718,2026-01-14 09:32:20,2026-01-14 09:35:29
685,719,2026-01-14 09:36:04,2026-01-14 09:41:23
686,720,2026-01-14 10:14:26,2026-01-14 10:20:17
687,721,2026-01-14 09:41:36,2026-01-14 09:53:30
688,722,2026-01-14 09:33:40,2026-01-14 09:46:11
689,723,2026-01-14 09:47:01,2026-01-14 09:54:19
690,724,2026-01-14 09:53:54,2026-01-14 10:08:24
691,726,2026-01-14 10:06:59,2026-01-14 10:12:30
692,727,2026-01-14 09:55:36,2026-01-14 10:00:16
693,728,2026-01-14 10:20:53,2026-01-14 10:30:43
694,729,2026-01-14 10:31:31,2026-01-14 10:39:10
695,730,2026-01-14 10:39:46,2026-01-14 10:54:17
696,731,2026-01-14 10:54:27,2026-01-14 10:57:41
697,732,2026-01-14 10:20:22,2026-01-14 10:28:08
698,733,2026-01-14 11:05:36,2026-01-14 11:17:00
699,734,2026-01-14 13:30:59,2026-01-14 13:33:59
700,735,2026-01-14 13:35:15,2026-01-14 13:39:55
701,736,2026-01-14 13:31:03,2026-01-14 13:41:49
702,737,2026-01-14 13:42:32,2026-01-14 13:49:42
703,738,2026-01-14 13:50:03,2026-01-14 13:59:18
704,739,2026-01-14 14:00:33,2026-01-14 14:11:31
705,740,2026-01-14 13:40:39,2026-01-14 13:47:50
706,741,2026-01-14 13:48:09,2026-01-14 13:56:14
707,742,2026-01-14 13:57:02,2026-01-14 14:11:51
708,744,2026-01-14 14:12:35,2026-01-14 14:26:38
709,745,2026-01-14 14:12:11,2026-01-14 14:19:05
710,746,2026-01-14 13:46:38,2026-01-14 13:52:04
711,747,2026-01-14 14:27:40,2026-01-14 14:32:33
712,748,2026-01-14 14:33:27,2026-01-14 14:42:04
713,749,2026-01-14 14:19:33,2026-01-14 14:22:36
714,750,2026-01-14 14:43:27,2026-01-14 14:51:19
715,751,2026-01-14 14:52:20,2026-01-14 14:59:20
716,754,2026-01-14 15:00:44,2026-01-14 15:09:47
717,755,2026-01-14 15:10:43,2026-01-14 15:23:15
718,756,2026-01-14 15:23:52,2026-01-14 15:27:29
719,757,2026-01-14 15:28:12,2026-01-14 15:41:30
720,758,2026-01-14 15:42:48,2026-01-14 15:49:08
721,759,2026-01-14 15:20:14,2026-01-14 15:23:30
722,760,2026-01-14 15:31:46,2026-01-14 15:41:55
723,761,2026-01-14 15:42:16,2026-01-14 15:45:47
724,762,2026-01-14 15:46:43,2026-01-14 15:55:03
725,763,2026-01-15 09:00:48,2026-01-15 09:15:11
726,764,2026-01-15 09:01:21,2026-01-15 09:14:51
727,765,2026-01-15 09:01:28,2026-01-15 09:05:39
728,766,2026-01-15 09:01:20,2026-01-15 09:04:41
729,767,2026-01-15 09:01:01,2026-01-15 09:09:42
730,768,2026-01-15 09:16:31,2026-01-15 09:24:24
731,769,2026-01-15 09:06:01,2026-01-15 09:09:53
732,770,2026-01-15 09:09:56,2026-01-15 09:22:51
733,771,2026-01-15 09:23:06,2026-01-15 09:27:49
734,772,2026-01-15 09:15:49,2026-01-15 09:21:19
735,773,2026-01-15 09:25:02,2026-01-15 09:38:13
736,774,2026-01-15 09:39:20,2026-01-15 09:48:27
737,776,2026-01-15 09:28:08,2026-01-15 09:34:48
738,778,2026-01-15 09:48:49,2026-01-15 09:56:43
739,779,2026-01-15 09:22:14,2026-01-15 09:36:18
740,780,2026-01-15 09:58:08,2026-01-15 10:09:32
741,781,2026-01-15 10:10:47,2026-01-15 10:17:51
742,782,2026-01-15 09:09:52,2026-01-15 09:19:43
743,783,2026-01-15 09:35:06,2026-01-15 09:38:26
744,784,2026-01-15 10:18:39,2026-01-15 10:23:35
745,786,2026-01-15 10:24:21,2026-01-15 10:29:49
746,787,2026-01-15 09:39:08,2026-01-15 09:43:49
747,788,2026-01-15 09:08:31,2026-01-15 09:12:00
748,789,2026-01-15 09:37:13,2026-01-15 09:41:29
749,790,2026-01-15 10:31:14,2026-01-15 10:41:49
750,791,2026-01-15 10:43:15,2026-01-15 10:48:15
751,792,2026-01-15 09:13:59,2026-01-15 09:18:21
752,793,2026-01-15 10:48:38,2026-01-15 11:00:38
753,794,2026-01-15 09:19:09,2026-01-15 09:31:42
754,795,2026-01-15 09:45:15,2026-01-15 09:50:34
755,796,2026-01-15 09:51:35,2026-01-15 10:02:26
756,797,2026-01-15 09:41:42,2026-01-15 09:55:28
757,798,2026-01-15 09:22:16,2026-01-15 09:27:25
758,799,2026-01-15 11:01:17,2026-01-15 11:09:01
759,800,2026-01-15 09:55:52,2026-01-15 10:10:13
760,801,2026-01-15 10:03:16,2026-01-15 10:10:06
761,802,2026-01-15 09:37:50,2026-01-15 09:45:56
762,803,2026-01-15 10:10:28,2026-01-15 10:16:27
763,804,2026-01-15 10:17:37,2026-01-15 10:27:15
764,805,2026-01-15 10:11:08,2026-01-15 10:19:03
765,806,2026-01-15 10:28:02,2026-01-15 10:36:02
766,807,2026-01-15 11:09:30,2026-01-15 11:20:18
767,808,2026-01-15 10:20:20,2026-01-15 10:28:57
768,809,2026-01-15 09:57:30,2026-01-15 10:07:55
769,810,2026-01-15 10:29:14,2026-01-15 10:33:11
770,811,2026-01-15 10:34:23,2026-01-15 10:41:59
771,812,2026-01-15 10:37:32,2026-01-15 10:42:32
772,813,2026-01-15 11:21:48,2026-01-15 11:26:41
773,814,2026-01-15 11:27:40,2026-01-15 11:30:44
774,815,2026-01-15 10:37:04,2026-01-15 10:46:36
775,817,2026-01-15 11:31:42,2026-01-15 11:40:37
776,818,2026-01-15 10:53:11,2026-01-15 11:01:49
777,819,2026-01-15 10:53:45,2026-01-15 11:07:03
778,821,2026-01-15 10:53:57,2026-01-15 11:08:03
779,822,2026-01-15 13:30:10,2026-01-15 13:34:34
780,823,2026-01-15 13:30:51,2026-01-15 13:36:00
781,824,2026-01-15 13:36:19,2026-01-15 13:39:24
782,825,2026-01-15 13:31:30,2026-01-15 13:40:20
783,826,2026-01-15 13:34:42,2026-01-15 13:40:49
784,827,2026-01-15 13:41:46,2026-01-15 13:46:51
785,828,2026-01-15 13:40:34,2026-01-15 13:43:59
786,829,2026-01-15 13:30:58,2026-01-15 13:37:42
787,830,2026-01-15 13:48:11,2026-01-15 13:54:45
788,831,2026-01-15 13:56:05,2026-01-15 14:04:52
789,832,2026-01-15 13:37:44,2026-01-15 13:43:43
790,833,2026-01-15 13:41:10,2026-01-15 13:47:25
791,834,2026-01-15 13:44:51,2026-01-15 13:49:04
792,835,2026-01-15 13:44:10,2026-01-15 13:49:43
793,837,2026-01-15 14:05:41,2026-01-15 14:12:38
794,838,2026-01-15 13:49:31,2026-01-15 14:00:45
795,839,2026-01-15 14:13:52,2026-01-15 14:20:36
796,840,2026-01-15 14:21:19,2026-01-15 14:36:01
797,841,2026-01-15 13:51:02,2026-01-15 14:05:12
798,842,2026-01-15 14:06:12,2026-01-15 14:19:08
799,843,2026-01-15 14:36:26,2026-01-15 14:46:57
800,844,2026-01-15 13:48:53,2026-01-15 13:53:27
801,845,2026-01-15 14:48:19,2026-01-15 15:01:25
802,846,2026-01-15 13:39:16,2026-01-15 13:46:06
803,847,2026-01-15 15:01:45,2026-01-15 15:07:18
804,848,2026-01-15 14:19:10,2026-01-15 14:30:06
805,850,2026-01-15 14:05:17,2026-01-15 14:09:36
806,851,2026-01-15 14:30:25,2026-01-15 14:38:40
807,852,2026-01-15 14:39:28,2026-01-15 14:50:38
808,853,2026-01-15 14:06:28,2026-01-15 14:18:02
809,854,2026-01-15 14:51:56,2026-01-15 14:59:01
810,855,2026-01-15 14:18:21,2026-01-15 14:25:42
811,856,2026-01-15 15:07:49,2026-01-15 15:13:07
812,858,2026-01-15 15:14:15,2026-01-15 15:21:14
813,859,2026-01-15 15:22:35,2026-01-15 15:30:00
814,860,2026-01-15 14:59:46,2026-01-15 15:08:32
815,861,2026-01-15 14:43:38,2026-01-15 14:56:46
816,862,2026-01-15 15:31:23,2026-01-15 15:40:18
817,863,2026-01-15 15:14:48,2026-01-15 15:20:44
818,864,2026-01-15 15:22:28,2026-01-15 15:33:26
819,865,2026-01-15 15:41:43,2026-01-15 15:49:04
820,866,2026-01-15 15:49:25,2026-01-15 15:54:48
821,867,2026-01-15 15:46:15,2026-01-15 16:00:12
822,868,2026-01-16 09:00:24,2026-01-16 09:09:22
823,869,2026-01-16 09:09:56,2026-01-16 09:17:02
824,870,2026-01-16 09:17:39,2026-01-16 09:21:55
825,871,2026-01-16 09:01:08,2026-01-16 09:12:41
826,872,2026-01-16 09:21:51,2026-01-16 09:33:04
827,873,2026-01-16 09:34:20,2026-01-16 09:42:18
828,874,2026-01-16 09:43:32,2026-01-16 09:51:26
829,875,2026-01-16 10:05:09,2026-01-16 10:12:55
830,876,2026-01-16 10:13:23,2026-01-16 10:22:03
831,877,2026-01-16 10:22:38,2026-01-16 10:29:06
832,879,2026-01-16 13:30:33,2026-01-16 13:42:55
833,880,2026-01-16 13:30:12,2026-01-16 13:35:26
834,881,2026-01-16 13:30:41,2026-01-16 13:42:24
835,882,2026-01-16 13:35:27,2026-01-16 13:39:36
836,883,2026-01-16 13:43:37,2026-01-16 13:49:46
837,884,2026-01-16 13:30:44,2026-01-16 13:34:42
838,885,2026-01-16 13:30:18,2026-01-16 13:36:15
839,886,2026-01-16 13:40:52,2026-01-16 13:46:27
840,887,2026-01-16 13:36:41,2026-01-16 13:46:19
841,888,2026-01-16 13:47:20,2026-01-16 14:01:31
842,889,2026-01-16 13:50:15,2026-01-16 14:03:14
843,890,2026-01-16 13:35:07,2026-01-16 13:46:32
844,891,2026-01-16 13:43:44,2026-01-16 13:58:43
845,892,2026-01-16 13:47:07,2026-01-16 14:01:07
846,893,2026-01-16 14:02:29,2026-01-16 14:15:12
847,894,2026-01-16 14:16:03,2026-01-16 14:30:16
848,895,2026-01-16 14:31:18,2026-01-16 14:40:03
849,896,2026-01-16 13:47:46,2026-01-16 13:53:28
850,898,2026-01-16 13:54:34,2026-01-16 13:57:48
851,899,2026-01-16 14:41:11,2026-01-16 14:51:46
852,900,2026-01-16 13:59:04,2026-01-16 14:07:12
853,901,2026-01-16 14:14:49,2026-01-16 14:25:08
854,902,2026-01-16 14:17:13,2026-01-16 14:22:05
855,903,2026-01-16 14:35:39,2026-01-16 14:38:55
856,904,2026-01-16 14:48:02,2026-01-16 14:51:16
857,905,2026-01-16 14:52:24,2026-01-16 14:58:43
858,906,2026-01-16 15:18:24,2026-01-16 15:32:56
859,907,2026-01-19 09:00:03,2026-01-19 09:07:36
860,908,2026-01-19 09:00:13,2026-01-19 09:04:44
861,909,2026-01-19 09:07:58,2026-01-19 09:21:33
862,910,2026-01-19 09:22:47,2026-01-19 09:28:30
863,911,2026-01-19 09:00:33,2026-01-19 09:03:51
864,913,2026-01-19 09:05:00,2026-01-19 09:14:54
865,914,2026-01-19 09:29:10,2026-01-19 09:33:01
866,915,2026-01-19 09:16:21,2026-01-19 09:26:17
867,916,2026-01-19 09:26:55,2026-01-19 09:31:19
868,917,2026-01-19 09:33:24,2026-01-19 09:37:59
869,918,2026-01-19 09:06:04,2026-01-19 09:15:19
870,919,2026-01-19 09:15:22,2026-01-19 09:20:13
871,920,2026-01-19 09:38:43,2026-01-19 09:42:47
872,921,2026-01-19 09:00:20,2026-01-19 09:14:34
873,922,2026-01-19 09:20:30,2026-01-19 09:25:27
874,924,2026-01-19 09:42:55,2026-01-19 09:50:02
875,925,2026-01-19 09:25:51,2026-01-19 09:28:55
876,926,2026-01-19 09:50:24,2026-01-19 09:58:18
877,927,2026-01-19 09:59:33,2026-01-19 10:06:29
878,928,2026-01-19 10:06:35,2026-01-19 10:12:14
879,929,2026-01-19 09:29:29,2026-01-19 09:34:20
880,930,2026-01-19 09:35:42,2026-01-19 09:47:09
881,931,2026-01-19 09:27:01,2026-01-19 09:35:20
882,932,2026-01-19 09:31:59,2026-01-19 09:35:22
883,933,2026-01-19 09:47:34,2026-01-19 09:54:09
884,934,2026-01-19 09:29:48,2026-01-19 09:37:02
885,935,2026-01-19 09:35:43,2026-01-19 09:44:42
886,936,2026-01-19 09:55:25,2026-01-19 10:09:31
887,937,2026-01-19 09:39:59,2026-01-19 09:51:47
888,938,2026-01-19 10:12:43,2026-01-19 10:18:02
889,939,2026-01-19 10:10:13,2026-01-19 10:15:26
890,940,2026-01-19 10:18:28,2026-01-19 10:33:11
891,941,2026-01-19 10:02:32,2026-01-19 10:09:58
892,942,2026-01-19 10:33:24,2026-01-19 10:38:49
893,943,2026-01-19 10:39:43,2026-01-19 10:44:30
894,944,2026-01-19 10:44:41,2026-01-19 10:57:42
895,945,2026-01-19 10:58:32,2026-01-19 11:06:12
896,946,2026-01-19 10:16:20,2026-01-19 10:20:22
897,947,2026-01-19 10:20:35,2026-01-19 10:25:05
898,948,2026-01-19 10:12:47,2026-01-19 10:22:59
899,949,2026-01-19 11:06:59,2026-01-19 11:16:09
900,950,2026-01-19 10:15:45,2026-01-19 10:21:02
901,951,2026-01-19 10:23:06,2026-01-19 10:32:31
902,952,2026-01-19 10:25:56,2026-01-19 10:29:33
903,953,2026-01-19 10:37:36,2026-01-19 10:47:59
904,954,2026-01-19 10:40:48,2026-01-19 10:54:24
905,955,2026-01-19 10:55:29,2026-01-19 11:00:23
906,956,2026-01-19 11:03:12,2026-01-19 11:14:22
907,957,2026-01-19 11:15:34,2026-01-19 11:19:32
908,958,2026-01-19 13:30:27,2026-01-19 13:36:14
909,959,2026-01-19 13:30:13,2026-01-19 13:45:00
910,960,2026-01-19 13:36:35,2026-01-19 13:50:12
911,961,2026-01-19 13:51:03,2026-01-19 13:57:04
912,962,2026-01-19 13:30:06,2026-01-19 13:44:37
913,963,2026-01-19 13:45:34,2026-01-19 13:52:39
914,964,2026-01-19 13:58:21,2026-01-19 14:05:35
915,965,2026-01-19 13:31:12,2026-01-19 13:36:07
916,966,2026-01-19 14:06:02,2026-01-19 14:20:41
917,967,2026-01-19 13:45:16,2026-01-19 13:58:50
918,968,2026-01-19 13:53:41,2026-01-19 14:00:02
919,969,2026-01-19 14:00:04,2026-01-19 14:05:27
920,970,2026-01-19 13:59:08,2026-01-19 14:13:11
921,971,2026-01-19 13:30:10,2026-01-19 13:38:49
922,972,2026-01-19 14:06:39,2026-01-19 14:21:05
923,973,2026-01-19 14:21:29,2026-01-19 14:32:45
924,974,2026-01-19 14:13:31,2026-01-19 14:22:53
925,975,2026-01-19 14:23:47,2026-01-19 14:31:36
926,976,2026-01-19 14:32:28,2026-01-19 14:36:30
927,977,2026-01-19 14:21:16,2026-01-19 14:31:47
928,978,2026-01-19 14:36:48,2026-01-19 14:51:26
929,980,2026-01-19 14:33:11,2026-01-19 14:37:23
930,981,2026-01-19 14:38:20,2026-01-19 14:45:55
931,982,2026-01-19 14:32:54,2026-01-19 14:43:26
932,983,2026-01-19 14:51:27,2026-01-19 14:58:20
933,984,2026-01-19 14:46:21,2026-01-19 14:55:51
934,985,2026-01-19 14:56:37,2026-01-19 14:59:48
935,986,2026-01-19 13:39:17,2026-01-19 13:49:18
936,987,2026-01-19 14:43:32,2026-01-19 14:54:19
937,988,2026-01-19 14:54:31,2026-01-19 15:07:49
938,989,2026-01-19 15:08:12,2026-01-19 15:22:03
939,990,2026-01-19 13:49:28,2026-01-19 13:55:01
940,991,2026-01-19 15:00:35,2026-01-19 15:15:28
941,992,2026-01-19 15:22:40,2026-01-19 15:30:04
942,993,2026-01-19 13:55:14,2026-01-19 13:59:45
943,994,2026-01-19 14:59:19,2026-01-19 15:10:09
944,995,2026-01-19 15:30:26,2026-01-19 15:38:20
945,996,2026-01-19 15:39:07,2026-01-19 15:46:38
946,997,2026-01-19 15:47:03,2026-01-19 15:59:27
947,998,2026-01-19 15:10:58,2026-01-19 15:18:21
948,1000,2026-01-19 14:05:29,2026-01-19 14:13:10
949,1001,2026-01-19 14:04:30,2026-01-19 14:09:11
950,1002,2026-01-19 15:16:31,2026-01-19 15:21:16
951,1003,2026-01-19 15:22:25,2026-01-19 15:36:33
952,1005,2026-01-19 14:14:41,2026-01-19 14:20:01
953,1006,2026-01-19 15:38:03,2026-01-19 15:45:56
954,1007,2026-01-19 16:00:05,2026-01-19 16:06:37
955,1008,2026-01-19 14:21:28,2026-01-19 14:24:41
956,1009,2026-01-19 15:47:05,2026-01-19 15:56:11
957,1010,2026-01-19 15:56:52,2026-01-19 16:05:53
958,1011,2026-01-19 14:39:53,2026-01-19 14:48:10
959,1012,2026-01-19 14:44:31,2026-01-19 14:49:03
960,1013,2026-01-19 14:50:07,2026-01-19 14:57:46
961,1014,2026-01-19 14:58:13,2026-01-19 15:12:23
962,1015,2026-01-19 14:56:35,2026-01-19 15:01:29
963,1016,2026-01-19 15:19:20,2026-01-19 15:27:56
964,1017,2026-01-19 16:07:14,2026-01-19 16:14:06
965,1019,2026-01-19 15:13:03,2026-01-19 15:25:21
966,1020,2026-01-19 16:15:07,2026-01-19 16:18:42
967,1021,2026-01-19 16:07:19,2026-01-19 16:17:55
968,1022,2026-01-20 09:00:47,2026-01-20 09:12:17
969,1023,2026-01-20 09:01:08,2026-01-20 09:07:50
970,1024,2026-01-20 09:07:51,2026-01-20 09:11:16
971,1025,2026-01-20 09:01:19,2026-01-20 09:06:33
972,1026,2026-01-20 09:07:49,2026-01-20 09:20:35
973,1027,2026-01-20 09:00:54,2026-01-20 09:12:50
974,1028,2026-01-20 09:13:03,2026-01-20 09:19:17
975,1029,2026-01-20 09:19:45,2026-01-20 09:28:17
976,1030,2026-01-20 09:20:54,2026-01-20 09:26:29
977,1031,2026-01-20 09:12:42,2026-01-20 09:16:52
978,1032,2026-01-20 09:11:51,2026-01-20 09:22:41
979,1033,2026-01-20 09:00:26,2026-01-20 09:03:43
980,1034,2026-01-20 09:28:53,2026-01-20 09:35:47
981,1036,2026-01-20 09:37:17,2026-01-20 09:40:45
982,1037,2026-01-20 09:09:05,2026-01-20 09:12:35
983,1038,2026-01-20 09:16:35,2026-01-20 09:22:11
984,1039,2026-01-20 09:40:48,2026-01-20 09:49:48
985,1040,2026-01-20 09:25:28,2026-01-20 09:31:52
986,1041,2026-01-20 09:22:50,2026-01-20 09:31:24
987,1042,2026-01-20 09:51:05,2026-01-20 09:57:48
988,1043,2026-01-20 09:26:22,2026-01-20 09:29:54
989,1044,2026-01-20 09:31:31,2026-01-20 09:38:54
990,1045,2026-01-20 09:37:18,2026-01-20 09:41:11
991,1046,2026-01-20 09:41:50,2026-01-20 09:47:19
992,1048,2026-01-20 09:38:30,2026-01-20 09:43:03
993,1049,2026-01-20 09:47:47,2026-01-20 10:01:06
994,1050,2026-01-20 09:50:15,2026-01-20 09:59:49
995,1051,2026-01-20 09:56:23,2026-01-20 09:59:52
996,1052,2026-01-20 09:58:38,2026-01-20 10:02:40
997,1053,2026-01-20 10:08:25,2026-01-20 10:14:05
998,1054,2026-01-20 10:10:37,2026-01-20 10:22:27
999,1055,2026-01-20 10:22:41,2026-01-20 10:28:12
1000,1056,2026-01-20 10:22:57,2026-01-20 10:26:32
1001,1057,2026-01-20 10:36:34,2026-01-20 10:40:31
1002,1058,2026-01-20 10:51:54,2026-01-20 10:56:24
1003,1059,2026-01-20 10:56:02,2026-01-20 11:10:44
1004,1060,2026-01-20 13:30:43,2026-01-20 13:39:16
1005,1061,2026-01-20 13:31:20,2026-01-20 13:38:25
1006,1062,2026-01-20 13:31:10,2026-01-20 13:38:38
1007,1063,2026-01-20 13:31:05,2026-01-20 13:38:05
1008,1065,2026-01-20 13:40:33,2026-01-20 13:49:21
1009,1066,2026-01-20 13:39:22,2026-01-20 13:44:35
1010,1067,2026-01-20 13:46:00,2026-01-20 13:49:28
1011,1068,2026-01-20 13:50:18,2026-01-20 13:54:11
1012,1069,2026-01-20 13:54:29,2026-01-20 14:08:50
1013,1070,2026-01-20 13:38:57,2026-01-20 13:53:56
1014,1071,2026-01-20 13:50:05,2026-01-20 13:56:57
1015,1073,2026-01-20 13:31:19,2026-01-20 13:42:48
1016,1074,2026-01-20 14:09:38,2026-01-20 14:20:56
1017,1076,2026-01-20 13:53:56,2026-01-20 14:05:01
1018,1077,2026-01-20 13:38:22,2026-01-20 13:46:09
1019,1078,2026-01-20 14:05:33,2026-01-20 14:09:13
1020,1079,2026-01-20 13:57:44,2026-01-20 14:11:35
1021,1080,2026-01-20 13:30:45,2026-01-20 13:36:47
1022,1081,2026-01-20 14:09:36,2026-01-20 14:21:12
1023,1082,2026-01-20 14:12:04,2026-01-20 14:17:14
1024,1083,2026-01-20 13:39:21,2026-01-20 13:49:21
1025,1084,2026-01-20 13:47:07,2026-01-20 13:57:15
1026,1085,2026-01-20 13:50:10,2026-01-20 14:03:42
1027,1086,2026-01-20 14:17:45,2026-01-20 14:32:30
1028,1087,2026-01-20 14:04:49,2026-01-20 14:09:53
1029,1088,2026-01-20 14:21:17,2026-01-20 14:24:50
1030,1089,2026-01-20 14:07:20,2026-01-20 14:14:59
1031,1090,2026-01-20 14:05:15,2026-01-20 14:17:02
1032,1091,2026-01-20 14:22:10,2026-01-20 14:31:05
1033,1092,2026-01-20 14:10:30,2026-01-20 14:17:15
1034,1093,2026-01-20 14:31:24,2026-01-20 14:38:27
1035,1094,2026-01-20 14:38:54,2026-01-20 14:52:23
1036,1095,2026-01-20 14:40:46,2026-01-20 14:45:09
1037,1096,2026-01-20 14:53:01,2026-01-20 15:01:00
1038,1097,2026-01-20 14:53:52,2026-01-20 15:00:11
1039,1098,2026-01-20 15:01:33,2026-01-20 15:13:19
1040,1099,2026-01-20 15:02:02,2026-01-20 15:13:27
1041,1100,2026-01-20 14:53:40,2026-01-20 15:07:01
1042,1101,2026-01-20 15:07:31,2026-01-20 15:17:33
1043,1102,2026-01-20 14:56:34,2026-01-20 15:00:13
1044,1103,2026-01-20 14:56:37,2026-01-20 15:01:22
1045,1105,2026-01-20 15:37:27,2026-01-20 15:45:48
1046,1106,2026-01-20 15:42:53,2026-01-20 15:46:56
1047,1107,2026-01-21 09:00:06,2026-01-21 09:04:09
1048,1108,2026-01-21 09:04:32,2026-01-21 09:18:41
1049,1109,2026-01-21 09:19:13,2026-01-21 09:28:54
1050,1110,2026-01-21 09:29:48,2026-01-21 09:34:23
1051,1111,2026-01-21 09:01:12,2026-01-21 09:06:05
1052,1112,2026-01-21 09:01:41,2026-01-21 09:09:06
1053,1113,2026-01-21 09:12:23,2026-01-21 09:22:42
1054,1114,2026-01-21 09:16:25,2026-01-21 09:30:38
1055,1115,2026-01-21 09:31:39,2026-01-21 09:34:58
1056,1116,2026-01-21 09:30:43,2026-01-21 09:44:36
1057,1117,2026-01-21 09:29:52,2026-01-21 09:42:21
1058,1118,2026-01-21 09:43:49,2026-01-21 09:49:24
1059,1119,2026-01-21 10:01:09,2026-01-21 10:07:15
1060,1120,2026-01-21 10:10:30,2026-01-21 10:19:21
1061,1121,2026-01-21 10:43:40,2026-01-21 10:57:57
1062,1122,2026-01-21 10:46:36,2026-01-21 10:52:30
1063,1123,2026-01-21 10:53:45,2026-01-21 10:59:30
1064,1124,2026-01-21 11:00:51,2026-01-21 11:10:17
1065,1125,2026-01-21 11:11:32,2026-01-21 11:20:39
1066,1126,2026-01-21 13:30:49,2026-01-21 13:37:55
1067,1127,2026-01-21 13:38:15,2026-01-21 13:48:13
1068,1128,2026-01-21 13:48:37,2026-01-21 13:56:11
1069,1129,2026-01-21 13:30:21,2026-01-21 13:36:23
1070,1130,2026-01-21 13:56:25,2026-01-21 13:59:47
1071,1132,2026-01-21 13:59:51,2026-01-21 14:09:18
1072,1133,2026-01-21 13:36:54,2026-01-21 13:47:42
1073,1134,2026-01-21 14:10:33,2026-01-21 14:23:42
1074,1135,2026-01-21 14:24:47,2026-01-21 14:37:46
1075,1136,2026-01-21 14:38:55,2026-01-21 14:49:35
1076,1137,2026-01-21 13:52:53,2026-01-21 13:56:21
1077,1138,2026-01-21 14:50:42,2026-01-21 14:55:42
1078,1139,2026-01-21 14:55:52,2026-01-21 14:59:44
1079,1140,2026-01-21 13:57:17,2026-01-21 14:06:57
1080,1141,2026-01-21 15:00:43,2026-01-21 15:09:38
1081,1142,2026-01-21 14:29:52,2026-01-21 14:35:54
1082,1143,2026-01-21 14:37:20,2026-01-21 14:45:35
1083,1144,2026-01-21 14:34:56,2026-01-21 14:40:26
1084,1145,2026-01-21 14:47:02,2026-01-21 14:59:06
1085,1146,2026-01-21 15:00:31,2026-01-21 15:09:10
1086,1147,2026-01-21 15:09:32,2026-01-21 15:17:29
1087,1148,2026-01-21 15:18:36,2026-01-21 15:24:50
1088,1149,2026-01-21 15:25:30,2026-01-21 15:29:51
1089,1150,2026-01-22 09:00:49,2026-01-22 09:15:18
1090,1151,2026-01-22 09:00:44,2026-01-22 09:03:59
1091,1152,2026-01-22 09:15:56,2026-01-22 09:29:11
1092,1153,2026-01-22 09:00:16,2026-01-22 09:05:42
1093,1154,2026-01-22 09:00:57,2026-01-22 09:06:58
1094,1155,2026-01-22 09:01:24,2026-01-22 09:13:41
1095,1156,2026-01-22 09:06:24,2026-01-22 09:19:59
1096,1157,2026-01-22 09:06:59,2026-01-22 09:17:16
1097,1158,2026-01-22 09:21:02,2026-01-22 09:28:58
1098,1159,2026-01-22 09:29:38,2026-01-22 09:38:23
1099,1160,2026-01-22 09:15:22,2026-01-22 09:29:17
1100,1161,2026-01-22 09:39:24,2026-01-22 09:47:06
1101,1162,2026-01-22 09:29:03,2026-01-22 09:40:37
1102,1163,2026-01-22 09:48:30,2026-01-22 09:57:59
1103,1164,2026-01-22 09:40:46,2026-01-22 09:52:15
1104,1165,2026-01-22 09:52:57,2026-01-22 09:58:38
1105,1166,2026-01-22 09:58:45,2026-01-22 10:10:07
1106,1167,2026-01-22 09:59:10,2026-01-22 10:13:13
1107,1168,2026-01-22 09:41:42,2026-01-22 09:48:21
1108,1169,2026-01-22 10:13:14,2026-01-22 10:23:20
1109,1170,2026-01-22 10:23:30,2026-01-22 10:28:58
1110,1171,2026-01-22 09:58:52,2026-01-22 10:02:36
1111,1172,2026-01-22 10:29:51,2026-01-22 10:34:43
1112,1173,2026-01-22 09:58:40,2026-01-22 10:03:12
1113,1174,2026-01-22 10:11:08,2026-01-22 10:18:43
1114,1175,2026-01-22 10:35:43,2026-01-22 10:47:04
1115,1176,2026-01-22 10:18:57,2026-01-22 10:24:08
1116,1177,2026-01-22 10:13:41,2026-01-22 10:17:22
1117,1178,2026-01-22 10:25:02,2026-01-22 10:30:25
1118,1179,2026-01-22 10:29:13,2026-01-22 10:35:40
1119,1180,2026-01-22 10:47:41,2026-01-22 10:51:26
1120,1181,2026-01-22 10:36:02,2026-01-22 10:41:24
1121,1182,2026-01-22 10:34:59,2026-01-22 10:39:44
1122,1183,2026-01-22 10:41:57,2026-01-22 10:53:49
1123,1184,2026-01-22 11:01:33,2026-01-22 11:07:12
1124,1185,2026-01-22 10:59:22,2026-01-22 11:05:47
1125,1186,2026-01-22 11:13:29,2026-01-22 11:19:10
1126,1187,2026-01-22 13:30:35,2026-01-22 13:36:42
1127,1188,2026-01-22 13:37:45,2026-01-22 13:46:48
1128,1189,2026-01-22 13:30:07,2026-01-22 13:37:10
1129,1190,2026-01-22 13:46:59,2026-01-22 13:59:43
1130,1191,2026-01-22 14:00:06,2026-01-22 14:06:58
1131,1192,2026-01-22 13:30:58,2026-01-22 13:38:30
1132,1193,2026-01-22 14:06:59,2026-01-22 14:14:07
1133,1194,2026-01-22 13:30:14,2026-01-22 13:42:01
1134,1195,2026-01-22 13:42:01,2026-01-22 13:55:35
1135,1196,2026-01-22 13:39:04,2026-01-22 13:45:11
1136,1197,2026-01-22 13:57:01,2026-01-22 14:11:30
1137,1198,2026-01-22 14:15:17,2026-01-22 14:24:33
1138,1199,2026-01-22 13:45:14,2026-01-22 13:50:07
1139,1200,2026-01-22 14:11:46,2026-01-22 14:23:40
1140,1201,2026-01-22 13:50:41,2026-01-22 13:54:33
1141,1202,2026-01-22 13:55:19,2026-01-22 14:02:15
1142,1203,2026-01-22 14:02:15,2026-01-22 14:08:52
1143,1204,2026-01-22 14:09:02,2026-01-22 14:22:22
1144,1205,2026-01-22 14:23:43,2026-01-22 14:28:24
1145,1206,2026-01-22 14:29:50,2026-01-22 14:42:31
1146,1207,2026-01-22 13:52:19,2026-01-22 14:00:53
1147,1208,2026-01-22 14:26:01,2026-01-22 14:31:47
1148,1209,2026-01-22 14:32:39,2026-01-22 14:42:00
1149,1211,2026-01-22 14:43:08,2026-01-22 14:57:06
1150,1212,2026-01-22 14:23:52,2026-01-22 14:33:48
1151,1213,2026-01-22 14:58:19,2026-01-22 15:05:42
1152,1214,2026-01-22 15:06:52,2026-01-22 15:12:02
1153,1215,2026-01-22 15:12:52,2026-01-22 15:18:26
1154,1216,2026-01-22 14:42:25,2026-01-22 14:50:14
1155,1217,2026-01-22 15:18:47,2026-01-22 15:27:59
1156,1218,2026-01-22 15:28:57,2026-01-22 15:35:52
1157,1219,2026-01-22 14:45:49,2026-01-22 14:53:56
1158,1220,2026-01-22 14:50:28,2026-01-22 14:56:43
1159,1221,2026-01-22 15:37:18,2026-01-22 15:41:28
1160,1222,2026-01-22 15:42:41,2026-01-22 15:47:48
1161,1223,2026-01-22 15:49:06,2026-01-22 15:53:31
1162,1224,2026-01-23 09:00:41,2026-01-23 09:06:23
1163,1225,2026-01-23 09:07:10,2026-01-23 09:16:47
1164,1226,2026-01-23 09:18:06,2026-01-23 09:22:35
1165,1227,2026-01-23 09:22:48,2026-01-23 09:32:52
1166,1228,2026-01-23 09:00:53,2026-01-23 09:06:24
1167,1229,2026-01-23 09:06:32,2026-01-23 09:13:15
1168,1230,2026-01-23 09:14:19,2026-01-23 09:26:14
1169,1231,2026-01-23 09:27:42,2026-01-23 09:32:03
1170,1232,2026-01-23 09:33:24,2026-01-23 09:37:51
1171,1233,2026-01-23 09:34:02,2026-01-23 09:38:07
1172,1234,2026-01-23 09:38:40,2026-01-23 09:43:10
1173,1235,2026-01-23 09:37:52,2026-01-23 09:45:08
1174,1237,2026-01-23 09:46:25,2026-01-23 09:56:17
1175,1238,2026-01-23 09:49:38,2026-01-23 09:58:59
1176,1239,2026-01-23 09:57:08,2026-01-23 10:11:51
1177,1240,2026-01-23 10:13:02,2026-01-23 10:20:59
1178,1241,2026-01-23 10:27:33,2026-01-23 10:32:43
1179,1242,2026-01-23 10:32:45,2026-01-23 10:45:33
1180,1243,2026-01-23 10:38:13,2026-01-23 10:42:52
1181,1244,2026-01-23 10:43:09,2026-01-23 10:52:03
1182,1245,2026-01-23 13:30:38,2026-01-23 13:38:24
1183,1246,2026-01-23 13:30:53,2026-01-23 13:35:19
1184,1247,2026-01-23 13:31:14,2026-01-23 13:45:49
1185,1248,2026-01-23 13:38:53,2026-01-23 13:44:45
1186,1249,2026-01-23 13:30:14,2026-01-23 13:34:10
1187,1250,2026-01-23 13:46:30,2026-01-23 13:58:58
1188,1251,2026-01-23 13:45:21,2026-01-23 13:55:46
1189,1252,2026-01-23 13:35:43,2026-01-23 13:40:51
1190,1253,2026-01-23 13:31:28,2026-01-23 13:36:37
1191,1254,2026-01-23 13:56:08,2026-01-23 14:01:14
1192,1255,2026-01-23 14:02:00,2026-01-23 14:08:02
1193,1256,2026-01-23 13:42:59,2026-01-23 13:50:16
1194,1257,2026-01-23 13:51:31,2026-01-23 13:59:16
1195,1258,2026-01-23 14:00:39,2026-01-23 14:15:25
1196,1259,2026-01-23 14:15:48,2026-01-23 14:20:51
1197,1260,2026-01-23 14:21:12,2026-01-23 14:27:33
1198,1261,2026-01-23 14:07:18,2026-01-23 14:14:58
1199,1262,2026-01-23 14:14:14,2026-01-23 14:18:54
1200,1263,2026-01-23 14:24:40,2026-01-23 14:28:24
1201,1264,2026-01-23 14:28:51,2026-01-23 14:43:32
1202,1265,2026-01-23 14:54:51,2026-01-23 15:04:07
1203,1266,2026-01-23 15:07:10,2026-01-23 15:21:09
1204,1267,2026-01-26 09:00:06,2026-01-26 09:07:55
1205,1268,2026-01-26 09:00:23,2026-01-26 09:14:16
1206,1269,2026-01-26 09:08:42,2026-01-26 09:19:08
1207,1270,2026-01-26 09:00:52,2026-01-26 09:14:56
1208,1271,2026-01-26 09:16:06,2026-01-26 09:24:23
1209,1272,2026-01-26 09:01:24,2026-01-26 09:12:33
1210,1273,2026-01-26 09:19:53,2026-01-26 09:25:21
1211,1274,2026-01-26 09:15:05,2026-01-26 09:23:52
1212,1275,2026-01-26 09:00:02,2026-01-26 09:12:15
1213,1276,2026-01-26 09:24:41,2026-01-26 09:36:41
1214,1277,2026-01-26 09:12:28,2026-01-26 09:17:50
1215,1278,2026-01-26 09:25:56,2026-01-26 09:29:31
1216,1279,2026-01-26 09:30:58,2026-01-26 09:40:54
1217,1280,2026-01-26 09:37:30,2026-01-26 09:43:27
1218,1281,2026-01-26 09:41:40,2026-01-26 09:53:30
1219,1282,2026-01-26 09:18:30,2026-01-26 09:29:12
1220,1283,2026-01-26 09:12:52,2026-01-26 09:21:05
1221,1284,2026-01-26 09:43:28,2026-01-26 09:47:01
1222,1285,2026-01-26 09:47:29,2026-01-26 09:54:33
1223,1286,2026-01-26 09:21:17,2026-01-26 09:24:45
1224,1287,2026-01-26 09:55:44,2026-01-26 10:03:31
1225,1288,2026-01-26 10:04:17,2026-01-26 10:15:42
1226,1289,2026-01-26 09:54:24,2026-01-26 09:59:38
1227,1290,2026-01-26 09:59:55,2026-01-26 10:12:35
1228,1291,2026-01-26 10:15:54,2026-01-26 10:18:54
1229,1292,2026-01-26 10:19:39,2026-01-26 10:22:48
1230,1293,2026-01-26 10:23:37,2026-01-26 10:31:15
1231,1294,2026-01-26 10:31:24,2026-01-26 10:43:28
1232,1295,2026-01-26 10:44:17,2026-01-26 10:51:14
1233,1296,2026-01-26 10:12:56,2026-01-26 10:23:47
1234,1297,2026-01-26 09:48:39,2026-01-26 09:53:19
1235,1298,2026-01-26 10:51:52,2026-01-26 11:05:07
1236,1299,2026-01-26 09:54:08,2026-01-26 09:58:35
1237,1300,2026-01-26 11:06:13,2026-01-26 11:10:27
1238,1301,2026-01-26 10:24:38,2026-01-26 10:29:05
1239,1302,2026-01-26 10:29:49,2026-01-26 10:36:25
1240,1303,2026-01-26 10:36:47,2026-01-26 10:42:11
1241,1304,2026-01-26 10:43:15,2026-01-26 10:58:15
1242,1305,2026-01-26 10:58:31,2026-01-26 11:03:21
1243,1306,2026-01-26 11:03:47,2026-01-26 11:07:58
1244,1307,2026-01-26 11:11:48,2026-01-26 11:18:57
1245,1308,2026-01-26 11:20:12,2026-01-26 11:23:46
1246,1309,2026-01-26 13:31:28,2026-01-26 13:42:04
1247,1310,2026-01-26 13:42:21,2026-01-26 13:46:22
1248,1311,2026-01-26 13:31:26,2026-01-26 13:35:54
1249,1312,2026-01-26 13:30:22,2026-01-26 13:35:33
1250,1313,2026-01-26 13:36:25,2026-01-26 13:44:48
1251,1314,2026-01-26 13:45:41,2026-01-26 13:59:46
1252,1315,2026-01-26 14:01:10,2026-01-26 14:12:24
1253,1316,2026-01-26 13:37:18,2026-01-26 13:48:23
1254,1318,2026-01-26 14:13:37,2026-01-26 14:26:06
1255,1319,2026-01-26 13:31:15,2026-01-26 13:38:36
1256,1320,2026-01-26 14:26:10,2026-01-26 14:39:12
1257,1321,2026-01-26 13:46:33,2026-01-26 13:50:39
1258,1322,2026-01-26 13:39:08,2026-01-26 13:46:21
1259,1323,2026-01-26 13:46:32,2026-01-26 13:58:27
1260,1324,2026-01-26 13:30:23,2026-01-26 13:35:05
1261,1325,2026-01-26 13:48:42,2026-01-26 13:59:27
1262,1326,2026-01-26 13:58:51,2026-01-26 14:03:03
1263,1327,2026-01-26 13:51:14,2026-01-26 13:57:38
1264,1328,2026-01-26 14:03:35,2026-01-26 14:15:29
1265,1329,2026-01-26 14:15:54,2026-01-26 14:20:32
1266,1330,2026-01-26 14:00:46,2026-01-26 14:13:56
1267,1331,2026-01-26 14:15:02,2026-01-26 14:20:12
1268,1332,2026-01-26 13:58:58,2026-01-26 14:12:43
1269,1333,2026-01-26 14:21:59,2026-01-26 14:25:21
1270,1334,2026-01-26 14:26:20,2026-01-26 14:30:59
1271,1335,2026-01-26 14:32:01,2026-01-26 14:37:18
1272,1336,2026-01-26 14:20:25,2026-01-26 14:24:01
1273,1337,2026-01-26 14:24:08,2026-01-26 14:32:31
1274,1338,2026-01-26 14:40:23,2026-01-26 14:46:18
1275,1339,2026-01-26 14:33:19,2026-01-26 14:40:14
1276,1340,2026-01-26 14:41:18,2026-01-26 14:47:38
1277,1341,2026-01-26 14:47:53,2026-01-26 14:53:45
1278,1342,2026-01-26 14:46:30,2026-01-26 14:53:56
1279,1343,2026-01-26 13:54:17,2026-01-26 14:02:34
1280,1344,2026-01-26 14:03:28,2026-01-26 14:11:12
1281,1345,2026-01-26 14:38:07,2026-01-26 14:42:59
1282,1346,2026-01-26 14:54:32,2026-01-26 15:02:20
1283,1347,2026-01-26 14:54:36,2026-01-26 15:01:39
1284,1348,2026-01-26 15:03:24,2026-01-26 15:09:30
1285,1349,2026-01-26 15:09:40,2026-01-26 15:13:41
1286,1350,2026-01-26 14:43:52,2026-01-26 14:47:03
1287,1351,2026-01-26 15:13:51,2026-01-26 15:17:45
1288,1352,2026-01-26 14:11:37,2026-01-26 14:19:18
1289,1353,2026-01-26 14:47:48,2026-01-26 14:52:21
1290,1354,2026-01-26 14:21:18,2026-01-26 14:33:29
1291,1356,2026-01-26 14:22:38,2026-01-26 14:29:09
1292,1357,2026-01-26 15:19:06,2026-01-26 15:32:56
1293,1358,2026-01-26 14:52:47,2026-01-26 14:56:11
1294,1359,2026-01-26 14:33:43,2026-01-26 14:47:25
1295,1360,2026-01-26 15:33:33,2026-01-26 15:42:10
1296,1361,2026-01-26 15:43:20,2026-01-26 15:55:31
1297,1362,2026-01-26 15:03:08,2026-01-26 15:09:16
1298,1363,2026-01-26 14:56:59,2026-01-26 15:03:58
1299,1364,2026-01-26 14:48:13,2026-01-26 14:54:45
1300,1365,2026-01-26 15:10:42,2026-01-26 15:20:39
1301,1366,2026-01-26 15:20:52,2026-01-26 15:27:53
1302,1367,2026-01-26 15:29:00,2026-01-26 15:35:53
1303,1368,2026-01-26 15:36:48,2026-01-26 15:50:29
1304,1370,2026-01-26 15:07:07,2026-01-26 15:10:56
1305,1371,2026-01-26 15:04:55,2026-01-26 15:16:25
1306,1372,2026-01-26 15:51:54,2026-01-26 16:03:27
1307,1373,2026-01-26 16:03:55,2026-01-26 16:16:51
1308,1374,2026-01-26 15:39:08,2026-01-26 15:45:19
1309,1375,2026-01-27 09:00:25,2026-01-27 09:04:37
1310,1376,2026-01-27 09:01:07,2026-01-27 09:05:35
1311,1377,2026-01-27 09:01:15,2026-01-27 09:07:07
1312,1378,2026-01-27 09:08:02,2026-01-27 09:11:14
1313,1379,2026-01-27 09:12:19,2026-01-27 09:15:47
1314,1380,2026-01-27 09:00:48,2026-01-27 09:09:52
1315,1381,2026-01-27 09:10:19,2026-01-27 09:21:55
1316,1382,2026-01-27 09:00:15,2026-01-27 09:13:09
1317,1383,2026-01-27 09:17:01,2026-01-27 09:22:48
1318,1384,2026-01-27 09:23:43,2026-01-27 09:38:11
1319,1385,2026-01-27 09:04:40,2026-01-27 09:15:35
1320,1386,2026-01-27 09:01:23,2026-01-27 09:12:43
1321,1387,2026-01-27 09:16:11,2026-01-27 09:29:50
1322,1388,2026-01-27 09:23:08,2026-01-27 09:29:45
1323,1389,2026-01-27 09:29:57,2026-01-27 09:36:36
1324,1390,2026-01-27 09:13:40,2026-01-27 09:21:13
1325,1391,2026-01-27 09:21:34,2026-01-27 09:27:23
1326,1392,2026-01-27 09:13:25,2026-01-27 09:20:40
1327,1393,2026-01-27 09:28:24,2026-01-27 09:42:03
1328,1394,2026-01-27 09:30:02,2026-01-27 09:44:47
1329,1395,2026-01-27 09:07:17,2026-01-27 09:17:19
1330,1396,2026-01-27 09:38:45,2026-01-27 09:46:23
1331,1397,2026-01-27 09:42:14,2026-01-27 09:55:33
1332,1398,2026-01-27 09:47:01,2026-01-27 10:01:39
1333,1399,2026-01-27 10:02:45,2026-01-27 10:07:36
1334,1400,2026-01-27 09:57:01,2026-01-27 10:04:43
1335,1401,2026-01-27 09:37:01,2026-01-27 09:40:43
1336,1402,2026-01-27 10:05:08,2026-01-27 10:13:42
1337,1403,2026-01-27 09:42:06,2026-01-27 09:57:06
1338,1404,2026-01-27 10:13:58,2026-01-27 10:17:12
1339,1405,2026-01-27 09:57:35,2026-01-27 10:11:06
1340,1406,2026-01-27 10:17:34,2026-01-27 10:20:49
1341,1408,2026-01-27 10:22:13,2026-01-27 10:32:58
1342,1409,2026-01-27 10:33:36,2026-01-27 10:37:56
1343,1410,2026-01-27 10:20:51,2026-01-27 10:35:29
1344,1411,2026-01-27 10:30:47,2026-01-27 10:34:38
1345,1412,2026-01-27 10:36:38,2026-01-27 10:41:47
1346,1413,2026-01-27 10:34:02,2026-01-27 10:38:33
1347,1415,2026-01-27 10:42:51,2026-01-27 10:57:46
1348,1416,2026-01-27 10:47:01,2026-01-27 10:53:24
1349,1417,2026-01-27 10:52:27,2026-01-27 10:59:06
1350,1418,2026-01-27 13:30:56,2026-01-27 13:38:05
1351,1419,2026-01-27 13:30:47,2026-01-27 13:37:48
1352,1420,2026-01-27 13:30:32,2026-01-27 13:35:36
1353,1421,2026-01-27 13:39:06,2026-01-27 13:48:04
1354,1422,2026-01-27 13:49:13,2026-01-27 13:58:03
1355,1423,2026-01-27 13:36:03,2026-01-27 13:45:37
1356,1424,2026-01-27 13:30:39,2026-01-27 13:43:52
1357,1425,2026-01-27 13:58:13,2026-01-27 14:01:40
1358,1426,2026-01-27 13:45:57,2026-01-27 13:54:12
1359,1428,2026-01-27 14:02:13,2026-01-27 14:10:30
1360,1429,2026-01-27 14:11:00,2026-01-27 14:25:46
1361,1430,2026-01-27 13:38:54,2026-01-27 13:52:57
1362,1431,2026-01-27 13:45:10,2026-01-27 13:49:33
1363,1432,2026-01-27 14:26:40,2026-01-27 14:35:36
1364,1434,2026-01-27 13:55:22,2026-01-27 13:59:55
1365,1435,2026-01-27 14:01:15,2026-01-27 14:07:58
1366,1436,2026-01-27 14:35:56,2026-01-27 14:41:06
1367,1437,2026-01-27 13:49:59,2026-01-27 13:53:22
1368,1438,2026-01-27 14:41:12,2026-01-27 14:54:53
1369,1439,2026-01-27 14:55:08,2026-01-27 15:06:05
1370,1440,2026-01-27 15:06:13,2026-01-27 15:20:59
1371,1441,2026-01-27 15:22:14,2026-01-27 15:28:55
1372,1442,2026-01-27 13:53:11,2026-01-27 14:01:07
1373,1443,2026-01-27 15:29:45,2026-01-27 15:33:29
1374,1444,2026-01-27 13:40:50,2026-01-27 13:44:12
1375,1445,2026-01-27 15:33:46,2026-01-27 15:36:47
1376,1446,2026-01-27 14:02:14,2026-01-27 14:09:29
1377,1447,2026-01-27 13:48:31,2026-01-27 13:56:15
1378,1448,2026-01-27 14:08:44,2026-01-27 14:18:07
1379,1449,2026-01-27 14:19:11,2026-01-27 14:33:43
1380,1450,2026-01-27 14:34:53,2026-01-27 14:41:49
1381,1451,2026-01-27 15:37:53,2026-01-27 15:45:08
1382,1452,2026-01-27 14:09:56,2026-01-27 14:17:46
1383,1453,2026-01-27 15:46:34,2026-01-27 15:56:02
1384,1454,2026-01-27 14:42:54,2026-01-27 14:46:22
1385,1455,2026-01-27 15:57:01,2026-01-27 16:04:45
1386,1456,2026-01-27 14:09:55,2026-01-27 14:13:23
1387,1457,2026-01-27 14:11:22,2026-01-27 14:16:49
1388,1458,2026-01-27 14:18:41,2026-01-27 14:26:18
1389,1459,2026-01-27 14:23:19,2026-01-27 14:31:36
1390,1461,2026-01-27 14:41:45,2026-01-27 14:47:06
1391,1462,2026-01-27 14:52:01,2026-01-27 15:04:48
1392,1463,2026-01-27 14:52:38,2026-01-27 15:00:49
1393,1464,2026-01-27 15:02:05,2026-01-27 15:15:03
1394,1465,2026-01-27 15:05:02,2026-01-27 15:09:14
1395,1466,2026-01-27 15:03:34,2026-01-27 15:17:47
1396,1468,2026-01-27 15:15:58,2026-01-27 15:21:05
1397,1469,2026-01-27 15:05:58,2026-01-27 15:14:28
1398,1470,2026-01-27 15:11:35,2026-01-27 15:23:25
1399,1471,2026-01-27 15:27:05,2026-01-27 15:36:10
1400,1472,2026-01-27 15:40:13,2026-01-27 15:50:04
1401,1473,2026-01-28 09:01:18,2026-01-28 09:13:12
1402,1474,2026-01-28 09:00:28,2026-01-28 09:07:57
1403,1475,2026-01-28 09:14:36,2026-01-28 09:18:29
1404,1476,2026-01-28 09:09:23,2026-01-28 09:12:41
1405,1477,2026-01-28 09:00:57,2026-01-28 09:07:55
1406,1478,2026-01-28 09:08:15,2026-01-28 09:14:01
1407,1479,2026-01-28 09:12:47,2026-01-28 09:19:00
1408,1480,2026-01-28 09:14:18,2026-01-28 09:25:57
1409,1481,2026-01-28 09:19:02,2026-01-28 09:26:20
1410,1482,2026-01-28 09:26:22,2026-01-28 09:32:59
1411,1483,2026-01-28 09:26:30,2026-01-28 09:37:09
1412,1484,2026-01-28 09:34:13,2026-01-28 09:41:42
1413,1485,2026-01-28 09:38:14,2026-01-28 09:47:28
1414,1486,2026-01-28 09:19:29,2026-01-28 09:26:02
1415,1487,2026-01-28 09:47:28,2026-01-28 10:00:23
1416,1488,2026-01-28 09:26:36,2026-01-28 09:29:37
1417,1489,2026-01-28 09:29:40,2026-01-28 09:44:02
1418,1490,2026-01-28 09:42:14,2026-01-28 09:50:43
1419,1491,2026-01-28 10:00:31,2026-01-28 10:03:31
1420,1492,2026-01-28 09:50:56,2026-01-28 09:58:33
1421,1493,2026-01-28 09:59:51,2026-01-28 10:13:27
1422,1494,2026-01-28 10:04:22,2026-01-28 10:11:50
1423,1495,2026-01-28 10:12:39,2026-01-28 10:20:38
1424,1496,2026-01-28 10:22:01,2026-01-28 10:28:02
1425,1498,2026-01-28 10:14:18,2026-01-28 10:18:46
1426,1499,2026-01-28 10:54:18,2026-01-28 11:05:05
1427,1500,2026-01-28 13:30:52,2026-01-28 13:34:32
1428,1501,2026-01-28 13:31:15,2026-01-28 13:40:23
1429,1502,2026-01-28 13:40:44,2026-01-28 13:47:23
1430,1503,2026-01-28 13:35:56,2026-01-28 13:41:21
1431,1504,2026-01-28 13:41:59,2026-01-28 13:48:06
1432,1505,2026-01-28 13:47:48,2026-01-28 13:54:40
1433,1506,2026-01-28 13:48:50,2026-01-28 14:00:46
1434,1507,2026-01-28 14:02:15,2026-01-28 14:09:10
1435,1508,2026-01-28 13:55:26,2026-01-28 14:07:28
1436,1509,2026-01-28 14:09:52,2026-01-28 14:15:16
1437,1510,2026-01-28 14:16:07,2026-01-28 14:25:12
1438,1511,2026-01-28 14:08:56,2026-01-28 14:20:38
1439,1512,2026-01-28 14:38:26,2026-01-28 14:51:35
1440,1513,2026-01-28 14:40:50,2026-01-28 14:52:23
1441,1514,2026-01-28 15:12:06,2026-01-28 15:16:14
1442,1515,2026-01-28 15:17:00,2026-01-28 15:27:27
1443,1516,2026-01-28 15:34:07,2026-01-28 15:41:46
1444,1517,2026-01-28 15:37:27,2026-01-28 15:42:20
1445,1518,2026-01-29 09:01:03,2026-01-29 09:09:55
1446,1519,2026-01-29 09:00:00,2026-01-29 09:09:07
1447,1520,2026-01-29 09:09:18,2026-01-29 09:14:04
1448,1521,2026-01-29 09:10:07,2026-01-29 09:24:47
1449,1522,2026-01-29 09:00:44,2026-01-29 09:08:00
1450,1523,2026-01-29 09:15:25,2026-01-29 09:24:13
1451,1524,2026-01-29 09:25:28,2026-01-29 09:30:28
1452,1525,2026-01-29 09:24:50,2026-01-29 09:28:19
1453,1526,2026-01-29 09:31:56,2026-01-29 09:44:50
1454,1527,2026-01-29 09:08:00,2026-01-29 09:18:39
1455,1528,2026-01-29 09:00:06,2026-01-29 09:11:30
1456,1529,2026-01-29 09:00:14,2026-01-29 09:06:57
1457,1530,2026-01-29 09:07:52,2026-01-29 09:12:58
1458,1531,2026-01-29 09:12:49,2026-01-29 09:17:28
1459,1532,2026-01-29 09:45:35,2026-01-29 09:54:28
1460,1533,2026-01-29 09:55:07,2026-01-29 10:02:47
1461,1534,2026-01-29 09:19:08,2026-01-29 09:25:06
1462,1535,2026-01-29 09:28:24,2026-01-29 09:40:30
1463,1536,2026-01-29 09:41:47,2026-01-29 09:47:14
1464,1537,2026-01-29 09:47:23,2026-01-29 09:54:01
1465,1538,2026-01-29 09:26:03,2026-01-29 09:29:35
1466,1539,2026-01-29 09:18:28,2026-01-29 09:29:45
1467,1540,2026-01-29 09:54:35,2026-01-29 10:05:15
1468,1541,2026-01-29 09:29:51,2026-01-29 09:36:31
1469,1542,2026-01-29 10:06:02,2026-01-29 10:17:44
1470,1543,2026-01-29 09:30:03,2026-01-29 09:40:02
1471,1544,2026-01-29 09:40:35,2026-01-29 09:43:39
1472,1545,2026-01-29 10:19:09,2026-01-29 10:27:30
1473,1546,2026-01-29 09:47:01,2026-01-29 09:50:44
1474,1547,2026-01-29 10:03:27,2026-01-29 10:16:18
1475,1549,2026-01-29 10:17:14,2026-01-29 10:23:47
1476,1550,2026-01-29 09:58:46,2026-01-29 10:06:19
1477,1551,2026-01-29 10:27:55,2026-01-29 10:32:28
1478,1552,2026-01-29 10:25:03,2026-01-29 10:35:22
1479,1553,2026-01-29 10:35:32,2026-01-29 10:44:36
1480,1554,2026-01-29 10:32:20,2026-01-29 10:43:06
1481,1555,2026-01-29 10:35:48,2026-01-29 10:50:40
1482,1556,2026-01-29 11:05:38,2026-01-29 11:16:27
1483,1557,2026-01-29 13:30:29,2026-01-29 13:35:17
1484,1558,2026-01-29 13:30:54,2026-01-29 13:36:44
1485,1559,2026-01-29 13:30:43,2026-01-29 13:38:14
1486,1560,2026-01-29 13:37:09,2026-01-29 13:41:38
1487,1561,2026-01-29 13:36:31,2026-01-29 13:40:38
1488,1562,2026-01-29 13:38:31,2026-01-29 13:49:25
1489,1563,2026-01-29 13:42:00,2026-01-29 13:46:57
1490,1565,2026-01-29 13:46:59,2026-01-29 13:54:44
1491,1566,2026-01-29 13:55:16,2026-01-29 14:00:14
1492,1567,2026-01-29 13:42:10,2026-01-29 13:55:42
1493,1568,2026-01-29 14:00:28,2026-01-29 14:08:30
1494,1569,2026-01-29 14:09:21,2026-01-29 14:15:25
1495,1570,2026-01-29 13:30:01,2026-01-29 13:39:28
1496,1571,2026-01-29 13:56:20,2026-01-29 14:08:28
1497,1572,2026-01-29 14:09:40,2026-01-29 14:17:49
1498,1573,2026-01-29 14:15:41,2026-01-29 14:30:16
1499,1574,2026-01-29 14:31:25,2026-01-29 14:35:23
1500,1575,2026-01-29 14:36:27,2026-01-29 14:46:29
1501,1576,2026-01-29 13:40:19,2026-01-29 13:48:13
1502,1577,2026-01-29 14:17:58,2026-01-29 14:23:39
1503,1578,2026-01-29 13:50:05,2026-01-29 13:57:19
1504,1579,2026-01-29 14:23:42,2026-01-29 14:30:35
1505,1580,2026-01-29 13:57:59,2026-01-29 14:12:49
1506,1581,2026-01-29 14:47:10,2026-01-29 15:00:46
1507,1582,2026-01-29 13:48:21,2026-01-29 13:54:35
1508,1583,2026-01-29 15:01:46,2026-01-29 15:06:22
1509,1584,2026-01-29 13:44:21,2026-01-29 13:56:35
1510,1585,2026-01-29 13:57:34,2026-01-29 14:00:41
1511,1586,2026-01-29 13:54:42,2026-01-29 14:02:40
1512,1587,2026-01-29 15:07:22,2026-01-29 15:11:00
1513,1588,2026-01-29 15:11:29,2026-01-29 15:18:58
1514,1589,2026-01-29 14:14:08,2026-01-29 14:24:10
1515,1590,2026-01-29 14:01:47,2026-01-29 14:10:59
1516,1591,2026-01-29 14:09:24,2026-01-29 14:15:39
1517,1592,2026-01-29 14:24:13,2026-01-29 14:33:43
1518,1593,2026-01-29 15:19:24,2026-01-29 15:33:14
1519,1594,2026-01-29 15:34:16,2026-01-29 15:43:52
1520,1595,2026-01-29 15:45:06,2026-01-29 15:48:36
1521,1596,2026-01-29 14:27:56,2026-01-29 14:40:30
1522,1597,2026-01-29 14:34:31,2026-01-29 14:45:20
1523,1598,2026-01-29 14:45:46,2026-01-29 14:51:13
1524,1599,2026-01-29 14:51:16,2026-01-29 14:54:53
1525,1600,2026-01-29 14:40:51,2026-01-29 14:45:05
1526,1601,2026-01-29 14:49:38,2026-01-29 15:01:28
1527,1602,2026-01-29 15:01:33,2026-01-29 15:12:11
1528,1603,2026-01-29 15:10:58,2026-01-29 15:22:01
1529,1604,2026-01-29 15:50:01,2026-01-29 16:04:08
1530,1605,2026-01-29 15:27:32,2026-01-29 15:31:27
1531,1606,2026-01-30 09:00:45,2026-01-30 09:06:06
1532,1607,2026-01-30 09:01:14,2026-01-30 09:13:23
1533,1608,2026-01-30 09:14:51,2026-01-30 09:22:57
1534,1609,2026-01-30 09:24:02,2026-01-30 09:28:33
1535,1610,2026-01-30 09:00:01,2026-01-30 09:11:57
1536,1611,2026-01-30 09:29:14,2026-01-30 09:36:41
1537,1612,2026-01-30 09:23:31,2026-01-30 09:38:01
1538,1614,2026-01-30 09:47:34,2026-01-30 09:51:15
1539,1615,2026-01-30 09:54:53,2026-01-30 10:00:19
1540,1616,2026-01-30 10:03:14,2026-01-30 10:11:14
1541,1617,2026-01-30 11:04:22,2026-01-30 11:09:43
1542,1618,2026-01-30 13:30:03,2026-01-30 13:35:32
1543,1619,2026-01-30 13:30:34,2026-01-30 13:34:15
1544,1620,2026-01-30 13:31:19,2026-01-30 13:41:20
1545,1621,2026-01-30 13:30:01,2026-01-30 13:44:07
1546,1622,2026-01-30 13:34:21,2026-01-30 13:42:45
1547,1623,2026-01-30 13:41:51,2026-01-30 13:52:44
1548,1624,2026-01-30 13:43:04,2026-01-30 13:47:03
1549,1625,2026-01-30 13:53:20,2026-01-30 13:56:22
1550,1626,2026-01-30 13:47:32,2026-01-30 13:53:25
1551,1627,2026-01-30 13:46:06,2026-01-30 13:55:25
1552,1628,2026-01-30 13:56:02,2026-01-30 14:03:07
1553,1629,2026-01-30 13:54:14,2026-01-30 14:00:42
1554,1630,2026-01-30 14:04:05,2026-01-30 14:16:57
1555,1631,2026-01-30 13:55:05,2026-01-30 14:02:51
1556,1632,2026-01-30 14:00:54,2026-01-30 14:06:25
1557,1633,2026-01-30 14:15:31,2026-01-30 14:19:44
1558,1634,2026-01-30 14:17:21,2026-01-30 14:21:09
1559,1635,2026-01-30 14:14:26,2026-01-30 14:28:55
1560,1636,2026-01-30 14:29:21,2026-01-30 14:40:11
1561,1637,2026-01-30 14:30:51,2026-01-30 14:44:44
1562,1638,2026-01-30 14:45:29,2026-01-30 14:53:24
1563,1639,2026-01-30 14:31:16,2026-01-30 14:42:27
1564,1640,2026-01-30 14:55:33,2026-01-30 15:03:03
1565,1641,2026-02-02 09:00:05,2026-02-02 09:13:32
1566,1642,2026-02-02 09:00:25,2026-02-02 09:07:18
1567,1643,2026-02-02 09:07:33,2026-02-02 09:18:05
1568,1644,2026-02-02 09:00:09,2026-02-02 09:06:01
1569,1645,2026-02-02 09:00:17,2026-02-02 09:11:23
1570,1646,2026-02-02 09:07:27,2026-02-02 09:17:29
1571,1647,2026-02-02 09:18:57,2026-02-02 09:30:57
1572,1648,2026-02-02 09:01:00,2026-02-02 09:07:53
1573,1649,2026-02-02 09:08:07,2026-02-02 09:15:07
1574,1651,2026-02-02 09:11:34,2026-02-02 09:25:51
1575,1652,2026-02-02 09:26:14,2026-02-02 09:36:56
1576,1653,2026-02-02 09:18:19,2026-02-02 09:25:13
1577,1654,2026-02-02 09:26:36,2026-02-02 09:36:18
1578,1655,2026-02-02 09:37:13,2026-02-02 09:49:44
1579,1656,2026-02-02 09:36:37,2026-02-02 09:49:18
1580,1657,2026-02-02 09:32:05,2026-02-02 09:40:51
1581,1658,2026-02-02 09:14:41,2026-02-02 09:24:25
1582,1659,2026-02-02 09:50:01,2026-02-02 09:59:37
1583,1660,2026-02-02 09:16:06,2026-02-02 09:29:47
1584,1661,2026-02-02 09:51:07,2026-02-02 09:56:24
1585,1662,2026-02-02 09:41:56,2026-02-02 09:50:39
1586,1663,2026-02-02 09:57:44,2026-02-02 10:06:08
1587,1664,2026-02-02 10:06:19,2026-02-02 10:13:33
1588,1665,2026-02-02 09:59:40,2026-02-02 10:03:24
1589,1666,2026-02-02 09:30:54,2026-02-02 09:38:18
1590,1667,2026-02-02 09:25:18,2026-02-02 09:28:25
1591,1668,2026-02-02 10:03:29,2026-02-02 10:08:52
1592,1669,2026-02-02 10:08:55,2026-02-02 10:12:25
1593,1670,2026-02-02 09:38:35,2026-02-02 09:43:00
1594,1671,2026-02-02 10:12:56,2026-02-02 10:17:43
1595,1672,2026-02-02 10:19:08,2026-02-02 10:26:24
1596,1673,2026-02-02 10:26:46,2026-02-02 10:32:30
1597,1674,2026-02-02 09:44:00,2026-02-02 09:51:41
1598,1675,2026-02-02 09:51:37,2026-02-02 10:04:57
1599,1676,2026-02-02 09:52:59,2026-02-02 10:00:28
1600,1677,2026-02-02 10:01:29,2026-02-02 10:08:04
1601,1678,2026-02-02 10:32:34,2026-02-02 10:36:17
1602,1679,2026-02-02 09:48:04,2026-02-02 09:53:05
1603,1680,2026-02-02 10:14:31,2026-02-02 10:18:02
1604,1681,2026-02-02 10:09:24,2026-02-02 10:23:00
1605,1682,2026-02-02 09:54:27,2026-02-02 09:59:37
1606,1683,2026-02-02 10:23:48,2026-02-02 10:28:51
1607,1684,2026-02-02 10:18:38,2026-02-02 10:30:29
1608,1685,2026-02-02 10:31:26,2026-02-02 10:44:00
1609,1686,2026-02-02 10:30:18,2026-02-02 10:37:51
1610,1687,2026-02-02 10:38:36,2026-02-02 10:50:35
1611,1689,2026-02-02 10:45:25,2026-02-02 10:50:09
1612,1690,2026-02-02 10:21:44,2026-02-02 10:26:31
1613,1691,2026-02-02 10:37:38,2026-02-02 10:44:37
1614,1692,2026-02-02 10:51:59,2026-02-02 10:57:03
1615,1693,2026-02-02 10:32:35,2026-02-02 10:39:08
1616,1694,2026-02-02 10:50:58,2026-02-02 10:54:16
1617,1695,2026-02-02 10:48:40,2026-02-02 10:54:28
1618,1696,2026-02-02 10:57:39,2026-02-02 11:04:51
1619,1697,2026-02-02 11:17:15,2026-02-02 11:22:46
1620,1698,2026-02-02 13:30:08,2026-02-02 13:36:30
1621,1699,2026-02-02 13:30:05,2026-02-02 13:34:33
1622,1700,2026-02-02 13:34:37,2026-02-02 13:38:07
1623,1701,2026-02-02 13:30:38,2026-02-02 13:34:10
1624,1702,2026-02-02 13:39:00,2026-02-02 13:48:15
1625,1703,2026-02-02 13:48:35,2026-02-02 14:02:44
1626,1704,2026-02-02 13:36:32,2026-02-02 13:42:25
1627,1705,2026-02-02 14:03:44,2026-02-02 14:10:49
1628,1706,2026-02-02 14:11:26,2026-02-02 14:17:54
1629,1707,2026-02-02 13:31:05,2026-02-02 13:37:34
1630,1708,2026-02-02 13:30:13,2026-02-02 13:39:59
1631,1709,2026-02-02 14:18:32,2026-02-02 14:27:39
1632,1710,2026-02-02 13:43:37,2026-02-02 13:56:25
1633,1712,2026-02-02 13:40:39,2026-02-02 13:53:02
1634,1713,2026-02-02 14:28:03,2026-02-02 14:32:53
1635,1714,2026-02-02 13:53:38,2026-02-02 13:59:52
1636,1715,2026-02-02 13:56:40,2026-02-02 14:03:58
1637,1716,2026-02-02 13:34:44,2026-02-02 13:39:27
1638,1717,2026-02-02 14:00:58,2026-02-02 14:15:27
1639,1718,2026-02-02 14:04:14,2026-02-02 14:12:11
1640,1719,2026-02-02 14:13:01,2026-02-02 14:24:00
1641,1720,2026-02-02 14:16:18,2026-02-02 14:31:07
1642,1721,2026-02-02 13:38:46,2026-02-02 13:52:56
1643,1722,2026-02-02 13:43:00,2026-02-02 13:50:50
1644,1723,2026-02-02 13:54:11,2026-02-02 13:59:30
1645,1724,2026-02-02 14:32:14,2026-02-02 14:45:20
1646,1725,2026-02-02 14:46:18,2026-02-02 14:51:25
1647,1726,2026-02-02 13:51:59,2026-02-02 13:55:23
1648,1727,2026-02-02 14:51:35,2026-02-02 14:57:37
1649,1729,2026-02-02 14:00:55,2026-02-02 14:07:20
1650,1730,2026-02-02 14:33:35,2026-02-02 14:44:10
1651,1731,2026-02-02 14:24:15,2026-02-02 14:30:42
1652,1732,2026-02-02 14:59:05,2026-02-02 15:11:12
1653,1733,2026-02-02 14:07:20,2026-02-02 14:15:44
1654,1734,2026-02-02 14:31:19,2026-02-02 14:40:07
1655,1735,2026-02-02 15:11:57,2026-02-02 15:17:51
1656,1736,2026-02-02 14:44:41,2026-02-02 14:50:07
1657,1737,2026-02-02 14:40:52,2026-02-02 14:47:54
1658,1738,2026-02-02 14:50:20,2026-02-02 15:00:00
1659,1739,2026-02-02 15:00:37,2026-02-02 15:08:58
1660,1740,2026-02-02 14:48:57,2026-02-02 15:02:28
1661,1741,2026-02-02 15:03:16,2026-02-02 15:11:28
1662,1742,2026-02-02 15:09:51,2026-02-02 15:13:10
1663,1743,2026-02-02 15:14:15,2026-02-02 15:24:23
1664,1744,2026-02-02 15:11:38,2026-02-02 15:15:38
1665,1745,2026-02-02 15:25:19,2026-02-02 15:29:16
1666,1746,2026-02-02 15:16:55,2026-02-02 15:22:27
1667,1747,2026-02-02 15:29:16,2026-02-02 15:32:50
1668,1748,2026-02-02 15:23:06,2026-02-02 15:32:18
1669,1749,2026-02-02 15:34:00,2026-02-02 15:45:30
1670,1750,2026-02-02 14:59:10,2026-02-02 15:03:32
1671,1751,2026-02-02 15:32:22,2026-02-02 15:43:09
1672,1752,2026-02-02 15:02:24,2026-02-02 15:11:20
1673,1753,2026-02-02 15:43:35,2026-02-02 15:55:30
1674,1754,2026-02-02 15:56:54,2026-02-02 16:06:35
1675,1755,2026-02-02 15:19:14,2026-02-02 15:25:39
1676,1756,2026-02-02 16:08:00,2026-02-02 16:18:05
1677,1757,2026-02-02 15:42:25,2026-02-02 15:48:34
1678,1758,2026-02-03 09:00:56,2026-02-03 09:05:57
1679,1759,2026-02-03 09:00:51,2026-02-03 09:05:34
1680,1760,2026-02-03 09:06:37,2026-02-03 09:12:59
1681,1761,2026-02-03 09:13:05,2026-02-03 09:20:39
1682,1762,2026-02-03 09:00:12,2026-02-03 09:08:32
1683,1763,2026-02-03 09:00:44,2026-02-03 09:05:17
1684,1764,2026-02-03 09:00:33,2026-02-03 09:06:59
1685,1765,2026-02-03 09:05:18,2026-02-03 09:12:29
1686,1766,2026-02-03 09:13:28,2026-02-03 09:25:32
1687,1767,2026-02-03 09:07:50,2026-02-03 09:19:29
1688,1768,2026-02-03 09:20:42,2026-02-03 09:28:23
1689,1769,2026-02-03 09:26:50,2026-02-03 09:30:58
1690,1770,2026-02-03 09:19:38,2026-02-03 09:23:08
1691,1771,2026-02-03 09:06:50,2026-02-03 09:13:30
1692,1772,2026-02-03 09:31:18,2026-02-03 09:37:28
1693,1773,2026-02-03 09:38:57,2026-02-03 09:50:25
1694,1774,2026-02-03 09:51:35,2026-02-03 10:06:30
1695,1775,2026-02-03 09:08:43,2026-02-03 09:21:14
1696,1776,2026-02-03 09:13:07,2026-02-03 09:20:05
1697,1777,2026-02-03 10:07:19,2026-02-03 10:16:03
1698,1778,2026-02-03 10:16:32,2026-02-03 10:26:39
1699,1779,2026-02-03 10:28:08,2026-02-03 10:32:25
1700,1780,2026-02-03 09:20:00,2026-02-03 09:33:45
1701,1781,2026-02-03 09:28:27,2026-02-03 09:36:23
1702,1782,2026-02-03 09:34:54,2026-02-03 09:46:54
1703,1783,2026-02-03 09:36:38,2026-02-03 09:47:09
1704,1784,2026-02-03 09:47:57,2026-02-03 09:54:50
1705,1785,2026-02-03 10:32:40,2026-02-03 10:40:39
1706,1786,2026-02-03 09:41:15,2026-02-03 09:47:05
1707,1787,2026-02-03 10:40:53,2026-02-03 10:46:19
1708,1788,2026-02-03 09:47:43,2026-02-03 09:53:54
1709,1789,2026-02-03 09:47:29,2026-02-03 09:50:57
1710,1790,2026-02-03 09:54:03,2026-02-03 10:02:31
1711,1791,2026-02-03 09:49:42,2026-02-03 09:55:38
1712,1792,2026-02-03 09:51:32,2026-02-03 10:00:11
1713,1793,2026-02-03 10:03:47,2026-02-03 10:16:41
1714,1794,2026-02-03 10:46:40,2026-02-03 10:56:28
1715,1795,2026-02-03 09:57:17,2026-02-03 10:01:30
1716,1797,2026-02-03 10:31:04,2026-02-03 10:35:37
1717,1798,2026-02-03 10:57:39,2026-02-03 11:03:18
1718,1799,2026-02-03 10:29:23,2026-02-03 10:37:10
1719,1800,2026-02-03 10:38:57,2026-02-03 10:43:10
1720,1801,2026-02-03 10:44:58,2026-02-03 10:51:23
1721,1802,2026-02-03 10:45:50,2026-02-03 10:54:21
1722,1803,2026-02-03 10:43:38,2026-02-03 10:53:43
1723,1804,2026-02-03 10:55:44,2026-02-03 11:02:26
1724,1805,2026-02-03 11:11:15,2026-02-03 11:22:34
1725,1806,2026-02-03 11:23:42,2026-02-03 11:37:02
1726,1807,2026-02-03 13:30:48,2026-02-03 13:36:29
1727,1808,2026-02-03 13:31:10,2026-02-03 13:45:15
1728,1809,2026-02-03 13:31:07,2026-02-03 13:39:58
1729,1810,2026-02-03 13:30:18,2026-02-03 13:34:52
1730,1811,2026-02-03 13:36:07,2026-02-03 13:46:21
1731,1812,2026-02-03 13:47:00,2026-02-03 14:00:57
1732,1813,2026-02-03 13:40:59,2026-02-03 13:48:34
1733,1814,2026-02-03 14:02:13,2026-02-03 14:10:25
1734,1815,2026-02-03 13:36:38,2026-02-03 13:45:27
1735,1816,2026-02-03 14:10:26,2026-02-03 14:17:16
1736,1817,2026-02-03 14:18:39,2026-02-03 14:23:37
1737,1818,2026-02-03 13:49:29,2026-02-03 13:57:31
1738,1819,2026-02-03 13:46:53,2026-02-03 13:50:46
1739,1820,2026-02-03 13:31:14,2026-02-03 13:42:19
1740,1821,2026-02-03 14:23:51,2026-02-03 14:32:28
1741,1822,2026-02-03 13:33:01,2026-02-03 13:44:40
1742,1823,2026-02-03 13:44:57,2026-02-03 13:56:26
1743,1824,2026-02-03 13:58:22,2026-02-03 14:05:52
1744,1825,2026-02-03 14:06:54,2026-02-03 14:11:23
1745,1826,2026-02-03 13:50:55,2026-02-03 13:54:01
1746,1827,2026-02-03 13:54:28,2026-02-03 14:08:26
1747,1828,2026-02-03 14:11:43,2026-02-03 14:25:38
1748,1829,2026-02-03 13:57:12,2026-02-03 14:09:02
1749,1830,2026-02-03 14:25:44,2026-02-03 14:38:54
1750,1831,2026-02-03 14:00:14,2026-02-03 14:11:53
1751,1832,2026-02-03 14:09:56,2026-02-03 14:19:19
1752,1833,2026-02-03 14:02:48,2026-02-03 14:11:31
1753,1834,2026-02-03 14:19:51,2026-02-03 14:33:15
1754,1835,2026-02-03 14:14:31,2026-02-03 14:22:24
1755,1836,2026-02-03 14:33:34,2026-02-03 14:39:41
1756,1837,2026-02-03 14:16:17,2026-02-03 14:21:25
1757,1838,2026-02-03 14:16:34,2026-02-03 14:23:52
1758,1839,2026-02-03 14:33:48,2026-02-03 14:41:32
1759,1840,2026-02-03 14:24:17,2026-02-03 14:27:32
1760,1841,2026-02-03 14:24:29,2026-02-03 14:34:11
1761,1842,2026-02-03 14:40:01,2026-02-03 14:44:48
1762,1843,2026-02-03 14:39:39,2026-02-03 14:49:51
1763,1844,2026-02-03 14:35:33,2026-02-03 14:41:09
1764,1845,2026-02-03 14:48:11,2026-02-03 14:55:25
1765,1846,2026-02-03 14:48:21,2026-02-03 15:01:14
1766,1847,2026-02-03 14:48:50,2026-02-03 14:54:54
1767,1848,2026-02-03 14:55:18,2026-02-03 15:00:56
1768,1849,2026-02-03 14:55:17,2026-02-03 14:59:20
1769,1850,2026-02-03 15:02:46,2026-02-03 15:16:43
1770,1851,2026-02-03 15:03:36,2026-02-03 15:09:40
1771,1852,2026-02-03 15:17:45,2026-02-03 15:30:07
1772,1853,2026-02-03 15:09:07,2026-02-03 15:17:02
1773,1854,2026-02-03 15:11:07,2026-02-03 15:16:21
1774,1855,2026-02-03 15:31:53,2026-02-03 15:36:47
1775,1856,2026-02-03 15:26:09,2026-02-03 15:34:07
1776,1857,2026-02-03 15:30:43,2026-02-03 15:34:19
1777,1858,2026-02-04 09:00:13,2026-02-04 09:09:53
1778,1859,2026-02-04 09:10:41,2026-02-04 09:16:34
1779,1860,2026-02-04 09:00:24,2026-02-04 09:03:42
1780,1861,2026-02-04 09:17:22,2026-02-04 09:25:26
1781,1862,2026-02-04 09:04:57,2026-02-04 09:11:20
1782,1863,2026-02-04 09:11:34,2026-02-04 09:15:57
1783,1864,2026-02-04 09:00:12,2026-02-04 09:09:14
1784,1865,2026-02-04 09:10:33,2026-02-04 09:19:16
1785,1866,2026-02-04 09:20:12,2026-02-04 09:27:41
1786,1867,2026-02-04 09:28:38,2026-02-04 09:31:39
1787,1868,2026-02-04 09:31:39,2026-02-04 09:35:45
1788,1869,2026-02-04 09:19:42,2026-02-04 09:26:08
1789,1870,2026-02-04 09:26:47,2026-02-04 09:34:14
1790,1871,2026-02-04 09:26:14,2026-02-04 09:32:06
1791,1872,2026-02-04 09:32:37,2026-02-04 09:44:27
1792,1873,2026-02-04 09:34:22,2026-02-04 09:47:43
1793,1874,2026-02-04 09:37:04,2026-02-04 09:40:42
1794,1875,2026-02-04 09:40:57,2026-02-04 09:48:03
1795,1876,2026-02-04 09:44:40,2026-02-04 09:52:40
1796,1877,2026-02-04 09:48:17,2026-02-04 10:02:02
1797,1878,2026-02-04 09:59:15,2026-02-04 10:04:05
1798,1879,2026-02-04 10:02:53,2026-02-04 10:06:09
1799,1880,2026-02-04 10:03:13,2026-02-04 10:08:08
1800,1881,2026-02-04 11:08:23,2026-02-04 11:23:14
1801,1882,2026-02-04 13:30:46,2026-02-04 13:37:03
1802,1883,2026-02-04 13:38:28,2026-02-04 13:45:41
1803,1884,2026-02-04 13:46:00,2026-02-04 13:56:40
1804,1885,2026-02-04 13:57:14,2026-02-04 14:03:55
1805,1886,2026-02-04 14:04:15,2026-02-04 14:09:31
1806,1887,2026-02-04 13:30:31,2026-02-04 13:36:25
1807,1888,2026-02-04 14:10:11,2026-02-04 14:20:08
1808,1889,2026-02-04 14:20:25,2026-02-04 14:23:43
1809,1890,2026-02-04 14:25:10,2026-02-04 14:32:47
1810,1891,2026-02-04 14:33:03,2026-02-04 14:38:21
1811,1892,2026-02-04 14:38:54,2026-02-04 14:50:54
1812,1893,2026-02-04 13:37:38,2026-02-04 13:47:39
1813,1894,2026-02-04 14:51:04,2026-02-04 15:00:22
1814,1895,2026-02-04 13:48:52,2026-02-04 13:57:46
1815,1896,2026-02-04 13:58:49,2026-02-04 14:04:35
1816,1897,2026-02-04 14:05:58,2026-02-04 14:11:03
1817,1898,2026-02-04 14:17:46,2026-02-04 14:26:37
1818,1899,2026-02-04 15:01:47,2026-02-04 15:07:26
1819,1900,2026-02-04 15:07:26,2026-02-04 15:20:46
1820,1901,2026-02-05 09:00:50,2026-02-05 09:15:25
1821,1903,2026-02-05 09:00:25,2026-02-05 09:14:03
1822,1904,2026-02-05 09:01:06,2026-02-05 09:05:08
1823,1905,2026-02-05 09:15:26,2026-02-05 09:27:13
1824,1906,2026-02-05 09:05:33,2026-02-05 09:17:16
1825,1907,2026-02-05 09:17:53,2026-02-05 09:23:20
1826,1908,2026-02-05 09:00:57,2026-02-05 09:11:34
1827,1909,2026-02-05 09:27:36,2026-02-05 09:36:27
1828,1910,2026-02-05 09:36:45,2026-02-05 09:43:56
1829,1911,2026-02-05 09:16:19,2026-02-05 09:24:03
1830,1912,2026-02-05 09:24:13,2026-02-05 09:29:24
1831,1913,2026-02-05 09:30:26,2026-02-05 09:43:43
1832,1914,2026-02-05 09:44:21,2026-02-05 09:49:22
1833,1915,2026-02-05 09:49:23,2026-02-05 09:59:12
1834,1918,2026-02-05 09:24:30,2026-02-05 09:39:13
1835,1919,2026-02-05 09:44:24,2026-02-05 09:52:56
1836,1920,2026-02-05 09:53:50,2026-02-05 10:05:43
1837,1921,2026-02-05 10:00:10,2026-02-05 10:15:08
1838,1922,2026-02-05 10:16:38,2026-02-05 10:20:32
1839,1923,2026-02-05 10:06:24,2026-02-05 10:11:59
1840,1924,2026-02-05 10:12:12,2026-02-05 10:15:28
1841,1925,2026-02-05 10:21:59,2026-02-05 10:25:57
1842,1926,2026-02-05 10:16:27,2026-02-05 10:29:31
1843,1927,2026-02-05 09:39:14,2026-02-05 09:46:56
1844,1928,2026-02-05 10:29:45,2026-02-05 10:37:17
1845,1929,2026-02-05 10:01:47,2026-02-05 10:16:38
1846,1930,2026-02-05 10:27:14,2026-02-05 10:40:34
1847,1931,2026-02-05 10:41:56,2026-02-05 10:45:11
1848,1932,2026-02-05 10:37:49,2026-02-05 10:51:13
1849,1933,2026-02-05 10:46:14,2026-02-05 10:58:12
1850,1934,2026-02-05 10:52:28,2026-02-05 10:56:15
1851,1935,2026-02-05 10:24:45,2026-02-05 10:28:35
1852,1936,2026-02-05 10:56:21,2026-02-05 10:59:31
1853,1937,2026-02-05 10:59:03,2026-02-05 11:08:22
1854,1938,2026-02-05 11:09:52,2026-02-05 11:18:41
1855,1940,2026-02-05 13:31:25,2026-02-05 13:42:10
1856,1941,2026-02-05 13:31:07,2026-02-05 13:36:05
1857,1942,2026-02-05 13:30:23,2026-02-05 13:33:45
1858,1943,2026-02-05 13:43:05,2026-02-05 13:57:33
1859,1944,2026-02-05 13:58:13,2026-02-05 14:12:33
1860,1945,2026-02-05 13:31:11,2026-02-05 13:41:25
1861,1946,2026-02-05 13:30:57,2026-02-05 13:44:33
1862,1947,2026-02-05 13:44:57,2026-02-05 13:51:58
1863,1948,2026-02-05 13:34:08,2026-02-05 13:48:23
1864,1949,2026-02-05 13:52:29,2026-02-05 13:59:15
1865,1950,2026-02-05 13:49:23,2026-02-05 14:00:58
1866,1951,2026-02-05 13:36:58,2026-02-05 13:42:19
1867,1952,2026-02-05 14:00:08,2026-02-05 14:04:05
1868,1953,2026-02-05 14:13:01,2026-02-05 14:21:15
1869,1954,2026-02-05 13:42:31,2026-02-05 13:46:14
1870,1955,2026-02-05 14:01:08,2026-02-05 14:11:06
1871,1956,2026-02-05 13:46:34,2026-02-05 13:58:46
1872,1957,2026-02-05 14:22:00,2026-02-05 14:27:04
1873,1958,2026-02-05 14:05:23,2026-02-05 14:15:06
1874,1959,2026-02-05 14:27:40,2026-02-05 14:35:29
1875,1960,2026-02-05 14:35:44,2026-02-05 14:45:41
1876,1961,2026-02-05 14:00:56,2026-02-05 14:07:11
1877,1962,2026-02-05 14:11:06,2026-02-05 14:17:03
1878,1963,2026-02-05 14:46:26,2026-02-05 14:57:41
1879,1964,2026-02-05 14:57:42,2026-02-05 15:05:05
1880,1965,2026-02-05 14:18:31,2026-02-05 14:27:17
1881,1966,2026-02-05 14:28:41,2026-02-05 14:36:29
1882,1967,2026-02-05 14:19:54,2026-02-05 14:28:19
1883,1968,2026-02-05 14:25:34,2026-02-05 14:31:34
1884,1969,2026-02-05 14:36:45,2026-02-05 14:40:27
1885,1970,2026-02-05 15:06:26,2026-02-05 15:15:53
1886,1971,2026-02-05 15:16:43,2026-02-05 15:24:07
1887,1972,2026-02-05 15:24:58,2026-02-05 15:38:44
1888,1973,2026-02-05 14:42:58,2026-02-05 14:49:24
1889,1974,2026-02-05 15:39:13,2026-02-05 15:44:27
1890,1975,2026-02-05 15:45:04,2026-02-05 15:58:55
1891,1976,2026-02-05 15:59:18,2026-02-05 16:03:53
1892,1977,2026-02-05 15:24:46,2026-02-05 15:29:57
1893,1978,2026-02-06 09:00:13,2026-02-06 09:04:49
1894,1979,2026-02-06 09:01:29,2026-02-06 09:06:10
1895,1980,2026-02-06 09:01:08,2026-02-06 09:04:54
1896,1981,2026-02-06 09:05:38,2026-02-06 09:09:43
1897,1982,2026-02-06 09:11:05,2026-02-06 09:16:07
1898,1983,2026-02-06 09:07:08,2026-02-06 09:15:41
1899,1984,2026-02-06 09:06:31,2026-02-06 09:12:47
1900,1985,2026-02-06 09:15:44,2026-02-06 09:19:33
1901,1986,2026-02-06 09:13:46,2026-02-06 09:18:05
1902,1987,2026-02-06 09:18:55,2026-02-06 09:23:48
1903,1988,2026-02-06 09:36:05,2026-02-06 09:50:25
1904,1989,2026-02-06 09:41:56,2026-02-06 09:56:29
1905,1990,2026-02-06 09:57:51,2026-02-06 10:09:50
1906,1991,2026-02-06 10:10:09,2026-02-06 10:13:13
1907,1992,2026-02-06 09:50:16,2026-02-06 09:54:42
1908,1993,2026-02-06 10:19:42,2026-02-06 10:26:42
1909,1994,2026-02-06 10:16:09,2026-02-06 10:23:37
1910,1995,2026-02-06 13:30:50,2026-02-06 13:33:57
1911,1996,2026-02-06 13:30:56,2026-02-06 13:34:53
1912,1997,2026-02-06 13:30:31,2026-02-06 13:36:30
1913,1998,2026-02-06 13:30:49,2026-02-06 13:42:25
1914,1999,2026-02-06 13:34:42,2026-02-06 13:38:26
1915,2001,2026-02-06 13:43:55,2026-02-06 13:51:50
1916,2002,2026-02-06 13:38:24,2026-02-06 13:48:17
1917,2003,2026-02-06 13:43:06,2026-02-06 13:47:26
1918,2004,2026-02-06 13:54:12,2026-02-06 14:04:15
1919,2005,2026-02-06 13:57:01,2026-02-06 14:00:16
1920,2006,2026-02-06 13:56:44,2026-02-06 14:09:45
1921,2008,2026-02-06 14:04:35,2026-02-06 14:10:26
1922,2009,2026-02-06 14:02:11,2026-02-06 14:08:29
1923,2010,2026-02-06 14:01:24,2026-02-06 14:08:29
1924,2011,2026-02-06 14:08:46,2026-02-06 14:14:04
1925,2012,2026-02-06 14:10:15,2026-02-06 14:18:03
1926,2013,2026-02-06 14:11:00,2026-02-06 14:14:32
1927,2014,2026-02-06 14:40:56,2026-02-06 14:45:17
1928,2015,2026-02-06 14:46:45,2026-02-06 14:57:32
1929,2016,2026-02-06 14:58:06,2026-02-06 15:11:17
1930,2017,2026-02-06 14:49:36,2026-02-06 15:02:16
1931,2018,2026-02-09 09:00:22,2026-02-09 09:08:15
1932,2019,2026-02-09 09:09:07,2026-02-09 09:14:15
1933,2020,2026-02-09 09:01:13,2026-02-09 09:06:22
1934,2021,2026-02-09 09:15:00,2026-02-09 09:18:40
1935,2022,2026-02-09 09:00:23,2026-02-09 09:14:48
1936,2023,2026-02-09 09:19:01,2026-02-09 09:33:30
1937,2024,2026-02-09 09:34:37,2026-02-09 09:43:49
1938,2025,2026-02-09 09:43:49,2026-02-09 09:50:26
1939,2026,2026-02-09 09:51:08,2026-02-09 09:55:41
1940,2027,2026-02-09 09:55:55,2026-02-09 10:00:04
1941,2028,2026-02-09 09:01:27,2026-02-09 09:10:02
1942,2029,2026-02-09 09:11:17,2026-02-09 09:24:05
1943,2030,2026-02-09 09:06:46,2026-02-09 09:21:45
1944,2031,2026-02-09 10:00:07,2026-02-09 10:09:20
1945,2033,2026-02-09 09:22:15,2026-02-09 09:32:10
1946,2034,2026-02-09 10:09:44,2026-02-09 10:22:52
1947,2035,2026-02-09 09:33:09,2026-02-09 09:36:44
1948,2036,2026-02-09 09:13:56,2026-02-09 09:17:16
1949,2037,2026-02-09 09:37:38,2026-02-09 09:51:06
1950,2038,2026-02-09 10:24:10,2026-02-09 10:33:06
1951,2039,2026-02-09 09:52:24,2026-02-09 09:58:51
1952,2040,2026-02-09 09:25:26,2026-02-09 09:29:49
1953,2041,2026-02-09 09:59:18,2026-02-09 10:12:24
1954,2042,2026-02-09 10:33:06,2026-02-09 10:45:26
1955,2043,2026-02-09 10:46:49,2026-02-09 10:50:01
1956,2045,2026-02-09 09:32:08,2026-02-09 09:36:47
1957,2046,2026-02-09 10:13:28,2026-02-09 10:24:38
1958,2047,2026-02-09 10:51:03,2026-02-09 10:54:42
1959,2048,2026-02-09 10:25:22,2026-02-09 10:38:46
1960,2049,2026-02-09 10:39:03,2026-02-09 10:43:03
1961,2050,2026-02-09 09:37:49,2026-02-09 09:43:17
1962,2051,2026-02-09 10:44:18,2026-02-09 10:50:35
1963,2052,2026-02-09 09:58:57,2026-02-09 10:11:45
1964,2053,2026-02-09 10:55:18,2026-02-09 11:08:44
1965,2054,2026-02-09 10:11:24,2026-02-09 10:23:18
1966,2055,2026-02-09 10:12:36,2026-02-09 10:17:53
1967,2056,2026-02-09 10:51:33,2026-02-09 10:55:19
1968,2057,2026-02-09 10:55:27,2026-02-09 10:59:35
1969,2058,2026-02-09 11:10:12,2026-02-09 11:19:08
1970,2059,2026-02-09 10:18:34,2026-02-09 10:24:48
1971,2060,2026-02-09 11:00:27,2026-02-09 11:06:25
1972,2061,2026-02-09 11:19:32,2026-02-09 11:23:21
1973,2062,2026-02-09 11:07:09,2026-02-09 11:13:54
1974,2063,2026-02-09 10:45:07,2026-02-09 10:54:14
1975,2064,2026-02-09 10:43:32,2026-02-09 10:56:39
1976,2065,2026-02-09 11:14:39,2026-02-09 11:19:09
1977,2066,2026-02-09 11:00:06,2026-02-09 11:12:31
1978,2067,2026-02-09 11:24:48,2026-02-09 11:36:32
1979,2068,2026-02-09 11:20:06,2026-02-09 11:27:11
1980,2069,2026-02-09 13:31:02,2026-02-09 13:41:31
1981,2070,2026-02-09 13:30:43,2026-02-09 13:40:29
1982,2071,2026-02-09 13:31:11,2026-02-09 13:45:31
1983,2072,2026-02-09 13:41:35,2026-02-09 13:51:03
1984,2073,2026-02-09 13:31:16,2026-02-09 13:43:40
1985,2074,2026-02-09 13:52:13,2026-02-09 14:05:34
1986,2075,2026-02-09 14:06:54,2026-02-09 14:19:01
1987,2076,2026-02-09 13:43:57,2026-02-09 13:53:44
1988,2077,2026-02-09 13:46:39,2026-02-09 13:49:45
1989,2078,2026-02-09 13:54:23,2026-02-09 13:59:13
1990,2079,2026-02-09 14:20:01,2026-02-09 14:26:44
1991,2080,2026-02-09 14:28:01,2026-02-09 14:38:03
1992,2081,2026-02-09 14:00:15,2026-02-09 14:05:33
1993,2082,2026-02-09 13:41:00,2026-02-09 13:54:48
1994,2083,2026-02-09 14:38:43,2026-02-09 14:43:21
1995,2084,2026-02-09 13:50:15,2026-02-09 13:55:35
1996,2085,2026-02-09 13:55:22,2026-02-09 14:01:53
1997,2086,2026-02-09 14:44:13,2026-02-09 14:50:13
1998,2087,2026-02-09 14:51:39,2026-02-09 14:55:34
1999,2088,2026-02-09 14:06:36,2026-02-09 14:13:20
2000,2089,2026-02-09 14:56:21,2026-02-09 14:59:48
2001,2090,2026-02-09 13:56:28,2026-02-09 14:10:47
2002,2091,2026-02-09 14:02:14,2026-02-09 14:14:45
2003,2092,2026-02-09 15:01:14,2026-02-09 15:15:25
2004,2093,2026-02-09 14:12:11,2026-02-09 14:25:53
2005,2095,2026-02-09 14:13:29,2026-02-09 14:16:46
2006,2096,2026-02-09 14:15:10,2026-02-09 14:26:24
2007,2097,2026-02-09 14:27:21,2026-02-09 14:41:00
2008,2098,2026-02-09 14:27:10,2026-02-09 14:32:59
2009,2099,2026-02-09 14:41:37,2026-02-09 14:49:13
2010,2100,2026-02-09 15:16:52,2026-02-09 15:23:16
2011,2101,2026-02-09 15:24:32,2026-02-09 15:30:08
2012,2102,2026-02-09 15:30:55,2026-02-09 15:35:35
2013,2103,2026-02-09 14:27:56,2026-02-09 14:34:07
2014,2104,2026-02-09 14:34:41,2026-02-09 14:41:58
2015,2105,2026-02-09 14:36:29,2026-02-09 14:39:33
2016,2106,2026-02-09 14:42:13,2026-02-09 14:56:34
2017,2107,2026-02-09 14:50:39,2026-02-09 14:53:52
2018,2108,2026-02-09 14:58:03,2026-02-09 15:08:31
2019,2109,2026-02-09 15:09:02,2026-02-09 15:20:14
2020,2110,2026-02-09 15:36:07,2026-02-09 15:41:58
2021,2111,2026-02-09 15:21:41,2026-02-09 15:24:43
2022,2112,2026-02-09 15:48:32,2026-02-09 15:58:51
2023,2113,2026-02-10 09:01:03,2026-02-10 09:08:38
2024,2114,2026-02-10 09:01:10,2026-02-10 09:09:02
2025,2115,2026-02-10 09:09:48,2026-02-10 09:22:25
2026,2116,2026-02-10 09:00:04,2026-02-10 09:06:36
2027,2117,2026-02-10 09:00:52,2026-02-10 09:12:32
2028,2118,2026-02-10 09:07:12,2026-02-10 09:12:24
2029,2119,2026-02-10 09:13:53,2026-02-10 09:18:40
2030,2120,2026-02-10 09:00:32,2026-02-10 09:08:24
2031,2122,2026-02-10 09:09:28,2026-02-10 09:15:29
2032,2123,2026-02-10 09:15:48,2026-02-10 09:19:10
2033,2124,2026-02-10 09:19:15,2026-02-10 09:26:58
2034,2125,2026-02-10 09:09:10,2026-02-10 09:15:59
2035,2126,2026-02-10 09:16:50,2026-02-10 09:22:12
2036,2127,2026-02-10 09:00:08,2026-02-10 09:11:16
2037,2128,2026-02-10 09:27:29,2026-02-10 09:40:20
2038,2129,2026-02-10 09:41:03,2026-02-10 09:53:44
2039,2130,2026-02-10 09:20:26,2026-02-10 09:28:05
2040,2131,2026-02-10 09:23:01,2026-02-10 09:34:20
2041,2132,2026-02-10 09:11:40,2026-02-10 09:26:37
2042,2133,2026-02-10 09:35:39,2026-02-10 09:48:36
2043,2134,2026-02-10 09:49:49,2026-02-10 09:57:41
2044,2135,2026-02-10 09:54:32,2026-02-10 10:07:23
2045,2136,2026-02-10 10:07:59,2026-02-10 10:16:24
2046,2137,2026-02-10 09:26:48,2026-02-10 09:32:04
2047,2138,2026-02-10 09:32:55,2026-02-10 09:36:51
2048,2139,2026-02-10 10:17:32,2026-02-10 10:30:47
2049,2140,2026-02-10 09:37:57,2026-02-10 09:43:01
2050,2141,2026-02-10 09:58:20,2026-02-10 10:05:56
2051,2142,2026-02-10 10:07:23,2026-02-10 10:16:58
2052,2143,2026-02-10 10:31:59,2026-02-10 10:39:56
2053,2144,2026-02-10 09:54:38,2026-02-10 10:00:43
2054,2146,2026-02-10 10:01:16,2026-02-10 10:14:26
2055,2147,2026-02-10 10:18:24,2026-02-10 10:30:20
2056,2148,2026-02-10 10:01:10,2026-02-10 10:12:10
2057,2149,2026-02-10 10:00:32,2026-02-10 10:07:16
2058,2150,2026-02-10 10:31:18,2026-02-10 10:36:26
2059,2151,2026-02-10 10:37:16,2026-02-10 10:48:35
2060,2152,2026-02-10 10:40:12,2026-02-10 10:51:05
2061,2153,2026-02-10 10:26:14,2026-02-10 10:34:34
2062,2154,2026-02-10 11:12:07,2026-02-10 11:16:30
2063,2155,2026-02-10 11:24:36,2026-02-10 11:30:41
2064,2156,2026-02-10 13:30:10,2026-02-10 13:43:33
2065,2157,2026-02-10 13:31:30,2026-02-10 13:37:23
2066,2158,2026-02-10 13:44:04,2026-02-10 13:50:05
2067,2159,2026-02-10 13:30:45,2026-02-10 13:37:28
2068,2161,2026-02-10 13:30:00,2026-02-10 13:37:33
2069,2162,2026-02-10 13:51:21,2026-02-10 13:56:33
2070,2163,2026-02-10 13:31:28,2026-02-10 13:37:54
2071,2164,2026-02-10 13:38:18,2026-02-10 13:52:13
2072,2165,2026-02-10 13:30:41,2026-02-10 13:37:37
2073,2166,2026-02-10 13:57:31,2026-02-10 14:12:16
2074,2167,2026-02-10 13:38:41,2026-02-10 13:46:21
2075,2168,2026-02-10 13:52:15,2026-02-10 14:05:20
2076,2169,2026-02-10 13:39:09,2026-02-10 13:46:30
2077,2170,2026-02-10 14:12:23,2026-02-10 14:19:47
2078,2171,2026-02-10 14:06:04,2026-02-10 14:12:30
2079,2172,2026-02-10 13:47:00,2026-02-10 13:50:50
2080,2173,2026-02-10 13:51:00,2026-02-10 14:05:28
2081,2174,2026-02-10 14:21:05,2026-02-10 14:26:25
2082,2175,2026-02-10 13:47:29,2026-02-10 14:00:23
2083,2176,2026-02-10 14:06:45,2026-02-10 14:12:02
2084,2177,2026-02-10 13:48:43,2026-02-10 13:58:23
2085,2178,2026-02-10 13:59:07,2026-02-10 14:11:58
2086,2179,2026-02-10 14:01:47,2026-02-10 14:06:56
2087,2180,2026-02-10 14:07:23,2026-02-10 14:10:26
2088,2181,2026-02-10 14:04:15,2026-02-10 14:15:40
2089,2182,2026-02-10 14:09:58,2026-02-10 14:13:25
2090,2183,2026-02-10 14:10:47,2026-02-10 14:19:37
2091,2184,2026-02-10 14:20:34,2026-02-10 14:34:16
2092,2185,2026-02-10 14:35:19,2026-02-10 14:41:30
2093,2186,2026-02-10 14:21:11,2026-02-10 14:28:07
2094,2187,2026-02-10 14:42:01,2026-02-10 14:45:43
2095,2188,2026-02-10 14:36:38,2026-02-10 14:48:48
2096,2189,2026-02-10 14:50:07,2026-02-10 14:55:05
2097,2190,2026-02-10 14:53:01,2026-02-10 15:05:18
2098,2191,2026-02-10 15:02:58,2026-02-10 15:08:58
2099,2192,2026-02-10 15:13:55,2026-02-10 15:21:45
2100,2193,2026-02-10 15:20:47,2026-02-10 15:35:10
2101,2194,2026-02-10 15:28:11,2026-02-10 15:31:36
2102,2195,2026-02-10 15:34:13,2026-02-10 15:46:35
2103,2196,2026-02-10 15:48:01,2026-02-10 15:56:41
2104,2197,2026-02-11 09:00:49,2026-02-11 09:04:15
2105,2198,2026-02-11 09:00:12,2026-02-11 09:04:54
2106,2199,2026-02-11 09:00:37,2026-02-11 09:12:44
2107,2200,2026-02-11 09:00:53,2026-02-11 09:04:55
2108,2201,2026-02-11 09:13:53,2026-02-11 09:17:49
2109,2202,2026-02-11 09:05:27,2026-02-11 09:11:09
2110,2203,2026-02-11 09:06:00,2026-02-11 09:17:43
2111,2204,2026-02-11 09:05:37,2026-02-11 09:11:31
2112,2205,2026-02-11 09:18:55,2026-02-11 09:24:35
2113,2206,2026-02-11 09:17:09,2026-02-11 09:20:25
2114,2207,2026-02-11 09:27:43,2026-02-11 09:35:40
2115,2208,2026-02-11 09:42:18,2026-02-11 09:51:30
2116,2209,2026-02-11 09:51:33,2026-02-11 09:58:05
2117,2210,2026-02-11 09:56:14,2026-02-11 10:11:12
2118,2211,2026-02-11 10:12:01,2026-02-11 10:22:17
2119,2212,2026-02-11 10:23:01,2026-02-11 10:26:09
2120,2213,2026-02-11 10:15:17,2026-02-11 10:20:40
2121,2214,2026-02-11 10:17:23,2026-02-11 10:21:32
2122,2215,2026-02-11 10:27:25,2026-02-11 10:33:34
2123,2216,2026-02-11 10:20:48,2026-02-11 10:25:33
2124,2218,2026-02-11 13:30:45,2026-02-11 13:36:24
2125,2219,2026-02-11 13:37:14,2026-02-11 13:41:46
2126,2220,2026-02-11 13:42:30,2026-02-11 13:54:20
2127,2222,2026-02-11 13:30:28,2026-02-11 13:40:36
2128,2223,2026-02-11 13:54:48,2026-02-11 14:08:07
2129,2224,2026-02-11 13:30:04,2026-02-11 13:40:38
2130,2225,2026-02-11 13:42:02,2026-02-11 13:55:14
2131,2226,2026-02-11 14:08:32,2026-02-11 14:22:26
2132,2227,2026-02-11 14:23:44,2026-02-11 14:28:04
2133,2228,2026-02-11 14:29:21,2026-02-11 14:39:18
2134,2229,2026-02-11 14:39:38,2026-02-11 14:50:41
2135,2230,2026-02-11 13:51:43,2026-02-11 13:56:42
2136,2231,2026-02-11 14:51:03,2026-02-11 14:56:54
2137,2232,2026-02-11 14:57:15,2026-02-11 15:07:20
2138,2233,2026-02-11 14:01:53,2026-02-11 14:05:45
2139,2234,2026-02-11 15:08:05,2026-02-11 15:22:12
2140,2235,2026-02-11 14:39:14,2026-02-11 14:50:23
2141,2236,2026-02-11 14:51:29,2026-02-11 15:02:29
2142,2237,2026-02-11 15:23:10,2026-02-11 15:30:32
2143,2238,2026-02-11 15:03:07,2026-02-11 15:15:24
2144,2239,2026-02-11 15:38:52,2026-02-11 15:44:38
2145,2240,2026-02-12 09:00:14,2026-02-12 09:06:46
2146,2241,2026-02-12 09:01:09,2026-02-12 09:08:58
2147,2242,2026-02-12 09:09:03,2026-02-12 09:19:53
2148,2243,2026-02-12 09:00:48,2026-02-12 09:04:25
2149,2244,2026-02-12 09:00:42,2026-02-12 09:09:44
2150,2245,2026-02-12 09:20:43,2026-02-12 09:25:10
2151,2246,2026-02-12 09:25:17,2026-02-12 09:31:13
2152,2247,2026-02-12 09:04:29,2026-02-12 09:17:47
2153,2248,2026-02-12 09:09:47,2026-02-12 09:16:45
2154,2249,2026-02-12 09:01:26,2026-02-12 09:10:06
2155,2251,2026-02-12 09:19:11,2026-02-12 09:30:13
2156,2252,2026-02-12 09:08:02,2026-02-12 09:15:05
2157,2253,2026-02-12 09:31:40,2026-02-12 09:36:56
2158,2254,2026-02-12 09:30:44,2026-02-12 09:41:02
2159,2255,2026-02-12 09:37:54,2026-02-12 09:50:26
2160,2256,2026-02-12 09:41:36,2026-02-12 09:47:42
2161,2257,2026-02-12 09:15:26,2026-02-12 09:27:15
2162,2258,2026-02-12 09:51:10,2026-02-12 09:58:22
2163,2259,2026-02-12 09:48:07,2026-02-12 09:53:45
2164,2260,2026-02-12 09:27:37,2026-02-12 09:32:50
2165,2261,2026-02-12 09:59:44,2026-02-12 10:14:44
2166,2262,2026-02-12 09:34:14,2026-02-12 09:40:12
2167,2263,2026-02-12 09:54:09,2026-02-12 10:08:29
2168,2264,2026-02-12 10:09:02,2026-02-12 10:21:34
2169,2265,2026-02-12 10:21:52,2026-02-12 10:29:52
2170,2266,2026-02-12 09:40:42,2026-02-12 09:52:37
2171,2267,2026-02-12 09:18:13,2026-02-12 09:22:57
2172,2268,2026-02-12 09:53:01,2026-02-12 09:59:48
2173,2270,2026-02-12 09:22:57,2026-02-12 09:28:03
2174,2271,2026-02-12 10:30:07,2026-02-12 10:44:52
2175,2272,2026-02-12 10:15:07,2026-02-12 10:19:09
2176,2273,2026-02-12 09:29:23,2026-02-12 09:33:07
2177,2274,2026-02-12 10:20:16,2026-02-12 10:30:43
2178,2275,2026-02-12 10:31:24,2026-02-12 10:41:55
2179,2276,2026-02-12 10:01:16,2026-02-12 10:08:56
2180,2277,2026-02-12 09:27:41,2026-02-12 09:33:45
2181,2278,2026-02-12 10:45:33,2026-02-12 10:59:25
2182,2279,2026-02-12 10:08:58,2026-02-12 10:17:32
2183,2280,2026-02-12 10:59:45,2026-02-12 11:04:17
2184,2281,2026-02-12 10:42:00,2026-02-12 10:49:01
2185,2282,2026-02-12 10:50:17,2026-02-12 10:57:56
2186,2283,2026-02-12 10:18:06,2026-02-12 10:24:55
2187,2284,2026-02-12 10:59:17,2026-02-12 11:11:30
2188,2285,2026-02-12 11:05:41,2026-02-12 11:08:46
2189,2286,2026-02-12 11:12:52,2026-02-12 11:20:16
2190,2288,2026-02-12 11:09:25,2026-02-12 11:21:49
2191,2289,2026-02-12 11:21:29,2026-02-12 11:31:56
2192,2290,2026-02-12 11:22:56,2026-02-12 11:32:02
2193,2291,2026-02-12 11:32:55,2026-02-12 11:37:20
2194,2292,2026-02-12 10:42:28,2026-02-12 10:52:11
2195,2293,2026-02-12 11:33:24,2026-02-12 11:47:50
2196,2294,2026-02-12 10:53:35,2026-02-12 11:00:52
2197,2295,2026-02-12 10:59:44,2026-02-12 11:10:41
2198,2296,2026-02-12 11:37:34,2026-02-12 11:45:11
2199,2297,2026-02-12 11:09:33,2026-02-12 11:12:47
2200,2298,2026-02-12 13:30:20,2026-02-12 13:41:19
2201,2299,2026-02-12 13:42:39,2026-02-12 13:46:18
2202,2300,2026-02-12 13:31:02,2026-02-12 13:38:55
2203,2301,2026-02-12 13:30:18,2026-02-12 13:41:15
2204,2302,2026-02-12 13:31:10,2026-02-12 13:34:26
2205,2304,2026-02-12 13:42:03,2026-02-12 13:49:43
2206,2305,2026-02-12 13:39:48,2026-02-12 13:52:51
2207,2306,2026-02-12 13:53:39,2026-02-12 14:00:03
2208,2307,2026-02-12 13:47:31,2026-02-12 13:52:46
2209,2308,2026-02-12 13:52:47,2026-02-12 14:04:02
2210,2309,2026-02-12 14:05:19,2026-02-12 14:13:48
2211,2310,2026-02-12 13:50:54,2026-02-12 13:54:08
2212,2311,2026-02-12 14:14:27,2026-02-12 14:25:31
2213,2312,2026-02-12 14:26:24,2026-02-12 14:35:13
2214,2313,2026-02-12 14:35:39,2026-02-12 14:44:29
2215,2314,2026-02-12 14:45:55,2026-02-12 14:52:22
2216,2315,2026-02-12 14:52:29,2026-02-12 15:00:04
2217,2316,2026-02-12 15:00:39,2026-02-12 15:08:48
2218,2317,2026-02-12 15:09:05,2026-02-12 15:16:54
2219,2318,2026-02-12 15:17:05,2026-02-12 15:31:35
2220,2319,2026-02-12 13:50:27,2026-02-12 13:55:03
2221,2320,2026-02-12 15:32:37,2026-02-12 15:39:18
2222,2321,2026-02-12 13:56:54,2026-02-12 14:01:31
2223,2322,2026-02-12 15:40:03,2026-02-12 15:47:58
2224,2323,2026-02-12 15:48:25,2026-02-12 15:59:40
2225,2324,2026-02-12 14:09:14,2026-02-12 14:20:48
2226,2325,2026-02-12 14:09:40,2026-02-12 14:14:37
2227,2326,2026-02-12 15:59:44,2026-02-12 16:05:53
2228,2327,2026-02-12 14:30:29,2026-02-12 14:33:50
2229,2328,2026-02-12 16:06:01,2026-02-12 16:10:38
2230,2329,2026-02-12 14:38:37,2026-02-12 14:41:46
2231,2330,2026-02-12 14:43:37,2026-02-12 14:50:37
2232,2331,2026-02-12 14:46:47,2026-02-12 14:57:30
2233,2332,2026-02-12 14:50:06,2026-02-12 15:02:09
2234,2333,2026-02-12 15:00:22,2026-02-12 15:07:58
2235,2334,2026-02-12 15:02:23,2026-02-12 15:16:07
2236,2335,2026-02-12 15:04:25,2026-02-12 15:12:21
2237,2336,2026-02-12 15:12:37,2026-02-12 15:21:55
2238,2338,2026-02-12 15:36:37,2026-02-12 15:43:41
2239,2339,2026-02-13 09:00:51,2026-02-13 09:08:47
2240,2340,2026-02-13 09:00:37,2026-02-13 09:03:54
2241,2341,2026-02-13 09:09:34,2026-02-13 09:12:45
2242,2342,2026-02-13 09:13:22,2026-02-13 09:19:56
2243,2343,2026-02-13 09:20:38,2026-02-13 09:25:32
2244,2344,2026-02-13 09:26:08,2026-02-13 09:38:05
2245,2345,2026-02-13 09:38:15,2026-02-13 09:47:50
2246,2346,2026-02-13 09:31:12,2026-02-13 09:40:46
2247,2347,2026-02-13 09:59:00,2026-02-13 10:04:20
2248,2349,2026-02-13 10:00:45,2026-02-13 10:14:43
2249,2350,2026-02-13 10:05:27,2026-02-13 10:19:43
2250,2351,2026-02-13 10:06:09,2026-02-13 10:12:33
2251,2352,2026-02-13 10:19:16,2026-02-13 10:26:33
2252,2353,2026-02-13 10:39:01,2026-02-13 10:43:10
2253,2354,2026-02-13 10:47:15,2026-02-13 10:50:24
2254,2355,2026-02-13 10:43:41,2026-02-13 10:55:09
2255,2356,2026-02-13 10:57:53,2026-02-13 11:04:51
2256,2357,2026-02-13 13:30:06,2026-02-13 13:37:45
2257,2358,2026-02-13 13:30:43,2026-02-13 13:41:52
2258,2359,2026-02-13 13:30:32,2026-02-13 13:43:52
2259,2360,2026-02-13 13:44:23,2026-02-13 13:48:12
2260,2361,2026-02-13 13:30:27,2026-02-13 13:43:22
2261,2362,2026-02-13 13:42:01,2026-02-13 13:48:28
2262,2363,2026-02-13 13:44:34,2026-02-13 13:58:25
2263,2364,2026-02-13 13:49:55,2026-02-13 13:54:36
2264,2365,2026-02-13 13:55:32,2026-02-13 14:02:31
2265,2366,2026-02-13 13:30:29,2026-02-13 13:34:45
2266,2367,2026-02-13 14:03:08,2026-02-13 14:08:24
2267,2368,2026-02-13 14:09:35,2026-02-13 14:19:31
2268,2369,2026-02-13 14:19:34,2026-02-13 14:29:45
2269,2370,2026-02-13 13:35:03,2026-02-13 13:44:09
2270,2371,2026-02-13 13:49:26,2026-02-13 14:02:11
2271,2372,2026-02-13 14:03:33,2026-02-13 14:09:38
2272,2373,2026-02-13 13:58:45,2026-02-13 14:03:39
2273,2374,2026-02-13 13:45:00,2026-02-13 13:58:55
2274,2375,2026-02-13 14:03:40,2026-02-13 14:12:25
2275,2376,2026-02-13 14:10:24,2026-02-13 14:13:38
2276,2377,2026-02-13 14:29:49,2026-02-13 14:39:37
2277,2378,2026-02-13 14:05:45,2026-02-13 14:12:33
2278,2379,2026-02-13 14:02:29,2026-02-13 14:17:06
2279,2380,2026-02-13 14:12:40,2026-02-13 14:20:09
2280,2381,2026-02-13 14:20:52,2026-02-13 14:24:37
2281,2383,2026-02-13 14:39:44,2026-02-13 14:46:48
2282,2384,2026-02-13 14:25:57,2026-02-13 14:36:24
2283,2385,2026-02-13 14:18:12,2026-02-13 14:24:50
2284,2386,2026-02-13 14:26:19,2026-02-13 14:38:41
2285,2387,2026-02-13 14:28:24,2026-02-13 14:34:36
2286,2388,2026-02-13 14:36:46,2026-02-13 14:50:36
2287,2389,2026-02-13 15:05:07,2026-02-13 15:19:41
2288,2390,2026-02-13 15:27:57,2026-02-13 15:34:05
2289,2391,2026-02-19 09:00:08,2026-02-19 09:06:13
2290,2392,2026-02-19 09:00:44,2026-02-19 09:05:37
2291,2393,2026-02-19 09:01:13,2026-02-19 09:14:54
2292,2394,2026-02-19 09:06:15,2026-02-19 09:14:19
2293,2395,2026-02-19 09:00:10,2026-02-19 09:04:02
2294,2396,2026-02-19 09:05:58,2026-02-19 09:10:22
2295,2397,2026-02-19 09:05:12,2026-02-19 09:17:10
2296,2398,2026-02-19 09:15:05,2026-02-19 09:18:42
2297,2399,2026-02-19 09:16:12,2026-02-19 09:29:54
2298,2400,2026-02-19 09:30:03,2026-02-19 09:36:10
2299,2401,2026-02-19 09:18:08,2026-02-19 09:26:38
2300,2402,2026-02-19 09:11:49,2026-02-19 09:15:18
2301,2403,2026-02-19 09:18:54,2026-02-19 09:27:03
2302,2405,2026-02-19 09:27:53,2026-02-19 09:38:24
2303,2406,2026-02-19 09:27:28,2026-02-19 09:34:42
2304,2407,2026-02-19 09:39:11,2026-02-19 09:45:50
2305,2408,2026-02-19 09:46:01,2026-02-19 09:58:38
2306,2409,2026-02-19 09:15:25,2026-02-19 09:19:09
2307,2410,2026-02-19 09:36:04,2026-02-19 09:45:54
2308,2411,2026-02-19 09:47:12,2026-02-19 09:59:18
2309,2412,2026-02-19 09:00:45,2026-02-19 09:08:03
2310,2413,2026-02-19 09:59:07,2026-02-19 10:02:39
2311,2414,2026-02-19 09:37:00,2026-02-19 09:41:11
2312,2415,2026-02-19 10:03:45,2026-02-19 10:13:39
2313,2416,2026-02-19 09:19:56,2026-02-19 09:33:42
2314,2417,2026-02-19 09:42:27,2026-02-19 09:56:05
2315,2418,2026-02-19 09:56:19,2026-02-19 10:08:26
2316,2419,2026-02-19 10:14:17,2026-02-19 10:17:42
2317,2420,2026-02-19 09:35:11,2026-02-19 09:44:06
2318,2421,2026-02-19 09:36:02,2026-02-19 09:42:41
2319,2422,2026-02-19 10:00:07,2026-02-19 10:06:07
2320,2423,2026-02-19 10:17:49,2026-02-19 10:27:55
2321,2424,2026-02-19 10:06:55,2026-02-19 10:13:26
2322,2425,2026-02-19 09:43:52,2026-02-19 09:46:52
2323,2426,2026-02-19 09:48:11,2026-02-19 10:01:51
2324,2427,2026-02-19 10:29:24,2026-02-19 10:34:47
2325,2428,2026-02-19 10:09:41,2026-02-19 10:17:40
2326,2429,2026-02-19 10:18:23,2026-02-19 10:23:36
2327,2430,2026-02-19 10:24:38,2026-02-19 10:31:26
2328,2431,2026-02-19 10:07:25,2026-02-19 10:17:17
2329,2432,2026-02-19 10:34:51,2026-02-19 10:47:36
2330,2433,2026-02-19 10:17:21,2026-02-19 10:27:24
2331,2434,2026-02-19 10:20:14,2026-02-19 10:26:57
2332,2435,2026-02-19 10:48:14,2026-02-19 10:54:06
2333,2436,2026-02-19 10:32:52,2026-02-19 10:39:42
2334,2437,2026-02-19 10:55:28,2026-02-19 11:00:12
2335,2438,2026-02-19 10:35:48,2026-02-19 10:49:10
2336,2439,2026-02-19 10:46:42,2026-02-19 10:51:13
2337,2440,2026-02-19 11:00:26,2026-02-19 11:05:05
2338,2441,2026-02-19 10:55:18,2026-02-19 11:05:36
2339,2442,2026-02-19 11:10:14,2026-02-19 11:23:17
2340,2443,2026-02-19 11:14:54,2026-02-19 11:26:32
2341,2444,2026-02-19 13:30:39,2026-02-19 13:35:34
2342,2445,2026-02-19 13:36:52,2026-02-19 13:40:40
2343,2446,2026-02-19 13:30:53,2026-02-19 13:43:14
2344,2447,2026-02-19 13:30:43,2026-02-19 13:36:11
2345,2448,2026-02-19 13:36:50,2026-02-19 13:41:02
2346,2449,2026-02-19 13:41:24,2026-02-19 13:54:02
2347,2450,2026-02-19 13:54:20,2026-02-19 14:07:25
2348,2451,2026-02-19 13:43:48,2026-02-19 13:53:15
2349,2452,2026-02-19 13:42:05,2026-02-19 13:55:27
2350,2454,2026-02-19 14:07:48,2026-02-19 14:12:47
2351,2455,2026-02-19 13:30:58,2026-02-19 13:43:35
2352,2456,2026-02-19 13:30:26,2026-02-19 13:42:43
2353,2457,2026-02-19 13:43:57,2026-02-19 13:48:51
2354,2458,2026-02-19 13:55:27,2026-02-19 14:00:16
2355,2459,2026-02-19 14:00:34,2026-02-19 14:11:45
2356,2460,2026-02-19 14:11:48,2026-02-19 14:16:01
2357,2461,2026-02-19 14:17:07,2026-02-19 14:30:08
2358,2462,2026-02-19 14:30:43,2026-02-19 14:43:37
2359,2463,2026-02-19 13:43:54,2026-02-19 13:54:04
2360,2464,2026-02-19 13:54:40,2026-02-19 14:01:14
2361,2465,2026-02-19 13:55:03,2026-02-19 14:02:33
2362,2466,2026-02-19 14:44:22,2026-02-19 14:49:12
2363,2467,2026-02-19 14:01:34,2026-02-19 14:08:36
2364,2468,2026-02-19 14:13:43,2026-02-19 14:19:00
2365,2469,2026-02-19 14:49:35,2026-02-19 14:54:08
2366,2470,2026-02-19 14:09:52,2026-02-19 14:17:31
2367,2471,2026-02-19 14:55:30,2026-02-19 14:59:26
2368,2472,2026-02-19 13:51:33,2026-02-19 13:58:36
2369,2473,2026-02-19 14:18:20,2026-02-19 14:22:30
2370,2474,2026-02-19 14:24:00,2026-02-19 14:37:12
2371,2475,2026-02-19 14:03:57,2026-02-19 14:10:56
2372,2476,2026-02-19 14:19:29,2026-02-19 14:23:07
2373,2477,2026-02-19 14:38:06,2026-02-19 14:46:42
2374,2478,2026-02-19 14:00:17,2026-02-19 14:08:07
2375,2479,2026-02-19 14:12:07,2026-02-19 14:18:21
2376,2480,2026-02-19 14:08:22,2026-02-19 14:22:52
2377,2481,2026-02-19 14:23:23,2026-02-19 14:29:35
2378,2482,2026-02-19 14:18:23,2026-02-19 14:26:36
2379,2484,2026-02-19 15:00:34,2026-02-19 15:07:43
2380,2485,2026-02-19 14:48:08,2026-02-19 14:55:04
2381,2486,2026-02-19 14:27:33,2026-02-19 14:32:02
2382,2487,2026-02-19 14:30:58,2026-02-19 14:39:45
2383,2488,2026-02-19 14:56:14,2026-02-19 15:08:53
2384,2489,2026-02-19 14:23:45,2026-02-19 14:36:59
2385,2490,2026-02-19 14:33:09,2026-02-19 14:36:45
2386,2491,2026-02-19 15:08:52,2026-02-19 15:18:37
2387,2492,2026-02-19 14:37:22,2026-02-19 14:45:26
2388,2493,2026-02-19 15:19:27,2026-02-19 15:33:40
2389,2494,2026-02-19 14:45:35,2026-02-19 14:51:21
2390,2495,2026-02-19 14:52:09,2026-02-19 14:57:44
2391,2496,2026-02-19 14:51:50,2026-02-19 14:57:46
2392,2497,2026-02-19 14:57:50,2026-02-19 15:04:06
2393,2498,2026-02-19 15:05:03,2026-02-19 15:12:13
2394,2500,2026-02-19 15:18:56,2026-02-19 15:30:03
2395,2501,2026-02-19 15:35:51,2026-02-19 15:47:32
2396,2502,2026-02-20 09:00:25,2026-02-20 09:09:10
2397,2503,2026-02-20 09:09:29,2026-02-20 09:18:51
2398,2504,2026-02-20 09:19:50,2026-02-20 09:34:36
2399,2505,2026-02-20 09:00:41,2026-02-20 09:04:43
2400,2506,2026-02-20 09:06:00,2026-02-20 09:17:59
2401,2507,2026-02-20 09:35:54,2026-02-20 09:47:21
2402,2508,2026-02-20 09:19:15,2026-02-20 09:22:58
2403,2509,2026-02-20 09:00:23,2026-02-20 09:08:37
2404,2510,2026-02-20 09:48:22,2026-02-20 09:57:17
2405,2511,2026-02-20 09:24:25,2026-02-20 09:34:01
2406,2512,2026-02-20 09:57:19,2026-02-20 10:02:52
2407,2513,2026-02-20 10:04:20,2026-02-20 10:07:49
2408,2514,2026-02-20 10:08:36,2026-02-20 10:17:05
2409,2515,2026-02-20 09:27:05,2026-02-20 09:35:18
2410,2516,2026-02-20 10:17:18,2026-02-20 10:24:33
2411,2517,2026-02-20 09:45:27,2026-02-20 09:53:16
2412,2518,2026-02-20 09:55:05,2026-02-20 10:03:10
2413,2519,2026-02-20 10:03:40,2026-02-20 10:18:40
2414,2520,2026-02-20 10:25:27,2026-02-20 10:38:31
2415,2521,2026-02-20 10:19:48,2026-02-20 10:29:39
2416,2522,2026-02-20 10:38:50,2026-02-20 10:47:28
2417,2523,2026-02-20 10:47:46,2026-02-20 10:57:03
2418,2524,2026-02-20 10:57:49,2026-02-20 11:07:06
2419,2525,2026-02-20 13:30:13,2026-02-20 13:36:13
2420,2526,2026-02-20 13:30:15,2026-02-20 13:39:12
2421,2527,2026-02-20 13:31:28,2026-02-20 13:43:58
2422,2528,2026-02-20 13:45:08,2026-02-20 13:48:19
2423,2529,2026-02-20 13:30:57,2026-02-20 13:35:30
2424,2531,2026-02-20 13:36:47,2026-02-20 13:49:38
2425,2532,2026-02-20 13:49:20,2026-02-20 13:59:59
2426,2533,2026-02-20 14:01:24,2026-02-20 14:10:13
2427,2534,2026-02-20 13:36:47,2026-02-20 13:41:52
2428,2535,2026-02-20 14:10:59,2026-02-20 14:15:24
2429,2536,2026-02-20 14:16:11,2026-02-20 14:28:27
2430,2537,2026-02-20 14:29:26,2026-02-20 14:32:54
2431,2538,2026-02-20 14:33:52,2026-02-20 14:41:09
2432,2539,2026-02-20 13:42:58,2026-02-20 13:52:59
2433,2540,2026-02-20 13:50:35,2026-02-20 14:04:25
2434,2541,2026-02-20 13:53:57,2026-02-20 14:02:39
2435,2542,2026-02-20 14:05:31,2026-02-20 14:19:46
2436,2543,2026-02-20 14:20:40,2026-02-20 14:33:45
2437,2544,2026-02-20 13:39:26,2026-02-20 13:44:05
2438,2545,2026-02-20 14:34:09,2026-02-20 14:37:32
2439,2546,2026-02-20 14:42:35,2026-02-20 14:49:31
2440,2547,2026-02-20 14:49:43,2026-02-20 15:00:41
2441,2548,2026-02-20 15:01:47,2026-02-20 15:09:59
2442,2549,2026-02-20 15:10:09,2026-02-20 15:18:07
2443,2550,2026-02-20 14:37:39,2026-02-20 14:46:49
2444,2551,2026-02-20 15:18:41,2026-02-20 15:32:40
2445,2552,2026-02-20 14:14:34,2026-02-20 14:26:17
2446,2553,2026-02-20 14:16:12,2026-02-20 14:29:39
2447,2554,2026-02-20 14:47:33,2026-02-20 14:59:47
2448,2555,2026-02-20 14:21:38,2026-02-20 14:30:22
2449,2556,2026-02-20 15:33:06,2026-02-20 15:39:47
2450,2557,2026-02-20 15:01:17,2026-02-20 15:08:42
2451,2558,2026-02-20 15:09:39,2026-02-20 15:14:18
2452,2559,2026-02-20 15:14:49,2026-02-20 15:22:43
2453,2560,2026-02-20 14:43:47,2026-02-20 14:48:31
2454,2561,2026-02-20 15:41:12,2026-02-20 15:48:25
2455,2562,2026-02-20 14:51:56,2026-02-20 14:58:45
2456,2563,2026-02-20 15:11:26,2026-02-20 15:17:00
2457,2564,2026-02-20 15:17:18,2026-02-20 15:22:13
2458,2565,2026-02-20 15:48:56,2026-02-20 15:54:34
2459,2566,2026-02-20 15:55:20,2026-02-20 16:00:58
2460,2567,2026-02-23 09:00:34,2026-02-23 09:05:25
2461,2568,2026-02-23 09:01:09,2026-02-23 09:10:12
2462,2569,2026-02-23 09:11:17,2026-02-23 09:16:55
2463,2570,2026-02-23 09:00:20,2026-02-23 09:09:12
2464,2571,2026-02-23 09:17:45,2026-02-23 09:27:24
2465,2572,2026-02-23 09:00:00,2026-02-23 09:11:42
2466,2573,2026-02-23 09:12:51,2026-02-23 09:22:34
2467,2574,2026-02-23 09:05:39,2026-02-23 09:18:48
2468,2575,2026-02-23 09:20:07,2026-02-23 09:28:42
2469,2576,2026-02-23 09:09:18,2026-02-23 09:14:31
2470,2577,2026-02-23 09:28:36,2026-02-23 09:34:19
2471,2578,2026-02-23 09:23:01,2026-02-23 09:27:12
2472,2579,2026-02-23 09:00:25,2026-02-23 09:07:19
2473,2580,2026-02-23 09:08:36,2026-02-23 09:12:19
2474,2581,2026-02-23 09:13:24,2026-02-23 09:27:10
2475,2582,2026-02-23 09:28:38,2026-02-23 09:32:01
2476,2583,2026-02-23 09:32:56,2026-02-23 09:40:24
2477,2584,2026-02-23 09:30:12,2026-02-23 09:37:06
2478,2585,2026-02-23 09:35:34,2026-02-23 09:46:16
2479,2586,2026-02-23 09:38:34,2026-02-23 09:45:21
2480,2587,2026-02-23 09:45:23,2026-02-23 09:53:51
2481,2588,2026-02-23 09:27:57,2026-02-23 09:35:44
2482,2589,2026-02-23 09:53:56,2026-02-23 10:01:57
2483,2590,2026-02-23 09:36:28,2026-02-23 09:49:53
2484,2591,2026-02-23 10:03:17,2026-02-23 10:10:50
2485,2592,2026-02-23 09:50:06,2026-02-23 09:56:47
2486,2593,2026-02-23 10:11:35,2026-02-23 10:16:54
2487,2594,2026-02-23 09:47:46,2026-02-23 09:52:25
2488,2595,2026-02-23 09:53:32,2026-02-23 10:02:09
2489,2596,2026-02-23 10:03:22,2026-02-23 10:12:01
2490,2597,2026-02-23 09:14:39,2026-02-23 09:18:29
2491,2598,2026-02-23 09:57:21,2026-02-23 10:06:52
2492,2599,2026-02-23 10:17:29,2026-02-23 10:26:19
2493,2600,2026-02-23 09:41:38,2026-02-23 09:47:03
2494,2601,2026-02-23 10:12:33,2026-02-23 10:20:07
2495,2602,2026-02-23 10:07:22,2026-02-23 10:22:17
2496,2603,2026-02-23 10:26:38,2026-02-23 10:32:43
2497,2604,2026-02-23 09:47:32,2026-02-23 09:55:06
2498,2605,2026-02-23 10:23:01,2026-02-23 10:34:57
2499,2606,2026-02-23 09:55:39,2026-02-23 10:06:43
2500,2607,2026-02-23 10:33:25,2026-02-23 10:41:37
2501,2608,2026-02-23 10:20:25,2026-02-23 10:26:18
2502,2609,2026-02-23 10:42:23,2026-02-23 10:49:28
2503,2610,2026-02-23 10:08:12,2026-02-23 10:19:14
2504,2611,2026-02-23 10:27:38,2026-02-23 10:32:57
2505,2612,2026-02-23 10:35:37,2026-02-23 10:49:27
2506,2613,2026-02-23 10:19:39,2026-02-23 10:34:07
2507,2614,2026-02-23 10:33:29,2026-02-23 10:44:29
2508,2615,2026-02-23 10:49:34,2026-02-23 11:02:43
2509,2616,2026-02-23 09:45:28,2026-02-23 09:50:56
2510,2617,2026-02-23 11:03:28,2026-02-23 11:10:30
2511,2618,2026-02-23 10:44:30,2026-02-23 10:57:29
2512,2619,2026-02-23 11:11:01,2026-02-23 11:24:05
2513,2620,2026-02-23 11:24:10,2026-02-23 11:31:02
2514,2621,2026-02-23 10:34:44,2026-02-23 10:47:34
2515,2622,2026-02-23 10:50:04,2026-02-23 11:00:51
2516,2623,2026-02-23 10:58:50,2026-02-23 11:02:28
2517,2624,2026-02-23 11:03:20,2026-02-23 11:17:39
2518,2625,2026-02-23 11:18:50,2026-02-23 11:23:15
2519,2626,2026-02-23 11:01:28,2026-02-23 11:09:18
2520,2627,2026-02-23 11:23:54,2026-02-23 11:36:14
2521,2629,2026-02-23 11:31:25,2026-02-23 11:46:20
2522,2630,2026-02-23 11:10:02,2026-02-23 11:15:54
2523,2631,2026-02-23 11:16:20,2026-02-23 11:29:43
2524,2632,2026-02-23 11:37:22,2026-02-23 11:43:31
2525,2633,2026-02-23 11:30:02,2026-02-23 11:33:04
2526,2634,2026-02-23 11:07:42,2026-02-23 11:16:11
2527,2635,2026-02-23 11:46:29,2026-02-23 11:50:12
2528,2636,2026-02-23 11:50:45,2026-02-23 12:04:45
2529,2637,2026-02-23 13:30:40,2026-02-23 13:34:12
2530,2638,2026-02-23 13:35:38,2026-02-23 13:39:07
2531,2639,2026-02-23 13:30:51,2026-02-23 13:45:36
2532,2640,2026-02-23 13:31:01,2026-02-23 13:36:21
2533,2642,2026-02-23 13:30:14,2026-02-23 13:43:33
2534,2643,2026-02-23 13:47:02,2026-02-23 13:57:34
2535,2644,2026-02-23 13:31:09,2026-02-23 13:34:48
2536,2645,2026-02-23 13:36:17,2026-02-23 13:51:17
2537,2646,2026-02-23 13:40:15,2026-02-23 13:44:32
2538,2647,2026-02-23 13:44:32,2026-02-23 13:52:14
2539,2648,2026-02-23 13:57:34,2026-02-23 14:08:04
2540,2649,2026-02-23 13:51:54,2026-02-23 13:57:19
2541,2650,2026-02-23 13:44:48,2026-02-23 13:49:09
2542,2651,2026-02-23 13:57:25,2026-02-23 14:05:28
2543,2652,2026-02-23 13:36:48,2026-02-23 13:45:03
2544,2653,2026-02-23 14:08:29,2026-02-23 14:22:53
2545,2654,2026-02-23 13:50:17,2026-02-23 13:58:04
2546,2655,2026-02-23 13:58:47,2026-02-23 14:05:34
2547,2656,2026-02-23 14:06:12,2026-02-23 14:20:16
2548,2657,2026-02-23 14:21:25,2026-02-23 14:27:01
2549,2658,2026-02-23 14:06:38,2026-02-23 14:14:12
2550,2659,2026-02-23 13:46:13,2026-02-23 13:54:30
2551,2660,2026-02-23 14:14:52,2026-02-23 14:19:51
2552,2661,2026-02-23 14:20:37,2026-02-23 14:25:28
2553,2662,2026-02-23 14:27:43,2026-02-23 14:36:39
2554,2663,2026-02-23 14:25:41,2026-02-23 14:28:48
2555,2664,2026-02-23 13:52:29,2026-02-23 14:05:23
2556,2665,2026-02-23 14:24:18,2026-02-23 14:29:39
2557,2666,2026-02-23 14:30:00,2026-02-23 14:34:22
2558,2667,2026-02-23 14:30:33,2026-02-23 14:38:26
2559,2668,2026-02-23 14:34:27,2026-02-23 14:40:59
2560,2669,2026-02-23 14:05:39,2026-02-23 14:13:41
2561,2671,2026-02-23 14:41:34,2026-02-23 14:47:01
2562,2672,2026-02-23 14:36:46,2026-02-23 14:50:36
2563,2673,2026-02-23 14:51:21,2026-02-23 14:59:21
2564,2674,2026-02-23 14:59:22,2026-02-23 15:05:14
2565,2675,2026-02-23 14:14:42,2026-02-23 14:22:19
2566,2676,2026-02-23 14:47:29,2026-02-23 14:53:12
2567,2677,2026-02-23 14:23:25,2026-02-23 14:27:33
2568,2678,2026-02-23 14:39:45,2026-02-23 14:53:45
2569,2679,2026-02-23 14:54:28,2026-02-23 14:58:43
2570,2680,2026-02-23 14:54:38,2026-02-23 14:58:47
2571,2681,2026-02-23 14:58:52,2026-02-23 15:08:27
2572,2682,2026-02-23 14:28:37,2026-02-23 14:42:34
2573,2683,2026-02-23 14:42:49,2026-02-23 14:52:32
2574,2684,2026-02-23 14:52:44,2026-02-23 14:55:48
2575,2685,2026-02-23 15:06:14,2026-02-23 15:19:37
2576,2686,2026-02-23 15:20:19,2026-02-23 15:24:07
2577,2687,2026-02-23 14:56:01,2026-02-23 15:07:36
2578,2688,2026-02-23 15:08:28,2026-02-23 15:15:55
2579,2689,2026-02-23 15:24:49,2026-02-23 15:32:46
2580,2691,2026-02-23 15:08:58,2026-02-23 15:16:21
2581,2692,2026-02-23 15:16:20,2026-02-23 15:29:43
2582,2693,2026-02-23 15:16:55,2026-02-23 15:21:11
2583,2694,2026-02-23 15:33:53,2026-02-23 15:48:51
2584,2696,2026-02-23 14:58:57,2026-02-23 15:10:59
2585,2697,2026-02-23 15:30:43,2026-02-23 15:41:09
2586,2698,2026-02-23 14:54:35,2026-02-23 15:01:25
2587,2699,2026-02-23 15:49:19,2026-02-23 15:56:43
2588,2700,2026-02-23 15:56:53,2026-02-23 16:01:15
2589,2701,2026-02-23 15:21:16,2026-02-23 15:30:08
2590,2702,2026-02-23 15:16:30,2026-02-23 15:29:54
2591,2703,2026-02-23 15:41:40,2026-02-23 15:49:19
2592,2704,2026-02-23 15:33:09,2026-02-23 15:36:48
2593,2705,2026-02-23 16:01:57,2026-02-23 16:09:57
2594,2706,2026-02-23 15:41:00,2026-02-23 15:46:33
2595,2707,2026-02-24 09:00:17,2026-02-24 09:03:18
2596,2708,2026-02-24 09:00:25,2026-02-24 09:06:58
2597,2709,2026-02-24 09:00:31,2026-02-24 09:09:59
2598,2710,2026-02-24 09:03:27,2026-02-24 09:11:41
2599,2711,2026-02-24 09:00:23,2026-02-24 09:03:48
2600,2712,2026-02-24 09:04:46,2026-02-24 09:14:33
2601,2713,2026-02-24 09:11:03,2026-02-24 09:19:52
2602,2714,2026-02-24 09:00:35,2026-02-24 09:14:00
2603,2715,2026-02-24 09:08:05,2026-02-24 09:16:02
2604,2716,2026-02-24 09:16:09,2026-02-24 09:24:14
2605,2717,2026-02-24 09:21:13,2026-02-24 09:34:47
2606,2718,2026-02-24 09:15:11,2026-02-24 09:28:12
2607,2719,2026-02-24 09:24:33,2026-02-24 09:31:45
2608,2720,2026-02-24 09:12:27,2026-02-24 09:18:56
2609,2721,2026-02-24 09:14:38,2026-02-24 09:22:04
2610,2722,2026-02-24 09:23:08,2026-02-24 09:27:42
2611,2723,2026-02-24 09:29:18,2026-02-24 09:38:58
2612,2724,2026-02-24 09:39:24,2026-02-24 09:51:32
2613,2725,2026-02-24 09:27:54,2026-02-24 09:40:05
2614,2726,2026-02-24 09:40:58,2026-02-24 09:47:14
2615,2727,2026-02-24 09:19:13,2026-02-24 09:22:37
2616,2728,2026-02-24 09:52:24,2026-02-24 09:59:45
2617,2729,2026-02-24 09:01:30,2026-02-24 09:04:53
2618,2730,2026-02-24 09:05:56,2026-02-24 09:09:40
2619,2731,2026-02-24 10:00:25,2026-02-24 10:08:33
2620,2732,2026-02-24 09:23:26,2026-02-24 09:34:10
2621,2733,2026-02-24 09:48:09,2026-02-24 10:00:43
2622,2734,2026-02-24 10:01:31,2026-02-24 10:10:48
2623,2735,2026-02-24 09:35:23,2026-02-24 09:41:25
2624,2736,2026-02-24 09:33:10,2026-02-24 09:42:04
2625,2737,2026-02-24 09:42:29,2026-02-24 09:53:17
2626,2738,2026-02-24 09:53:24,2026-02-24 10:07:01
2627,2739,2026-02-24 10:07:50,2026-02-24 10:18:46
2628,2740,2026-02-24 09:10:09,2026-02-24 09:21:31
2629,2741,2026-02-24 09:42:18,2026-02-24 09:55:49
2630,2742,2026-02-24 10:19:35,2026-02-24 10:22:35
2631,2743,2026-02-24 09:36:13,2026-02-24 09:41:44
2632,2744,2026-02-24 09:22:09,2026-02-24 09:29:16
2633,2745,2026-02-24 10:23:48,2026-02-24 10:31:13
2634,2746,2026-02-24 10:31:19,2026-02-24 10:34:55
2635,2747,2026-02-24 10:09:17,2026-02-24 10:21:34
2636,2748,2026-02-24 09:29:33,2026-02-24 09:36:34
2637,2749,2026-02-24 09:56:07,2026-02-24 10:09:55
2638,2750,2026-02-24 10:10:45,2026-02-24 10:24:48
2639,2751,2026-02-24 10:22:05,2026-02-24 10:27:02
2640,2752,2026-02-24 10:11:09,2026-02-24 10:20:35
2641,2753,2026-02-24 09:36:46,2026-02-24 09:43:10
2642,2754,2026-02-24 10:35:42,2026-02-24 10:42:25
2643,2755,2026-02-24 09:43:52,2026-02-24 09:50:30
2644,2756,2026-02-24 09:43:03,2026-02-24 09:49:54
2645,2757,2026-02-24 10:28:25,2026-02-24 10:36:52
2646,2758,2026-02-24 10:43:23,2026-02-24 10:49:22
2647,2759,2026-02-24 10:37:28,2026-02-24 10:48:04
2648,2760,2026-02-24 10:21:19,2026-02-24 10:25:53
2649,2761,2026-02-24 09:50:19,2026-02-24 09:59:16
2650,2762,2026-02-24 10:49:35,2026-02-24 10:53:23
2651,2763,2026-02-24 10:25:08,2026-02-24 10:32:22
2652,2764,2026-02-24 10:33:11,2026-02-24 10:39:01
2653,2765,2026-02-24 10:27:18,2026-02-24 10:35:45
2654,2766,2026-02-24 10:36:31,2026-02-24 10:43:21
2655,2767,2026-02-24 10:49:33,2026-02-24 10:57:05
2656,2768,2026-02-24 10:44:15,2026-02-24 10:47:17
2657,2769,2026-02-24 10:39:21,2026-02-24 10:48:24
2658,2770,2026-02-24 10:00:04,2026-02-24 10:06:31
2659,2771,2026-02-24 10:48:45,2026-02-24 10:52:33
2660,2772,2026-02-24 10:48:11,2026-02-24 10:52:49
2661,2773,2026-02-24 10:06:47,2026-02-24 10:11:34
2662,2774,2026-02-24 10:57:15,2026-02-24 11:08:43
2663,2775,2026-02-24 11:09:34,2026-02-24 11:16:14
2664,2776,2026-02-24 10:54:02,2026-02-24 11:01:11
2665,2777,2026-02-24 10:53:49,2026-02-24 10:57:14
2666,2778,2026-02-24 10:58:08,2026-02-24 11:06:26
2667,2779,2026-02-24 10:53:09,2026-02-24 10:57:14
2668,2780,2026-02-24 11:17:17,2026-02-24 11:24:32
2669,2781,2026-02-24 11:24:47,2026-02-24 11:32:46
2670,2782,2026-02-24 10:14:49,2026-02-24 10:18:21
2671,2783,2026-02-24 11:32:52,2026-02-24 11:36:20
2672,2784,2026-02-24 11:37:24,2026-02-24 11:44:54
2673,2785,2026-02-24 10:24:23,2026-02-24 10:31:35
2674,2786,2026-02-24 11:06:28,2026-02-24 11:11:43
2675,2787,2026-02-24 10:38:02,2026-02-24 10:41:14
2676,2788,2026-02-24 11:02:17,2026-02-24 11:12:02
2677,2789,2026-02-24 10:42:40,2026-02-24 10:57:15
2678,2790,2026-02-24 10:58:16,2026-02-24 11:12:16
2679,2791,2026-02-24 11:12:58,2026-02-24 11:18:06
2680,2792,2026-02-24 11:13:31,2026-02-24 11:20:32
2681,2793,2026-02-24 11:14:31,2026-02-24 11:28:05
2682,2794,2026-02-24 11:28:16,2026-02-24 11:32:24
2683,2795,2026-02-24 13:31:28,2026-02-24 13:41:54
2684,2796,2026-02-24 13:31:27,2026-02-24 13:36:55
2685,2797,2026-02-24 13:31:04,2026-02-24 13:45:52
2686,2799,2026-02-24 13:31:00,2026-02-24 13:36:39
2687,2800,2026-02-24 13:42:42,2026-02-24 13:55:29
2688,2801,2026-02-24 13:56:52,2026-02-24 14:08:16
2689,2802,2026-02-24 13:30:41,2026-02-24 13:43:23
2690,2803,2026-02-24 14:09:39,2026-02-24 14:14:38
2691,2804,2026-02-24 13:43:51,2026-02-24 13:50:38
2692,2805,2026-02-24 13:37:03,2026-02-24 13:51:42
2693,2806,2026-02-24 13:46:41,2026-02-24 13:51:39
2694,2807,2026-02-24 13:30:24,2026-02-24 13:33:41
2695,2808,2026-02-24 13:52:50,2026-02-24 13:57:38
2696,2809,2026-02-24 13:50:59,2026-02-24 13:57:41
2697,2810,2026-02-24 13:30:13,2026-02-24 13:40:15
2698,2811,2026-02-24 14:16:08,2026-02-24 14:21:12
2699,2812,2026-02-24 13:58:40,2026-02-24 14:03:01
2700,2813,2026-02-24 14:21:36,2026-02-24 14:29:42
2701,2814,2026-02-24 13:41:28,2026-02-24 13:48:18
2702,2815,2026-02-24 14:03:35,2026-02-24 14:08:44
2703,2816,2026-02-24 14:09:35,2026-02-24 14:17:31
2704,2817,2026-02-24 13:52:27,2026-02-24 14:01:25
2705,2818,2026-02-24 14:30:25,2026-02-24 14:40:31
2706,2819,2026-02-24 13:49:19,2026-02-24 13:53:04
2707,2820,2026-02-24 13:40:50,2026-02-24 13:45:34
2708,2821,2026-02-24 14:41:25,2026-02-24 14:54:33
2709,2822,2026-02-24 14:01:35,2026-02-24 14:10:26
2710,2823,2026-02-24 13:45:57,2026-02-24 13:51:04
2711,2824,2026-02-24 13:58:29,2026-02-24 14:12:51
2712,2825,2026-02-24 14:13:53,2026-02-24 14:19:40
2713,2826,2026-02-24 13:51:30,2026-02-24 14:00:05
2714,2827,2026-02-24 14:00:08,2026-02-24 14:14:42
2715,2828,2026-02-24 14:17:32,2026-02-24 14:31:07
2716,2829,2026-02-24 14:32:09,2026-02-24 14:36:44
2717,2830,2026-02-24 14:55:30,2026-02-24 15:02:20
2718,2831,2026-02-24 14:15:58,2026-02-24 14:21:11
2719,2832,2026-02-24 14:37:54,2026-02-24 14:46:24
2720,2833,2026-02-24 14:20:44,2026-02-24 14:35:34
2721,2834,2026-02-24 13:52:13,2026-02-24 13:59:34
2722,2835,2026-02-24 14:10:32,2026-02-24 14:13:45
2723,2836,2026-02-24 14:36:13,2026-02-24 14:43:04
2724,2837,2026-02-24 14:46:35,2026-02-24 14:51:31
2725,2838,2026-02-24 14:21:39,2026-02-24 14:25:07
2726,2839,2026-02-24 14:52:02,2026-02-24 15:00:34
2727,2840,2026-02-24 13:59:51,2026-02-24 14:11:46
2728,2841,2026-02-24 15:00:55,2026-02-24 15:11:52
2729,2842,2026-02-24 15:12:09,2026-02-24 15:21:45
2730,2843,2026-02-24 14:43:29,2026-02-24 14:52:36
2731,2844,2026-02-24 14:12:44,2026-02-24 14:23:02
2732,2845,2026-02-24 15:03:34,2026-02-24 15:08:27
2733,2846,2026-02-24 14:13:46,2026-02-24 14:20:03
2734,2847,2026-02-24 14:53:05,2026-02-24 15:07:59
2735,2848,2026-02-24 14:10:43,2026-02-24 14:17:43
2736,2849,2026-02-24 14:21:25,2026-02-24 14:25:29
2737,2850,2026-02-24 15:08:06,2026-02-24 15:13:12
2738,2851,2026-02-24 15:22:45,2026-02-24 15:34:53
2739,2852,2026-02-24 14:23:28,2026-02-24 14:27:18
2740,2853,2026-02-24 14:28:38,2026-02-24 14:33:12
2741,2854,2026-02-24 14:28:02,2026-02-24 14:36:30
2742,2855,2026-02-24 15:08:47,2026-02-24 15:20:36
2743,2856,2026-02-24 15:20:36,2026-02-24 15:27:03
2744,2857,2026-02-24 15:36:11,2026-02-24 15:41:04
2745,2858,2026-02-24 15:27:12,2026-02-24 15:34:53
2746,2859,2026-02-24 15:42:29,2026-02-24 15:49:53
2747,2860,2026-02-24 15:35:27,2026-02-24 15:47:16
2748,2861,2026-02-24 15:48:29,2026-02-24 15:55:36
2749,2862,2026-02-24 15:56:23,2026-02-24 16:00:58
2750,2864,2026-02-24 15:50:04,2026-02-24 16:01:50
2751,2865,2026-02-24 16:02:10,2026-02-24 16:09:26
2752,2866,2026-02-24 15:17:17,2026-02-24 15:24:17
2753,2867,2026-02-24 16:10:35,2026-02-24 16:18:32
2754,2868,2026-02-24 15:21:43,2026-02-24 15:26:56
2755,2870,2026-02-24 15:33:17,2026-02-24 15:43:09
2756,2871,2026-02-25 09:01:15,2026-02-25 09:04:17
2757,2872,2026-02-25 09:01:15,2026-02-25 09:12:43
2758,2873,2026-02-25 09:13:00,2026-02-25 09:19:16
2759,2874,2026-02-25 09:00:24,2026-02-25 09:09:31
2760,2875,2026-02-25 09:05:38,2026-02-25 09:12:49
2761,2876,2026-02-25 09:00:39,2026-02-25 09:07:40
2762,2877,2026-02-25 09:19:18,2026-02-25 09:30:41
2763,2878,2026-02-25 09:13:36,2026-02-25 09:26:10
2764,2879,2026-02-25 09:08:34,2026-02-25 09:12:18
2765,2880,2026-02-25 09:09:32,2026-02-25 09:24:06
2766,2881,2026-02-25 09:30:57,2026-02-25 09:44:23
2767,2882,2026-02-25 09:44:48,2026-02-25 09:56:19
2768,2883,2026-02-25 09:56:23,2026-02-25 10:02:00
2769,2884,2026-02-25 09:13:16,2026-02-25 09:28:10
2770,2885,2026-02-25 09:29:09,2026-02-25 09:36:39
2771,2886,2026-02-25 10:02:58,2026-02-25 10:15:36
2772,2887,2026-02-25 09:36:59,2026-02-25 09:44:41
2773,2888,2026-02-25 09:45:10,2026-02-25 09:59:44
2774,2889,2026-02-25 09:26:18,2026-02-25 09:30:59
2775,2890,2026-02-25 09:32:26,2026-02-25 09:46:17
2776,2891,2026-02-25 09:47:03,2026-02-25 09:50:29
2777,2892,2026-02-25 09:50:59,2026-02-25 09:58:01
2778,2893,2026-02-25 09:58:28,2026-02-25 10:05:53
2779,2894,2026-02-25 10:16:20,2026-02-25 10:21:39
2780,2895,2026-02-25 10:22:55,2026-02-25 10:31:00
2781,2896,2026-02-25 10:00:37,2026-02-25 10:04:00
2782,2897,2026-02-25 09:24:19,2026-02-25 09:31:12
2783,2898,2026-02-25 10:06:49,2026-02-25 10:10:06
2784,2899,2026-02-25 10:04:29,2026-02-25 10:14:54
2785,2900,2026-02-25 10:11:21,2026-02-25 10:15:54
2786,2901,2026-02-25 10:31:18,2026-02-25 10:34:46
2787,2902,2026-02-25 10:34:48,2026-02-25 10:42:51
2788,2903,2026-02-25 10:16:20,2026-02-25 10:25:24
2789,2904,2026-02-25 10:25:28,2026-02-25 10:35:19
2790,2905,2026-02-25 10:15:37,2026-02-25 10:21:32
2791,2906,2026-02-25 10:22:34,2026-02-25 10:26:26
2792,2907,2026-02-25 10:27:07,2026-02-25 10:33:39
2793,2908,2026-02-25 09:38:25,2026-02-25 09:50:51
2794,2909,2026-02-25 10:35:40,2026-02-25 10:39:26
2795,2910,2026-02-25 10:43:52,2026-02-25 10:56:20
2796,2912,2026-02-25 10:34:25,2026-02-25 10:38:02
2797,2913,2026-02-25 10:38:48,2026-02-25 10:43:18
2798,2914,2026-02-25 10:57:45,2026-02-25 11:02:19
2799,2915,2026-02-25 10:40:20,2026-02-25 10:45:23
2800,2916,2026-02-25 10:46:07,2026-02-25 10:53:14
2801,2917,2026-02-25 10:44:28,2026-02-25 10:48:34
2802,2918,2026-02-25 10:48:45,2026-02-25 11:03:00
2803,2919,2026-02-25 10:53:50,2026-02-25 11:08:32
2804,2921,2026-02-25 11:09:56,2026-02-25 11:19:30
2805,2922,2026-02-25 11:02:30,2026-02-25 11:07:23
2806,2923,2026-02-25 11:07:33,2026-02-25 11:17:12
2807,2924,2026-02-25 11:20:37,2026-02-25 11:29:15
2808,2925,2026-02-25 11:07:38,2026-02-25 11:15:35
2809,2926,2026-02-25 11:18:05,2026-02-25 11:22:08
2810,2927,2026-02-25 13:31:08,2026-02-25 13:36:15
2811,2928,2026-02-25 13:30:23,2026-02-25 13:35:59
2812,2929,2026-02-25 13:36:57,2026-02-25 13:41:37
2813,2930,2026-02-25 13:36:35,2026-02-25 13:40:56
2814,2931,2026-02-25 13:41:17,2026-02-25 13:54:07
2815,2932,2026-02-25 13:42:11,2026-02-25 13:55:57
2816,2933,2026-02-25 13:54:58,2026-02-25 14:01:59
2817,2934,2026-02-25 14:02:06,2026-02-25 14:16:30
2818,2935,2026-02-25 14:17:09,2026-02-25 14:27:05
2819,2936,2026-02-25 13:56:39,2026-02-25 14:08:21
2820,2937,2026-02-25 14:09:18,2026-02-25 14:13:20
2821,2938,2026-02-25 14:14:39,2026-02-25 14:25:27
2822,2939,2026-02-25 14:27:45,2026-02-25 14:40:55
2823,2941,2026-02-25 14:41:58,2026-02-25 14:55:42
2824,2942,2026-02-25 14:26:15,2026-02-25 14:35:16
2825,2943,2026-02-25 14:56:29,2026-02-25 15:06:00
2826,2944,2026-02-25 15:06:09,2026-02-25 15:13:40
2827,2945,2026-02-25 14:36:23,2026-02-25 14:41:13
2828,2946,2026-02-25 15:15:05,2026-02-25 15:26:55
2829,2947,2026-02-25 15:26:59,2026-02-25 15:33:56
2830,2948,2026-02-25 14:41:44,2026-02-25 14:54:36
2831,2949,2026-02-25 14:55:15,2026-02-25 15:01:15
2832,2950,2026-02-25 15:01:34,2026-02-25 15:14:01
2833,2951,2026-02-25 15:34:15,2026-02-25 15:48:05
2834,2952,2026-02-25 15:49:13,2026-02-25 15:59:45
2835,2953,2026-02-25 16:00:53,2026-02-25 16:08:30
2836,2954,2026-02-25 15:14:50,2026-02-25 15:22:46
2837,2955,2026-02-25 16:09:29,2026-02-25 16:14:07
2838,2956,2026-02-25 15:23:00,2026-02-25 15:35:32
2839,2957,2026-02-25 16:14:11,2026-02-25 16:25:39
2840,2958,2026-02-25 15:36:54,2026-02-25 15:44:54
2841,2959,2026-02-25 15:24:27,2026-02-25 15:36:44
2842,2960,2026-02-26 09:01:01,2026-02-26 09:10:05
2843,2961,2026-02-26 09:10:55,2026-02-26 09:14:38
2844,2962,2026-02-26 09:00:08,2026-02-26 09:13:46
2845,2963,2026-02-26 09:14:54,2026-02-26 09:20:05
2846,2964,2026-02-26 09:00:52,2026-02-26 09:10:57
2847,2965,2026-02-26 09:11:39,2026-02-26 09:15:05
2848,2966,2026-02-26 09:20:15,2026-02-26 09:25:55
2849,2967,2026-02-26 09:15:19,2026-02-26 09:18:33
2850,2968,2026-02-26 09:19:29,2026-02-26 09:25:20
2851,2969,2026-02-26 09:26:46,2026-02-26 09:32:09
2852,2971,2026-02-26 09:32:20,2026-02-26 09:38:49
2853,2972,2026-02-26 09:01:02,2026-02-26 09:14:19
2854,2973,2026-02-26 09:27:04,2026-02-26 09:37:06
2855,2974,2026-02-26 09:37:17,2026-02-26 09:42:05
2856,2975,2026-02-26 09:14:24,2026-02-26 09:20:48
2857,2976,2026-02-26 09:39:33,2026-02-26 09:44:39
2858,2977,2026-02-26 09:08:53,2026-02-26 09:19:02
2859,2978,2026-02-26 09:44:39,2026-02-26 09:56:35
2860,2979,2026-02-26 09:16:08,2026-02-26 09:25:54
2861,2980,2026-02-26 09:42:20,2026-02-26 09:55:27
2862,2981,2026-02-26 09:22:03,2026-02-26 09:32:00
2863,2982,2026-02-26 09:32:19,2026-02-26 09:37:05
2864,2983,2026-02-26 09:55:30,2026-02-26 10:02:43
2865,2984,2026-02-26 09:26:08,2026-02-26 09:29:47
2866,2985,2026-02-26 09:29:47,2026-02-26 09:41:28
2867,2986,2026-02-26 10:02:51,2026-02-26 10:07:15
2868,2987,2026-02-26 10:08:40,2026-02-26 10:12:40
2869,2988,2026-02-26 09:32:24,2026-02-26 09:44:13
2870,2989,2026-02-26 09:57:27,2026-02-26 10:06:05
2871,2990,2026-02-26 10:12:46,2026-02-26 10:24:09
2872,2991,2026-02-26 09:44:55,2026-02-26 09:56:02
2873,2992,2026-02-26 10:24:34,2026-02-26 10:30:42
2874,2993,2026-02-26 10:32:10,2026-02-26 10:36:31
2875,2994,2026-02-26 10:02:44,2026-02-26 10:11:30
2876,2995,2026-02-26 10:06:33,2026-02-26 10:12:57
2877,2996,2026-02-26 10:13:48,2026-02-26 10:20:37
2878,2997,2026-02-26 10:36:31,2026-02-26 10:39:39
2879,2998,2026-02-26 10:14:35,2026-02-26 10:22:13
2880,2999,2026-02-26 10:21:42,2026-02-26 10:27:01
2881,3000,2026-02-26 10:27:01,2026-02-26 10:41:43
2882,3001,2026-02-26 10:45:46,2026-02-26 10:58:59
2883,3002,2026-02-26 10:52:19,2026-02-26 11:02:36
2884,3003,2026-02-26 13:30:53,2026-02-26 13:37:30
2885,3004,2026-02-26 13:31:07,2026-02-26 13:45:27
2886,3005,2026-02-26 13:30:27,2026-02-26 13:42:15
2887,3006,2026-02-26 13:45:33,2026-02-26 13:52:36
2888,3007,2026-02-26 13:31:05,2026-02-26 13:40:23
2889,3008,2026-02-26 13:53:24,2026-02-26 14:05:12
2890,3009,2026-02-26 14:05:45,2026-02-26 14:16:35
2891,3010,2026-02-26 13:40:53,2026-02-26 13:48:17
2892,3012,2026-02-26 13:42:53,2026-02-26 13:53:41
2893,3013,2026-02-26 13:55:01,2026-02-26 14:00:18
2894,3014,2026-02-26 14:17:46,2026-02-26 14:24:19
2895,3015,2026-02-26 14:24:57,2026-02-26 14:29:55
2896,3016,2026-02-26 14:31:22,2026-02-26 14:37:30
2897,3017,2026-02-26 14:37:54,2026-02-26 14:43:46
2898,3018,2026-02-26 14:45:07,2026-02-26 14:49:20
2899,3019,2026-02-26 14:50:22,2026-02-26 15:04:36
2900,3020,2026-02-26 14:01:36,2026-02-26 14:05:42
2901,3021,2026-02-26 15:05:04,2026-02-26 15:09:26
2902,3022,2026-02-26 14:06:03,2026-02-26 14:12:14
2903,3023,2026-02-26 14:13:05,2026-02-26 14:18:22
2904,3024,2026-02-26 13:48:28,2026-02-26 13:58:03
2905,3025,2026-02-26 15:09:28,2026-02-26 15:14:06
2906,3026,2026-02-26 15:14:30,2026-02-26 15:20:18
2907,3027,2026-02-26 13:58:16,2026-02-26 14:13:15
2908,3028,2026-02-26 14:03:46,2026-02-26 14:07:36
2909,3029,2026-02-26 14:14:56,2026-02-26 14:21:34
2910,3030,2026-02-26 15:20:19,2026-02-26 15:31:40
2911,3031,2026-02-26 14:44:04,2026-02-26 14:56:39
2912,3033,2026-02-26 15:31:47,2026-02-26 15:38:48
2913,3034,2026-02-26 15:12:44,2026-02-26 15:18:03
2914,3035,2026-02-26 15:13:45,2026-02-26 15:23:25
2915,3036,2026-02-26 15:40:05,2026-02-26 15:50:45
2916,3037,2026-02-26 15:51:12,2026-02-26 16:04:48
2917,3038,2026-02-26 15:23:37,2026-02-26 15:26:51
2918,3040,2026-02-27 09:00:09,2026-02-27 09:04:51
2919,3041,2026-02-27 09:10:24,2026-02-27 09:19:00
2920,3042,2026-02-27 09:14:04,2026-02-27 09:20:52
2921,3043,2026-02-27 09:26:28,2026-02-27 09:30:22
2922,3044,2026-02-27 09:30:37,2026-02-27 09:33:56
2923,3045,2026-02-27 09:37:07,2026-02-27 09:44:55
2924,3046,2026-02-27 09:46:04,2026-02-27 09:49:57
2925,3047,2026-02-27 09:52:43,2026-02-27 09:56:31
2926,3048,2026-02-27 10:04:05,2026-02-27 10:10:38
2927,3049,2026-02-27 10:13:05,2026-02-27 10:19:36
2928,3050,2026-02-27 10:17:33,2026-02-27 10:20:48
2929,3051,2026-02-27 10:41:22,2026-02-27 10:47:34
2930,3052,2026-02-27 10:48:44,2026-02-27 11:00:01
2931,3053,2026-02-27 11:04:57,2026-02-27 11:10:32
2932,3054,2026-02-27 11:12:52,2026-02-27 11:17:22
2933,3055,2026-02-27 13:30:37,2026-02-27 13:36:20
2934,3056,2026-02-27 13:30:45,2026-02-27 13:40:47
2935,3057,2026-02-27 13:30:47,2026-02-27 13:41:41
2936,3058,2026-02-27 13:36:29,2026-02-27 13:47:11
2937,3059,2026-02-27 13:31:22,2026-02-27 13:42:38
2938,3060,2026-02-27 13:42:16,2026-02-27 13:49:13
2939,3061,2026-02-27 13:30:46,2026-02-27 13:44:28
2940,3062,2026-02-27 13:44:39,2026-02-27 13:49:11
2941,3063,2026-02-27 13:49:17,2026-02-27 14:00:38
2942,3064,2026-02-27 14:01:45,2026-02-27 14:16:33
2943,3065,2026-02-27 13:43:00,2026-02-27 13:52:38
2944,3067,2026-02-27 13:52:31,2026-02-27 13:57:53
2945,3068,2026-02-27 13:58:43,2026-02-27 14:07:57
2946,3069,2026-02-27 13:49:52,2026-02-27 13:59:52
2947,3070,2026-02-27 14:01:12,2026-02-27 14:07:52
2948,3071,2026-02-27 14:03:42,2026-02-27 14:12:16
2949,3072,2026-02-27 14:17:53,2026-02-27 14:20:54
2950,3073,2026-02-27 14:10:52,2026-02-27 14:16:00
2951,3074,2026-02-27 14:21:23,2026-02-27 14:30:25
2952,3075,2026-02-27 14:21:26,2026-02-27 14:30:18
2953,3076,2026-02-27 14:32:39,2026-02-27 14:45:22
2954,3077,2026-02-27 14:44:08,2026-02-27 14:58:45
2955,3078,2026-02-27 14:41:21,2026-02-27 14:47:15
2956,3079,2026-02-27 14:46:58,2026-02-27 15:00:51
2957,3080,2026-02-27 15:02:12,2026-02-27 15:05:27
2958,3081,2026-02-27 15:05:36,2026-02-27 15:18:52
2959,3082,2026-03-03 09:00:51,2026-03-03 09:14:14
2960,3084,2026-03-03 09:01:23,2026-03-03 09:04:57
2961,3085,2026-03-03 09:15:32,2026-03-03 09:25:34
2962,3086,2026-03-03 09:00:32,2026-03-03 09:08:36
2963,3087,2026-03-03 09:09:51,2026-03-03 09:17:12
2964,3088,2026-03-03 09:18:15,2026-03-03 09:24:26
2965,3089,2026-03-03 09:00:20,2026-03-03 09:04:07
2966,3090,2026-03-03 09:04:32,2026-03-03 09:10:41
2967,3091,2026-03-03 09:05:50,2026-03-03 09:11:38
2968,3092,2026-03-03 09:13:06,2026-03-03 09:27:55
2969,3093,2026-03-03 09:28:55,2026-03-03 09:39:35
2970,3094,2026-03-03 09:26:23,2026-03-03 09:31:54
2971,3095,2026-03-03 09:40:01,2026-03-03 09:51:19
2972,3096,2026-03-03 09:25:31,2026-03-03 09:36:43
2973,3097,2026-03-03 09:52:34,2026-03-03 10:02:34
2974,3098,2026-03-03 09:01:22,2026-03-03 09:05:08
2975,3099,2026-03-03 10:03:58,2026-03-03 10:07:19
2976,3100,2026-03-03 09:06:07,2026-03-03 09:12:48
2977,3101,2026-03-03 09:37:55,2026-03-03 09:45:50
2978,3102,2026-03-03 09:33:24,2026-03-03 09:43:42
2979,3103,2026-03-03 10:08:14,2026-03-03 10:15:55
2980,3104,2026-03-03 09:10:45,2026-03-03 09:21:52
2981,3105,2026-03-03 09:13:37,2026-03-03 09:17:26
2982,3107,2026-03-03 09:46:03,2026-03-03 09:50:58
2983,3108,2026-03-03 09:44:11,2026-03-03 09:48:42
2984,3109,2026-03-03 09:49:59,2026-03-03 09:55:16
2985,3110,2026-03-03 09:55:31,2026-03-03 10:09:39
2986,3111,2026-03-03 10:16:27,2026-03-03 10:25:10
2987,3112,2026-03-03 09:51:43,2026-03-03 10:02:02
2988,3113,2026-03-03 09:23:20,2026-03-03 09:29:56
2989,3115,2026-03-03 10:03:07,2026-03-03 10:09:05
2990,3116,2026-03-03 10:25:24,2026-03-03 10:32:27
2991,3117,2026-03-03 10:32:32,2026-03-03 10:46:19
2992,3118,2026-03-03 09:29:57,2026-03-03 09:35:11
2993,3119,2026-03-03 10:09:31,2026-03-03 10:21:09
2994,3120,2026-03-03 10:47:38,2026-03-03 10:51:27
2995,3121,2026-03-03 10:10:14,2026-03-03 10:17:14
2996,3122,2026-03-03 09:44:21,2026-03-03 09:55:57
2997,3123,2026-03-03 10:17:56,2026-03-03 10:21:47
2998,3124,2026-03-03 10:23:15,2026-03-03 10:30:30
2999,3125,2026-03-03 10:21:47,2026-03-03 10:35:28
3000,3126,2026-03-03 10:51:57,2026-03-03 10:59:37
3001,3127,2026-03-03 10:31:06,2026-03-03 10:37:33
3002,3128,2026-03-03 10:37:34,2026-03-03 10:42:41
3003,3129,2026-03-03 10:43:43,2026-03-03 10:53:27
3004,3130,2026-03-03 11:00:31,2026-03-03 11:13:10
3005,3131,2026-03-03 10:36:57,2026-03-03 10:50:49
3006,3132,2026-03-03 10:52:18,2026-03-03 10:58:17
3007,3133,2026-03-03 11:14:26,2026-03-03 11:25:47
3008,3134,2026-03-03 10:08:32,2026-03-03 10:23:05
3009,3135,2026-03-03 10:54:48,2026-03-03 10:57:55
3010,3137,2026-03-03 10:21:44,2026-03-03 10:34:56
3011,3138,2026-03-03 10:59:12,2026-03-03 11:03:42
3012,3139,2026-03-03 10:21:20,2026-03-03 10:33:08
3013,3140,2026-03-03 11:26:41,2026-03-03 11:30:26
3014,3141,2026-03-03 11:05:04,2026-03-03 11:10:56
3015,3142,2026-03-03 11:31:19,2026-03-03 11:38:49
3016,3143,2026-03-03 10:37:09,2026-03-03 10:47:42
3017,3144,2026-03-03 11:11:33,2026-03-03 11:21:37
3018,3145,2026-03-03 10:43:47,2026-03-03 10:51:47
3019,3146,2026-03-03 11:22:41,2026-03-03 11:33:11
3020,3147,2026-03-03 10:52:30,2026-03-03 11:02:15
3021,3148,2026-03-03 10:58:08,2026-03-03 11:10:59
3022,3149,2026-03-03 11:12:10,2026-03-03 11:19:24
3023,3150,2026-03-03 11:20:08,2026-03-03 11:24:12
3024,3151,2026-03-03 13:30:39,2026-03-03 13:41:18
3025,3152,2026-03-03 13:30:07,2026-03-03 13:34:54
3026,3153,2026-03-03 13:30:56,2026-03-03 13:39:51
3027,3154,2026-03-03 13:30:26,2026-03-03 13:34:47
3028,3155,2026-03-03 13:42:20,2026-03-03 13:49:53
3029,3156,2026-03-03 13:30:29,2026-03-03 13:43:35
3030,3157,2026-03-03 13:40:56,2026-03-03 13:43:58
3031,3158,2026-03-03 13:44:30,2026-03-03 13:55:57
3032,3159,2026-03-03 13:36:09,2026-03-03 13:44:03
3033,3160,2026-03-03 13:44:42,2026-03-03 13:50:12
3034,3161,2026-03-03 13:56:24,2026-03-03 14:00:18
3035,3162,2026-03-03 13:35:50,2026-03-03 13:39:40
3036,3163,2026-03-03 13:50:24,2026-03-03 13:53:53
3037,3164,2026-03-03 13:30:25,2026-03-03 13:35:03
3038,3165,2026-03-03 13:39:56,2026-03-03 13:53:20
3039,3166,2026-03-03 13:51:23,2026-03-03 14:03:48
3040,3167,2026-03-03 14:04:03,2026-03-03 14:08:47
3041,3168,2026-03-03 13:44:53,2026-03-03 13:51:26
3042,3169,2026-03-03 13:36:06,2026-03-03 13:49:20
3043,3170,2026-03-03 14:08:48,2026-03-03 14:12:30
3044,3171,2026-03-03 14:12:31,2026-03-03 14:17:23
3045,3173,2026-03-03 13:52:11,2026-03-03 14:01:34
3046,3174,2026-03-03 14:01:46,2026-03-03 14:08:17
3047,3175,2026-03-03 13:31:15,2026-03-03 13:38:04
3048,3176,2026-03-03 13:54:06,2026-03-03 13:58:23
3049,3177,2026-03-03 13:54:18,2026-03-03 14:07:07
3050,3178,2026-03-03 13:59:44,2026-03-03 14:07:28
3051,3179,2026-03-03 14:09:43,2026-03-03 14:15:32
3052,3180,2026-03-03 14:08:23,2026-03-03 14:13:05
3053,3181,2026-03-03 13:49:20,2026-03-03 13:54:24
3054,3182,2026-03-03 14:16:23,2026-03-03 14:28:09
3055,3183,2026-03-03 14:07:37,2026-03-03 14:15:33
3056,3184,2026-03-03 14:17:32,2026-03-03 14:28:00
3057,3185,2026-03-03 14:28:43,2026-03-03 14:36:31
3058,3186,2026-03-03 14:14:07,2026-03-03 14:19:08
3059,3187,2026-03-03 14:37:27,2026-03-03 14:45:01
3060,3188,2026-03-03 14:00:34,2026-03-03 14:13:14
3061,3189,2026-03-03 14:16:47,2026-03-03 14:20:34
3062,3190,2026-03-03 14:20:31,2026-03-03 14:26:27
3063,3191,2026-03-03 14:28:59,2026-03-03 14:36:05
3064,3192,2026-03-03 14:37:30,2026-03-03 14:44:42
3065,3194,2026-03-03 13:55:19,2026-03-03 14:04:04
3066,3195,2026-03-03 14:20:54,2026-03-03 14:29:35
3067,3196,2026-03-03 14:29:37,2026-03-03 14:36:34
3068,3197,2026-03-03 14:45:52,2026-03-03 14:58:18
3069,3198,2026-03-03 14:45:22,2026-03-03 14:48:23
3070,3199,2026-03-03 14:37:23,2026-03-03 14:46:06
3071,3200,2026-03-03 14:13:30,2026-03-03 14:18:13
3072,3202,2026-03-03 14:59:02,2026-03-03 15:02:10
3073,3203,2026-03-03 14:27:42,2026-03-03 14:39:44
3074,3204,2026-03-03 14:03:01,2026-03-03 14:14:46
3075,3205,2026-03-03 14:18:33,2026-03-03 14:25:56
3076,3206,2026-03-03 14:40:45,2026-03-03 14:47:27
3077,3207,2026-03-03 14:14:53,2026-03-03 14:19:26
3078,3208,2026-03-03 14:48:46,2026-03-03 14:58:36
3079,3209,2026-03-03 14:59:59,2026-03-03 15:05:02
3080,3210,2026-03-03 14:47:33,2026-03-03 14:55:55
3081,3211,2026-03-03 15:02:47,2026-03-03 15:14:37
3082,3212,2026-03-03 15:06:31,2026-03-03 15:13:19
3083,3213,2026-03-03 15:15:57,2026-03-03 15:22:10
3084,3214,2026-03-03 14:46:50,2026-03-03 14:54:59
3085,3215,2026-03-03 15:23:11,2026-03-03 15:30:29
3086,3216,2026-03-03 14:22:00,2026-03-03 14:27:19
3087,3217,2026-03-03 15:31:03,2026-03-03 15:44:54
3088,3218,2026-03-03 14:55:41,2026-03-03 15:06:57
3089,3219,2026-03-03 15:08:16,2026-03-03 15:14:09
3090,3220,2026-03-03 14:36:05,2026-03-03 14:42:51
3091,3221,2026-03-03 15:14:48,2026-03-03 15:22:09
3092,3222,2026-03-03 15:46:01,2026-03-03 16:00:55
3093,3223,2026-03-03 14:56:24,2026-03-03 15:02:30
3094,3224,2026-03-03 14:43:42,2026-03-03 14:57:17
3095,3225,2026-03-03 15:15:22,2026-03-03 15:20:27
3096,3226,2026-03-03 15:03:15,2026-03-03 15:14:27
3097,3227,2026-03-03 14:57:46,2026-03-03 15:12:10
3098,3228,2026-03-03 14:58:29,2026-03-03 15:02:55
3099,3229,2026-03-03 15:03:19,2026-03-03 15:17:25
3100,3230,2026-03-03 15:21:18,2026-03-03 15:24:29
3101,3231,2026-03-03 16:01:58,2026-03-03 16:11:47
3102,3232,2026-03-03 16:13:07,2026-03-03 16:26:10
3103,3233,2026-03-03 15:22:44,2026-03-03 15:29:14
3104,3234,2026-03-03 16:26:58,2026-03-03 16:39:30
3105,3235,2026-03-03 15:14:17,2026-03-03 15:18:32
3106,3236,2026-03-03 15:32:32,2026-03-03 15:42:53
3107,3237,2026-03-03 15:31:38,2026-03-03 15:39:14
3108,3238,2026-03-03 15:42:47,2026-03-03 15:46:17
3109,3239,2026-03-04 09:00:55,2026-03-04 09:10:35
3110,3240,2026-03-04 09:10:55,2026-03-04 09:22:54
3111,3241,2026-03-04 09:23:50,2026-03-04 09:28:34
3112,3242,2026-03-04 09:00:38,2026-03-04 09:04:17
3113,3243,2026-03-04 09:29:21,2026-03-04 09:34:05
3114,3244,2026-03-04 09:04:47,2026-03-04 09:19:30
3115,3245,2026-03-04 09:00:37,2026-03-04 09:10:45
3116,3246,2026-03-04 09:20:25,2026-03-04 09:29:49
3117,3247,2026-03-04 09:30:52,2026-03-04 09:43:53
3118,3248,2026-03-04 09:11:22,2026-03-04 09:17:10
3119,3249,2026-03-04 09:34:39,2026-03-04 09:41:47
3120,3250,2026-03-04 09:42:42,2026-03-04 09:46:28
3121,3251,2026-03-04 09:47:18,2026-03-04 09:53:20
3122,3252,2026-03-04 09:07:46,2026-03-04 09:13:58
3123,3253,2026-03-04 09:17:16,2026-03-04 09:31:25
3124,3254,2026-03-04 09:32:26,2026-03-04 09:41:19
3125,3255,2026-03-04 09:53:37,2026-03-04 10:02:20
3126,3256,2026-03-04 09:44:05,2026-03-04 09:57:45
3127,3257,2026-03-04 09:58:07,2026-03-04 10:05:12
3128,3258,2026-03-04 10:02:28,2026-03-04 10:14:05
3129,3260,2026-03-04 10:15:07,2026-03-04 10:19:56
3130,3261,2026-03-04 10:21:04,2026-03-04 10:25:20
3131,3262,2026-03-04 10:06:34,2026-03-04 10:15:56
3132,3263,2026-03-04 10:26:34,2026-03-04 10:38:43
3133,3264,2026-03-04 09:48:29,2026-03-04 10:00:53
3134,3265,2026-03-04 10:38:52,2026-03-04 10:45:54
3135,3266,2026-03-04 10:01:04,2026-03-04 10:09:14
3136,3267,2026-03-04 10:46:17,2026-03-04 10:54:37
3137,3268,2026-03-04 10:10:29,2026-03-04 10:20:02
3138,3269,2026-03-04 10:55:22,2026-03-04 11:00:30
3139,3270,2026-03-04 10:16:24,2026-03-04 10:19:39
3140,3271,2026-03-04 10:20:06,2026-03-04 10:26:32
3141,3272,2026-03-04 11:01:17,2026-03-04 11:08:00
3142,3273,2026-03-04 10:30:00,2026-03-04 10:37:46
3143,3274,2026-03-04 11:08:47,2026-03-04 11:20:21
3144,3275,2026-03-04 10:52:50,2026-03-04 10:58:29
3145,3276,2026-03-04 11:01:04,2026-03-04 11:10:45
3146,3277,2026-03-04 11:10:55,2026-03-04 11:16:35
3147,3278,2026-03-04 11:17:28,2026-03-04 11:20:54
3148,3279,2026-03-04 11:20:59,2026-03-04 11:29:14
3149,3280,2026-03-04 13:30:03,2026-03-04 13:37:25
3150,3281,2026-03-04 13:37:30,2026-03-04 13:45:56
3151,3282,2026-03-04 13:31:30,2026-03-04 13:35:48
3152,3283,2026-03-04 13:46:08,2026-03-04 13:57:49
3153,3284,2026-03-04 13:35:53,2026-03-04 13:39:19
3154,3285,2026-03-04 13:30:12,2026-03-04 13:43:09
3155,3286,2026-03-04 13:40:02,2026-03-04 13:53:01
3156,3287,2026-03-04 13:58:53,2026-03-04 14:05:05
3157,3288,2026-03-04 14:05:08,2026-03-04 14:08:49
3158,3289,2026-03-04 14:10:04,2026-03-04 14:13:27
3159,3290,2026-03-04 13:53:58,2026-03-04 14:00:07
3160,3291,2026-03-04 14:14:51,2026-03-04 14:20:19
3161,3292,2026-03-04 14:01:13,2026-03-04 14:05:24
3162,3293,2026-03-04 14:21:28,2026-03-04 14:27:05
3163,3294,2026-03-04 14:05:37,2026-03-04 14:15:10
3164,3295,2026-03-04 14:15:44,2026-03-04 14:26:15
3165,3296,2026-03-04 14:28:28,2026-03-04 14:37:59
3166,3297,2026-03-04 14:26:27,2026-03-04 14:37:46
3167,3298,2026-03-04 14:51:21,2026-03-04 14:56:10
3168,3299,2026-03-04 15:42:03,2026-03-04 15:48:20
3169,3300,2026-03-05 09:01:12,2026-03-05 09:08:39
3170,3301,2026-03-05 09:00:33,2026-03-05 09:11:58
3171,3302,2026-03-05 09:09:40,2026-03-05 09:16:54
3172,3303,2026-03-05 09:01:05,2026-03-05 09:14:11
3173,3304,2026-03-05 09:17:12,2026-03-05 09:25:36
3174,3305,2026-03-05 09:12:58,2026-03-05 09:27:35
3175,3306,2026-03-05 09:25:51,2026-03-05 09:29:58
3176,3307,2026-03-05 09:28:01,2026-03-05 09:40:28
3177,3308,2026-03-05 09:30:59,2026-03-05 09:39:45
3178,3309,2026-03-05 09:40:39,2026-03-05 09:54:00
3179,3310,2026-03-05 09:00:03,2026-03-05 09:11:29
3180,3311,2026-03-05 09:40:34,2026-03-05 09:47:30
3181,3312,2026-03-05 09:15:14,2026-03-05 09:27:19
3182,3313,2026-03-05 09:54:42,2026-03-05 10:06:52
3183,3314,2026-03-05 09:28:13,2026-03-05 09:34:28
3184,3315,2026-03-05 09:13:08,2026-03-05 09:16:54
3185,3316,2026-03-05 09:47:45,2026-03-05 09:55:53
3186,3317,2026-03-05 09:35:08,2026-03-05 09:48:21
3187,3318,2026-03-05 09:49:39,2026-03-05 10:02:07
3188,3319,2026-03-05 10:07:08,2026-03-05 10:12:30
3189,3320,2026-03-05 10:03:14,2026-03-05 10:14:55
3190,3321,2026-03-05 09:29:38,2026-03-05 09:38:45
3191,3322,2026-03-05 10:12:40,2026-03-05 10:22:32
3192,3323,2026-03-05 09:56:24,2026-03-05 10:02:06
3193,3324,2026-03-05 10:23:11,2026-03-05 10:35:57
3194,3325,2026-03-05 10:03:30,2026-03-05 10:09:49
3195,3326,2026-03-05 10:10:41,2026-03-05 10:19:38
3196,3327,2026-03-05 10:36:30,2026-03-05 10:44:24
3197,3328,2026-03-05 10:19:39,2026-03-05 10:29:31
3198,3329,2026-03-05 10:06:59,2026-03-05 10:13:38
3199,3330,2026-03-05 10:14:19,2026-03-05 10:27:00
3200,3331,2026-03-05 10:27:14,2026-03-05 10:30:30
3201,3332,2026-03-05 10:29:42,2026-03-05 10:40:47
3202,3333,2026-03-05 10:31:48,2026-03-05 10:35:50
3203,3334,2026-03-05 10:42:14,2026-03-05 10:53:49
3204,3335,2026-03-05 10:36:23,2026-03-05 10:39:35
3205,3336,2026-03-05 10:54:51,2026-03-05 11:02:25
3206,3338,2026-03-05 11:02:46,2026-03-05 11:15:57
3207,3339,2026-03-05 11:16:29,2026-03-05 11:22:45
3208,3340,2026-03-05 10:58:56,2026-03-05 11:06:37
3209,3341,2026-03-05 11:08:55,2026-03-05 11:13:00
3210,3342,2026-03-05 11:23:33,2026-03-05 11:29:36
3211,3343,2026-03-05 11:16:04,2026-03-05 11:19:18
3212,3344,2026-03-05 13:30:13,2026-03-05 13:35:14
3213,3345,2026-03-05 13:30:22,2026-03-05 13:34:07
3214,3346,2026-03-05 13:35:47,2026-03-05 13:39:52
3215,3347,2026-03-05 13:34:23,2026-03-05 13:42:05
3216,3348,2026-03-05 13:40:04,2026-03-05 13:43:55
3217,3349,2026-03-05 13:43:31,2026-03-05 13:52:51
3218,3350,2026-03-05 13:53:14,2026-03-05 14:01:31
3219,3351,2026-03-05 14:01:36,2026-03-05 14:12:19
3220,3352,2026-03-05 13:30:49,2026-03-05 13:37:22
3221,3353,2026-03-05 13:44:29,2026-03-05 13:55:11
3222,3354,2026-03-05 13:56:39,2026-03-05 14:11:26
3223,3355,2026-03-05 14:13:26,2026-03-05 14:27:12
3224,3356,2026-03-05 13:32:43,2026-03-05 13:41:56
3225,3357,2026-03-05 14:11:52,2026-03-05 14:21:53
3226,3358,2026-03-05 14:27:52,2026-03-05 14:39:47
3227,3359,2026-03-05 14:40:24,2026-03-05 14:47:00
3228,3360,2026-03-05 13:43:24,2026-03-05 13:58:20
3229,3361,2026-03-05 14:47:41,2026-03-05 14:52:41
3230,3362,2026-03-05 14:22:07,2026-03-05 14:28:07
3231,3363,2026-03-05 14:53:03,2026-03-05 14:56:58
3232,3364,2026-03-05 14:57:52,2026-03-05 15:11:07
3233,3365,2026-03-05 15:11:28,2026-03-05 15:14:42
3234,3366,2026-03-05 14:28:08,2026-03-05 14:31:40
3235,3367,2026-03-05 14:33:09,2026-03-05 14:39:18
3236,3368,2026-03-05 14:26:28,2026-03-05 14:30:12
3237,3369,2026-03-05 15:16:01,2026-03-05 15:20:36
3238,3370,2026-03-05 15:21:28,2026-03-05 15:27:04
3239,3371,2026-03-05 14:33:12,2026-03-05 14:43:16
3240,3372,2026-03-05 14:40:02,2026-03-05 14:49:53
3241,3373,2026-03-05 14:41:21,2026-03-05 14:51:27
3242,3374,2026-03-05 15:27:55,2026-03-05 15:32:23
3243,3375,2026-03-05 15:33:26,2026-03-05 15:39:15
3244,3376,2026-03-05 15:40:06,2026-03-05 15:49:12
3245,3377,2026-03-05 15:21:09,2026-03-05 15:24:12
3246,3378,2026-03-05 15:49:25,2026-03-05 15:55:42
3247,3379,2026-03-06 09:00:34,2026-03-06 09:08:45
3248,3380,2026-03-06 09:09:04,2026-03-06 09:20:52
3249,3381,2026-03-06 09:00:47,2026-03-06 09:10:21
3250,3382,2026-03-06 09:11:15,2026-03-06 09:21:51
3251,3383,2026-03-06 09:22:51,2026-03-06 09:28:58
3252,3384,2026-03-06 09:21:48,2026-03-06 09:27:26
3253,3385,2026-03-06 09:29:42,2026-03-06 09:33:14
3254,3386,2026-03-06 09:25:55,2026-03-06 09:32:01
3255,3388,2026-03-06 09:50:42,2026-03-06 09:58:26
3256,3389,2026-03-06 09:58:47,2026-03-06 10:03:09
3257,3390,2026-03-06 10:20:31,2026-03-06 10:28:44
3258,3391,2026-03-06 10:49:56,2026-03-06 10:54:15
3259,3392,2026-03-06 11:09:20,2026-03-06 11:18:14
3260,3393,2026-03-06 13:30:00,2026-03-06 13:37:48
3261,3394,2026-03-06 13:30:25,2026-03-06 13:44:27
3262,3395,2026-03-06 13:31:24,2026-03-06 13:35:27
3263,3396,2026-03-06 13:30:49,2026-03-06 13:44:24
3264,3397,2026-03-06 13:30:47,2026-03-06 13:44:38
3265,3398,2026-03-06 13:45:19,2026-03-06 13:58:21
3266,3399,2026-03-06 13:38:21,2026-03-06 13:47:15
3267,3400,2026-03-06 13:36:53,2026-03-06 13:51:29
3268,3401,2026-03-06 13:44:25,2026-03-06 13:53:21
3269,3402,2026-03-06 13:45:43,2026-03-06 13:53:43
3270,3403,2026-03-06 13:59:07,2026-03-06 14:05:39
3271,3404,2026-03-06 13:51:50,2026-03-06 13:56:44
3272,3405,2026-03-06 13:54:34,2026-03-06 14:06:11
3273,3406,2026-03-06 14:02:53,2026-03-06 14:07:50
3274,3407,2026-03-06 14:06:39,2026-03-06 14:09:58
3275,3408,2026-03-06 14:07:55,2026-03-06 14:12:46
3276,3409,2026-03-06 14:13:21,2026-03-06 14:17:21
3277,3410,2026-03-06 14:16:22,2026-03-06 14:19:48
3278,3411,2026-03-06 14:20:01,2026-03-06 14:26:18
3279,3412,2026-03-06 14:37:49,2026-03-06 14:44:54
3280,3413,2026-03-06 14:42:03,2026-03-06 14:50:01
3281,3414,2026-03-06 14:38:11,2026-03-06 14:42:35
3282,3415,2026-03-06 14:50:23,2026-03-06 15:01:58
3283,3416,2026-03-06 14:45:41,2026-03-06 14:59:44
3284,3417,2026-03-06 14:51:34,2026-03-06 15:02:23
3285,3419,2026-03-06 14:49:28,2026-03-06 15:01:36
3286,3420,2026-03-06 15:03:12,2026-03-06 15:08:33
3287,3421,2026-03-06 15:13:20,2026-03-06 15:21:08
3288,3423,2026-03-09 09:01:09,2026-03-09 09:08:36
3289,3424,2026-03-09 09:09:28,2026-03-09 09:21:32
3290,3425,2026-03-09 09:22:45,2026-03-09 09:28:29
3291,3426,2026-03-09 09:00:18,2026-03-09 09:05:21
3292,3427,2026-03-09 09:00:36,2026-03-09 09:08:28
3293,3428,2026-03-09 09:05:24,2026-03-09 09:14:20
3294,3429,2026-03-09 09:01:11,2026-03-09 09:10:54
3295,3430,2026-03-09 09:14:25,2026-03-09 09:22:05
3296,3431,2026-03-09 09:09:45,2026-03-09 09:13:38
3297,3432,2026-03-09 09:14:03,2026-03-09 09:19:29
3298,3433,2026-03-09 09:20:30,2026-03-09 09:25:14
3299,3434,2026-03-09 09:23:18,2026-03-09 09:30:07
3300,3435,2026-03-09 09:00:01,2026-03-09 09:13:34
3301,3436,2026-03-09 09:31:23,2026-03-09 09:37:12
3302,3437,2026-03-09 09:38:00,2026-03-09 09:49:31
3303,3438,2026-03-09 09:50:01,2026-03-09 10:00:06
3304,3439,2026-03-09 10:00:58,2026-03-09 10:13:49
3305,3440,2026-03-09 09:25:25,2026-03-09 09:32:58
3306,3441,2026-03-09 10:14:10,2026-03-09 10:20:01
3307,3442,2026-03-09 10:21:07,2026-03-09 10:30:16
3308,3443,2026-03-09 09:14:03,2026-03-09 09:22:30
3309,3444,2026-03-09 09:22:50,2026-03-09 09:37:03
3310,3445,2026-03-09 09:33:41,2026-03-09 09:42:21
3311,3446,2026-03-09 10:30:29,2026-03-09 10:35:09
3312,3447,2026-03-09 09:43:12,2026-03-09 09:46:21
3313,3448,2026-03-09 10:35:26,2026-03-09 10:47:45
3314,3449,2026-03-09 10:48:50,2026-03-09 10:57:18
3315,3450,2026-03-09 09:37:54,2026-03-09 09:42:20
3316,3451,2026-03-09 09:42:31,2026-03-09 09:49:45
3317,3452,2026-03-09 09:35:36,2026-03-09 09:49:08
3318,3453,2026-03-09 09:46:23,2026-03-09 09:55:15
3319,3454,2026-03-09 10:57:52,2026-03-09 11:01:49
3320,3455,2026-03-09 09:49:58,2026-03-09 10:02:31
3321,3456,2026-03-09 09:55:37,2026-03-09 09:59:56
3322,3457,2026-03-09 10:01:18,2026-03-09 10:07:28
3323,3458,2026-03-09 10:08:09,2026-03-09 10:15:38
3324,3459,2026-03-09 09:50:49,2026-03-09 10:04:37
3325,3460,2026-03-09 10:05:39,2026-03-09 10:13:04
3326,3461,2026-03-09 10:16:40,2026-03-09 10:23:57
3327,3462,2026-03-09 10:02:47,2026-03-09 10:06:37
3328,3463,2026-03-09 10:14:17,2026-03-09 10:29:06
3329,3464,2026-03-09 10:30:24,2026-03-09 10:44:15
3330,3465,2026-03-09 10:25:01,2026-03-09 10:28:21
3331,3466,2026-03-09 10:45:44,2026-03-09 10:54:57
3332,3467,2026-03-09 11:02:16,2026-03-09 11:08:45
3333,3468,2026-03-09 11:10:04,2026-03-09 11:16:28
3334,3469,2026-03-09 10:31:52,2026-03-09 10:40:37
3335,3470,2026-03-09 10:39:16,2026-03-09 10:45:50
3336,3471,2026-03-09 10:56:00,2026-03-09 11:07:28
3337,3473,2026-03-09 11:16:56,2026-03-09 11:31:55
3338,3474,2026-03-09 11:33:01,2026-03-09 11:36:28
3339,3475,2026-03-09 11:14:26,2026-03-09 11:24:32
3340,3476,2026-03-09 11:15:54,2026-03-09 11:27:18
3341,3477,2026-03-09 13:30:22,2026-03-09 13:44:53
3342,3478,2026-03-09 13:45:37,2026-03-09 13:57:30
3343,3479,2026-03-09 13:57:54,2026-03-09 14:10:23
3344,3480,2026-03-09 13:30:35,2026-03-09 13:42:17
3345,3481,2026-03-09 13:43:25,2026-03-09 13:47:20
3346,3482,2026-03-09 13:30:59,2026-03-09 13:39:22
3347,3484,2026-03-09 13:30:09,2026-03-09 13:41:57
3348,3485,2026-03-09 13:39:49,2026-03-09 13:44:18
3349,3486,2026-03-09 13:45:09,2026-03-09 13:49:18
3350,3487,2026-03-09 14:10:40,2026-03-09 14:18:50
3351,3488,2026-03-09 13:49:20,2026-03-09 14:03:03
3352,3489,2026-03-09 13:31:30,2026-03-09 13:46:30
3353,3490,2026-03-09 13:42:53,2026-03-09 13:46:44
3354,3491,2026-03-09 14:04:28,2026-03-09 14:10:29
3355,3492,2026-03-09 14:19:08,2026-03-09 14:27:08
3356,3493,2026-03-09 14:10:40,2026-03-09 14:21:35
3357,3494,2026-03-09 13:47:48,2026-03-09 13:58:35
3358,3495,2026-03-09 14:21:58,2026-03-09 14:33:28
3359,3496,2026-03-09 13:59:17,2026-03-09 14:11:15
3360,3497,2026-03-09 14:28:22,2026-03-09 14:31:57
3361,3498,2026-03-09 14:12:16,2026-03-09 14:24:28
3362,3499,2026-03-09 14:25:03,2026-03-09 14:29:38
3363,3500,2026-03-09 14:30:27,2026-03-09 14:39:38
3364,3501,2026-03-09 14:34:30,2026-03-09 14:44:47
3365,3502,2026-03-09 13:46:43,2026-03-09 13:59:35
3366,3503,2026-03-09 14:39:53,2026-03-09 14:49:46
3367,3504,2026-03-09 14:45:03,2026-03-09 14:51:57
3368,3505,2026-03-09 14:32:25,2026-03-09 14:35:55
3369,3506,2026-03-09 14:53:15,2026-03-09 15:00:04
3370,3507,2026-03-09 14:36:00,2026-03-09 14:45:27
3371,3508,2026-03-09 13:48:27,2026-03-09 13:56:22
3372,3509,2026-03-09 14:46:33,2026-03-09 14:50:29
3373,3510,2026-03-09 15:00:25,2026-03-09 15:12:23
3374,3511,2026-03-09 15:13:34,2026-03-09 15:24:27
3375,3512,2026-03-09 14:51:20,2026-03-09 15:01:03
3376,3513,2026-03-09 13:57:23,2026-03-09 14:09:08
3377,3514,2026-03-09 15:24:58,2026-03-09 15:30:49
3378,3515,2026-03-09 15:01:20,2026-03-09 15:15:24
3379,3516,2026-03-09 15:32:04,2026-03-09 15:45:26
3380,3517,2026-03-09 14:49:51,2026-03-09 14:54:05
3381,3518,2026-03-09 14:10:41,2026-03-09 14:15:42
3382,3519,2026-03-09 14:54:27,2026-03-09 15:00:53
3383,3520,2026-03-09 14:16:46,2026-03-09 14:25:49
3384,3521,2026-03-09 15:46:31,2026-03-09 15:52:24
3385,3522,2026-03-09 15:01:56,2026-03-09 15:07:20
3386,3523,2026-03-09 15:15:42,2026-03-09 15:29:51
3387,3524,2026-03-09 15:07:50,2026-03-09 15:12:18
3388,3525,2026-03-09 14:26:31,2026-03-09 14:40:29
3389,3526,2026-03-09 14:41:22,2026-03-09 14:55:02
3390,3527,2026-03-09 15:53:05,2026-03-09 16:07:19
3391,3528,2026-03-09 14:29:09,2026-03-09 14:34:31
3392,3529,2026-03-09 14:34:36,2026-03-09 14:41:16
3393,3530,2026-03-09 14:55:28,2026-03-09 15:06:43
3394,3531,2026-03-09 15:12:58,2026-03-09 15:17:57
3395,3532,2026-03-09 15:07:20,2026-03-09 15:15:25
3396,3533,2026-03-09 15:18:12,2026-03-09 15:26:04
3397,3534,2026-03-09 15:15:29,2026-03-09 15:21:48
3398,3535,2026-03-09 15:26:11,2026-03-09 15:31:19
3399,3536,2026-03-09 15:32:11,2026-03-09 15:43:25
3400,3537,2026-03-09 16:07:39,2026-03-09 16:18:57
3401,3538,2026-03-09 15:13:39,2026-03-09 15:26:09
3402,3539,2026-03-09 15:44:45,2026-03-09 15:55:28
3403,3540,2026-03-09 15:36:31,2026-03-09 15:43:17
3404,3541,2026-03-09 16:19:01,2026-03-09 16:29:19
3405,3542,2026-03-10 09:00:40,2026-03-10 09:04:02
3406,3543,2026-03-10 09:00:26,2026-03-10 09:13:16
3407,3544,2026-03-10 09:14:28,2026-03-10 09:26:57
3408,3545,2026-03-10 09:05:11,2026-03-10 09:08:25
3409,3546,2026-03-10 09:00:55,2026-03-10 09:15:43
3410,3547,2026-03-10 09:01:14,2026-03-10 09:08:59
3411,3548,2026-03-10 09:16:12,2026-03-10 09:25:01
3412,3549,2026-03-10 09:00:19,2026-03-10 09:04:38
3413,3550,2026-03-10 09:28:21,2026-03-10 09:40:04
3414,3551,2026-03-10 09:09:38,2026-03-10 09:24:13
3415,3552,2026-03-10 09:00:31,2026-03-10 09:07:18
3416,3553,2026-03-10 09:24:28,2026-03-10 09:30:15
3417,3554,2026-03-10 09:26:06,2026-03-10 09:32:38
3418,3555,2026-03-10 09:07:45,2026-03-10 09:19:23
3419,3556,2026-03-10 09:04:39,2026-03-10 09:18:55
3420,3557,2026-03-10 09:33:24,2026-03-10 09:40:21
3421,3558,2026-03-10 09:41:16,2026-03-10 09:45:36
3422,3559,2026-03-10 09:40:44,2026-03-10 09:49:50
3423,3560,2026-03-10 09:20:41,2026-03-10 09:24:08
3424,3561,2026-03-10 09:51:01,2026-03-10 10:04:26
3425,3562,2026-03-10 09:46:44,2026-03-10 09:59:52
3426,3563,2026-03-10 09:25:06,2026-03-10 09:38:05
3427,3564,2026-03-10 10:00:28,2026-03-10 10:07:32
3428,3565,2026-03-10 09:19:45,2026-03-10 09:26:21
3429,3566,2026-03-10 09:39:04,2026-03-10 09:45:15
3430,3567,2026-03-10 10:05:06,2026-03-10 10:16:09
3431,3569,2026-03-10 10:17:08,2026-03-10 10:24:56
3432,3570,2026-03-10 09:09:09,2026-03-10 09:16:11
3433,3571,2026-03-10 10:08:16,2026-03-10 10:13:56
3434,3572,2026-03-10 09:31:33,2026-03-10 09:42:50
3435,3573,2026-03-10 09:26:54,2026-03-10 09:36:34
3436,3574,2026-03-10 09:46:35,2026-03-10 09:52:15
3437,3575,2026-03-10 10:14:12,2026-03-10 10:26:23
3438,3576,2026-03-10 09:37:47,2026-03-10 09:41:50
3439,3577,2026-03-10 09:44:02,2026-03-10 09:57:24
3440,3578,2026-03-10 09:57:25,2026-03-10 10:02:10
3441,3579,2026-03-10 10:02:54,2026-03-10 10:10:37
3442,3581,2026-03-10 09:26:23,2026-03-10 09:30:58
3443,3582,2026-03-10 10:26:52,2026-03-10 10:31:25
3444,3583,2026-03-10 09:43:00,2026-03-10 09:46:53
3445,3584,2026-03-10 10:11:33,2026-03-10 10:16:25
3446,3585,2026-03-10 09:47:17,2026-03-10 09:56:36
3447,3586,2026-03-10 09:52:15,2026-03-10 09:56:33
3448,3587,2026-03-10 09:46:42,2026-03-10 09:50:57
3449,3588,2026-03-10 09:56:57,2026-03-10 10:04:54
3450,3589,2026-03-10 10:32:48,2026-03-10 10:38:44
3451,3590,2026-03-10 10:16:57,2026-03-10 10:20:22
3452,3591,2026-03-10 10:39:30,2026-03-10 10:50:39
3453,3592,2026-03-10 10:30:55,2026-03-10 10:36:21
3454,3593,2026-03-10 10:32:15,2026-03-10 10:37:53
3455,3594,2026-03-10 10:50:53,2026-03-10 11:03:42
3456,3595,2026-03-10 10:40:29,2026-03-10 10:45:44
3457,3596,2026-03-10 10:45:31,2026-03-10 10:50:19
3458,3597,2026-03-10 11:04:55,2026-03-10 11:14:13
3459,3598,2026-03-10 11:22:34,2026-03-10 11:35:19
3460,3599,2026-03-10 13:31:03,2026-03-10 13:38:19
3461,3600,2026-03-10 13:31:30,2026-03-10 13:44:37
3462,3601,2026-03-10 13:45:34,2026-03-10 13:54:00
3463,3602,2026-03-10 13:30:21,2026-03-10 13:36:28
3464,3603,2026-03-10 13:54:49,2026-03-10 14:02:14
3465,3605,2026-03-10 14:03:23,2026-03-10 14:11:21
3466,3606,2026-03-10 13:31:19,2026-03-10 13:38:00
3467,3607,2026-03-10 14:12:08,2026-03-10 14:26:16
3468,3608,2026-03-10 13:37:42,2026-03-10 13:46:48
3469,3609,2026-03-10 13:30:22,2026-03-10 13:35:30
3470,3610,2026-03-10 14:26:33,2026-03-10 14:33:54
3471,3611,2026-03-10 13:35:41,2026-03-10 13:47:39
3472,3612,2026-03-10 13:30:28,2026-03-10 13:36:39
3473,3613,2026-03-10 13:48:48,2026-03-10 13:57:01
3474,3614,2026-03-10 13:58:09,2026-03-10 14:12:54
3475,3615,2026-03-10 13:47:31,2026-03-10 13:56:33
3476,3616,2026-03-10 13:38:29,2026-03-10 13:52:17
3477,3617,2026-03-10 14:13:50,2026-03-10 14:17:39
3478,3618,2026-03-10 14:34:44,2026-03-10 14:40:47
3479,3619,2026-03-10 14:41:16,2026-03-10 14:55:26
3480,3620,2026-03-10 13:57:10,2026-03-10 14:05:03
3481,3621,2026-03-10 14:56:09,2026-03-10 15:00:52
3482,3622,2026-03-10 13:52:54,2026-03-10 13:57:39
3483,3623,2026-03-10 13:58:56,2026-03-10 14:08:07
3484,3624,2026-03-10 15:01:57,2026-03-10 15:05:20
3485,3625,2026-03-10 15:05:56,2026-03-10 15:18:33
3486,3626,2026-03-10 14:08:29,2026-03-10 14:18:48
3487,3627,2026-03-10 14:18:48,2026-03-10 14:27:48
3488,3628,2026-03-10 14:05:08,2026-03-10 14:10:19
3489,3629,2026-03-10 14:11:25,2026-03-10 14:22:00
3490,3630,2026-03-10 15:19:19,2026-03-10 15:32:36
3491,3632,2026-03-10 15:33:09,2026-03-10 15:36:26
3492,3633,2026-03-10 14:28:43,2026-03-10 14:38:35
3493,3634,2026-03-10 14:22:05,2026-03-10 14:28:27
3494,3635,2026-03-10 15:36:48,2026-03-10 15:47:11
3495,3636,2026-03-10 14:29:13,2026-03-10 14:33:31
3496,3637,2026-03-10 14:38:48,2026-03-10 14:47:16
3497,3638,2026-03-10 15:47:50,2026-03-10 15:54:41
3498,3639,2026-03-10 14:48:12,2026-03-10 14:55:44
3499,3640,2026-03-10 14:56:20,2026-03-10 15:04:50
3500,3641,2026-03-10 15:05:05,2026-03-10 15:18:49
3501,3642,2026-03-10 14:46:34,2026-03-10 14:53:53
3502,3643,2026-03-10 15:55:16,2026-03-10 16:03:22
3503,3644,2026-03-10 14:58:59,2026-03-10 15:10:29
3504,3645,2026-03-10 15:03:52,2026-03-10 15:15:18
3505,3646,2026-03-10 16:04:42,2026-03-10 16:09:46
3506,3647,2026-03-10 15:08:28,2026-03-10 15:17:57
3507,3648,2026-03-10 15:18:13,2026-03-10 15:30:34
3508,3649,2026-03-10 15:28:56,2026-03-10 15:40:03
3509,3650,2026-03-11 09:00:49,2026-03-11 09:05:58
3510,3651,2026-03-11 09:00:04,2026-03-11 09:06:12
3511,3652,2026-03-11 09:06:53,2026-03-11 09:13:53
3512,3653,2026-03-11 09:01:29,2026-03-11 09:08:12
3513,3654,2026-03-11 09:09:25,2026-03-11 09:12:34
3514,3655,2026-03-11 09:14:18,2026-03-11 09:18:58
3515,3656,2026-03-11 09:19:09,2026-03-11 09:25:27
3516,3657,2026-03-11 09:12:49,2026-03-11 09:25:09
3517,3658,2026-03-11 09:07:10,2026-03-11 09:18:47
3518,3659,2026-03-11 09:26:46,2026-03-11 09:33:00
3519,3660,2026-03-11 09:00:00,2026-03-11 09:03:32
3520,3661,2026-03-11 09:33:04,2026-03-11 09:40:07
3521,3662,2026-03-11 09:41:08,2026-03-11 09:55:46
3522,3663,2026-03-11 09:56:25,2026-03-11 10:00:47
3523,3664,2026-03-11 09:19:33,2026-03-11 09:26:09
3524,3665,2026-03-11 09:27:35,2026-03-11 09:35:43
3525,3666,2026-03-11 09:20:41,2026-03-11 09:26:59
3526,3667,2026-03-11 10:00:48,2026-03-11 10:11:20
3527,3668,2026-03-11 10:12:14,2026-03-11 10:17:18
3528,3670,2026-03-11 09:38:04,2026-03-11 09:46:53
3529,3671,2026-03-11 09:45:02,2026-03-11 09:59:45
3530,3672,2026-03-11 10:18:35,2026-03-11 10:23:38
3531,3673,2026-03-11 10:02:01,2026-03-11 10:10:30
3532,3674,2026-03-11 10:24:21,2026-03-11 10:33:22
3533,3675,2026-03-11 10:34:04,2026-03-11 10:38:22
3534,3676,2026-03-11 10:18:50,2026-03-11 10:27:37
3535,3677,2026-03-11 10:28:03,2026-03-11 10:34:13
3536,3678,2026-03-11 10:19:05,2026-03-11 10:30:02
3537,3679,2026-03-11 11:11:52,2026-03-11 11:24:01
3538,3680,2026-03-11 13:30:33,2026-03-11 13:34:04
3539,3682,2026-03-11 13:34:25,2026-03-11 13:43:33
3540,3683,2026-03-11 13:44:18,2026-03-11 13:48:22
3541,3684,2026-03-11 13:48:45,2026-03-11 13:53:44
3542,3685,2026-03-11 13:53:53,2026-03-11 14:01:10
3543,3686,2026-03-11 14:01:54,2026-03-11 14:13:41
3544,3687,2026-03-11 14:14:02,2026-03-11 14:21:43
3545,3688,2026-03-11 14:22:03,2026-03-11 14:28:08
3546,3689,2026-03-11 14:28:16,2026-03-11 14:35:53
3547,3691,2026-03-11 14:53:48,2026-03-11 15:07:18
3548,3692,2026-03-11 14:55:53,2026-03-11 15:03:03
3549,3693,2026-03-11 15:06:33,2026-03-11 15:14:22
3550,3694,2026-03-11 15:17:32,2026-03-11 15:30:53
3551,3695,2026-03-12 09:01:20,2026-03-12 09:10:08
3552,3696,2026-03-12 09:00:08,2026-03-12 09:11:04
3553,3697,2026-03-12 09:01:00,2026-03-12 09:05:24
3554,3698,2026-03-12 09:12:12,2026-03-12 09:16:04
3555,3699,2026-03-12 09:17:10,2026-03-12 09:23:04
3556,3700,2026-03-12 09:23:40,2026-03-12 09:32:30
3557,3701,2026-03-12 09:32:46,2026-03-12 09:43:58
3558,3702,2026-03-12 09:44:29,2026-03-12 09:49:31
3559,3703,2026-03-12 09:11:06,2026-03-12 09:16:58
3560,3704,2026-03-12 09:01:11,2026-03-12 09:07:34
3561,3705,2026-03-12 09:06:29,2026-03-12 09:18:46
3562,3706,2026-03-12 09:19:12,2026-03-12 09:31:09
3563,3707,2026-03-12 09:50:35,2026-03-12 09:57:24
3564,3709,2026-03-12 09:17:32,2026-03-12 09:25:52
3565,3710,2026-03-12 09:08:35,2026-03-12 09:15:27
3566,3711,2026-03-12 09:58:25,2026-03-12 10:13:17
3567,3712,2026-03-12 09:15:51,2026-03-12 09:19:52
3568,3713,2026-03-12 09:21:15,2026-03-12 09:26:45
3569,3715,2026-03-12 09:32:38,2026-03-12 09:39:27
3570,3716,2026-03-12 09:40:37,2026-03-12 09:47:35
3571,3717,2026-03-12 09:47:46,2026-03-12 09:50:53
3572,3718,2026-03-12 09:51:54,2026-03-12 09:55:26
3573,3719,2026-03-12 09:56:36,2026-03-12 10:08:22
3574,3720,2026-03-12 09:27:58,2026-03-12 09:31:21
3575,3721,2026-03-12 10:09:10,2026-03-12 10:18:45
3576,3722,2026-03-12 10:19:34,2026-03-12 10:26:59
3577,3723,2026-03-12 09:32:49,2026-03-12 09:36:46
3578,3725,2026-03-12 10:13:32,2026-03-12 10:25:43
3579,3726,2026-03-12 10:26:21,2026-03-12 10:35:40
3580,3727,2026-03-12 10:36:36,2026-03-12 10:41:59
3581,3728,2026-03-12 10:42:49,2026-03-12 10:55:07
3582,3729,2026-03-12 09:41:47,2026-03-12 09:53:47
3583,3730,2026-03-12 10:55:12,2026-03-12 11:09:11
3584,3731,2026-03-12 10:27:18,2026-03-12 10:30:46
3585,3732,2026-03-12 11:10:14,2026-03-12 11:23:14
3586,3733,2026-03-12 10:30:51,2026-03-12 10:43:48
3587,3734,2026-03-12 10:45:09,2026-03-12 10:52:47
3588,3735,2026-03-12 10:53:46,2026-03-12 10:57:46
3589,3736,2026-03-12 10:58:15,2026-03-12 11:12:53
3590,3737,2026-03-12 11:13:02,2026-03-12 11:22:17
3591,3738,2026-03-12 10:30:04,2026-03-12 10:34:07
3592,3739,2026-03-12 11:24:03,2026-03-12 11:29:23
3593,3740,2026-03-12 10:34:14,2026-03-12 10:37:54
3594,3742,2026-03-12 11:30:23,2026-03-12 11:36:12
3595,3743,2026-03-12 11:23:40,2026-03-12 11:32:24
3596,3744,2026-03-12 11:32:49,2026-03-12 11:45:32
3597,3745,2026-03-12 11:36:19,2026-03-12 11:44:13
3598,3746,2026-03-12 11:09:54,2026-03-12 11:14:50
3599,3747,2026-03-12 13:30:57,2026-03-12 13:38:21
3600,3748,2026-03-12 13:39:12,2026-03-12 13:53:10
3601,3749,2026-03-12 13:53:32,2026-03-12 14:00:19
3602,3750,2026-03-12 13:30:54,2026-03-12 13:37:08
3603,3751,2026-03-12 13:38:07,2026-03-12 13:50:17
3604,3752,2026-03-12 13:30:08,2026-03-12 13:36:01
3605,3753,2026-03-12 13:31:03,2026-03-12 13:40:13
3606,3754,2026-03-12 13:36:19,2026-03-12 13:45:07
3607,3755,2026-03-12 13:50:58,2026-03-12 13:55:27
3608,3756,2026-03-12 13:56:17,2026-03-12 13:59:23
3609,3757,2026-03-12 13:41:31,2026-03-12 13:47:50
3610,3758,2026-03-12 13:45:29,2026-03-12 13:56:36
3611,3759,2026-03-12 13:59:33,2026-03-12 14:03:45
3612,3760,2026-03-12 13:48:13,2026-03-12 13:57:19
3613,3761,2026-03-12 13:58:48,2026-03-12 14:12:32
3614,3762,2026-03-12 14:00:36,2026-03-12 14:13:23
3615,3763,2026-03-12 14:12:43,2026-03-12 14:17:29
3616,3764,2026-03-12 14:04:16,2026-03-12 14:13:44
3617,3765,2026-03-12 14:14:10,2026-03-12 14:25:20
3618,3766,2026-03-12 14:25:59,2026-03-12 14:32:34
3619,3767,2026-03-12 13:35:35,2026-03-12 13:45:36
3620,3768,2026-03-12 14:32:53,2026-03-12 14:38:00
3621,3769,2026-03-12 13:46:43,2026-03-12 13:53:51
3622,3770,2026-03-12 14:39:13,2026-03-12 14:47:40
3623,3771,2026-03-12 14:17:56,2026-03-12 14:21:00
3624,3772,2026-03-12 14:22:01,2026-03-12 14:35:45
3625,3773,2026-03-12 14:48:05,2026-03-12 14:53:49
3626,3774,2026-03-12 14:11:29,2026-03-12 14:17:17
3627,3775,2026-03-12 14:36:01,2026-03-12 14:46:12
3628,3776,2026-03-12 14:17:28,2026-03-12 14:25:32
3629,3777,2026-03-12 14:31:40,2026-03-12 14:39:14
3630,3779,2026-03-12 14:55:05,2026-03-12 15:00:24
3631,3780,2026-03-12 14:46:54,2026-03-12 15:01:09
3632,3781,2026-03-12 14:42:06,2026-03-12 14:45:19
3633,3782,2026-03-12 15:00:34,2026-03-12 15:04:11
3634,3783,2026-03-12 15:05:16,2026-03-12 15:10:51
3635,3784,2026-03-12 15:11:05,2026-03-12 15:25:47
3636,3785,2026-03-12 15:25:47,2026-03-12 15:35:14
3637,3786,2026-03-12 15:36:17,2026-03-12 15:40:53
3638,3787,2026-03-12 15:42:21,2026-03-12 15:53:47
3639,3788,2026-03-12 15:02:40,2026-03-12 15:09:20
3640,3789,2026-03-12 15:54:04,2026-03-12 16:01:05
3641,3790,2026-03-12 15:10:40,2026-03-12 15:22:46
3642,3791,2026-03-12 16:01:16,2026-03-12 16:10:51
3643,3792,2026-03-13 09:00:26,2026-03-13 09:13:14
3644,3793,2026-03-13 09:14:13,2026-03-13 09:19:59
3645,3794,2026-03-13 09:01:30,2026-03-13 09:06:14
3646,3795,2026-03-13 09:07:31,2026-03-13 09:19:37
3647,3796,2026-03-13 09:19:48,2026-03-13 09:30:32
3648,3797,2026-03-13 09:20:46,2026-03-13 09:24:00
3649,3798,2026-03-13 09:24:18,2026-03-13 09:36:37
3650,3799,2026-03-13 09:25:42,2026-03-13 09:37:25
3651,3801,2026-03-13 09:36:56,2026-03-13 09:42:28
3652,3802,2026-03-13 09:57:16,2026-03-13 10:01:46
3653,3803,2026-03-13 10:21:53,2026-03-13 10:27:43
3654,3804,2026-03-13 10:43:23,2026-03-13 10:53:05
3655,3805,2026-03-13 10:43:42,2026-03-13 10:49:43
3656,3806,2026-03-13 11:03:39,2026-03-13 11:13:22
3657,3807,2026-03-13 13:30:11,2026-03-13 13:43:11
3658,3810,2026-03-13 13:31:15,2026-03-13 13:38:49
3659,3811,2026-03-13 13:30:29,2026-03-13 13:34:53
3660,3812,2026-03-13 13:30:30,2026-03-13 13:44:44
3661,3813,2026-03-13 13:34:42,2026-03-13 13:48:26
3662,3815,2026-03-13 13:48:46,2026-03-13 13:53:13
3663,3816,2026-03-13 13:56:20,2026-03-13 14:00:29
3664,3817,2026-03-13 13:54:24,2026-03-13 14:05:12
3665,3819,2026-03-13 14:03:46,2026-03-13 14:12:41
3666,3820,2026-03-13 14:06:11,2026-03-13 14:09:34
3667,3821,2026-03-13 14:09:48,2026-03-13 14:20:46
3668,3822,2026-03-13 14:10:40,2026-03-13 14:24:18
3669,3823,2026-03-13 14:13:53,2026-03-13 14:27:26
3670,3824,2026-03-13 14:10:22,2026-03-13 14:18:40
3671,3825,2026-03-13 14:24:46,2026-03-13 14:29:10
3672,3826,2026-03-13 14:29:30,2026-03-13 14:33:31
3673,3827,2026-03-13 14:40:52,2026-03-13 14:44:48
3674,3828,2026-03-13 15:12:38,2026-03-13 15:16:53
3675,3829,2026-03-16 09:00:12,2026-03-16 09:04:17
3676,3830,2026-03-16 09:00:09,2026-03-16 09:08:53
3677,3831,2026-03-16 09:00:30,2026-03-16 09:04:50
3678,3832,2026-03-16 09:05:24,2026-03-16 09:10:29
3679,3833,2026-03-16 09:01:09,2026-03-16 09:05:26
3680,3834,2026-03-16 09:06:16,2026-03-16 09:20:07
3681,3835,2026-03-16 09:09:24,2026-03-16 09:13:17
3682,3836,2026-03-16 09:13:38,2026-03-16 09:28:38
3683,3837,2026-03-16 09:20:07,2026-03-16 09:35:01
3684,3838,2026-03-16 09:28:58,2026-03-16 09:38:51
3685,3839,2026-03-16 09:39:43,2026-03-16 09:43:00
3686,3840,2026-03-16 09:35:51,2026-03-16 09:40:43
3687,3842,2026-03-16 09:06:18,2026-03-16 09:12:01
3688,3843,2026-03-16 09:11:41,2026-03-16 09:17:46
3689,3844,2026-03-16 09:00:45,2026-03-16 09:11:44
3690,3845,2026-03-16 09:43:57,2026-03-16 09:56:14
3691,3846,2026-03-16 09:13:21,2026-03-16 09:22:29
3692,3847,2026-03-16 09:12:36,2026-03-16 09:23:53
3693,3848,2026-03-16 09:57:19,2026-03-16 10:02:33
3694,3849,2026-03-16 09:18:57,2026-03-16 09:25:14
3695,3850,2026-03-16 10:03:34,2026-03-16 10:16:20
3696,3851,2026-03-16 09:30:45,2026-03-16 09:39:55
3697,3852,2026-03-16 10:17:14,2026-03-16 10:21:38
3698,3853,2026-03-16 09:41:30,2026-03-16 09:47:30
3699,3854,2026-03-16 09:40:53,2026-03-16 09:45:49
3700,3855,2026-03-16 10:21:55,2026-03-16 10:26:55
3701,3856,2026-03-16 09:47:45,2026-03-16 09:58:18
3702,3857,2026-03-16 09:59:25,2026-03-16 10:08:59
3703,3858,2026-03-16 10:10:04,2026-03-16 10:15:14
3704,3859,2026-03-16 09:53:35,2026-03-16 10:02:17
3705,3860,2026-03-16 09:50:45,2026-03-16 10:00:02
3706,3861,2026-03-16 10:01:20,2026-03-16 10:08:08
3707,3862,2026-03-16 10:28:21,2026-03-16 10:40:26
3708,3863,2026-03-16 10:02:24,2026-03-16 10:15:10
3709,3864,2026-03-16 10:16:26,2026-03-16 10:29:46
3710,3865,2026-03-16 10:15:16,2026-03-16 10:19:05
3711,3866,2026-03-16 10:10:43,2026-03-16 10:23:40
3712,3867,2026-03-16 10:09:56,2026-03-16 10:17:58
3713,3868,2026-03-16 10:40:41,2026-03-16 10:52:41
3714,3869,2026-03-16 10:30:31,2026-03-16 10:40:28
3715,3870,2026-03-16 10:24:03,2026-03-16 10:27:03
3716,3871,2026-03-16 10:35:39,2026-03-16 10:40:19
3717,3872,2026-03-16 10:40:17,2026-03-16 10:52:30
3718,3873,2026-03-16 10:45:17,2026-03-16 10:53:04
3719,3874,2026-03-16 11:10:43,2026-03-16 11:18:19
3720,3875,2026-03-16 13:30:13,2026-03-16 13:38:13
3721,3876,2026-03-16 13:31:10,2026-03-16 13:38:08
3722,3877,2026-03-16 13:31:12,2026-03-16 13:45:25
3723,3878,2026-03-16 13:39:27,2026-03-16 13:45:52
3724,3879,2026-03-16 13:46:19,2026-03-16 14:00:37
3725,3880,2026-03-16 13:46:52,2026-03-16 13:58:54
3726,3881,2026-03-16 13:30:50,2026-03-16 13:43:56
3727,3882,2026-03-16 13:30:21,2026-03-16 13:35:54
3728,3883,2026-03-16 13:38:18,2026-03-16 13:45:04
3729,3884,2026-03-16 13:44:48,2026-03-16 13:51:00
3730,3885,2026-03-16 13:36:58,2026-03-16 13:41:24
3731,3886,2026-03-16 14:01:56,2026-03-16 14:06:19
3732,3887,2026-03-16 13:58:54,2026-03-16 14:03:12
3733,3888,2026-03-16 14:04:31,2026-03-16 14:19:10
3734,3889,2026-03-16 14:06:49,2026-03-16 14:16:59
3735,3890,2026-03-16 14:19:45,2026-03-16 14:25:18
3736,3891,2026-03-16 14:26:17,2026-03-16 14:38:05
3737,3892,2026-03-16 13:46:19,2026-03-16 13:56:21
3738,3893,2026-03-16 13:42:28,2026-03-16 13:46:16
3739,3894,2026-03-16 14:17:11,2026-03-16 14:27:13
3740,3895,2026-03-16 14:27:46,2026-03-16 14:39:40
3741,3896,2026-03-16 13:51:19,2026-03-16 14:00:37
3742,3897,2026-03-16 13:57:21,2026-03-16 14:11:53
3743,3898,2026-03-16 14:40:51,2026-03-16 14:51:35
3744,3899,2026-03-16 14:12:58,2026-03-16 14:21:39
3745,3900,2026-03-16 14:01:23,2026-03-16 14:05:16
3746,3901,2026-03-16 14:52:30,2026-03-16 15:01:50
3747,3902,2026-03-16 14:38:41,2026-03-16 14:51:24
3748,3903,2026-03-16 14:21:59,2026-03-16 14:25:27
3749,3904,2026-03-16 14:05:19,2026-03-16 14:08:26
3750,3905,2026-03-16 15:03:06,2026-03-16 15:11:38
3751,3906,2026-03-16 14:51:41,2026-03-16 15:01:35
3752,3907,2026-03-16 15:02:57,2026-03-16 15:11:23
3753,3908,2026-03-16 14:08:57,2026-03-16 14:12:27
3754,3909,2026-03-16 14:12:48,2026-03-16 14:16:53
3755,3910,2026-03-16 15:12:17,2026-03-16 15:19:11
3756,3911,2026-03-16 14:17:47,2026-03-16 14:21:47
3757,3912,2026-03-16 14:22:49,2026-03-16 14:27:59
3758,3913,2026-03-16 14:26:00,2026-03-16 14:33:04
3759,3914,2026-03-16 15:19:23,2026-03-16 15:33:20
3760,3915,2026-03-16 14:29:19,2026-03-16 14:41:33
3761,3916,2026-03-16 15:33:57,2026-03-16 15:48:56
3762,3917,2026-03-16 15:12:39,2026-03-16 15:18:22
3763,3918,2026-03-16 14:34:27,2026-03-16 14:45:37
3764,3919,2026-03-16 14:42:33,2026-03-16 14:57:16
3765,3920,2026-03-16 15:49:46,2026-03-16 16:00:44
3766,3921,2026-03-16 14:58:44,2026-03-16 15:12:05
3767,3922,2026-03-16 15:13:02,2026-03-16 15:16:45
3768,3923,2026-03-16 16:02:10,2026-03-16 16:08:16
3769,3924,2026-03-16 15:17:01,2026-03-16 15:21:28
3770,3925,2026-03-16 16:08:23,2026-03-16 16:12:50
3771,3926,2026-03-16 15:21:28,2026-03-16 15:28:12
3772,3927,2026-03-16 14:39:04,2026-03-16 14:43:11
3773,3928,2026-03-16 16:13:53,2026-03-16 16:23:22
3774,3929,2026-03-16 15:29:20,2026-03-16 15:36:04
3775,3931,2026-03-16 16:23:38,2026-03-16 16:26:44
3776,3933,2026-03-16 15:08:27,2026-03-16 15:13:04
3777,3934,2026-03-16 15:19:33,2026-03-16 15:25:43
3778,3935,2026-03-16 15:32:51,2026-03-16 15:37:02
3779,3936,2026-03-16 15:39:15,2026-03-16 15:42:52
3780,3937,2026-03-16 15:45:51,2026-03-16 15:49:20
3781,3938,2026-03-17 09:00:50,2026-03-17 09:08:18
3782,3939,2026-03-17 09:01:01,2026-03-17 09:10:35
3783,3940,2026-03-17 09:00:17,2026-03-17 09:03:17
3784,3941,2026-03-17 09:01:01,2026-03-17 09:06:06
3785,3942,2026-03-17 09:00:32,2026-03-17 09:04:31
3786,3944,2026-03-17 09:03:45,2026-03-17 09:18:40
3787,3945,2026-03-17 09:01:17,2026-03-17 09:05:50
3788,3946,2026-03-17 09:04:39,2026-03-17 09:07:59
3789,3947,2026-03-17 09:19:52,2026-03-17 09:33:13
3790,3948,2026-03-17 09:06:27,2026-03-17 09:17:52
3791,3949,2026-03-17 09:09:17,2026-03-17 09:15:22
3792,3950,2026-03-17 09:18:07,2026-03-17 09:21:41
3793,3951,2026-03-17 09:08:08,2026-03-17 09:14:14
3794,3952,2026-03-17 09:23:02,2026-03-17 09:34:19
3795,3953,2026-03-17 09:16:11,2026-03-17 09:23:22
3796,3954,2026-03-17 09:07:33,2026-03-17 09:22:18
3797,3955,2026-03-17 09:34:05,2026-03-17 09:45:02
3798,3956,2026-03-17 09:15:35,2026-03-17 09:20:28
3799,3957,2026-03-17 09:22:32,2026-03-17 09:36:47
3800,3958,2026-03-17 09:34:30,2026-03-17 09:42:38
3801,3959,2026-03-17 09:42:54,2026-03-17 09:47:18
3802,3960,2026-03-17 09:32:09,2026-03-17 09:39:18
3803,3961,2026-03-17 09:39:29,2026-03-17 09:44:34
3804,3962,2026-03-17 09:46:30,2026-03-17 09:58:27
3805,3963,2026-03-17 09:45:31,2026-03-17 09:49:38
3806,3964,2026-03-17 09:48:17,2026-03-17 10:00:23
3807,3965,2026-03-17 09:41:54,2026-03-17 09:46:32
3808,3966,2026-03-17 09:59:53,2026-03-17 10:04:49
3809,3967,2026-03-17 09:49:50,2026-03-17 09:54:33
3810,3968,2026-03-17 09:57:26,2026-03-17 10:08:39
3811,3969,2026-03-17 10:01:05,2026-03-17 10:13:14
3812,3970,2026-03-17 10:13:53,2026-03-17 10:22:45
3813,3971,2026-03-17 10:15:47,2026-03-17 10:25:16
3814,3972,2026-03-17 10:13:52,2026-03-17 10:21:05
3815,3973,2026-03-17 10:21:44,2026-03-17 10:25:41
3816,3974,2026-03-17 10:31:10,2026-03-17 10:37:03
3817,3975,2026-03-17 10:35:50,2026-03-17 10:44:16
3818,3976,2026-03-17 10:49:20,2026-03-17 10:58:07
3819,3977,2026-03-17 13:30:04,2026-03-17 13:36:26
3820,3978,2026-03-17 13:31:03,2026-03-17 13:39:06
3821,3979,2026-03-17 13:30:22,2026-03-17 13:33:49
3822,3980,2026-03-17 13:33:58,2026-03-17 13:47:48
3823,3981,2026-03-17 13:30:03,2026-03-17 13:42:17
3824,3982,2026-03-17 13:31:28,2026-03-17 13:40:11
3825,3983,2026-03-17 13:43:18,2026-03-17 13:51:39
3826,3984,2026-03-17 13:39:19,2026-03-17 13:52:04
3827,3985,2026-03-17 13:53:26,2026-03-17 13:59:10
3828,3986,2026-03-17 13:36:49,2026-03-17 13:43:06
3829,3987,2026-03-17 13:40:43,2026-03-17 13:45:31
3830,3988,2026-03-17 13:59:28,2026-03-17 14:10:55
3831,3989,2026-03-17 13:52:13,2026-03-17 14:04:07
3832,3990,2026-03-17 13:47:59,2026-03-17 13:54:30
3833,3991,2026-03-17 13:46:44,2026-03-17 13:51:04
3834,3992,2026-03-17 14:12:16,2026-03-17 14:15:18
3835,3993,2026-03-17 14:15:44,2026-03-17 14:28:30
3836,3994,2026-03-17 13:51:05,2026-03-17 13:59:07
3837,3995,2026-03-17 13:59:11,2026-03-17 14:11:19
3838,3996,2026-03-17 14:05:33,2026-03-17 14:08:38
3839,3997,2026-03-17 14:11:33,2026-03-17 14:15:36
3840,3998,2026-03-17 14:29:18,2026-03-17 14:33:02
3841,3999,2026-03-17 14:09:08,2026-03-17 14:22:10
3842,4000,2026-03-17 13:56:24,2026-03-17 14:04:14
3843,4001,2026-03-17 13:55:08,2026-03-17 14:07:39
3844,4002,2026-03-17 14:08:15,2026-03-17 14:11:49
3845,4003,2026-03-17 13:58:31,2026-03-17 14:10:58
3846,4004,2026-03-17 14:16:24,2026-03-17 14:20:55
3847,4005,2026-03-17 14:33:02,2026-03-17 14:37:22
3848,4006,2026-03-17 14:12:32,2026-03-17 14:22:21
3849,4007,2026-03-17 14:22:23,2026-03-17 14:26:56
3850,4008,2026-03-17 14:21:16,2026-03-17 14:26:32
3851,4009,2026-03-17 14:24:13,2026-03-17 14:35:00
3852,4010,2026-03-17 14:27:25,2026-03-17 14:36:01
3853,4011,2026-03-17 14:38:30,2026-03-17 14:48:13
3854,4012,2026-03-17 14:22:22,2026-03-17 14:37:07
3855,4013,2026-03-17 14:45:30,2026-03-17 14:57:12
3856,4014,2026-03-17 14:50:48,2026-03-17 14:57:22
3857,4015,2026-03-17 14:58:08,2026-03-17 15:05:08
3858,4016,2026-03-17 14:49:36,2026-03-17 14:53:41
3859,4017,2026-03-17 15:23:29,2026-03-17 15:34:07
3860,4018,2026-03-17 15:28:11,2026-03-17 15:39:52
3861,4019,2026-03-17 15:46:13,2026-03-17 15:57:00
3862,4020,2026-03-18 09:01:16,2026-03-18 09:13:24
3863,4021,2026-03-18 09:00:28,2026-03-18 09:09:38
3864,4022,2026-03-18 09:00:44,2026-03-18 09:04:49
3865,4023,2026-03-18 09:14:36,2026-03-18 09:20:22
3866,4024,2026-03-18 09:06:33,2026-03-18 09:13:15
3867,4025,2026-03-18 09:14:09,2026-03-18 09:18:32
3868,4026,2026-03-18 09:21:00,2026-03-18 09:24:41
3869,4027,2026-03-18 09:28:46,2026-03-18 09:41:13
3870,4028,2026-03-18 09:28:07,2026-03-18 09:34:39
3871,4029,2026-03-18 09:32:25,2026-03-18 09:35:51
3872,4030,2026-03-18 09:37:18,2026-03-18 09:50:45
3873,4031,2026-03-18 09:41:19,2026-03-18 09:44:52
3874,4032,2026-03-18 09:42:09,2026-03-18 09:55:14
3875,4033,2026-03-18 09:48:26,2026-03-18 09:55:28
3876,4034,2026-03-18 10:07:59,2026-03-18 10:17:37
3877,4035,2026-03-18 10:13:07,2026-03-18 10:19:15
3878,4036,2026-03-18 10:19:03,2026-03-18 10:31:41
3879,4037,2026-03-18 10:22:31,2026-03-18 10:25:48
3880,4038,2026-03-18 10:35:31,2026-03-18 10:46:05
3881,4039,2026-03-18 10:42:34,2026-03-18 10:55:51
3882,4041,2026-03-18 10:49:02,2026-03-18 11:00:53
3883,4042,2026-03-18 10:56:29,2026-03-18 11:03:41
3884,4043,2026-03-18 13:30:56,2026-03-18 13:44:16
3885,4044,2026-03-18 13:30:17,2026-03-18 13:37:02
3886,4045,2026-03-18 13:30:37,2026-03-18 13:36:24
3887,4046,2026-03-18 13:44:58,2026-03-18 13:57:53
3888,4047,2026-03-18 13:38:25,2026-03-18 13:41:32
3889,4048,2026-03-18 13:59:03,2026-03-18 14:02:30
3890,4049,2026-03-18 14:03:41,2026-03-18 14:07:33
3891,4050,2026-03-18 13:41:49,2026-03-18 13:44:52
3892,4051,2026-03-18 14:08:50,2026-03-18 14:12:33
3893,4053,2026-03-18 13:46:58,2026-03-18 13:54:10
3894,4054,2026-03-18 14:13:49,2026-03-18 14:17:32
3895,4055,2026-03-18 14:17:36,2026-03-18 14:23:08
3896,4056,2026-03-18 14:24:15,2026-03-18 14:32:51
3897,4057,2026-03-18 14:01:09,2026-03-18 14:05:11
3898,4058,2026-03-18 14:14:03,2026-03-18 14:19:58
3899,4059,2026-03-18 14:20:18,2026-03-18 14:24:32
3900,4060,2026-03-18 14:34:05,2026-03-18 14:47:20
3901,4061,2026-03-18 14:47:57,2026-03-18 15:02:15
3902,4062,2026-03-18 15:18:12,2026-03-18 15:23:09
3903,4063,2026-03-19 09:00:17,2026-03-19 09:05:22
3904,4064,2026-03-19 09:01:02,2026-03-19 09:15:36
3905,4065,2026-03-19 09:01:20,2026-03-19 09:14:35
3906,4066,2026-03-19 09:05:23,2026-03-19 09:11:15
3907,4067,2026-03-19 09:00:00,2026-03-19 09:05:58
3908,4068,2026-03-19 09:16:26,2026-03-19 09:29:20
3909,4069,2026-03-19 09:15:37,2026-03-19 09:22:27
3910,4070,2026-03-19 09:01:13,2026-03-19 09:06:52
3911,4071,2026-03-19 09:23:56,2026-03-19 09:36:55
3912,4072,2026-03-19 09:06:39,2026-03-19 09:16:21
3913,4073,2026-03-19 09:37:44,2026-03-19 09:41:52
3914,4074,2026-03-19 09:16:53,2026-03-19 09:21:26
3915,4075,2026-03-19 09:42:18,2026-03-19 09:50:26
3916,4076,2026-03-19 09:50:46,2026-03-19 10:01:58
3917,4077,2026-03-19 09:14:22,2026-03-19 09:24:33
3918,4078,2026-03-19 09:23:24,2026-03-19 09:27:07
3919,4079,2026-03-19 09:25:11,2026-03-19 09:32:03
3920,4080,2026-03-19 10:03:23,2026-03-19 10:14:21
3921,4081,2026-03-19 09:29:38,2026-03-19 09:33:26
3922,4082,2026-03-19 10:14:55,2026-03-19 10:27:17
3923,4083,2026-03-19 10:28:05,2026-03-19 10:35:45
3924,4084,2026-03-19 09:45:26,2026-03-19 09:57:48
3925,4085,2026-03-19 09:48:32,2026-03-19 09:52:31
3926,4086,2026-03-19 10:36:05,2026-03-19 10:43:08
3927,4087,2026-03-19 09:58:22,2026-03-19 10:02:45
3928,4088,2026-03-19 09:53:18,2026-03-19 09:58:51
3929,4089,2026-03-19 10:44:35,2026-03-19 10:49:05
3930,4090,2026-03-19 10:05:42,2026-03-19 10:13:10
3931,4091,2026-03-19 10:14:25,2026-03-19 10:23:01
3932,4092,2026-03-19 10:49:25,2026-03-19 10:56:15
3933,4093,2026-03-19 10:57:28,2026-03-19 11:09:52
3934,4094,2026-03-19 10:37:02,2026-03-19 10:40:04
3935,4095,2026-03-19 10:56:54,2026-03-19 11:10:01
3936,4096,2026-03-19 10:57:47,2026-03-19 11:06:39
3937,4097,2026-03-19 13:30:57,2026-03-19 13:39:43
3938,4098,2026-03-19 13:40:54,2026-03-19 13:45:24
3939,4099,2026-03-19 13:46:03,2026-03-19 13:58:35
3940,4100,2026-03-19 13:30:24,2026-03-19 13:42:04
3941,4101,2026-03-19 13:59:33,2026-03-19 14:14:28
3942,4102,2026-03-19 14:15:45,2026-03-19 14:29:28
3943,4103,2026-03-19 13:30:52,2026-03-19 13:37:55
3944,4104,2026-03-19 13:42:17,2026-03-19 13:53:50
3945,4105,2026-03-19 14:30:55,2026-03-19 14:45:26
3946,4106,2026-03-19 13:36:46,2026-03-19 13:39:48
3947,4107,2026-03-19 13:37:28,2026-03-19 13:46:56
3948,4108,2026-03-19 14:46:27,2026-03-19 14:56:01
3949,4109,2026-03-19 14:57:01,2026-03-19 15:09:18
3950,4110,2026-03-19 13:45:54,2026-03-19 14:00:05
3951,4111,2026-03-19 13:55:31,2026-03-19 14:02:13
3952,4112,2026-03-19 15:10:00,2026-03-19 15:14:13
3953,4113,2026-03-19 14:05:18,2026-03-19 14:13:17
3954,4114,2026-03-19 15:14:37,2026-03-19 15:22:02
3955,4115,2026-03-19 14:09:49,2026-03-19 14:22:45
3956,4116,2026-03-19 15:22:32,2026-03-19 15:30:01
3957,4117,2026-03-19 14:22:59,2026-03-19 14:31:08
3958,4118,2026-03-19 15:30:21,2026-03-19 15:40:14
3959,4119,2026-03-19 15:40:20,2026-03-19 15:45:31
3960,4120,2026-03-19 15:45:53,2026-03-19 15:50:37
3961,4121,2026-03-19 15:51:34,2026-03-19 15:56:47
3962,4122,2026-03-19 15:00:17,2026-03-19 15:09:34
3963,4123,2026-03-19 15:06:01,2026-03-19 15:11:17
3964,4124,2026-03-19 15:15:34,2026-03-19 15:24:16
3965,4125,2026-03-19 15:22:04,2026-03-19 15:35:47
3966,4127,2026-03-19 15:57:47,2026-03-19 16:05:12
3967,4128,2026-03-20 09:00:40,2026-03-20 09:10:58
3968,4129,2026-03-20 09:00:38,2026-03-20 09:06:02
3969,4130,2026-03-20 09:12:04,2026-03-20 09:18:12
3970,4132,2026-03-20 09:18:58,2026-03-20 09:32:37
3971,4133,2026-03-20 09:07:31,2026-03-20 09:14:10
3972,4134,2026-03-20 09:15:28,2026-03-20 09:20:12
3973,4135,2026-03-20 09:32:52,2026-03-20 09:47:01
3974,4136,2026-03-20 09:27:12,2026-03-20 09:39:35
3975,4137,2026-03-20 09:39:35,2026-03-20 09:54:33
3976,4139,2026-03-20 10:09:50,2026-03-20 10:16:51
3977,4140,2026-03-20 10:31:41,2026-03-20 10:42:56
3978,4141,2026-03-20 10:43:55,2026-03-20 10:55:24
3979,4142,2026-03-20 10:56:19,2026-03-20 11:02:25
3980,4143,2026-03-20 11:03:44,2026-03-20 11:12:51
3981,4144,2026-03-20 11:12:55,2026-03-20 11:17:50
3982,4145,2026-03-20 13:31:25,2026-03-20 13:39:36
3983,4146,2026-03-20 13:31:03,2026-03-20 13:36:23
3984,4147,2026-03-20 13:37:10,2026-03-20 13:40:47
3985,4148,2026-03-20 13:30:21,2026-03-20 13:35:06
3986,4149,2026-03-20 13:31:10,2026-03-20 13:38:24
3987,4150,2026-03-20 13:39:18,2026-03-20 13:44:38
3988,4151,2026-03-20 13:41:39,2026-03-20 13:51:56
3989,4152,2026-03-20 13:35:14,2026-03-20 13:47:05
3990,4153,2026-03-20 13:53:26,2026-03-20 14:08:04
3991,4154,2026-03-20 14:09:33,2026-03-20 14:18:13
3992,4155,2026-03-20 13:40:05,2026-03-20 13:52:20
3993,4156,2026-03-20 13:47:42,2026-03-20 13:55:33
3994,4157,2026-03-20 13:56:18,2026-03-20 14:06:33
3995,4158,2026-03-20 14:07:06,2026-03-20 14:10:57
3996,4159,2026-03-20 13:39:37,2026-03-20 13:43:15
3997,4160,2026-03-20 14:11:09,2026-03-20 14:15:41
3998,4161,2026-03-20 13:53:29,2026-03-20 13:59:35
3999,4162,2026-03-20 13:45:09,2026-03-20 13:53:33
4000,4163,2026-03-20 14:19:17,2026-03-20 14:26:38
4001,4164,2026-03-20 14:11:20,2026-03-20 14:15:28
4002,4165,2026-03-20 14:19:59,2026-03-20 14:30:54
4003,4166,2026-03-20 14:34:32,2026-03-20 14:46:55
4004,4167,2026-03-20 14:34:36,2026-03-20 14:44:18
4005,4168,2026-03-20 14:48:39,2026-03-20 14:51:39
4006,4169,2026-03-20 14:57:03,2026-03-20 15:06:57
4007,4170,2026-03-20 15:12:20,2026-03-20 15:23:01
4008,4171,2026-03-20 15:31:48,2026-03-20 15:41:29
4009,4172,2026-03-20 15:45:03,2026-03-20 15:49:55
4010,4173,2026-03-23 09:00:14,2026-03-23 09:15:04
4011,4174,2026-03-23 09:01:29,2026-03-23 09:05:52
4012,4175,2026-03-23 09:16:08,2026-03-23 09:27:47
4013,4176,2026-03-23 09:01:15,2026-03-23 09:04:55
4014,4177,2026-03-23 09:27:58,2026-03-23 09:42:55
4015,4178,2026-03-23 09:06:00,2026-03-23 09:13:13
4016,4179,2026-03-23 09:14:11,2026-03-23 09:27:24
4017,4180,2026-03-23 09:01:14,2026-03-23 09:14:47
4018,4181,2026-03-23 09:00:04,2026-03-23 09:07:12
4019,4182,2026-03-23 09:15:14,2026-03-23 09:21:19
4020,4183,2026-03-23 09:08:27,2026-03-23 09:15:13
4021,4184,2026-03-23 09:05:35,2026-03-23 09:09:32
4022,4185,2026-03-23 09:10:01,2026-03-23 09:14:14
4023,4186,2026-03-23 09:21:49,2026-03-23 09:26:22
4024,4187,2026-03-23 09:14:52,2026-03-23 09:25:13
4025,4188,2026-03-23 09:28:39,2026-03-23 09:33:48
4026,4189,2026-03-23 09:25:19,2026-03-23 09:31:21
4027,4190,2026-03-23 09:35:13,2026-03-23 09:41:59
4028,4191,2026-03-23 09:26:50,2026-03-23 09:32:56
4029,4192,2026-03-23 09:43:10,2026-03-23 09:46:23
4030,4193,2026-03-23 09:47:11,2026-03-23 09:57:06
4031,4194,2026-03-23 09:58:03,2026-03-23 10:08:54
4032,4195,2026-03-23 09:32:27,2026-03-23 09:41:30
4033,4196,2026-03-23 09:42:42,2026-03-23 09:48:14
4034,4197,2026-03-23 10:09:21,2026-03-23 10:14:18
4035,4198,2026-03-23 09:49:22,2026-03-23 09:53:24
4036,4199,2026-03-23 09:44:10,2026-03-23 09:48:34
4037,4200,2026-03-23 10:14:41,2026-03-23 10:21:30
4038,4201,2026-03-23 09:53:26,2026-03-23 10:05:21
4039,4202,2026-03-23 09:49:02,2026-03-23 09:55:04
4040,4203,2026-03-23 10:06:44,2026-03-23 10:13:17
4041,4205,2026-03-23 10:21:36,2026-03-23 10:35:21
4042,4206,2026-03-23 10:13:21,2026-03-23 10:25:50
4043,4207,2026-03-23 10:26:39,2026-03-23 10:40:54
4044,4208,2026-03-23 09:53:07,2026-03-23 10:06:41
4045,4209,2026-03-23 10:36:31,2026-03-23 10:48:50
4046,4210,2026-03-23 10:41:46,2026-03-23 10:52:13
4047,4211,2026-03-23 10:17:03,2026-03-23 10:29:04
4048,4212,2026-03-23 10:53:03,2026-03-23 10:56:56
4049,4213,2026-03-23 10:50:11,2026-03-23 10:58:50
4050,4214,2026-03-23 11:00:17,2026-03-23 11:04:51
4051,4215,2026-03-23 11:05:57,2026-03-23 11:10:37
4052,4216,2026-03-23 10:37:35,2026-03-23 10:41:46
4053,4217,2026-03-23 11:11:14,2026-03-23 11:21:21
4054,4218,2026-03-23 13:30:00,2026-03-23 13:43:55
4055,4219,2026-03-23 13:31:01,2026-03-23 13:44:19
4056,4220,2026-03-23 13:44:35,2026-03-23 13:55:12
4057,4221,2026-03-23 13:31:27,2026-03-23 13:38:12
4058,4222,2026-03-23 13:38:57,2026-03-23 13:44:10
4059,4225,2026-03-23 13:30:29,2026-03-23 13:45:02
4060,4226,2026-03-23 13:45:20,2026-03-23 13:54:43
4061,4227,2026-03-23 13:55:18,2026-03-23 14:08:25
4062,4228,2026-03-23 13:55:41,2026-03-23 14:05:49
4063,4230,2026-03-23 14:09:35,2026-03-23 14:16:40
4064,4231,2026-03-23 13:46:22,2026-03-23 13:51:06
4065,4232,2026-03-23 14:17:40,2026-03-23 14:24:51
4066,4233,2026-03-23 13:30:05,2026-03-23 13:43:05
4067,4234,2026-03-23 13:44:35,2026-03-23 13:52:58
4068,4235,2026-03-23 13:44:57,2026-03-23 13:51:04
4069,4236,2026-03-23 13:51:44,2026-03-23 13:58:32
4070,4237,2026-03-23 13:51:09,2026-03-23 13:57:56
4071,4238,2026-03-23 14:26:01,2026-03-23 14:31:39
4072,4239,2026-03-23 14:32:25,2026-03-23 14:36:09
4073,4240,2026-03-23 13:58:22,2026-03-23 14:04:30
4074,4241,2026-03-23 13:53:14,2026-03-23 13:59:10
4075,4242,2026-03-23 14:36:14,2026-03-23 14:40:27
4076,4243,2026-03-23 14:00:18,2026-03-23 14:08:00
4077,4244,2026-03-23 14:00:00,2026-03-23 14:09:09
4078,4245,2026-03-23 14:04:51,2026-03-23 14:11:19
4079,4246,2026-03-23 14:09:26,2026-03-23 14:20:53
4080,4247,2026-03-23 14:21:43,2026-03-23 14:29:42
4081,4248,2026-03-23 14:30:06,2026-03-23 14:38:13
4082,4249,2026-03-23 14:40:39,2026-03-23 14:45:57
4083,4250,2026-03-23 14:39:31,2026-03-23 14:50:51
4084,4251,2026-03-23 14:12:02,2026-03-23 14:19:10
4085,4252,2026-03-23 14:10:37,2026-03-23 14:19:11
4086,4254,2026-03-23 14:46:09,2026-03-23 14:51:57
4087,4255,2026-03-23 14:20:30,2026-03-23 14:33:15
4088,4256,2026-03-23 14:52:13,2026-03-23 14:58:12
4089,4257,2026-03-23 14:52:09,2026-03-23 14:58:06
4090,4258,2026-03-23 14:58:08,2026-03-23 15:04:27
4091,4259,2026-03-23 14:20:29,2026-03-23 14:35:02
4092,4260,2026-03-23 14:06:34,2026-03-23 14:12:29
4093,4261,2026-03-23 14:35:51,2026-03-23 14:43:09
4094,4262,2026-03-23 14:13:50,2026-03-23 14:21:33
4095,4263,2026-03-23 14:59:09,2026-03-23 15:04:26
4096,4264,2026-03-23 14:34:08,2026-03-23 14:39:36
4097,4265,2026-03-23 14:40:36,2026-03-23 14:53:23
4098,4266,2026-03-23 14:43:27,2026-03-23 14:52:50
4099,4267,2026-03-23 14:52:56,2026-03-23 15:07:02
4100,4268,2026-03-23 15:04:41,2026-03-23 15:14:50
4101,4269,2026-03-23 15:05:36,2026-03-23 15:10:12
4102,4270,2026-03-23 15:10:56,2026-03-23 15:21:15
4103,4271,2026-03-23 15:15:45,2026-03-23 15:20:16
4104,4272,2026-03-23 15:07:07,2026-03-23 15:14:19
4105,4273,2026-03-23 15:21:49,2026-03-23 15:34:33
4106,4274,2026-03-23 15:21:01,2026-03-23 15:31:51
4107,4275,2026-03-23 15:14:56,2026-03-23 15:19:55
4108,4276,2026-03-23 15:33:03,2026-03-23 15:36:06
4109,4277,2026-03-23 15:35:46,2026-03-23 15:42:39
4110,4278,2026-03-23 15:42:45,2026-03-23 15:53:34
4111,4279,2026-03-23 15:21:17,2026-03-23 15:25:58
4112,4280,2026-03-23 15:42:15,2026-03-23 15:52:37
4113,4281,2026-03-24 09:00:17,2026-03-24 09:13:57
4114,4282,2026-03-24 09:00:56,2026-03-24 09:09:41
4115,4284,2026-03-24 09:09:47,2026-03-24 09:17:46
4116,4285,2026-03-24 09:00:08,2026-03-24 09:12:10
4117,4286,2026-03-24 09:17:51,2026-03-24 09:25:23
4118,4287,2026-03-24 09:26:19,2026-03-24 09:30:31
4119,4288,2026-03-24 09:31:46,2026-03-24 09:45:32
4120,4289,2026-03-24 09:46:16,2026-03-24 09:49:30
4121,4290,2026-03-24 09:06:26,2026-03-24 09:21:13
4122,4291,2026-03-24 09:15:23,2026-03-24 09:22:40
4123,4292,2026-03-24 09:21:16,2026-03-24 09:36:01
4124,4293,2026-03-24 09:50:16,2026-03-24 10:00:58
4125,4294,2026-03-24 09:13:07,2026-03-24 09:24:13
4126,4295,2026-03-24 09:18:41,2026-03-24 09:24:53
4127,4296,2026-03-24 10:02:21,2026-03-24 10:17:12
4128,4297,2026-03-24 09:37:30,2026-03-24 09:41:09
4129,4298,2026-03-24 10:17:35,2026-03-24 10:31:36
4130,4299,2026-03-24 10:32:30,2026-03-24 10:43:39
4131,4300,2026-03-24 09:28:37,2026-03-24 09:35:42
4132,4301,2026-03-24 09:28:28,2026-03-24 09:35:26
4133,4303,2026-03-24 09:31:16,2026-03-24 09:41:09
4134,4304,2026-03-24 10:44:41,2026-03-24 10:55:26
4135,4305,2026-03-24 09:37:11,2026-03-24 09:43:32
4136,4306,2026-03-24 09:41:40,2026-03-24 09:51:19
4137,4307,2026-03-24 09:43:32,2026-03-24 09:54:52
4138,4308,2026-03-24 09:55:19,2026-03-24 09:58:34
4139,4309,2026-03-24 09:59:04,2026-03-24 10:06:51
4140,4310,2026-03-24 10:06:59,2026-03-24 10:11:09
4141,4311,2026-03-24 10:09:55,2026-03-24 10:17:50
4142,4312,2026-03-24 10:56:26,2026-03-24 11:08:26
4143,4313,2026-03-24 10:28:03,2026-03-24 10:31:50
4144,4314,2026-03-24 10:33:23,2026-03-24 10:37:25
4145,4315,2026-03-24 10:48:46,2026-03-24 11:02:06
4146,4316,2026-03-24 10:51:17,2026-03-24 10:54:38
4147,4317,2026-03-24 11:04:50,2026-03-24 11:18:04
4148,4318,2026-03-24 11:13:33,2026-03-24 11:28:24
4149,4319,2026-03-24 13:31:16,2026-03-24 13:38:39
4150,4320,2026-03-24 13:31:28,2026-03-24 13:45:56
4151,4321,2026-03-24 13:30:29,2026-03-24 13:45:11
4152,4322,2026-03-24 13:30:49,2026-03-24 13:38:29
4153,4323,2026-03-24 13:30:25,2026-03-24 13:42:09
4154,4324,2026-03-24 13:46:39,2026-03-24 13:49:58
4155,4325,2026-03-24 13:51:08,2026-03-24 13:55:30
4156,4326,2026-03-24 13:56:05,2026-03-24 14:04:15
4157,4327,2026-03-24 13:42:54,2026-03-24 13:54:12
4158,4328,2026-03-24 14:04:34,2026-03-24 14:17:03
4159,4329,2026-03-24 13:55:16,2026-03-24 13:59:00
4160,4330,2026-03-24 13:38:41,2026-03-24 13:43:02
4161,4331,2026-03-24 13:44:24,2026-03-24 13:57:18
4162,4332,2026-03-24 14:17:07,2026-03-24 14:31:12
4163,4333,2026-03-24 13:31:13,2026-03-24 13:38:03
4164,4334,2026-03-24 13:58:25,2026-03-24 14:09:28
4165,4335,2026-03-24 14:10:31,2026-03-24 14:24:58
4166,4336,2026-03-24 13:38:26,2026-03-24 13:52:59
4167,4337,2026-03-24 13:39:17,2026-03-24 13:47:05
4168,4338,2026-03-24 14:25:27,2026-03-24 14:30:24
4169,4339,2026-03-24 13:47:23,2026-03-24 13:55:06
4170,4340,2026-03-24 14:30:30,2026-03-24 14:42:05
4171,4341,2026-03-24 14:43:02,2026-03-24 14:53:01
4172,4342,2026-03-24 14:53:30,2026-03-24 14:59:49
4173,4343,2026-03-24 13:55:22,2026-03-24 13:58:34
4174,4344,2026-03-24 13:47:03,2026-03-24 13:54:32
4175,4345,2026-03-24 15:01:04,2026-03-24 15:09:40
4176,4346,2026-03-24 13:59:59,2026-03-24 14:09:57
4177,4347,2026-03-24 13:58:58,2026-03-24 14:08:42
4178,4348,2026-03-24 13:46:04,2026-03-24 13:52:12
4179,4349,2026-03-24 15:10:28,2026-03-24 15:24:42
4180,4350,2026-03-24 13:53:32,2026-03-24 14:02:25
4181,4351,2026-03-24 14:10:52,2026-03-24 14:23:41
4182,4352,2026-03-24 14:32:00,2026-03-24 14:36:55
4183,4353,2026-03-24 15:25:51,2026-03-24 15:37:14
4184,4354,2026-03-24 15:38:11,2026-03-24 15:44:35
4185,4356,2026-03-24 14:24:43,2026-03-24 14:35:32
4186,4357,2026-03-24 14:20:15,2026-03-24 14:26:13
4187,4358,2026-03-24 14:38:07,2026-03-24 14:52:56
4188,4359,2026-03-24 14:43:28,2026-03-24 14:58:07
4189,4360,2026-03-24 14:44:42,2026-03-24 14:51:07
4190,4361,2026-03-24 14:53:19,2026-03-24 14:57:59
4191,4362,2026-03-24 15:45:56,2026-03-24 15:58:53
4192,4364,2026-03-24 16:00:06,2026-03-24 16:05:03
4193,4365,2026-03-25 09:00:44,2026-03-25 09:05:06
4194,4366,2026-03-25 09:00:08,2026-03-25 09:12:12
4195,4367,2026-03-25 09:06:34,2026-03-25 09:18:23
4196,4368,2026-03-25 09:12:20,2026-03-25 09:16:36
4197,4369,2026-03-25 09:18:36,2026-03-25 09:33:25
4198,4370,2026-03-25 09:00:18,2026-03-25 09:09:30
4199,4371,2026-03-25 09:17:51,2026-03-25 09:32:02
4200,4372,2026-03-25 09:33:08,2026-03-25 09:39:28
4201,4373,2026-03-25 09:40:05,2026-03-25 09:49:08
4202,4374,2026-03-25 09:33:32,2026-03-25 09:38:35
4203,4375,2026-03-25 09:38:57,2026-03-25 09:45:17
4204,4376,2026-03-25 09:30:59,2026-03-25 09:35:36
4205,4377,2026-03-25 09:36:17,2026-03-25 09:46:43
4206,4378,2026-03-25 09:50:16,2026-03-25 09:56:49
4207,4379,2026-03-25 09:48:01,2026-03-25 10:01:33
4208,4380,2026-03-25 09:57:02,2026-03-25 10:11:56
4209,4381,2026-03-25 10:12:17,2026-03-25 10:16:30
4210,4382,2026-03-25 10:17:37,2026-03-25 10:23:41
4211,4383,2026-03-25 10:25:04,2026-03-25 10:36:28
4212,4384,2026-03-25 10:37:29,2026-03-25 10:40:37
4213,4385,2026-03-25 10:05:35,2026-03-25 10:13:19
4214,4386,2026-03-25 10:30:45,2026-03-25 10:36:49
4215,4387,2026-03-25 10:46:06,2026-03-25 10:52:37
4216,4388,2026-03-25 11:01:57,2026-03-25 11:13:17
4217,4389,2026-03-25 11:13:49,2026-03-25 11:23:49
4218,4391,2026-03-25 13:31:28,2026-03-25 13:39:13
4219,4392,2026-03-25 13:30:29,2026-03-25 13:34:53
4220,4393,2026-03-25 13:40:34,2026-03-25 13:44:50
4221,4394,2026-03-25 13:30:10,2026-03-25 13:41:39
4222,4395,2026-03-25 13:34:54,2026-03-25 13:49:28
4223,4396,2026-03-25 13:42:59,2026-03-25 13:54:21
4224,4397,2026-03-25 13:45:27,2026-03-25 13:56:27
4225,4398,2026-03-25 13:54:44,2026-03-25 13:58:33
4226,4399,2026-03-25 13:57:47,2026-03-25 14:01:51
4227,4400,2026-03-25 13:58:51,2026-03-25 14:12:59
4228,4401,2026-03-25 14:02:44,2026-03-25 14:10:03
4229,4403,2026-03-25 14:11:16,2026-03-25 14:14:34
4230,4404,2026-03-25 14:13:26,2026-03-25 14:19:43
4231,4405,2026-03-25 14:20:34,2026-03-25 14:25:21
4232,4406,2026-03-25 14:25:21,2026-03-25 14:30:25
4233,4407,2026-03-25 14:32:30,2026-03-25 14:39:44
4234,4408,2026-03-25 15:03:13,2026-03-25 15:08:51
4235,4409,2026-03-25 15:09:48,2026-03-25 15:18:23
4236,4410,2026-03-25 15:10:59,2026-03-25 15:24:39
4237,4411,2026-03-25 15:25:56,2026-03-25 15:40:22
4238,4412,2026-03-26 09:00:23,2026-03-26 09:15:21
4239,4413,2026-03-26 09:00:24,2026-03-26 09:07:12
4240,4414,2026-03-26 09:15:44,2026-03-26 09:18:51
4241,4415,2026-03-26 09:07:34,2026-03-26 09:14:05
4242,4416,2026-03-26 09:00:15,2026-03-26 09:05:47
4243,4417,2026-03-26 09:19:04,2026-03-26 09:31:43
4244,4418,2026-03-26 09:06:40,2026-03-26 09:11:23
4245,4419,2026-03-26 09:14:54,2026-03-26 09:29:28
4246,4420,2026-03-26 09:00:47,2026-03-26 09:09:47
4247,4421,2026-03-26 09:12:26,2026-03-26 09:22:16
4248,4422,2026-03-26 09:32:13,2026-03-26 09:43:45
4249,4423,2026-03-26 09:45:07,2026-03-26 09:48:54
4250,4424,2026-03-26 09:49:16,2026-03-26 10:02:32
4251,4425,2026-03-26 09:22:38,2026-03-26 09:27:26
4252,4426,2026-03-26 09:05:04,2026-03-26 09:15:41
4253,4427,2026-03-26 10:02:56,2026-03-26 10:15:04
4254,4428,2026-03-26 10:15:36,2026-03-26 10:24:03
4255,4429,2026-03-26 10:24:44,2026-03-26 10:29:51
4256,4430,2026-03-26 09:28:32,2026-03-26 09:36:52
4257,4431,2026-03-26 10:30:28,2026-03-26 10:34:15
4258,4432,2026-03-26 09:38:13,2026-03-26 09:49:44
4259,4433,2026-03-26 10:35:07,2026-03-26 10:39:42
4260,4434,2026-03-26 10:41:03,2026-03-26 10:45:27
4261,4435,2026-03-26 09:43:07,2026-03-26 09:49:58
4262,4436,2026-03-26 09:43:15,2026-03-26 09:52:41
4263,4437,2026-03-26 09:45:33,2026-03-26 09:48:53
4264,4438,2026-03-26 10:46:37,2026-03-26 11:01:22
4265,4439,2026-03-26 11:01:56,2026-03-26 11:15:34
4266,4440,2026-03-26 09:50:54,2026-03-26 09:54:32
4267,4441,2026-03-26 09:55:51,2026-03-26 10:05:38
4268,4442,2026-03-26 11:17:02,2026-03-26 11:24:28
4269,4443,2026-03-26 11:24:57,2026-03-26 11:32:28
4270,4444,2026-03-26 10:08:40,2026-03-26 10:15:09
4271,4445,2026-03-26 11:33:00,2026-03-26 11:44:44
4272,4446,2026-03-26 10:13:28,2026-03-26 10:21:36
4273,4447,2026-03-26 10:30:32,2026-03-26 10:38:20
4274,4448,2026-03-26 10:39:33,2026-03-26 10:43:27
4275,4449,2026-03-26 13:30:24,2026-03-26 13:44:17
4276,4450,2026-03-26 13:31:30,2026-03-26 13:38:59
4277,4451,2026-03-26 13:45:10,2026-03-26 13:53:28
4278,4453,2026-03-26 13:40:00,2026-03-26 13:45:08
4279,4454,2026-03-26 13:45:12,2026-03-26 13:53:28
4280,4455,2026-03-26 13:30:29,2026-03-26 13:33:47
4281,4456,2026-03-26 13:30:13,2026-03-26 13:38:48
4282,4457,2026-03-26 13:39:32,2026-03-26 13:45:52
4283,4458,2026-03-26 13:53:41,2026-03-26 14:00:43
4284,4459,2026-03-26 13:46:57,2026-03-26 13:50:52
4285,4460,2026-03-26 14:01:46,2026-03-26 14:09:57
4286,4461,2026-03-26 13:38:55,2026-03-26 13:45:02
4287,4462,2026-03-26 13:46:10,2026-03-26 13:49:12
4288,4463,2026-03-26 13:53:34,2026-03-26 14:01:51
4289,4465,2026-03-26 14:10:12,2026-03-26 14:19:54
4290,4466,2026-03-26 14:19:57,2026-03-26 14:33:40
4291,4467,2026-03-26 14:02:17,2026-03-26 14:08:53
4292,4468,2026-03-26 14:33:59,2026-03-26 14:45:57
4293,4469,2026-03-26 14:47:21,2026-03-26 15:01:33
4294,4470,2026-03-26 14:00:38,2026-03-26 14:04:40
4295,4471,2026-03-26 14:03:17,2026-03-26 14:12:11
4296,4472,2026-03-26 14:08:21,2026-03-26 14:11:35
4297,4473,2026-03-26 15:03:02,2026-03-26 15:08:28
4298,4474,2026-03-26 15:09:58,2026-03-26 15:16:53
4299,4475,2026-03-26 14:15:11,2026-03-26 14:26:14
4300,4477,2026-03-26 14:21:18,2026-03-26 14:24:37
4301,4478,2026-03-26 14:32:27,2026-03-26 14:37:25
4302,4479,2026-03-26 14:32:37,2026-03-26 14:42:52
4303,4480,2026-03-26 15:17:33,2026-03-26 15:21:47
4304,4481,2026-03-26 15:23:05,2026-03-26 15:28:11
4305,4483,2026-03-26 15:28:20,2026-03-26 15:38:49
4306,4484,2026-03-26 14:59:34,2026-03-26 15:06:15
4307,4485,2026-03-26 15:39:18,2026-03-26 15:49:45
4308,4486,2026-03-26 15:09:36,2026-03-26 15:18:07
4309,4487,2026-03-26 15:50:48,2026-03-26 15:57:09
4310,4488,2026-03-26 15:25:06,2026-03-26 15:35:27
4311,4489,2026-03-27 09:00:27,2026-03-27 09:06:37
4312,4490,2026-03-27 09:07:32,2026-03-27 09:14:26
4313,4491,2026-03-27 09:15:13,2026-03-27 09:24:51
4314,4492,2026-03-27 09:25:50,2026-03-27 09:32:40
4315,4493,2026-03-27 09:06:43,2026-03-27 09:20:32
4316,4494,2026-03-27 09:21:51,2026-03-27 09:35:53
4317,4495,2026-03-27 09:34:04,2026-03-27 09:43:22
4318,4496,2026-03-27 09:43:47,2026-03-27 09:56:42
4319,4497,2026-03-27 09:57:53,2026-03-27 10:10:49
4320,4498,2026-03-27 09:37:01,2026-03-27 09:48:15
4321,4499,2026-03-27 10:12:19,2026-03-27 10:17:34
4322,4500,2026-03-27 09:48:23,2026-03-27 09:53:46
4323,4501,2026-03-27 10:18:27,2026-03-27 10:27:12
4324,4502,2026-03-27 10:05:41,2026-03-27 10:19:36
4325,4503,2026-03-27 10:36:52,2026-03-27 10:42:03
4326,4504,2026-03-27 10:41:37,2026-03-27 10:47:02
4327,4505,2026-03-27 13:30:01,2026-03-27 13:44:57
4328,4506,2026-03-27 13:30:38,2026-03-27 13:33:39
4329,4507,2026-03-27 13:30:21,2026-03-27 13:45:09
4330,4508,2026-03-27 13:30:51,2026-03-27 13:37:50
4331,4509,2026-03-27 13:35:06,2026-03-27 13:44:31
4332,4510,2026-03-27 13:44:41,2026-03-27 13:47:46
4333,4511,2026-03-27 13:48:17,2026-03-27 13:54:02
4334,4512,2026-03-27 13:31:18,2026-03-27 13:37:32
4335,4513,2026-03-27 13:54:19,2026-03-27 14:08:19
4336,4514,2026-03-27 13:43:20,2026-03-27 13:50:48
4337,4516,2026-03-27 13:46:45,2026-03-27 13:53:03
4338,4517,2026-03-27 13:54:46,2026-03-27 13:58:20
4339,4518,2026-03-27 13:56:53,2026-03-27 14:09:15
4340,4519,2026-03-27 14:00:26,2026-03-27 14:14:06
4341,4520,2026-03-27 14:08:57,2026-03-27 14:20:44
4342,4521,2026-03-27 14:04:31,2026-03-27 14:17:27
4343,4522,2026-03-27 14:21:22,2026-03-27 14:25:26
4344,4523,2026-03-27 14:26:39,2026-03-27 14:35:46
4345,4524,2026-03-27 14:36:01,2026-03-27 14:50:09
4346,4525,2026-03-27 14:32:00,2026-03-27 14:38:44
4347,4526,2026-03-27 15:27:13,2026-03-27 15:34:55
4348,4527,2026-03-30 09:01:05,2026-03-30 09:05:36
4349,4528,2026-03-30 09:00:35,2026-03-30 09:13:21
4350,4529,2026-03-30 09:05:54,2026-03-30 09:09:17
4351,4530,2026-03-30 09:09:22,2026-03-30 09:14:28
4352,4531,2026-03-30 09:15:40,2026-03-30 09:20:40
4353,4532,2026-03-30 09:22:06,2026-03-30 09:26:55
4354,4533,2026-03-30 09:14:51,2026-03-30 09:20:00
4355,4534,2026-03-30 09:00:01,2026-03-30 09:10:43
4356,4535,2026-03-30 09:10:56,2026-03-30 09:17:44
4357,4536,2026-03-30 09:27:22,2026-03-30 09:39:02
4358,4537,2026-03-30 09:39:50,2026-03-30 09:48:58
4359,4538,2026-03-30 09:17:54,2026-03-30 09:21:44
4360,4539,2026-03-30 09:49:44,2026-03-30 09:53:55
4361,4540,2026-03-30 09:23:05,2026-03-30 09:30:32
4362,4541,2026-03-30 09:54:55,2026-03-30 10:01:51
4363,4542,2026-03-30 09:30:36,2026-03-30 09:42:35
4364,4543,2026-03-30 09:43:52,2026-03-30 09:51:22
4365,4544,2026-03-30 10:03:03,2026-03-30 10:12:58
4366,4545,2026-03-30 09:14:57,2026-03-30 09:27:04
4367,4546,2026-03-30 10:13:31,2026-03-30 10:20:18
4368,4547,2026-03-30 09:51:53,2026-03-30 09:59:21
4369,4548,2026-03-30 09:59:37,2026-03-30 10:02:53
4370,4549,2026-03-30 09:33:30,2026-03-30 09:41:08
4371,4550,2026-03-30 09:37:24,2026-03-30 09:45:51
4372,4551,2026-03-30 10:21:11,2026-03-30 10:25:49
4373,4552,2026-03-30 10:04:18,2026-03-30 10:08:51
4374,4553,2026-03-30 09:46:50,2026-03-30 09:50:12
4375,4554,2026-03-30 09:50:58,2026-03-30 09:56:36
4376,4555,2026-03-30 10:27:03,2026-03-30 10:37:24
4377,4556,2026-03-30 09:51:28,2026-03-30 09:54:28
4378,4557,2026-03-30 10:37:57,2026-03-30 10:49:31
4379,4558,2026-03-30 10:50:56,2026-03-30 10:57:46
4380,4559,2026-03-30 10:19:52,2026-03-30 10:28:37
4381,4560,2026-03-30 10:29:06,2026-03-30 10:39:07
4382,4561,2026-03-30 10:33:40,2026-03-30 10:43:29
4383,4562,2026-03-30 10:44:32,2026-03-30 10:57:54
4384,4563,2026-03-30 10:38:57,2026-03-30 10:43:11
4385,4565,2026-03-30 13:30:04,2026-03-30 13:41:27
4386,4566,2026-03-30 13:30:41,2026-03-30 13:40:06
4387,4567,2026-03-30 13:30:06,2026-03-30 13:43:08
4388,4568,2026-03-30 13:41:54,2026-03-30 13:56:36
4389,4569,2026-03-30 13:41:10,2026-03-30 13:50:07
4390,4570,2026-03-30 13:30:04,2026-03-30 13:44:54
4391,4571,2026-03-30 13:51:34,2026-03-30 13:55:23
4392,4572,2026-03-30 13:56:12,2026-03-30 14:04:09
4393,4573,2026-03-30 13:43:34,2026-03-30 13:56:46
4394,4574,2026-03-30 13:31:12,2026-03-30 13:36:27
4395,4575,2026-03-30 13:37:53,2026-03-30 13:43:03
4396,4576,2026-03-30 14:04:09,2026-03-30 14:09:28
4397,4577,2026-03-30 14:09:39,2026-03-30 14:18:53
4398,4579,2026-03-30 13:44:10,2026-03-30 13:50:20
4399,4580,2026-03-30 13:51:35,2026-03-30 13:55:51
4400,4581,2026-03-30 13:56:35,2026-03-30 14:02:34
4401,4582,2026-03-30 14:03:15,2026-03-30 14:11:28
4402,4583,2026-03-30 14:19:09,2026-03-30 14:30:21
4403,4584,2026-03-30 14:12:22,2026-03-30 14:18:24
4404,4585,2026-03-30 14:30:59,2026-03-30 14:37:56
4405,4586,2026-03-30 13:58:01,2026-03-30 14:04:57
4406,4587,2026-03-30 14:38:23,2026-03-30 14:48:46
4407,4588,2026-03-30 14:19:37,2026-03-30 14:33:56
4408,4589,2026-03-30 14:48:57,2026-03-30 14:56:42
4409,4590,2026-03-30 14:56:47,2026-03-30 15:00:13
4410,4591,2026-03-30 15:01:10,2026-03-30 15:04:18
4411,4592,2026-03-30 14:34:31,2026-03-30 14:46:29
4412,4593,2026-03-30 14:04:58,2026-03-30 14:11:24
4413,4594,2026-03-30 15:04:31,2026-03-30 15:10:54
4414,4595,2026-03-30 13:57:04,2026-03-30 14:06:08
4415,4596,2026-03-30 14:12:24,2026-03-30 14:20:13
4416,4597,2026-03-30 14:47:19,2026-03-30 14:52:02
4417,4598,2026-03-30 14:52:23,2026-03-30 15:06:58
4418,4599,2026-03-30 15:07:11,2026-03-30 15:17:55
4419,4600,2026-03-30 14:06:53,2026-03-30 14:21:36
4420,4601,2026-03-30 15:12:15,2026-03-30 15:26:11
4421,4602,2026-03-30 13:57:21,2026-03-30 14:10:33
4422,4603,2026-03-30 15:18:01,2026-03-30 15:24:24
4423,4604,2026-03-30 14:20:45,2026-03-30 14:30:21
4424,4605,2026-03-30 15:26:52,2026-03-30 15:32:29
4425,4606,2026-03-30 14:30:42,2026-03-30 14:44:30
4426,4607,2026-03-30 14:11:48,2026-03-30 14:16:45
4427,4608,2026-03-30 15:25:52,2026-03-30 15:31:02
4428,4609,2026-03-30 15:31:33,2026-03-30 15:44:58
4429,4610,2026-03-30 14:45:38,2026-03-30 14:51:27
4430,4611,2026-03-30 14:52:41,2026-03-30 14:59:36
4431,4612,2026-03-30 15:45:26,2026-03-30 15:48:28
4432,4613,2026-03-30 15:00:46,2026-03-30 15:05:27
4433,4614,2026-03-30 14:22:59,2026-03-30 14:36:04
4434,4615,2026-03-30 15:32:59,2026-03-30 15:38:33
4435,4616,2026-03-30 15:39:34,2026-03-30 15:47:19
4436,4617,2026-03-30 14:42:17,2026-03-30 14:45:20
4437,4618,2026-03-30 14:47:30,2026-03-30 14:58:52
4438,4619,2026-03-30 15:49:57,2026-03-30 15:54:37
4439,4620,2026-03-30 15:06:13,2026-03-30 15:14:18
4440,4621,2026-03-30 15:15:30,2026-03-30 15:23:37
4441,4622,2026-03-30 15:54:37,2026-03-30 16:00:37
4442,4623,2026-03-30 15:48:06,2026-03-30 15:53:34
4443,4624,2026-03-31 09:01:17,2026-03-31 09:07:12
4444,4625,2026-03-31 09:00:40,2026-03-31 09:08:35
4445,4626,2026-03-31 09:07:55,2026-03-31 09:18:48
4446,4627,2026-03-31 09:01:13,2026-03-31 09:04:23
4447,4628,2026-03-31 09:20:10,2026-03-31 09:33:49
4448,4629,2026-03-31 09:01:10,2026-03-31 09:12:02
4449,4630,2026-03-31 09:00:07,2026-03-31 09:11:51
4450,4631,2026-03-31 09:34:06,2026-03-31 09:45:29
4451,4632,2026-03-31 09:13:15,2026-03-31 09:21:01
4452,4633,2026-03-31 09:00:06,2026-03-31 09:05:56
4453,4634,2026-03-31 09:06:41,2026-03-31 09:11:06
4454,4635,2026-03-31 09:22:23,2026-03-31 09:31:39
4455,4636,2026-03-31 09:32:16,2026-03-31 09:35:35
4456,4637,2026-03-31 09:46:29,2026-03-31 10:01:11
4457,4638,2026-03-31 09:12:07,2026-03-31 09:20:40
4458,4639,2026-03-31 10:02:03,2026-03-31 10:06:07
4459,4640,2026-03-31 10:06:57,2026-03-31 10:19:48
4460,4641,2026-03-31 09:21:36,2026-03-31 09:25:26
4461,4642,2026-03-31 09:26:41,2026-03-31 09:39:48
4462,4643,2026-03-31 09:37:02,2026-03-31 09:44:38
4463,4644,2026-03-31 09:09:44,2026-03-31 09:21:43
4464,4645,2026-03-31 09:22:15,2026-03-31 09:31:32
4465,4646,2026-03-31 09:31:58,2026-03-31 09:37:57
4466,4647,2026-03-31 09:19:57,2026-03-31 09:22:57
4467,4648,2026-03-31 10:20:42,2026-03-31 10:27:47
4468,4649,2026-03-31 09:38:59,2026-03-31 09:43:42
4469,4650,2026-03-31 09:43:49,2026-03-31 09:48:45
4470,4651,2026-03-31 09:49:17,2026-03-31 10:01:40
4471,4652,2026-03-31 10:02:29,2026-03-31 10:07:47
4472,4653,2026-03-31 10:08:58,2026-03-31 10:12:21
4473,4654,2026-03-31 10:12:23,2026-03-31 10:24:23
4474,4655,2026-03-31 10:28:43,2026-03-31 10:34:00
4475,4656,2026-03-31 10:02:46,2026-03-31 10:10:01
4476,4657,2026-03-31 10:25:05,2026-03-31 10:29:13
4477,4658,2026-03-31 10:11:55,2026-03-31 10:15:19
4478,4659,2026-03-31 10:14:35,2026-03-31 10:19:02
4479,4660,2026-03-31 10:26:51,2026-03-31 10:37:41
4480,4661,2026-03-31 10:38:27,2026-03-31 10:52:19
4481,4662,2026-03-31 10:35:19,2026-03-31 10:43:02
4482,4663,2026-03-31 10:40:27,2026-03-31 10:55:03
4483,4664,2026-03-31 10:52:23,2026-03-31 10:57:50
4484,4666,2026-03-31 13:30:43,2026-03-31 13:42:03
4485,4667,2026-03-31 13:30:59,2026-03-31 13:39:01
4486,4668,2026-03-31 13:30:43,2026-03-31 13:40:09
4487,4669,2026-03-31 13:30:04,2026-03-31 13:35:23
4488,4670,2026-03-31 13:40:20,2026-03-31 13:46:54
4489,4671,2026-03-31 13:36:27,2026-03-31 13:42:21
4490,4672,2026-03-31 13:40:05,2026-03-31 13:52:44
4491,4673,2026-03-31 13:31:29,2026-03-31 13:35:43
4492,4674,2026-03-31 13:47:48,2026-03-31 13:51:11
4493,4675,2026-03-31 13:54:01,2026-03-31 14:03:59
4494,4676,2026-03-31 13:42:36,2026-03-31 13:53:45
4495,4677,2026-03-31 13:42:29,2026-03-31 13:49:29
4496,4678,2026-03-31 13:52:12,2026-03-31 14:01:40
4497,4679,2026-03-31 14:05:21,2026-03-31 14:10:56
4498,4680,2026-03-31 13:31:18,2026-03-31 13:44:36
4499,4681,2026-03-31 14:11:52,2026-03-31 14:16:05
4500,4682,2026-03-31 14:17:34,2026-03-31 14:25:06
4501,4683,2026-03-31 13:30:45,2026-03-31 13:33:51
4502,4684,2026-03-31 14:02:03,2026-03-31 14:09:43
4503,4685,2026-03-31 14:25:14,2026-03-31 14:30:02
4504,4686,2026-03-31 13:49:43,2026-03-31 13:56:25
4505,4687,2026-03-31 14:10:55,2026-03-31 14:23:46
4506,4688,2026-03-31 13:35:57,2026-03-31 13:39:39
4507,4689,2026-03-31 14:31:23,2026-03-31 14:37:52
4508,4690,2026-03-31 13:41:03,2026-03-31 13:55:33
4509,4691,2026-03-31 13:57:14,2026-03-31 14:06:57
4510,4692,2026-03-31 14:38:17,2026-03-31 14:46:59
4511,4693,2026-03-31 13:56:26,2026-03-31 14:00:47
4512,4694,2026-03-31 14:01:16,2026-03-31 14:12:36
4513,4695,2026-03-31 14:47:52,2026-03-31 14:53:07
4514,4696,2026-03-31 13:54:42,2026-03-31 14:01:41
4515,4697,2026-03-31 14:07:21,2026-03-31 14:14:25
4516,4698,2026-03-31 14:24:47,2026-03-31 14:28:40
4517,4699,2026-03-31 13:51:13,2026-03-31 13:56:34
4518,4700,2026-03-31 14:29:11,2026-03-31 14:36:21
4519,4701,2026-03-31 14:54:33,2026-03-31 14:58:36
4520,4702,2026-03-31 14:59:53,2026-03-31 15:03:39
4521,4703,2026-03-31 14:02:38,2026-03-31 14:06:16
4522,4704,2026-03-31 14:36:47,2026-03-31 14:45:41
4523,4706,2026-03-31 14:45:42,2026-03-31 14:59:04
4524,4707,2026-03-31 15:03:50,2026-03-31 15:15:38
4525,4708,2026-03-31 14:13:40,2026-03-31 14:20:46
4526,4709,2026-03-31 14:06:57,2026-03-31 14:12:09
4527,4710,2026-03-31 15:00:24,2026-03-31 15:04:14
4528,4711,2026-03-31 15:05:29,2026-03-31 15:15:28
4529,4712,2026-03-31 14:15:27,2026-03-31 14:23:32
4530,4713,2026-03-31 15:16:25,2026-03-31 15:20:58
4531,4714,2026-03-31 14:24:02,2026-03-31 14:38:17
4532,4715,2026-03-31 15:16:24,2026-03-31 15:27:59
4533,4716,2026-03-31 15:21:13,2026-03-31 15:26:02
4534,4717,2026-03-31 15:28:29,2026-03-31 15:38:32
4535,4718,2026-03-31 15:38:51,2026-03-31 15:42:29
4536,4719,2026-03-31 14:48:31,2026-03-31 14:54:40
4537,4720,2026-03-31 15:26:24,2026-03-31 15:41:10
4538,4721,2026-03-31 15:22:33,2026-03-31 15:30:02
4539,4722,2026-03-31 15:43:06,2026-03-31 15:50:44
4540,4723,2026-03-31 15:27:26,2026-03-31 15:30:46
4541,4724,2026-03-31 15:43:55,2026-03-31 15:55:19
4542,4725,2026-03-31 15:44:12,2026-03-31 15:56:44
4543,4726,2026-03-31 15:53:34,2026-03-31 16:02:13
4544,4727,2026-04-01 09:01:03,2026-04-01 09:10:09
4545,4728,2026-04-01 09:01:08,2026-04-01 09:09:19
4546,4729,2026-04-01 09:09:37,2026-04-01 09:19:30
4547,4730,2026-04-01 09:00:20,2026-04-01 09:04:55
4548,4731,2026-04-01 09:01:13,2026-04-01 09:13:25
4549,4732,2026-04-01 09:19:33,2026-04-01 09:25:56
4550,4733,2026-04-01 09:23:42,2026-04-01 09:26:51
4551,4734,2026-04-01 09:25:58,2026-04-01 09:38:35
4552,4735,2026-04-01 09:33:09,2026-04-01 09:40:55
4553,4736,2026-04-01 09:42:35,2026-04-01 09:49:54
4554,4737,2026-04-01 09:46:34,2026-04-01 09:58:43
4555,4738,2026-04-01 09:50:55,2026-04-01 09:55:39
4556,4739,2026-04-01 10:08:12,2026-04-01 10:15:45
4557,4740,2026-04-01 10:16:19,2026-04-01 10:22:26
4558,4741,2026-04-01 10:13:07,2026-04-01 10:19:19
4559,4742,2026-04-01 10:21:56,2026-04-01 10:32:03
4560,4743,2026-04-01 10:32:21,2026-04-01 10:36:52
4561,4744,2026-04-01 10:29:02,2026-04-01 10:37:25
4562,4745,2026-04-01 10:37:31,2026-04-01 10:43:59
4563,4746,2026-04-01 13:30:43,2026-04-01 13:34:35
4564,4747,2026-04-01 13:30:43,2026-04-01 13:36:22
4565,4748,2026-04-01 13:35:56,2026-04-01 13:45:15
4566,4749,2026-04-01 13:45:30,2026-04-01 13:52:42
4567,4750,2026-04-01 13:36:33,2026-04-01 13:49:21
4568,4751,2026-04-01 13:49:53,2026-04-01 13:53:31
4569,4752,2026-04-01 13:53:14,2026-04-01 13:58:53
4570,4754,2026-04-01 13:59:07,2026-04-01 14:10:09
4571,4755,2026-04-01 13:53:47,2026-04-01 13:59:04
4572,4756,2026-04-01 14:10:11,2026-04-01 14:13:35
4573,4757,2026-04-01 14:13:55,2026-04-01 14:17:32
4574,4758,2026-04-01 14:09:17,2026-04-01 14:20:42
4575,4759,2026-04-01 14:17:46,2026-04-01 14:30:00
4576,4760,2026-04-01 14:46:54,2026-04-01 14:51:43
4577,4761,2026-04-01 14:46:21,2026-04-01 14:57:10
4578,4762,2026-04-01 14:50:26,2026-04-01 14:53:37
4579,4763,2026-04-01 14:59:54,2026-04-01 15:05:55
4580,4764,2026-04-01 15:02:22,2026-04-01 15:12:46
4581,4765,2026-04-01 15:13:26,2026-04-01 15:18:12
4582,4767,2026-04-02 09:01:18,2026-04-02 09:15:40
4583,4768,2026-04-02 09:01:10,2026-04-02 09:06:59
4584,4769,2026-04-02 09:07:02,2026-04-02 09:10:29
4585,4770,2026-04-02 09:11:47,2026-04-02 09:18:23
4586,4771,2026-04-02 09:00:42,2026-04-02 09:07:29
4587,4772,2026-04-02 09:08:48,2026-04-02 09:16:50
4588,4773,2026-04-02 09:16:30,2026-04-02 09:27:10
4589,4774,2026-04-02 09:18:11,2026-04-02 09:29:32
4590,4775,2026-04-02 09:00:45,2026-04-02 09:08:47
4591,4776,2026-04-02 09:29:42,2026-04-02 09:37:08
4592,4777,2026-04-02 09:00:49,2026-04-02 09:06:54
4593,4778,2026-04-02 09:07:10,2026-04-02 09:13:47
4594,4779,2026-04-02 09:37:34,2026-04-02 09:42:30
4595,4780,2026-04-02 09:27:11,2026-04-02 09:33:00
4596,4781,2026-04-02 09:19:42,2026-04-02 09:31:56
4597,4782,2026-04-02 09:32:36,2026-04-02 09:35:57
4598,4783,2026-04-02 09:44:00,2026-04-02 09:52:54
4599,4784,2026-04-02 09:53:26,2026-04-02 09:56:42
4600,4785,2026-04-02 09:14:50,2026-04-02 09:23:57
4601,4786,2026-04-02 09:58:05,2026-04-02 10:01:09
4602,4787,2026-04-02 09:24:55,2026-04-02 09:37:31
4603,4788,2026-04-02 10:01:51,2026-04-02 10:16:28
4604,4789,2026-04-02 10:16:29,2026-04-02 10:21:21
4605,4790,2026-04-02 10:21:37,2026-04-02 10:35:05
4606,4791,2026-04-02 09:36:43,2026-04-02 09:43:31
4607,4792,2026-04-02 09:33:02,2026-04-02 09:44:31
4608,4793,2026-04-02 09:37:55,2026-04-02 09:43:25
4609,4794,2026-04-02 10:35:17,2026-04-02 10:40:49
4610,4795,2026-04-02 09:44:23,2026-04-02 09:48:35
4611,4797,2026-04-02 09:49:49,2026-04-02 09:54:18
4612,4799,2026-04-02 09:54:26,2026-04-02 10:04:55
4613,4800,2026-04-02 09:45:22,2026-04-02 09:49:37
4614,4801,2026-04-02 09:30:05,2026-04-02 09:35:55
4615,4802,2026-04-02 10:40:55,2026-04-02 10:52:04
4616,4803,2026-04-02 10:52:57,2026-04-02 10:58:15
4617,4804,2026-04-02 09:49:39,2026-04-02 09:56:40
4618,4805,2026-04-02 09:50:17,2026-04-02 09:55:41
4619,4806,2026-04-02 09:58:25,2026-04-02 10:12:18
4620,4807,2026-04-02 10:05:41,2026-04-02 10:12:17
4621,4808,2026-04-02 10:59:08,2026-04-02 11:04:21
4622,4809,2026-04-02 10:12:55,2026-04-02 10:18:08
4623,4811,2026-04-02 11:05:51,2026-04-02 11:18:31
4624,4812,2026-04-02 10:19:30,2026-04-02 10:33:08
4625,4813,2026-04-02 11:00:09,2026-04-02 11:13:59
4626,4814,2026-04-02 11:14:10,2026-04-02 11:22:09
4627,4815,2026-04-02 11:19:39,2026-04-02 11:30:29
4628,4816,2026-04-02 13:30:59,2026-04-02 13:35:21
4629,4817,2026-04-02 13:30:57,2026-04-02 13:34:56
4630,4818,2026-04-02 13:30:59,2026-04-02 13:34:20
4631,4820,2026-04-02 13:31:07,2026-04-02 13:38:19
4632,4821,2026-04-02 13:36:07,2026-04-02 13:46:35
4633,4822,2026-04-02 13:43:40,2026-04-02 13:57:08
4634,4823,2026-04-02 13:42:31,2026-04-02 13:55:24
4635,4824,2026-04-02 13:57:42,2026-04-02 14:04:25
4636,4825,2026-04-02 14:05:28,2026-04-02 14:08:48
4637,4826,2026-04-02 13:53:46,2026-04-02 13:58:37
4638,4827,2026-04-02 13:58:52,2026-04-02 14:04:06
4639,4828,2026-04-02 14:08:51,2026-04-02 14:12:37
4640,4829,2026-04-02 14:03:39,2026-04-02 14:07:17
4641,4830,2026-04-02 14:12:34,2026-04-02 14:19:52
4642,4831,2026-04-02 14:16:12,2026-04-02 14:29:26
4643,4832,2026-04-02 14:20:16,2026-04-02 14:24:32
4644,4833,2026-04-02 14:27:07,2026-04-02 14:31:40
4645,4834,2026-04-02 14:33:17,2026-04-02 14:40:57
4646,4835,2026-04-02 14:41:31,2026-04-02 14:55:41
4647,4836,2026-04-02 14:56:35,2026-04-02 15:06:13
4648,4837,2026-04-02 15:06:15,2026-04-02 15:19:31
4649,4838,2026-04-02 15:19:37,2026-04-02 15:23:53
4650,4839,2026-04-02 15:24:33,2026-04-02 15:28:33
4651,4840,2026-04-02 15:28:44,2026-04-02 15:34:09
4652,4841,2026-04-02 15:35:01,2026-04-02 15:40:03
4653,4842,2026-04-02 15:10:05,2026-04-02 15:17:16
4654,4843,2026-04-02 15:40:37,2026-04-02 15:50:40
4655,4844,2026-04-02 15:51:24,2026-04-02 15:57:20
4656,4845,2026-04-03 09:00:40,2026-04-03 09:14:11
4657,4846,2026-04-03 09:00:19,2026-04-03 09:05:06
4658,4847,2026-04-03 09:05:45,2026-04-03 09:11:45
4659,4848,2026-04-03 09:15:22,2026-04-03 09:26:06
4660,4849,2026-04-03 09:00:31,2026-04-03 09:04:21
4661,4850,2026-04-03 09:04:50,2026-04-03 09:19:18
4662,4851,2026-04-03 09:26:38,2026-04-03 09:36:11
4663,4852,2026-04-03 09:36:20,2026-04-03 09:45:06
4664,4854,2026-04-03 09:21:33,2026-04-03 09:25:26
4665,4855,2026-04-03 09:21:07,2026-04-03 09:27:17
4666,4856,2026-04-03 09:45:12,2026-04-03 09:55:25
4667,4857,2026-04-03 09:43:24,2026-04-03 09:51:49
4668,4858,2026-04-03 10:08:49,2026-04-03 10:14:44
4669,4859,2026-04-03 10:20:03,2026-04-03 10:28:13
4670,4860,2026-04-03 10:24:35,2026-04-03 10:31:07
4671,4861,2026-04-03 10:31:46,2026-04-03 10:44:44
4672,4862,2026-04-03 10:58:06,2026-04-03 11:07:53
4673,4863,2026-04-03 10:58:57,2026-04-03 11:08:40
4674,4864,2026-04-03 11:24:15,2026-04-03 11:30:17
4675,4865,2026-04-03 13:31:26,2026-04-03 13:35:50
4676,4866,2026-04-03 13:30:07,2026-04-03 13:39:49
4677,4867,2026-04-03 13:41:09,2026-04-03 13:46:55
4678,4868,2026-04-03 13:47:55,2026-04-03 13:58:46
4679,4869,2026-04-03 13:30:33,2026-04-03 13:34:21
4680,4870,2026-04-03 13:35:57,2026-04-03 13:43:16
4681,4871,2026-04-03 13:34:42,2026-04-03 13:40:18
4682,4872,2026-04-03 13:59:30,2026-04-03 14:13:39
4683,4873,2026-04-03 13:40:49,2026-04-03 13:48:10
4684,4874,2026-04-03 13:30:01,2026-04-03 13:37:30
4685,4875,2026-04-03 13:38:57,2026-04-03 13:47:40
4686,4876,2026-04-03 13:48:20,2026-04-03 14:01:47
4687,4877,2026-04-03 13:44:06,2026-04-03 13:49:10
4688,4878,2026-04-03 13:37:00,2026-04-03 13:41:16
4689,4879,2026-04-03 14:02:16,2026-04-03 14:08:37
4690,4880,2026-04-03 13:48:19,2026-04-03 13:58:11
4691,4881,2026-04-03 13:47:01,2026-04-03 13:51:11
4692,4882,2026-04-03 14:08:40,2026-04-03 14:16:29
4693,4883,2026-04-03 14:16:35,2026-04-03 14:22:55
4694,4884,2026-04-03 14:23:23,2026-04-03 14:31:08
4695,4885,2026-04-03 13:52:53,2026-04-03 14:04:56
4696,4886,2026-04-03 14:06:09,2026-04-03 14:18:27
4697,4887,2026-04-03 14:14:36,2026-04-03 14:29:09
4698,4888,2026-04-03 14:28:10,2026-04-03 14:33:58
4699,4889,2026-04-03 14:36:46,2026-04-03 14:50:14
4700,4890,2026-04-03 14:50:44,2026-04-03 15:01:41
4701,4891,2026-04-03 14:49:23,2026-04-03 14:54:48
4702,4892,2026-04-03 14:55:22,2026-04-03 15:02:05
4703,4893,2026-04-03 15:00:16,2026-04-03 15:09:20
4704,4894,2026-04-03 15:07:33,2026-04-03 15:20:08
4705,4895,2026-04-03 15:21:11,2026-04-03 15:29:51
4706,4896,2026-04-03 15:27:03,2026-04-03 15:33:18
4707,4897,2026-04-06 09:01:10,2026-04-06 09:14:12
4708,4898,2026-04-06 09:14:24,2026-04-06 09:26:40
4709,4899,2026-04-06 09:00:16,2026-04-06 09:06:34
4710,4900,2026-04-06 09:00:00,2026-04-06 09:09:32
4711,4901,2026-04-06 09:10:28,2026-04-06 09:22:14
4712,4902,2026-04-06 09:27:52,2026-04-06 09:33:28
4713,4903,2026-04-06 09:23:12,2026-04-06 09:27:31
4714,4904,2026-04-06 09:34:01,2026-04-06 09:47:49
4715,4905,2026-04-06 09:48:24,2026-04-06 09:52:26
4716,4906,2026-04-06 09:00:06,2026-04-06 09:04:43
4717,4907,2026-04-06 09:28:59,2026-04-06 09:34:07
4718,4908,2026-04-06 09:52:36,2026-04-06 10:00:04
4719,4909,2026-04-06 10:01:22,2026-04-06 10:08:10
4720,4910,2026-04-06 10:09:09,2026-04-06 10:16:53
4721,4911,2026-04-06 10:16:55,2026-04-06 10:31:53
4722,4912,2026-04-06 09:34:45,2026-04-06 09:39:32
4723,4913,2026-04-06 10:32:38,2026-04-06 10:39:43
4724,4914,2026-04-06 10:41:09,2026-04-06 10:56:03
4725,4915,2026-04-06 09:20:06,2026-04-06 09:34:42
4726,4916,2026-04-06 09:22:24,2026-04-06 09:35:57
4727,4917,2026-04-06 09:40:04,2026-04-06 09:51:27
4728,4918,2026-04-06 10:56:31,2026-04-06 11:05:37
4729,4919,2026-04-06 09:52:48,2026-04-06 10:01:55
4730,4920,2026-04-06 09:36:05,2026-04-06 09:43:06
4731,4921,2026-04-06 09:44:08,2026-04-06 09:51:05
4732,4922,2026-04-06 10:03:14,2026-04-06 10:09:05
4733,4923,2026-04-06 11:06:44,2026-04-06 11:15:20
4734,4924,2026-04-06 11:16:34,2026-04-06 11:21:15
4735,4925,2026-04-06 11:21:51,2026-04-06 11:34:59
4736,4926,2026-04-06 09:58:38,2026-04-06 10:06:10
4737,4927,2026-04-06 09:59:17,2026-04-06 10:10:28
4738,4928,2026-04-06 10:09:55,2026-04-06 10:19:06
4739,4929,2026-04-06 11:35:53,2026-04-06 11:47:07
4740,4930,2026-04-06 10:15:46,2026-04-06 10:20:21
4741,4931,2026-04-06 11:47:18,2026-04-06 11:58:13
4742,4932,2026-04-06 11:58:38,2026-04-06 12:08:58
4743,4933,2026-04-06 10:31:35,2026-04-06 10:45:42
4744,4934,2026-04-06 10:46:08,2026-04-06 10:52:58
4745,4935,2026-04-06 10:55:06,2026-04-06 11:07:20
4746,4937,2026-04-06 13:30:41,2026-04-06 13:41:15
4747,4938,2026-04-06 13:30:01,2026-04-06 13:42:55
4748,4939,2026-04-06 13:41:17,2026-04-06 13:49:12
4749,4940,2026-04-06 13:50:22,2026-04-06 14:00:22
4750,4941,2026-04-06 14:01:19,2026-04-06 14:09:11
4751,4942,2026-04-06 13:31:11,2026-04-06 13:38:17
4752,4944,2026-04-06 14:10:10,2026-04-06 14:24:54
4753,4945,2026-04-06 13:30:54,2026-04-06 13:36:01
4754,4946,2026-04-06 14:26:04,2026-04-06 14:37:15
4755,4948,2026-04-06 13:36:16,2026-04-06 13:43:31
4756,4949,2026-04-06 13:43:34,2026-04-06 13:51:19
4757,4950,2026-04-06 13:43:49,2026-04-06 13:54:00
4758,4951,2026-04-06 13:54:13,2026-04-06 14:06:29
4759,4952,2026-04-06 14:37:38,2026-04-06 14:43:18
4760,4953,2026-04-06 14:07:03,2026-04-06 14:15:28
4761,4954,2026-04-06 13:51:49,2026-04-06 13:56:20
4762,4955,2026-04-06 13:31:17,2026-04-06 13:45:26
4763,4956,2026-04-06 13:57:33,2026-04-06 14:08:56
4764,4957,2026-04-06 14:09:05,2026-04-06 14:18:15
4765,4958,2026-04-06 14:16:34,2026-04-06 14:22:41
4766,4959,2026-04-06 13:38:56,2026-04-06 13:50:47
4767,4961,2026-04-06 13:46:47,2026-04-06 13:57:58
4768,4962,2026-04-06 14:43:59,2026-04-06 14:57:49
4769,4964,2026-04-06 13:58:05,2026-04-06 14:06:32
4770,4965,2026-04-06 14:19:32,2026-04-06 14:31:02
4771,4966,2026-04-06 14:58:54,2026-04-06 15:06:47
4772,4967,2026-04-06 13:51:47,2026-04-06 14:03:24
4773,4968,2026-04-06 14:23:36,2026-04-06 14:31:08
4774,4969,2026-04-06 15:07:54,2026-04-06 15:18:34
4775,4970,2026-04-06 15:19:10,2026-04-06 15:24:09
4776,4971,2026-04-06 14:03:56,2026-04-06 14:08:48
4777,4972,2026-04-06 14:31:59,2026-04-06 14:39:21
4778,4973,2026-04-06 14:32:04,2026-04-06 14:38:19
4779,4974,2026-04-06 15:24:55,2026-04-06 15:39:04
4780,4975,2026-04-06 14:38:45,2026-04-06 14:46:15
4781,4976,2026-04-06 14:16:39,2026-04-06 14:22:28
4782,4977,2026-04-06 14:10:59,2026-04-06 14:16:42
4783,4978,2026-04-06 14:46:53,2026-04-06 15:01:41
4784,4979,2026-04-06 14:40:06,2026-04-06 14:51:31
4785,4980,2026-04-06 15:40:11,2026-04-06 15:46:24
4786,4981,2026-04-06 14:34:34,2026-04-06 14:48:12
4787,4982,2026-04-06 14:52:53,2026-04-06 14:59:05
4788,4983,2026-04-06 15:00:07,2026-04-06 15:12:45
4789,4984,2026-04-06 14:51:36,2026-04-06 15:06:00
4790,4985,2026-04-06 15:02:09,2026-04-06 15:06:49
4791,4986,2026-04-06 15:14:01,2026-04-06 15:18:08
4792,4987,2026-04-06 15:13:49,2026-04-06 15:28:24
4793,4988,2026-04-06 15:46:34,2026-04-06 15:59:48
4794,4989,2026-04-06 15:39:38,2026-04-06 15:48:43
4795,4990,2026-04-06 15:59:56,2026-04-06 16:03:48
4796,4991,2026-04-06 15:43:31,2026-04-06 15:57:17
4797,4992,2026-04-06 16:04:01,2026-04-06 16:15:34
4798,4993,2026-04-07 09:00:42,2026-04-07 09:06:37
4799,4994,2026-04-07 09:07:53,2026-04-07 09:16:01
4800,4995,2026-04-07 09:01:28,2026-04-07 09:08:10
4801,4996,2026-04-07 09:00:57,2026-04-07 09:08:29
4802,4997,2026-04-07 09:16:30,2026-04-07 09:20:30
4803,4998,2026-04-07 09:00:44,2026-04-07 09:03:56
4804,4999,2026-04-07 09:01:15,2026-04-07 09:07:11
4805,5000,2026-04-07 09:20:56,2026-04-07 09:33:56
4806,5001,2026-04-07 09:35:19,2026-04-07 09:50:04
4807,5002,2026-04-07 09:07:53,2026-04-07 09:21:16
4808,5003,2026-04-07 09:08:31,2026-04-07 09:13:53
4809,5004,2026-04-07 09:01:28,2026-04-07 09:14:08
4810,5005,2026-04-07 09:15:20,2026-04-07 09:26:44
4811,5006,2026-04-07 09:50:35,2026-04-07 09:54:49
4812,5007,2026-04-07 09:03:58,2026-04-07 09:12:04
4813,5008,2026-04-07 09:12:47,2026-04-07 09:21:11
4814,5009,2026-04-07 09:22:05,2026-04-07 09:36:40
4815,5010,2026-04-07 09:15:01,2026-04-07 09:23:14
4816,5011,2026-04-07 09:37:04,2026-04-07 09:40:36
4817,5012,2026-04-07 09:41:02,2026-04-07 09:44:35
4818,5013,2026-04-07 09:23:08,2026-04-07 09:28:06
4819,5014,2026-04-07 09:28:46,2026-04-07 09:32:11
4820,5015,2026-04-07 09:32:26,2026-04-07 09:40:49
4821,5016,2026-04-07 09:44:38,2026-04-07 09:48:53
4822,5017,2026-04-07 09:32:44,2026-04-07 09:37:21
4823,5018,2026-04-07 09:49:34,2026-04-07 10:03:32
4824,5019,2026-04-07 10:03:53,2026-04-07 10:07:03
4825,5020,2026-04-07 09:45:10,2026-04-07 09:54:04
4826,5021,2026-04-07 09:56:02,2026-04-07 09:59:16
4827,5023,2026-04-07 09:42:12,2026-04-07 09:49:12
4828,5024,2026-04-07 09:54:16,2026-04-07 10:06:14
4829,5025,2026-04-07 09:42:42,2026-04-07 09:52:08
4830,5026,2026-04-07 09:52:47,2026-04-07 10:00:52
4831,5027,2026-04-07 10:07:32,2026-04-07 10:18:38
4832,5028,2026-04-07 09:59:23,2026-04-07 10:06:43
4833,5029,2026-04-07 10:19:36,2026-04-07 10:32:03
4834,5030,2026-04-07 10:07:06,2026-04-07 10:12:35
4835,5031,2026-04-07 10:03:43,2026-04-07 10:18:10
4836,5032,2026-04-07 10:19:59,2026-04-07 10:23:47
4837,5033,2026-04-07 10:24:45,2026-04-07 10:27:46
4838,5034,2026-04-07 10:27:56,2026-04-07 10:36:33
4839,5035,2026-04-07 10:37:11,2026-04-07 10:46:25
4840,5036,2026-04-07 10:42:18,2026-04-07 10:47:56
4841,5037,2026-04-07 10:49:48,2026-04-07 10:55:01
4842,5038,2026-04-07 10:55:43,2026-04-07 11:02:03
4843,5039,2026-04-07 10:58:12,2026-04-07 11:01:48
4844,5040,2026-04-07 11:02:57,2026-04-07 11:06:03
4845,5042,2026-04-07 13:31:02,2026-04-07 13:43:06
4846,5043,2026-04-07 13:31:27,2026-04-07 13:44:49
4847,5044,2026-04-07 13:31:30,2026-04-07 13:37:23
4848,5045,2026-04-07 13:38:16,2026-04-07 13:45:13
4849,5046,2026-04-07 13:30:12,2026-04-07 13:42:08
4850,5047,2026-04-07 13:42:15,2026-04-07 13:53:10
4851,5048,2026-04-07 13:30:35,2026-04-07 13:43:04
4852,5049,2026-04-07 13:44:50,2026-04-07 13:55:54
4853,5050,2026-04-07 13:43:53,2026-04-07 13:54:19
4854,5051,2026-04-07 13:30:22,2026-04-07 13:41:47
4855,5052,2026-04-07 13:54:24,2026-04-07 14:00:48
4856,5053,2026-04-07 13:46:19,2026-04-07 13:51:27
4857,5054,2026-04-07 13:51:41,2026-04-07 14:00:53
4858,5055,2026-04-07 14:01:34,2026-04-07 14:06:38
4859,5056,2026-04-07 14:06:41,2026-04-07 14:13:55
4860,5057,2026-04-07 14:14:49,2026-04-07 14:29:25
4861,5058,2026-04-07 14:30:04,2026-04-07 14:42:55
4862,5059,2026-04-07 14:02:01,2026-04-07 14:12:21
4863,5060,2026-04-07 13:55:03,2026-04-07 14:04:00
4864,5061,2026-04-07 14:05:04,2026-04-07 14:17:32
4865,5062,2026-04-07 14:12:36,2026-04-07 14:16:16
4866,5063,2026-04-07 13:51:26,2026-04-07 14:02:31
4867,5064,2026-04-07 14:17:37,2026-04-07 14:30:09
4868,5065,2026-04-07 14:10:00,2026-04-07 14:14:35
4869,5066,2026-04-07 14:17:21,2026-04-07 14:24:43
4870,5067,2026-04-07 14:31:33,2026-04-07 14:38:43
4871,5068,2026-04-07 14:40:07,2026-04-07 14:49:49
4872,5069,2026-04-07 14:22:37,2026-04-07 14:26:57
4873,5070,2026-04-07 14:21:48,2026-04-07 14:31:13
4874,5071,2026-04-07 14:33:03,2026-04-07 14:39:33
4875,5072,2026-04-07 14:29:43,2026-04-07 14:40:17
4876,5073,2026-04-07 14:50:16,2026-04-07 14:53:46
4877,5074,2026-04-07 14:42:58,2026-04-07 14:48:16
4878,5075,2026-04-07 14:47:35,2026-04-07 14:51:23
4879,5076,2026-04-07 15:03:51,2026-04-07 15:12:37
4880,5077,2026-04-07 15:23:01,2026-04-07 15:37:59
4881,5078,2026-04-07 15:29:29,2026-04-07 15:44:08
4882,5079,2026-04-07 15:34:00,2026-04-07 15:37:46
4883,5080,2026-04-07 15:46:05,2026-04-07 15:50:40
4884,5081,2026-04-08 09:00:18,2026-04-08 09:09:04
4885,5082,2026-04-08 09:01:27,2026-04-08 09:07:28
4886,5083,2026-04-08 09:00:15,2026-04-08 09:12:02
4887,5085,2026-04-08 09:00:38,2026-04-08 09:09:32
4888,5086,2026-04-08 09:10:20,2026-04-08 09:24:47
4889,5087,2026-04-08 09:12:27,2026-04-08 09:26:37
4890,5088,2026-04-08 09:09:44,2026-04-08 09:18:28
4891,5089,2026-04-08 09:27:33,2026-04-08 09:33:48
4892,5090,2026-04-08 09:18:40,2026-04-08 09:28:43
4893,5091,2026-04-08 09:29:11,2026-04-08 09:40:08
4894,5092,2026-04-08 09:25:45,2026-04-08 09:29:04
4895,5093,2026-04-08 09:34:34,2026-04-08 09:44:02
4896,5094,2026-04-08 09:30:05,2026-04-08 09:38:08
4897,5095,2026-04-08 09:44:59,2026-04-08 09:48:21
4898,5096,2026-04-08 09:41:00,2026-04-08 09:49:34
4899,5097,2026-04-08 09:50:52,2026-04-08 09:55:43
4900,5098,2026-04-08 09:38:59,2026-04-08 09:45:28
4901,5099,2026-04-08 09:55:56,2026-04-08 09:59:10
4902,5100,2026-04-08 09:45:30,2026-04-08 09:52:25
4903,5101,2026-04-08 09:59:41,2026-04-08 10:09:23
4904,5102,2026-04-08 09:53:00,2026-04-08 09:57:29
4905,5103,2026-04-08 09:58:04,2026-04-08 10:02:38
4906,5104,2026-04-08 10:10:07,2026-04-08 10:15:15
4907,5105,2026-04-08 09:31:18,2026-04-08 09:42:08
4908,5106,2026-04-08 10:16:38,2026-04-08 10:27:18
4909,5107,2026-04-08 10:27:34,2026-04-08 10:33:53
4910,5108,2026-04-08 10:03:58,2026-04-08 10:18:13
4911,5109,2026-04-08 10:34:11,2026-04-08 10:48:24
4912,5110,2026-04-08 09:54:15,2026-04-08 10:00:35
4913,5111,2026-04-08 10:49:38,2026-04-08 10:55:40
4914,5112,2026-04-08 10:55:48,2026-04-08 11:02:12
4915,5113,2026-04-08 13:31:10,2026-04-08 13:34:53
4916,5114,2026-04-08 13:35:19,2026-04-08 13:46:14
4917,5115,2026-04-08 13:47:27,2026-04-08 13:58:36
4918,5116,2026-04-08 13:31:14,2026-04-08 13:43:19
4919,5117,2026-04-08 13:43:56,2026-04-08 13:48:59
4920,5118,2026-04-08 13:31:27,2026-04-08 13:41:35
4921,5119,2026-04-08 13:59:27,2026-04-08 14:06:13
4922,5121,2026-04-08 13:50:41,2026-04-08 13:58:27
4923,5122,2026-04-08 14:06:50,2026-04-08 14:15:29
4924,5123,2026-04-08 13:58:32,2026-04-08 14:07:49
4925,5124,2026-04-08 14:08:38,2026-04-08 14:20:43
4926,5125,2026-04-08 14:15:43,2026-04-08 14:23:47
4927,5126,2026-04-08 14:21:10,2026-04-08 14:32:32
4928,5127,2026-04-08 14:24:12,2026-04-08 14:29:10
4929,5128,2026-04-08 14:33:50,2026-04-08 14:44:50
4930,5129,2026-04-08 15:04:35,2026-04-08 15:10:21
4931,5130,2026-04-08 15:20:36,2026-04-08 15:26:10
4932,5131,2026-04-08 15:27:12,2026-04-08 15:35:50
4933,5132,2026-04-09 09:00:12,2026-04-09 09:06:00
4934,5133,2026-04-09 09:06:45,2026-04-09 09:13:47
4935,5134,2026-04-09 09:00:04,2026-04-09 09:14:29
4936,5135,2026-04-09 09:00:01,2026-04-09 09:03:50
4937,5136,2026-04-09 09:04:16,2026-04-09 09:12:59
4938,5137,2026-04-09 09:14:13,2026-04-09 09:25:23
4939,5138,2026-04-09 09:14:55,2026-04-09 09:29:41
4940,5139,2026-04-09 09:30:05,2026-04-09 09:34:51
4941,5140,2026-04-09 09:36:10,2026-04-09 09:42:45
4942,5141,2026-04-09 09:15:26,2026-04-09 09:22:17
4943,5142,2026-04-09 09:00:49,2026-04-09 09:08:52
4944,5143,2026-04-09 09:01:16,2026-04-09 09:07:11
4945,5144,2026-04-09 09:23:08,2026-04-09 09:27:47
4946,5145,2026-04-09 09:43:55,2026-04-09 09:58:20
4947,5146,2026-04-09 09:28:42,2026-04-09 09:39:59
4948,5147,2026-04-09 09:59:29,2026-04-09 10:03:29
4949,5148,2026-04-09 09:25:52,2026-04-09 09:38:32
4950,5149,2026-04-09 09:41:19,2026-04-09 09:45:37
4951,5150,2026-04-09 10:04:57,2026-04-09 10:10:08
4952,5151,2026-04-09 09:10:09,2026-04-09 09:16:29
4953,5152,2026-04-09 09:46:20,2026-04-09 09:49:51
4954,5153,2026-04-09 10:10:47,2026-04-09 10:19:21
4955,5154,2026-04-09 09:38:51,2026-04-09 09:43:13
4956,5155,2026-04-09 10:19:32,2026-04-09 10:29:54
4957,5156,2026-04-09 09:43:20,2026-04-09 09:50:02
4958,5157,2026-04-09 09:17:31,2026-04-09 09:22:50
4959,5158,2026-04-09 09:50:24,2026-04-09 09:54:39
4960,5159,2026-04-09 09:22:50,2026-04-09 09:37:34
4961,5160,2026-04-09 09:55:14,2026-04-09 10:00:16
4962,5161,2026-04-09 10:01:31,2026-04-09 10:10:13
4963,5162,2026-04-09 09:50:04,2026-04-09 09:58:28
4964,5163,2026-04-09 09:59:24,2026-04-09 10:08:53
4965,5164,2026-04-09 10:11:39,2026-04-09 10:19:25
4966,5165,2026-04-09 10:20:38,2026-04-09 10:24:59
4967,5166,2026-04-09 10:25:55,2026-04-09 10:38:50
4968,5167,2026-04-09 10:38:50,2026-04-09 10:44:05
4969,5168,2026-04-09 10:44:13,2026-04-09 10:48:46
4970,5169,2026-04-09 10:27:21,2026-04-09 10:32:09
4971,5170,2026-04-09 10:49:01,2026-04-09 10:52:18
4972,5171,2026-04-09 10:42:37,2026-04-09 10:45:37
4973,5172,2026-04-09 10:49:40,2026-04-09 10:57:17
4974,5173,2026-04-09 10:56:29,2026-04-09 11:02:41
4975,5174,2026-04-09 11:00:25,2026-04-09 11:11:24
4976,5175,2026-04-09 11:06:19,2026-04-09 11:11:22
4977,5176,2026-04-09 13:30:15,2026-04-09 13:45:15
4978,5177,2026-04-09 13:45:16,2026-04-09 13:48:47
4979,5178,2026-04-09 13:49:59,2026-04-09 13:56:18
4980,5179,2026-04-09 13:31:22,2026-04-09 13:38:59
4981,5180,2026-04-09 13:57:36,2026-04-09 14:11:25
4982,5181,2026-04-09 14:11:28,2026-04-09 14:20:08
4983,5183,2026-04-09 14:20:59,2026-04-09 14:24:03
4984,5184,2026-04-09 14:24:18,2026-04-09 14:28:32
4985,5185,2026-04-09 13:31:25,2026-04-09 13:43:49
4986,5186,2026-04-09 14:30:00,2026-04-09 14:40:24
4987,5187,2026-04-09 13:39:33,2026-04-09 13:44:16
4988,5188,2026-04-09 13:30:08,2026-04-09 13:36:59
4989,5189,2026-04-09 14:40:51,2026-04-09 14:51:47
4990,5190,2026-04-09 13:44:44,2026-04-09 13:57:05
4991,5191,2026-04-09 13:45:11,2026-04-09 13:52:43
4992,5193,2026-04-09 13:57:17,2026-04-09 14:03:42
4993,5194,2026-04-09 14:04:24,2026-04-09 14:15:52
4994,5195,2026-04-09 13:52:47,2026-04-09 13:56:39
4995,5197,2026-04-09 14:52:19,2026-04-09 14:55:35
4996,5198,2026-04-09 14:56:50,2026-04-09 15:00:19
4997,5199,2026-04-09 15:00:54,2026-04-09 15:04:45
4998,5200,2026-04-09 14:16:09,2026-04-09 14:19:18
4999,5201,2026-04-09 14:19:19,2026-04-09 14:24:51
5000,5203,2026-04-09 14:06:05,2026-04-09 14:20:04
5001,5204,2026-04-09 14:13:15,2026-04-09 14:18:42
5002,5206,2026-04-09 15:05:13,2026-04-09 15:13:52
5003,5207,2026-04-09 14:26:15,2026-04-09 14:32:46
5004,5208,2026-04-09 15:15:10,2026-04-09 15:20:48
5005,5209,2026-04-09 15:21:53,2026-04-09 15:25:46
5006,5210,2026-04-09 14:51:09,2026-04-09 15:01:53
5007,5211,2026-04-09 15:04:18,2026-04-09 15:07:41
5008,5212,2026-04-09 15:26:01,2026-04-09 15:29:12
5009,5213,2026-04-09 15:17:15,2026-04-09 15:21:04
5010,5214,2026-04-09 15:43:56,2026-04-09 15:51:25
5011,5215,2026-04-10 09:00:15,2026-04-10 09:15:06
5012,5216,2026-04-10 09:16:20,2026-04-10 09:23:37
5013,5217,2026-04-10 09:00:17,2026-04-10 09:05:56
5014,5218,2026-04-10 09:00:55,2026-04-10 09:09:10
5015,5219,2026-04-10 09:24:26,2026-04-10 09:31:12
5016,5220,2026-04-10 09:32:29,2026-04-10 09:39:36
5017,5221,2026-04-10 09:40:50,2026-04-10 09:48:30
5018,5223,2026-04-10 09:49:31,2026-04-10 10:00:47
5019,5224,2026-04-10 09:33:21,2026-04-10 09:44:19
5020,5226,2026-04-10 10:01:38,2026-04-10 10:09:49
5021,5227,2026-04-10 10:09:50,2026-04-10 10:14:40
5022,5228,2026-04-10 10:17:19,2026-04-10 10:23:57
5023,5229,2026-04-10 10:25:23,2026-04-10 10:32:55
5024,5230,2026-04-10 10:28:23,2026-04-10 10:33:55
5025,5231,2026-04-10 13:31:11,2026-04-10 13:37:13
5026,5232,2026-04-10 13:31:05,2026-04-10 13:44:19
5027,5233,2026-04-10 13:37:25,2026-04-10 13:41:12
5028,5234,2026-04-10 13:44:30,2026-04-10 13:59:20
5029,5235,2026-04-10 13:31:12,2026-04-10 13:45:15
5030,5236,2026-04-10 14:00:31,2026-04-10 14:04:33
5031,5237,2026-04-10 13:31:28,2026-04-10 13:35:29
5032,5238,2026-04-10 13:35:30,2026-04-10 13:47:27
5033,5239,2026-04-10 13:50:11,2026-04-10 14:04:10
5034,5240,2026-04-10 13:52:11,2026-04-10 14:02:41
5035,5241,2026-04-10 14:04:56,2026-04-10 14:17:59
5036,5242,2026-04-10 13:56:27,2026-04-10 14:09:53
5037,5243,2026-04-10 14:19:05,2026-04-10 14:24:18
5038,5245,2026-04-10 14:29:58,2026-04-10 14:41:55
5039,5246,2026-04-10 14:48:39,2026-04-10 15:00:51
5040,5248,2026-04-10 15:19:25,2026-04-10 15:25:42
5041,5249,2026-04-10 15:34:52,2026-04-10 15:43:29
5042,5250,2026-04-13 09:01:13,2026-04-13 09:10:12
5043,5251,2026-04-13 09:01:17,2026-04-13 09:11:47
5044,5252,2026-04-13 09:00:47,2026-04-13 09:13:55
5045,5253,2026-04-13 09:15:06,2026-04-13 09:22:56
5046,5254,2026-04-13 09:12:02,2026-04-13 09:24:25
5047,5255,2026-04-13 09:25:52,2026-04-13 09:29:15
5048,5256,2026-04-13 09:11:32,2026-04-13 09:22:51
5049,5257,2026-04-13 09:29:50,2026-04-13 09:35:54
5050,5258,2026-04-13 09:01:13,2026-04-13 09:04:41
5051,5259,2026-04-13 09:23:07,2026-04-13 09:31:39
5052,5260,2026-04-13 09:05:06,2026-04-13 09:08:12
5053,5261,2026-04-13 09:36:05,2026-04-13 09:47:49
5054,5262,2026-04-13 09:00:16,2026-04-13 09:06:14
5055,5263,2026-04-13 09:07:29,2026-04-13 09:11:50
5056,5264,2026-04-13 09:08:42,2026-04-13 09:13:01
5057,5265,2026-04-13 09:32:26,2026-04-13 09:38:15
5058,5266,2026-04-13 09:13:56,2026-04-13 09:22:54
5059,5268,2026-04-13 09:23:05,2026-04-13 09:31:36
5060,5269,2026-04-13 09:38:31,2026-04-13 09:45:01
5061,5270,2026-04-13 09:46:11,2026-04-13 09:55:08
5062,5271,2026-04-13 09:56:02,2026-04-13 10:04:31
5063,5272,2026-04-13 09:48:22,2026-04-13 09:53:48
5064,5273,2026-04-13 09:26:41,2026-04-13 09:32:36
5065,5274,2026-04-13 10:05:19,2026-04-13 10:12:54
5066,5275,2026-04-13 10:13:22,2026-04-13 10:19:47
5067,5276,2026-04-13 09:36:00,2026-04-13 09:39:11
5068,5277,2026-04-13 09:41:48,2026-04-13 09:54:19
5069,5278,2026-04-13 10:01:02,2026-04-13 10:07:35
5070,5279,2026-04-13 10:06:54,2026-04-13 10:10:59
5071,5280,2026-04-13 10:20:34,2026-04-13 10:27:16
5072,5281,2026-04-13 10:24:49,2026-04-13 10:28:29
5073,5282,2026-04-13 10:24:05,2026-04-13 10:28:45
5074,5283,2026-04-13 11:01:35,2026-04-13 11:10:38
5075,5284,2026-04-13 13:31:26,2026-04-13 13:39:49
5076,5285,2026-04-13 13:41:10,2026-04-13 13:52:08
5077,5286,2026-04-13 13:30:28,2026-04-13 13:38:28
5078,5287,2026-04-13 13:39:08,2026-04-13 13:43:42
5079,5288,2026-04-13 13:30:20,2026-04-13 13:42:32
5080,5289,2026-04-13 13:30:05,2026-04-13 13:37:49
5081,5290,2026-04-13 13:52:13,2026-04-13 13:59:27
5082,5292,2026-04-13 13:44:03,2026-04-13 13:47:13
5083,5293,2026-04-13 13:48:07,2026-04-13 13:52:17
5084,5294,2026-04-13 13:38:36,2026-04-13 13:50:32
5085,5295,2026-04-13 13:52:37,2026-04-13 13:56:21
5086,5296,2026-04-13 13:57:22,2026-04-13 14:00:31
5087,5297,2026-04-13 13:59:59,2026-04-13 14:06:38
5088,5298,2026-04-13 14:00:33,2026-04-13 14:04:16
5089,5299,2026-04-13 13:30:44,2026-04-13 13:41:14
5090,5300,2026-04-13 14:04:50,2026-04-13 14:15:25
5091,5301,2026-04-13 14:16:49,2026-04-13 14:28:47
5092,5302,2026-04-13 13:51:37,2026-04-13 14:02:34
5093,5304,2026-04-13 13:43:47,2026-04-13 13:49:11
5094,5305,2026-04-13 13:50:11,2026-04-13 13:55:28
5095,5306,2026-04-13 14:07:58,2026-04-13 14:17:10
5096,5307,2026-04-13 14:30:02,2026-04-13 14:36:55
5097,5308,2026-04-13 14:37:52,2026-04-13 14:47:09
5098,5309,2026-04-13 14:03:58,2026-04-13 14:12:21
5099,5310,2026-04-13 14:18:06,2026-04-13 14:25:19
5100,5311,2026-04-13 14:26:16,2026-04-13 14:29:46
5101,5312,2026-04-13 13:56:10,2026-04-13 13:59:26
5102,5313,2026-04-13 14:12:40,2026-04-13 14:22:30
5103,5314,2026-04-13 14:30:59,2026-04-13 14:44:18
5104,5315,2026-04-13 14:00:30,2026-04-13 14:05:59
5105,5316,2026-04-13 14:06:13,2026-04-13 14:10:25
5106,5317,2026-04-13 14:11:54,2026-04-13 14:19:45
5107,5318,2026-04-13 13:59:17,2026-04-13 14:05:43
5108,5319,2026-04-13 14:20:24,2026-04-13 14:26:46
5109,5320,2026-04-13 14:28:10,2026-04-13 14:31:48
5110,5321,2026-04-13 14:47:16,2026-04-13 14:56:39
5111,5322,2026-04-13 14:44:19,2026-04-13 14:51:22
5112,5323,2026-04-13 14:11:27,2026-04-13 14:14:50
5113,5324,2026-04-13 14:32:33,2026-04-13 14:45:07
5114,5325,2026-04-13 14:52:41,2026-04-13 14:57:33
5115,5326,2026-04-13 14:57:34,2026-04-13 15:02:04
5116,5327,2026-04-13 14:59:00,2026-04-13 15:03:50
5117,5328,2026-04-13 15:04:01,2026-04-13 15:15:18
5118,5329,2026-04-13 14:45:30,2026-04-13 15:00:20
5119,5330,2026-04-13 15:15:21,2026-04-13 15:26:15
5120,5331,2026-04-13 15:01:34,2026-04-13 15:15:44
5121,5333,2026-04-13 15:03:31,2026-04-13 15:17:41
5122,5334,2026-04-13 15:18:08,2026-04-13 15:29:33
5123,5335,2026-04-13 15:30:17,2026-04-13 15:44:45
5124,5336,2026-04-13 15:45:17,2026-04-13 15:55:19
5125,5337,2026-04-13 15:16:11,2026-04-13 15:27:54
5126,5338,2026-04-13 15:33:24,2026-04-13 15:40:40
5127,5339,2026-04-14 09:00:34,2026-04-14 09:12:52
5128,5340,2026-04-14 09:01:12,2026-04-14 09:13:47
5129,5341,2026-04-14 09:01:24,2026-04-14 09:11:24
5130,5342,2026-04-14 09:00:52,2026-04-14 09:10:08
5131,5343,2026-04-14 09:12:05,2026-04-14 09:24:37
5132,5344,2026-04-14 09:01:14,2026-04-14 09:04:45
5133,5345,2026-04-14 09:13:55,2026-04-14 09:17:04
5134,5346,2026-04-14 09:15:02,2026-04-14 09:20:12
5135,5347,2026-04-14 09:20:49,2026-04-14 09:32:50
5136,5348,2026-04-14 09:33:47,2026-04-14 09:39:59
5137,5349,2026-04-14 09:17:05,2026-04-14 09:24:05
5138,5350,2026-04-14 09:24:33,2026-04-14 09:35:39
5139,5351,2026-04-14 09:25:15,2026-04-14 09:37:31
5140,5352,2026-04-14 09:35:43,2026-04-14 09:47:17
5141,5353,2026-04-14 09:47:33,2026-04-14 09:56:39
5142,5354,2026-04-14 09:56:39,2026-04-14 10:08:48
5143,5355,2026-04-14 09:40:46,2026-04-14 09:44:36
5144,5357,2026-04-14 10:09:06,2026-04-14 10:12:30
5145,5358,2026-04-14 09:25:21,2026-04-14 09:29:27
5146,5359,2026-04-14 09:24:15,2026-04-14 09:38:45
5147,5360,2026-04-14 10:12:31,2026-04-14 10:18:58
5148,5362,2026-04-14 09:45:26,2026-04-14 09:53:02
5149,5363,2026-04-14 09:37:32,2026-04-14 09:42:08
5150,5364,2026-04-14 09:53:15,2026-04-14 09:56:52
5151,5365,2026-04-14 10:19:37,2026-04-14 10:29:31
5152,5366,2026-04-14 10:29:33,2026-04-14 10:34:23
5153,5367,2026-04-14 09:54:57,2026-04-14 10:02:53
5154,5368,2026-04-14 09:57:51,2026-04-14 10:08:16
5155,5369,2026-04-14 10:13:03,2026-04-14 10:17:46
5156,5370,2026-04-14 10:34:48,2026-04-14 10:47:50
5157,5371,2026-04-14 10:09:45,2026-04-14 10:20:25
5158,5372,2026-04-14 10:49:14,2026-04-14 11:00:09
5159,5373,2026-04-14 10:23:31,2026-04-14 10:28:15
5160,5374,2026-04-14 10:26:18,2026-04-14 10:38:20
5161,5375,2026-04-14 10:40:04,2026-04-14 10:45:16
5162,5376,2026-04-14 10:48:44,2026-04-14 11:00:19
5163,5377,2026-04-14 11:01:38,2026-04-14 11:08:02
5164,5378,2026-04-14 13:31:00,2026-04-14 13:38:55
5165,5380,2026-04-14 13:39:29,2026-04-14 13:44:58
5166,5381,2026-04-14 13:30:09,2026-04-14 13:42:22
5167,5382,2026-04-14 13:46:12,2026-04-14 13:53:57
5168,5383,2026-04-14 13:54:48,2026-04-14 14:01:52
5169,5384,2026-04-14 13:30:03,2026-04-14 13:35:35
5170,5385,2026-04-14 13:31:24,2026-04-14 13:40:02
5171,5386,2026-04-14 13:30:32,2026-04-14 13:44:59
5172,5387,2026-04-14 14:02:36,2026-04-14 14:06:50
5173,5388,2026-04-14 13:31:27,2026-04-14 13:34:32
5174,5389,2026-04-14 13:42:28,2026-04-14 13:51:15
5175,5390,2026-04-14 13:36:51,2026-04-14 13:41:47
5176,5391,2026-04-14 13:43:01,2026-04-14 13:53:22
5177,5392,2026-04-14 13:53:50,2026-04-14 14:08:12
5178,5393,2026-04-14 14:07:36,2026-04-14 14:12:26
5179,5394,2026-04-14 14:09:01,2026-04-14 14:13:47
5180,5395,2026-04-14 13:51:55,2026-04-14 13:55:06
5181,5396,2026-04-14 13:36:26,2026-04-14 13:42:18
5182,5397,2026-04-14 14:12:41,2026-04-14 14:26:41
5183,5398,2026-04-14 14:27:14,2026-04-14 14:39:17
5184,5399,2026-04-14 13:56:11,2026-04-14 14:04:52
5185,5400,2026-04-14 14:05:35,2026-04-14 14:15:57
5186,5401,2026-04-14 14:40:21,2026-04-14 14:43:30
5187,5402,2026-04-14 14:16:23,2026-04-14 14:22:58
5188,5403,2026-04-14 13:51:03,2026-04-14 13:58:54
5189,5404,2026-04-14 13:54:40,2026-04-14 14:05:40
5190,5406,2026-04-14 14:44:05,2026-04-14 14:55:16
5191,5407,2026-04-14 14:14:45,2026-04-14 14:22:36
5192,5408,2026-04-14 14:55:25,2026-04-14 15:09:46
5193,5409,2026-04-14 14:05:57,2026-04-14 14:19:04
5194,5410,2026-04-14 15:10:00,2026-04-14 15:19:42
5195,5411,2026-04-14 15:20:46,2026-04-14 15:28:46
5196,5413,2026-04-14 14:22:41,2026-04-14 14:32:53
5197,5414,2026-04-14 15:29:32,2026-04-14 15:35:02
5198,5415,2026-04-14 14:07:17,2026-04-14 14:13:52
5199,5416,2026-04-14 14:15:05,2026-04-14 14:18:12
5200,5417,2026-04-14 14:33:35,2026-04-14 14:41:54
5201,5418,2026-04-14 15:36:02,2026-04-14 15:41:52
5202,5419,2026-04-14 15:42:12,2026-04-14 15:50:04
5203,5420,2026-04-14 14:30:51,2026-04-14 14:41:52
5204,5421,2026-04-14 14:42:12,2026-04-14 14:54:42
5205,5422,2026-04-14 14:35:42,2026-04-14 14:46:19
5206,5423,2026-04-14 14:41:54,2026-04-14 14:52:12
5207,5424,2026-04-14 14:53:19,2026-04-14 15:07:34
5208,5425,2026-04-14 14:48:03,2026-04-14 14:53:59
5209,5426,2026-04-14 14:55:50,2026-04-14 15:01:17
5210,5428,2026-04-14 15:51:21,2026-04-14 16:04:09
5211,5429,2026-04-14 16:04:42,2026-04-14 16:11:56
5212,5430,2026-04-14 15:02:06,2026-04-14 15:05:16
5213,5431,2026-04-14 15:26:37,2026-04-14 15:35:23
5214,5432,2026-04-14 15:36:04,2026-04-14 15:41:57
5215,5433,2026-04-14 15:43:01,2026-04-14 15:52:14
5216,5434,2026-04-15 09:00:17,2026-04-15 09:05:09
5217,5435,2026-04-15 09:00:45,2026-04-15 09:04:26
5218,5436,2026-04-15 09:04:40,2026-04-15 09:16:28
5219,5437,2026-04-15 09:01:03,2026-04-15 09:13:36
5220,5438,2026-04-15 09:00:28,2026-04-15 09:06:18
5221,5439,2026-04-15 09:13:53,2026-04-15 09:26:53
5222,5440,2026-04-15 09:17:40,2026-04-15 09:27:14
5223,5441,2026-04-15 09:27:43,2026-04-15 09:34:38
5224,5443,2026-04-15 09:34:48,2026-04-15 09:46:20
5225,5444,2026-04-15 09:46:47,2026-04-15 09:53:01
5226,5445,2026-04-15 09:19:31,2026-04-15 09:33:17
5227,5446,2026-04-15 09:33:27,2026-04-15 09:48:08
5228,5448,2026-04-15 09:53:54,2026-04-15 09:59:40
5229,5449,2026-04-15 09:39:16,2026-04-15 09:42:27
5230,5450,2026-04-15 09:49:13,2026-04-15 10:03:01
5231,5451,2026-04-15 10:11:02,2026-04-15 10:14:18
5232,5452,2026-04-15 10:18:22,2026-04-15 10:24:04
5233,5453,2026-04-15 10:31:05,2026-04-15 10:40:59
5234,5454,2026-04-15 10:31:11,2026-04-15 10:35:13
5235,5455,2026-04-15 10:56:02,2026-04-15 11:07:03
5236,5456,2026-04-15 11:15:02,2026-04-15 11:20:48
5237,5457,2026-04-15 13:30:14,2026-04-15 13:38:05
5238,5458,2026-04-15 13:30:34,2026-04-15 13:41:01
5239,5459,2026-04-15 13:38:37,2026-04-15 13:52:33
5240,5460,2026-04-15 13:53:13,2026-04-15 13:56:39
5241,5461,2026-04-15 13:41:53,2026-04-15 13:46:16
5242,5462,2026-04-15 13:36:23,2026-04-15 13:41:10
5243,5464,2026-04-15 14:01:31,2026-04-15 14:09:50
5244,5465,2026-04-15 14:10:51,2026-04-15 14:18:07
5245,5466,2026-04-15 14:18:08,2026-04-15 14:31:49
5246,5467,2026-04-15 14:17:13,2026-04-15 14:20:20
5247,5468,2026-04-15 14:21:33,2026-04-15 14:36:18
5248,5469,2026-04-15 14:32:42,2026-04-15 14:37:50
5249,5471,2026-04-15 14:38:40,2026-04-15 14:45:26
5250,5472,2026-04-15 14:46:30,2026-04-15 14:52:31
5251,5473,2026-04-15 14:53:46,2026-04-15 15:07:37
5252,5474,2026-04-15 14:36:55,2026-04-15 14:40:24
5253,5475,2026-04-15 14:40:34,2026-04-15 14:43:47
5254,5476,2026-04-15 15:05:04,2026-04-15 15:19:39
5255,5477,2026-04-15 15:19:51,2026-04-15 15:33:34
5256,5478,2026-04-16 09:01:16,2026-04-16 09:06:18
5257,5479,2026-04-16 09:00:57,2026-04-16 09:07:57
5258,5480,2026-04-16 09:07:57,2026-04-16 09:20:18
5259,5481,2026-04-16 09:01:14,2026-04-16 09:10:21
5260,5482,2026-04-16 09:10:53,2026-04-16 09:14:12
5261,5483,2026-04-16 09:06:40,2026-04-16 09:12:44
5262,5484,2026-04-16 09:13:43,2026-04-16 09:24:31
5263,5485,2026-04-16 09:25:27,2026-04-16 09:29:01
5264,5486,2026-04-16 09:00:03,2026-04-16 09:03:25
5265,5487,2026-04-16 09:20:23,2026-04-16 09:27:25
5266,5488,2026-04-16 09:29:37,2026-04-16 09:37:29
5267,5489,2026-04-16 09:15:12,2026-04-16 09:21:19
5268,5491,2026-04-16 09:28:34,2026-04-16 09:38:23
5269,5492,2026-04-16 09:39:06,2026-04-16 09:50:25
5270,5493,2026-04-16 09:38:03,2026-04-16 09:50:15
5271,5494,2026-04-16 09:50:30,2026-04-16 10:00:24
5272,5495,2026-04-16 09:50:31,2026-04-16 10:01:41
5273,5499,2026-04-16 09:29:40,2026-04-16 09:36:52
5274,5500,2026-04-16 10:02:09,2026-04-16 10:12:56
5275,5501,2026-04-16 10:13:23,2026-04-16 10:26:17
5276,5502,2026-04-16 09:37:07,2026-04-16 09:40:23
5277,5503,2026-04-16 09:42:14,2026-04-16 09:47:21
5278,5504,2026-04-16 09:52:23,2026-04-16 10:06:15
5279,5505,2026-04-16 10:07:37,2026-04-16 10:14:54
5280,5506,2026-04-16 10:01:30,2026-04-16 10:11:02
5281,5507,2026-04-16 10:11:11,2026-04-16 10:19:29
5282,5508,2026-04-16 09:58:33,2026-04-16 10:04:14
5283,5509,2026-04-16 10:15:43,2026-04-16 10:23:20
5284,5511,2026-04-16 10:20:56,2026-04-16 10:28:00
5285,5512,2026-04-16 10:30:07,2026-04-16 10:42:44
5286,5513,2026-04-16 10:33:17,2026-04-16 10:36:35
5287,5514,2026-04-16 10:36:46,2026-04-16 10:47:08
5288,5515,2026-04-16 10:43:28,2026-04-16 10:56:26
5289,5516,2026-04-16 10:40:55,2026-04-16 10:45:07
5290,5517,2026-04-16 10:48:18,2026-04-16 11:01:28
5291,5518,2026-04-16 13:30:34,2026-04-16 13:33:41
5292,5519,2026-04-16 13:34:59,2026-04-16 13:47:33
5293,5520,2026-04-16 13:30:29,2026-04-16 13:42:56
5294,5521,2026-04-16 13:31:06,2026-04-16 13:38:55
5295,5522,2026-04-16 13:43:09,2026-04-16 13:55:17
5296,5523,2026-04-16 13:30:43,2026-04-16 13:40:49
5297,5524,2026-04-16 13:30:40,2026-04-16 13:34:13
5298,5525,2026-04-16 13:35:17,2026-04-16 13:42:38
5299,5526,2026-04-16 13:55:59,2026-04-16 14:05:38
5300,5527,2026-04-16 13:42:39,2026-04-16 13:52:39
5301,5528,2026-04-16 13:48:15,2026-04-16 13:58:00
5302,5529,2026-04-16 13:58:03,2026-04-16 14:02:36
5303,5531,2026-04-16 14:03:42,2026-04-16 14:13:25
5304,5532,2026-04-16 14:13:43,2026-04-16 14:22:38
5305,5533,2026-04-16 14:06:21,2026-04-16 14:13:21
5306,5534,2026-04-16 13:52:40,2026-04-16 13:56:27
5307,5535,2026-04-16 13:40:43,2026-04-16 13:52:27
5308,5536,2026-04-16 14:23:09,2026-04-16 14:29:20
5309,5537,2026-04-16 14:29:45,2026-04-16 14:36:18
5310,5538,2026-04-16 14:37:00,2026-04-16 14:43:00
5311,5539,2026-04-16 14:14:19,2026-04-16 14:28:21
5312,5540,2026-04-16 14:43:19,2026-04-16 14:46:37
5313,5541,2026-04-16 14:48:06,2026-04-16 14:51:45
5314,5542,2026-04-16 14:11:12,2026-04-16 14:23:57
5315,5543,2026-04-16 14:24:27,2026-04-16 14:35:27
5316,5544,2026-04-16 14:29:39,2026-04-16 14:34:19
5317,5545,2026-04-16 14:36:21,2026-04-16 14:47:35
5318,5546,2026-04-16 14:52:21,2026-04-16 14:57:04
5319,5547,2026-04-16 14:57:40,2026-04-16 15:07:47
5320,5548,2026-04-16 14:34:41,2026-04-16 14:40:32
5321,5549,2026-04-16 14:41:05,2026-04-16 14:50:58
5322,5550,2026-04-16 15:08:45,2026-04-16 15:18:33
5323,5551,2026-04-16 14:52:16,2026-04-16 15:00:58
5324,5552,2026-04-16 15:01:09,2026-04-16 15:07:17
5325,5553,2026-04-16 15:18:34,2026-04-16 15:27:10
5326,5554,2026-04-16 15:28:11,2026-04-16 15:31:26
5327,5555,2026-04-16 15:10:12,2026-04-16 15:21:32
5328,5556,2026-04-16 15:26:45,2026-04-16 15:37:05
5329,5557,2026-04-16 15:44:31,2026-04-16 15:47:47
5330,5558,2026-04-17 09:00:43,2026-04-17 09:05:52
5331,5559,2026-04-17 09:06:10,2026-04-17 09:11:06
5332,5560,2026-04-17 09:01:01,2026-04-17 09:09:46
5333,5561,2026-04-17 09:11:50,2026-04-17 09:18:21
5334,5562,2026-04-17 09:19:35,2026-04-17 09:28:39
5335,5563,2026-04-17 09:09:51,2026-04-17 09:16:23
5336,5564,2026-04-17 09:34:24,2026-04-17 09:38:53
5337,5565,2026-04-17 09:46:13,2026-04-17 09:56:55
5338,5566,2026-04-17 10:27:32,2026-04-17 10:38:05
5339,5567,2026-04-17 13:31:18,2026-04-17 13:45:32
5340,5568,2026-04-17 13:31:20,2026-04-17 13:35:28
5341,5569,2026-04-17 13:35:44,2026-04-17 13:49:05
5342,5570,2026-04-17 13:46:21,2026-04-17 13:54:09
5343,5571,2026-04-17 13:31:15,2026-04-17 13:37:00
5344,5572,2026-04-17 13:50:11,2026-04-17 13:58:08
5345,5573,2026-04-17 13:37:10,2026-04-17 13:41:59
5346,5574,2026-04-17 13:30:55,2026-04-17 13:37:24
5347,5575,2026-04-17 13:54:20,2026-04-17 14:00:39
5348,5576,2026-04-17 13:42:47,2026-04-17 13:56:17
5349,5577,2026-04-17 13:56:56,2026-04-17 14:03:27
5350,5578,2026-04-17 13:34:25,2026-04-17 13:39:19
5351,5579,2026-04-17 14:04:09,2026-04-17 14:13:56
5352,5580,2026-04-17 13:46:04,2026-04-17 13:49:34
5353,5581,2026-04-17 14:00:47,2026-04-17 14:04:08
5354,5582,2026-04-17 14:05:18,2026-04-17 14:09:47
5355,5583,2026-04-17 14:12:08,2026-04-17 14:16:58
5356,5584,2026-04-17 14:25:42,2026-04-17 14:30:47
5357,5585,2026-04-17 14:32:46,2026-04-17 14:39:27
5358,5586,2026-04-17 14:32:43,2026-04-17 14:43:27
5359,5587,2026-04-17 14:44:54,2026-04-17 14:49:08
5360,5588,2026-04-17 14:46:42,2026-04-17 14:55:18
5361,5589,2026-04-17 15:05:35,2026-04-17 15:09:08
5362,5590,2026-04-17 15:10:34,2026-04-17 15:20:32
5363,5591,2026-04-17 15:31:04,2026-04-17 15:34:06
5364,5592,2026-04-20 09:00:30,2026-04-20 09:06:10
5365,5593,2026-04-20 09:00:13,2026-04-20 09:12:19
5366,5594,2026-04-20 09:12:51,2026-04-20 09:18:42
5367,5595,2026-04-20 09:19:15,2026-04-20 09:22:40
5368,5596,2026-04-20 09:22:53,2026-04-20 09:32:41
5369,5597,2026-04-20 09:00:00,2026-04-20 09:12:27
5370,5598,2026-04-20 09:00:37,2026-04-20 09:04:04
5371,5599,2026-04-20 09:33:08,2026-04-20 09:41:11
5372,5600,2026-04-20 09:41:23,2026-04-20 09:52:53
5373,5601,2026-04-20 09:04:16,2026-04-20 09:09:21
5374,5602,2026-04-20 09:53:43,2026-04-20 09:57:11
5375,5603,2026-04-20 09:06:22,2026-04-20 09:17:03
5376,5604,2026-04-20 09:12:33,2026-04-20 09:23:13
5377,5605,2026-04-20 09:09:29,2026-04-20 09:13:30
5378,5606,2026-04-20 09:14:49,2026-04-20 09:18:20
5379,5607,2026-04-20 09:19:19,2026-04-20 09:26:52
5380,5608,2026-04-20 09:18:01,2026-04-20 09:24:49
5381,5609,2026-04-20 09:27:33,2026-04-20 09:33:56
5382,5610,2026-04-20 09:34:34,2026-04-20 09:49:33
5383,5612,2026-04-20 09:50:50,2026-04-20 09:56:11
5384,5613,2026-04-20 09:57:12,2026-04-20 10:03:15
5385,5614,2026-04-20 09:57:27,2026-04-20 10:07:41
5386,5615,2026-04-20 09:25:41,2026-04-20 09:31:27
5387,5616,2026-04-20 10:08:06,2026-04-20 10:21:34
5388,5617,2026-04-20 09:26:16,2026-04-20 09:40:19
5389,5618,2026-04-20 10:22:57,2026-04-20 10:29:41
5390,5619,2026-04-20 10:30:47,2026-04-20 10:43:25
5391,5620,2026-04-20 09:42:03,2026-04-20 09:49:51
5392,5621,2026-04-20 10:43:49,2026-04-20 10:58:20
5393,5622,2026-04-20 10:07:53,2026-04-20 10:20:21
5394,5623,2026-04-20 10:09:05,2026-04-20 10:21:15
5395,5624,2026-04-20 10:59:32,2026-04-20 11:07:18
5396,5625,2026-04-20 11:07:39,2026-04-20 11:21:25
5397,5626,2026-04-20 10:17:02,2026-04-20 10:24:32
5398,5627,2026-04-20 10:24:56,2026-04-20 10:29:25
5399,5628,2026-04-20 10:21:51,2026-04-20 10:34:05
5400,5629,2026-04-20 10:28:13,2026-04-20 10:39:00
5401,5630,2026-04-20 11:21:59,2026-04-20 11:36:06
5402,5631,2026-04-20 10:36:20,2026-04-20 10:49:53
5403,5632,2026-04-20 10:49:56,2026-04-20 10:54:45
5404,5633,2026-04-20 10:54:48,2026-04-20 11:00:06
5405,5634,2026-04-20 11:00:31,2026-04-20 11:11:32
5406,5635,2026-04-20 11:37:19,2026-04-20 11:48:57
5407,5636,2026-04-20 10:47:37,2026-04-20 10:53:16
5408,5637,2026-04-20 11:50:19,2026-04-20 12:00:01
5409,5638,2026-04-20 11:07:17,2026-04-20 11:21:24
5410,5639,2026-04-20 11:19:11,2026-04-20 11:30:13
5411,5640,2026-04-20 13:30:17,2026-04-20 13:39:40
5412,5641,2026-04-20 13:30:48,2026-04-20 13:35:50
5413,5642,2026-04-20 13:39:44,2026-04-20 13:51:25
5414,5643,2026-04-20 13:51:49,2026-04-20 13:59:06
5415,5644,2026-04-20 14:00:19,2026-04-20 14:13:52
5416,5645,2026-04-20 13:36:13,2026-04-20 13:44:06
5417,5648,2026-04-20 13:31:17,2026-04-20 13:38:26
5418,5649,2026-04-20 13:31:12,2026-04-20 13:43:31
5419,5650,2026-04-20 13:45:34,2026-04-20 13:49:18
5420,5651,2026-04-20 13:49:36,2026-04-20 13:58:02
5421,5652,2026-04-20 13:30:13,2026-04-20 13:36:12
5422,5653,2026-04-20 13:44:47,2026-04-20 13:59:09
5423,5654,2026-04-20 13:58:45,2026-04-20 14:07:13
5424,5655,2026-04-20 14:00:15,2026-04-20 14:12:41
5425,5656,2026-04-20 13:39:25,2026-04-20 13:42:47
5426,5657,2026-04-20 13:43:39,2026-04-20 13:54:43
5427,5658,2026-04-20 14:07:19,2026-04-20 14:15:51
5428,5659,2026-04-20 14:16:56,2026-04-20 14:22:08
5429,5660,2026-04-20 14:22:17,2026-04-20 14:27:37
5430,5662,2026-04-20 14:14:03,2026-04-20 14:28:22
5431,5663,2026-04-20 13:55:47,2026-04-20 14:10:35
5432,5664,2026-04-20 14:29:01,2026-04-20 14:32:17
5433,5665,2026-04-20 14:33:43,2026-04-20 14:48:06
5434,5666,2026-04-20 14:48:28,2026-04-20 15:01:40
5435,5667,2026-04-20 15:02:33,2026-04-20 15:13:34
5436,5668,2026-04-20 13:39:04,2026-04-20 13:49:37
5437,5669,2026-04-20 13:50:23,2026-04-20 14:04:34
5438,5670,2026-04-20 15:14:15,2026-04-20 15:17:27
5439,5671,2026-04-20 14:13:48,2026-04-20 14:18:14
5440,5672,2026-04-20 14:29:30,2026-04-20 14:33:20
5441,5673,2026-04-20 14:33:26,2026-04-20 14:42:54
5442,5674,2026-04-20 14:05:29,2026-04-20 14:11:44
5443,5675,2026-04-20 14:18:28,2026-04-20 14:22:13
5444,5676,2026-04-20 14:22:58,2026-04-20 14:30:22
5445,5677,2026-04-20 14:42:55,2026-04-20 14:57:11
5446,5678,2026-04-20 15:18:48,2026-04-20 15:24:22
5447,5679,2026-04-20 14:58:17,2026-04-20 15:02:18
5448,5680,2026-04-20 15:24:59,2026-04-20 15:28:45
5449,5681,2026-04-20 15:02:51,2026-04-20 15:07:42
5450,5682,2026-04-20 15:07:54,2026-04-20 15:11:53
5451,5683,2026-04-20 15:13:17,2026-04-20 15:19:56
5452,5684,2026-04-20 14:30:44,2026-04-20 14:34:41
5453,5685,2026-04-20 15:20:11,2026-04-20 15:31:17
5454,5686,2026-04-20 14:15:20,2026-04-20 14:27:41
5455,5687,2026-04-20 14:34:52,2026-04-20 14:39:52
5456,5688,2026-04-20 15:30:13,2026-04-20 15:33:40
5457,5689,2026-04-20 14:39:57,2026-04-20 14:46:47
5458,5690,2026-04-20 14:24:47,2026-04-20 14:36:12
5459,5691,2026-04-20 14:47:25,2026-04-20 14:53:20
5460,5692,2026-04-20 14:53:53,2026-04-20 15:06:42
5461,5693,2026-04-20 14:44:35,2026-04-20 14:50:56
5462,5694,2026-04-20 15:31:37,2026-04-20 15:39:32
5463,5695,2026-04-20 15:39:32,2026-04-20 15:47:34
5464,5696,2026-04-20 15:48:32,2026-04-20 16:02:20
5465,5697,2026-04-20 14:47:33,2026-04-20 14:50:38
5466,5698,2026-04-20 16:03:21,2026-04-20 16:17:21
5467,5699,2026-04-20 14:56:51,2026-04-20 15:01:54
5468,5700,2026-04-20 15:02:20,2026-04-20 15:17:01
5469,5701,2026-04-20 15:07:05,2026-04-20 15:15:08
5470,5702,2026-04-20 15:15:09,2026-04-20 15:19:01
5471,5703,2026-04-20 15:19:10,2026-04-20 15:22:51
5472,5704,2026-04-20 16:18:16,2026-04-20 16:27:24
5473,5705,2026-04-20 15:34:15,2026-04-20 15:42:55
5474,5706,2026-04-20 15:28:10,2026-04-20 15:32:16
5475,5707,2026-04-20 15:33:17,2026-04-20 15:41:05
5476,5708,2026-04-21 09:00:25,2026-04-21 09:05:29
5477,5709,2026-04-21 09:00:23,2026-04-21 09:11:51
5478,5710,2026-04-21 09:00:53,2026-04-21 09:07:47
5479,5711,2026-04-21 09:09:01,2026-04-21 09:15:22
5480,5712,2026-04-21 09:00:56,2026-04-21 09:06:36
5481,5713,2026-04-21 09:06:25,2026-04-21 09:11:47
5482,5714,2026-04-21 09:07:02,2026-04-21 09:19:57
5483,5715,2026-04-21 09:01:08,2026-04-21 09:10:12
5484,5716,2026-04-21 09:20:42,2026-04-21 09:33:21
5485,5717,2026-04-21 09:00:01,2026-04-21 09:13:27
5486,5718,2026-04-21 09:16:03,2026-04-21 09:25:16
5487,5719,2026-04-21 09:13:38,2026-04-21 09:20:47
5488,5720,2026-04-21 09:25:39,2026-04-21 09:32:03
5489,5721,2026-04-21 09:10:21,2026-04-21 09:21:20
5490,5722,2026-04-21 09:34:13,2026-04-21 09:41:08
5491,5723,2026-04-21 09:22:30,2026-04-21 09:27:08
5492,5724,2026-04-21 09:11:48,2026-04-21 09:24:15
5493,5725,2026-04-21 09:27:12,2026-04-21 09:30:20
5494,5726,2026-04-21 09:24:58,2026-04-21 09:33:15
5495,5727,2026-04-21 09:31:21,2026-04-21 09:39:08
5496,5728,2026-04-21 09:32:35,2026-04-21 09:38:30
5497,5729,2026-04-21 09:12:34,2026-04-21 09:16:01
5498,5730,2026-04-21 09:42:03,2026-04-21 09:52:11
5499,5731,2026-04-21 09:40:34,2026-04-21 09:48:04
5500,5732,2026-04-21 09:18:19,2026-04-21 09:32:54
5501,5733,2026-04-21 09:33:53,2026-04-21 09:37:47
5502,5734,2026-04-21 09:37:56,2026-04-21 09:43:45
5503,5735,2026-04-21 09:34:03,2026-04-21 09:39:29
5504,5736,2026-04-21 09:49:16,2026-04-21 10:01:36
5505,5737,2026-04-21 09:34:01,2026-04-21 09:42:37
5506,5739,2026-04-21 09:39:20,2026-04-21 09:49:18
5507,5740,2026-04-21 09:50:00,2026-04-21 09:56:51
5508,5741,2026-04-21 09:44:12,2026-04-21 09:51:54
5509,5742,2026-04-21 09:40:04,2026-04-21 09:46:47
5510,5743,2026-04-21 09:47:47,2026-04-21 09:55:32
5511,5744,2026-04-21 09:53:01,2026-04-21 10:06:42
5512,5745,2026-04-21 09:57:40,2026-04-21 10:07:26
5513,5746,2026-04-21 09:55:58,2026-04-21 10:02:37
5514,5747,2026-04-21 10:07:52,2026-04-21 10:16:52
5515,5749,2026-04-21 09:53:35,2026-04-21 09:58:27
5516,5750,2026-04-21 10:17:09,2026-04-21 10:24:22
5517,5751,2026-04-21 10:02:51,2026-04-21 10:10:21
5518,5752,2026-04-21 10:08:53,2026-04-21 10:17:00
5519,5754,2026-04-21 10:10:34,2026-04-21 10:15:58
5520,5755,2026-04-21 10:18:18,2026-04-21 10:29:51
5521,5756,2026-04-21 10:20:54,2026-04-21 10:24:35
5522,5757,2026-04-21 10:23:00,2026-04-21 10:36:48
5523,5758,2026-04-21 10:38:07,2026-04-21 10:51:01
5524,5759,2026-04-21 10:30:32,2026-04-21 10:37:39
5525,5761,2026-04-21 10:38:17,2026-04-21 10:52:14
5526,5762,2026-04-21 10:53:43,2026-04-21 11:03:11
5527,5763,2026-04-21 11:10:36,2026-04-21 11:17:43
5528,5764,2026-04-21 13:30:27,2026-04-21 13:44:00
5529,5765,2026-04-21 13:30:28,2026-04-21 13:43:55
5530,5766,2026-04-21 13:30:53,2026-04-21 13:44:59
5531,5767,2026-04-21 13:30:47,2026-04-21 13:42:13
5532,5768,2026-04-21 13:45:13,2026-04-21 13:49:08
5533,5769,2026-04-21 13:44:13,2026-04-21 13:56:51
5534,5770,2026-04-21 13:43:34,2026-04-21 13:51:57
5535,5771,2026-04-21 13:50:07,2026-04-21 13:54:51
5536,5772,2026-04-21 13:31:04,2026-04-21 13:39:41
5537,5773,2026-04-21 13:31:01,2026-04-21 13:37:38
5538,5774,2026-04-21 13:45:29,2026-04-21 13:56:45
5539,5775,2026-04-21 13:55:15,2026-04-21 14:08:20
5540,5776,2026-04-21 13:40:51,2026-04-21 13:53:11
5541,5777,2026-04-21 13:52:50,2026-04-21 14:03:21
5542,5779,2026-04-21 13:58:07,2026-04-21 14:11:03
5543,5780,2026-04-21 14:11:32,2026-04-21 14:22:53
5544,5781,2026-04-21 13:30:31,2026-04-21 13:34:25
5545,5782,2026-04-21 13:35:12,2026-04-21 13:39:47
5546,5783,2026-04-21 13:53:39,2026-04-21 14:06:05
5547,5784,2026-04-21 14:23:49,2026-04-21 14:29:30
5548,5785,2026-04-21 14:07:33,2026-04-21 14:11:37
5549,5786,2026-04-21 14:30:07,2026-04-21 14:43:16
5550,5787,2026-04-21 14:12:15,2026-04-21 14:15:50
5551,5788,2026-04-21 14:16:33,2026-04-21 14:23:51
5552,5789,2026-04-21 13:56:58,2026-04-21 14:04:47
5553,5790,2026-04-21 14:08:38,2026-04-21 14:20:15
5554,5791,2026-04-21 14:43:16,2026-04-21 14:56:02
5555,5792,2026-04-21 14:56:51,2026-04-21 15:11:27
5556,5793,2026-04-21 14:21:26,2026-04-21 14:25:32
5557,5794,2026-04-21 14:24:17,2026-04-21 14:29:04
5558,5795,2026-04-21 14:03:36,2026-04-21 14:12:41
5559,5796,2026-04-21 14:26:51,2026-04-21 14:38:53
5560,5797,2026-04-21 14:30:07,2026-04-21 14:36:13
5561,5798,2026-04-21 14:13:35,2026-04-21 14:17:04
5562,5799,2026-04-21 13:43:09,2026-04-21 13:50:39
5563,5800,2026-04-21 15:12:01,2026-04-21 15:15:51
5564,5801,2026-04-21 14:36:36,2026-04-21 14:46:43
5565,5802,2026-04-21 15:16:07,2026-04-21 15:19:26
5566,5803,2026-04-21 14:05:42,2026-04-21 14:17:38
5567,5804,2026-04-21 13:46:16,2026-04-21 13:51:59
5568,5805,2026-04-21 15:20:53,2026-04-21 15:33:06
5569,5806,2026-04-21 14:40:16,2026-04-21 14:52:43
5570,5807,2026-04-21 15:33:28,2026-04-21 15:39:12
5571,5808,2026-04-21 13:58:48,2026-04-21 14:05:10
5572,5809,2026-04-21 14:18:33,2026-04-21 14:29:46
5573,5810,2026-04-21 14:18:07,2026-04-21 14:29:17
5574,5811,2026-04-21 15:39:39,2026-04-21 15:49:15
5575,5812,2026-04-21 14:46:43,2026-04-21 14:56:55
5576,5813,2026-04-21 14:58:18,2026-04-21 15:11:49
5577,5814,2026-04-21 14:17:46,2026-04-21 14:21:46
5578,5815,2026-04-21 14:22:24,2026-04-21 14:28:19
5579,5816,2026-04-21 14:52:56,2026-04-21 15:05:09
5580,5817,2026-04-21 15:06:32,2026-04-21 15:18:38
5581,5818,2026-04-21 15:49:41,2026-04-21 15:55:53
5582,5819,2026-04-21 15:56:28,2026-04-21 16:01:43
5583,5820,2026-04-21 14:31:36,2026-04-21 14:45:16
5584,5821,2026-04-21 14:30:55,2026-04-21 14:44:54
5585,5822,2026-04-21 14:45:30,2026-04-21 14:57:18
5586,5824,2026-04-21 14:45:32,2026-04-21 14:50:09
5587,5825,2026-04-21 16:02:20,2026-04-21 16:08:54
5588,5826,2026-04-21 14:58:38,2026-04-21 15:04:54
5589,5827,2026-04-21 16:09:59,2026-04-21 16:19:15
5590,5828,2026-04-21 15:05:52,2026-04-21 15:09:04
5591,5829,2026-04-21 15:13:14,2026-04-21 15:20:21
5592,5830,2026-04-21 14:58:31,2026-04-21 15:04:21
5593,5831,2026-04-21 15:09:09,2026-04-21 15:24:07
5594,5833,2026-04-21 15:20:32,2026-04-21 15:31:30
5595,5834,2026-04-21 16:20:31,2026-04-21 16:26:38
5596,5835,2026-04-21 15:31:38,2026-04-21 15:40:25
5597,5836,2026-04-21 15:27:55,2026-04-21 15:31:48
5598,5837,2026-04-21 15:25:56,2026-04-21 15:29:24
5599,5838,2026-04-22 09:00:55,2026-04-22 09:14:58
5600,5839,2026-04-22 09:00:52,2026-04-22 09:08:40
5601,5840,2026-04-22 09:10:10,2026-04-22 09:23:29
5602,5841,2026-04-22 09:01:18,2026-04-22 09:07:39
5603,5842,2026-04-22 09:15:25,2026-04-22 09:23:25
5604,5843,2026-04-22 09:24:23,2026-04-22 09:30:50
5605,5844,2026-04-22 09:23:57,2026-04-22 09:31:24
5606,5845,2026-04-22 09:31:10,2026-04-22 09:45:50
5607,5846,2026-04-22 09:31:46,2026-04-22 09:38:04
5608,5847,2026-04-22 09:39:13,2026-04-22 09:42:49
5609,5848,2026-04-22 09:09:42,2026-04-22 09:15:49
5610,5849,2026-04-22 09:46:21,2026-04-22 09:58:56
5611,5850,2026-04-22 09:43:01,2026-04-22 09:56:47
5612,5851,2026-04-22 09:15:25,2026-04-22 09:20:09
5613,5852,2026-04-22 09:57:12,2026-04-22 10:06:30
5614,5853,2026-04-22 09:22:54,2026-04-22 09:30:45
5615,5854,2026-04-22 10:00:23,2026-04-22 10:04:07
5616,5855,2026-04-22 10:04:58,2026-04-22 10:19:23
5617,5856,2026-04-22 10:07:11,2026-04-22 10:12:45
5618,5857,2026-04-22 10:13:05,2026-04-22 10:18:36
5619,5858,2026-04-22 10:03:45,2026-04-22 10:07:07
5620,5859,2026-04-22 10:20:04,2026-04-22 10:27:41
5621,5860,2026-04-22 10:28:49,2026-04-22 10:43:41
5622,5861,2026-04-22 10:44:36,2026-04-22 10:50:47
5623,5862,2026-04-22 11:02:54,2026-04-22 11:14:02
5624,5863,2026-04-22 13:30:09,2026-04-22 13:37:56
5625,5864,2026-04-22 13:31:19,2026-04-22 13:40:24
5626,5865,2026-04-22 13:40:42,2026-04-22 13:46:00
5627,5866,2026-04-22 13:38:10,2026-04-22 13:49:08
5628,5867,2026-04-22 13:50:10,2026-04-22 14:01:37
5629,5868,2026-04-22 13:30:33,2026-04-22 13:40:08
5630,5869,2026-04-22 14:02:30,2026-04-22 14:15:10
5631,5870,2026-04-22 14:16:04,2026-04-22 14:22:49
5632,5871,2026-04-22 13:41:35,2026-04-22 13:48:54
5633,5872,2026-04-22 13:49:50,2026-04-22 13:54:10
5634,5873,2026-04-22 14:23:39,2026-04-22 14:31:21
5635,5874,2026-04-22 14:31:47,2026-04-22 14:37:37
5636,5875,2026-04-22 14:22:10,2026-04-22 14:36:59
5637,5877,2026-04-22 14:39:46,2026-04-22 14:51:09
5638,5878,2026-04-22 14:40:10,2026-04-22 14:49:36
5639,5879,2026-04-22 14:50:16,2026-04-22 14:59:36
5640,5880,2026-04-22 14:59:47,2026-04-22 15:06:41
5641,5882,2026-04-22 14:52:38,2026-04-22 15:01:42
5642,5883,2026-04-22 15:07:16,2026-04-22 15:13:06
5643,5884,2026-04-22 15:35:10,2026-04-22 15:38:30
5644,5885,2026-04-23 09:00:45,2026-04-23 09:06:37
5645,5886,2026-04-23 09:00:39,2026-04-23 09:09:57
5646,5887,2026-04-23 09:01:07,2026-04-23 09:09:16
5647,5888,2026-04-23 09:09:21,2026-04-23 09:15:39
5648,5889,2026-04-23 09:15:54,2026-04-23 09:27:25
5649,5890,2026-04-23 09:00:39,2026-04-23 09:07:51
5650,5892,2026-04-23 09:28:52,2026-04-23 09:32:50
5651,5893,2026-04-23 09:08:05,2026-04-23 09:12:55
5652,5894,2026-04-23 09:07:39,2026-04-23 09:13:47
5653,5895,2026-04-23 09:33:04,2026-04-23 09:38:43
5654,5896,2026-04-23 09:13:17,2026-04-23 09:21:15
5655,5897,2026-04-23 09:01:15,2026-04-23 09:10:59
5656,5898,2026-04-23 09:11:51,2026-04-23 09:22:01
5657,5900,2026-04-23 09:22:19,2026-04-23 09:26:17
5658,5901,2026-04-23 09:26:36,2026-04-23 09:33:30
5659,5903,2026-04-23 09:38:59,2026-04-23 09:47:17
5660,5904,2026-04-23 09:34:54,2026-04-23 09:45:52
5661,5905,2026-04-23 09:46:25,2026-04-23 09:52:04
5662,5906,2026-04-23 09:25:08,2026-04-23 09:33:20
5663,5907,2026-04-23 09:23:07,2026-04-23 09:34:12
5664,5908,2026-04-23 09:52:33,2026-04-23 10:00:17
5665,5909,2026-04-23 09:48:10,2026-04-23 09:58:50
5666,5910,2026-04-23 10:00:38,2026-04-23 10:04:45
5667,5911,2026-04-23 10:06:03,2026-04-23 10:09:44
5668,5912,2026-04-23 10:10:11,2026-04-23 10:15:13
5669,5913,2026-04-23 09:35:14,2026-04-23 09:38:34
5670,5914,2026-04-23 10:15:16,2026-04-23 10:22:59
5671,5915,2026-04-23 09:46:21,2026-04-23 09:58:35
5672,5916,2026-04-23 09:59:16,2026-04-23 10:08:20
5673,5917,2026-04-23 10:24:04,2026-04-23 10:27:13
5674,5918,2026-04-23 10:28:43,2026-04-23 10:37:13
5675,5919,2026-04-23 10:09:06,2026-04-23 10:14:34
5676,5920,2026-04-23 10:14:34,2026-04-23 10:24:23
5677,5921,2026-04-23 09:54:34,2026-04-23 10:03:28
5678,5922,2026-04-23 10:38:30,2026-04-23 10:50:37
5679,5923,2026-04-23 09:57:55,2026-04-23 10:07:34
5680,5924,2026-04-23 10:24:45,2026-04-23 10:38:59
5681,5925,2026-04-23 10:25:27,2026-04-23 10:29:20
5682,5926,2026-04-23 10:39:08,2026-04-23 10:49:42
5683,5928,2026-04-23 10:49:55,2026-04-23 11:04:18
5684,5929,2026-04-23 11:04:28,2026-04-23 11:10:00
5685,5930,2026-04-23 11:11:15,2026-04-23 11:23:46
5686,5931,2026-04-23 10:37:47,2026-04-23 10:51:32
5687,5932,2026-04-23 11:13:32,2026-04-23 11:23:02
5688,5933,2026-04-23 11:24:41,2026-04-23 11:31:49
5689,5934,2026-04-23 13:30:10,2026-04-23 13:39:59
5690,5935,2026-04-23 13:30:49,2026-04-23 13:34:03
5691,5936,2026-04-23 13:40:34,2026-04-23 13:45:43
5692,5937,2026-04-23 13:35:00,2026-04-23 13:45:20
5693,5938,2026-04-23 13:45:21,2026-04-23 13:52:22
5694,5939,2026-04-23 13:30:35,2026-04-23 13:36:15
5695,5940,2026-04-23 13:46:13,2026-04-23 13:51:34
5696,5941,2026-04-23 13:30:50,2026-04-23 13:41:09
5697,5942,2026-04-23 13:53:52,2026-04-23 14:00:23
5698,5943,2026-04-23 14:01:37,2026-04-23 14:05:56
5699,5945,2026-04-23 14:06:37,2026-04-23 14:13:35
5700,5946,2026-04-23 13:30:05,2026-04-23 13:43:27
5701,5947,2026-04-23 14:13:35,2026-04-23 14:20:13
5702,5948,2026-04-23 13:37:18,2026-04-23 13:52:02
5703,5949,2026-04-23 13:52:36,2026-04-23 13:56:59
5704,5950,2026-04-23 14:21:24,2026-04-23 14:34:09
5705,5951,2026-04-23 14:34:34,2026-04-23 14:38:03
5706,5952,2026-04-23 13:52:49,2026-04-23 14:02:49
5707,5953,2026-04-23 14:03:39,2026-04-23 14:14:00
5708,5954,2026-04-23 14:14:00,2026-04-23 14:27:35
5709,5955,2026-04-23 14:39:18,2026-04-23 14:52:48
5710,5956,2026-04-23 14:53:18,2026-04-23 14:59:45
5711,5957,2026-04-23 13:41:11,2026-04-23 13:45:10
5712,5958,2026-04-23 15:00:12,2026-04-23 15:05:32
5713,5960,2026-04-23 15:06:16,2026-04-23 15:14:35
5714,5961,2026-04-23 14:28:47,2026-04-23 14:32:51
5715,5962,2026-04-23 13:57:18,2026-04-23 14:09:05
5716,5963,2026-04-23 14:33:16,2026-04-23 14:47:07
5717,5964,2026-04-23 15:14:40,2026-04-23 15:20:01
5718,5965,2026-04-23 14:29:48,2026-04-23 14:36:52
5719,5966,2026-04-23 14:39:41,2026-04-23 14:46:30
5720,5967,2026-04-23 15:21:10,2026-04-23 15:31:22
5721,5968,2026-04-23 14:46:06,2026-04-23 14:59:10
5722,5969,2026-04-23 14:48:20,2026-04-23 15:02:55
5723,5970,2026-04-23 15:02:14,2026-04-23 15:07:49
5724,5971,2026-04-24 09:00:20,2026-04-24 09:06:08
5725,5972,2026-04-24 09:06:12,2026-04-24 09:18:35
5726,5973,2026-04-24 09:00:05,2026-04-24 09:08:20
5727,5974,2026-04-24 09:01:10,2026-04-24 09:04:14
5728,5975,2026-04-24 09:08:51,2026-04-24 09:22:04
5729,5976,2026-04-24 09:23:25,2026-04-24 09:26:25
5730,5977,2026-04-24 09:11:20,2026-04-24 09:14:35
5731,5978,2026-04-24 09:34:20,2026-04-24 09:42:08
5732,5979,2026-04-24 09:43:32,2026-04-24 09:48:06
5733,5980,2026-04-24 09:48:49,2026-04-24 09:53:14
5734,5981,2026-04-24 10:31:39,2026-04-24 10:36:13
5735,5982,2026-04-24 10:37:35,2026-04-24 10:41:07
5736,5983,2026-04-24 11:20:49,2026-04-24 11:24:23
5737,5984,2026-04-24 13:30:50,2026-04-24 13:35:21
5738,5985,2026-04-24 13:31:21,2026-04-24 13:43:45
5739,5986,2026-04-24 13:45:05,2026-04-24 13:54:54
5740,5987,2026-04-24 13:55:56,2026-04-24 14:07:05
5741,5988,2026-04-24 13:31:20,2026-04-24 13:38:01
5742,5989,2026-04-24 13:39:04,2026-04-24 13:52:49
5743,5990,2026-04-24 13:52:54,2026-04-24 13:57:21
5744,5991,2026-04-24 14:08:16,2026-04-24 14:20:03
5745,5992,2026-04-24 13:51:30,2026-04-24 13:54:53
5746,5993,2026-04-24 14:20:55,2026-04-24 14:30:04
5747,5994,2026-04-24 14:08:30,2026-04-24 14:16:00
5748,5995,2026-04-24 14:11:52,2026-04-24 14:19:21
5749,5996,2026-04-24 14:18:46,2026-04-24 14:27:35
5750,5997,2026-04-24 14:37:40,2026-04-24 14:46:33
5751,5998,2026-04-24 15:25:30,2026-04-24 15:32:05
5752,5999,2026-04-27 09:01:08,2026-04-27 09:05:10
5753,6000,2026-04-27 09:00:25,2026-04-27 09:11:17
5754,6001,2026-04-27 09:12:04,2026-04-27 09:20:18
5755,6002,2026-04-27 09:06:26,2026-04-27 09:15:50
5756,6003,2026-04-27 09:21:33,2026-04-27 09:31:55
5757,6004,2026-04-27 09:16:57,2026-04-27 09:23:00
5758,6005,2026-04-27 09:00:35,2026-04-27 09:15:13
5759,6006,2026-04-27 09:00:38,2026-04-27 09:08:03
5760,6007,2026-04-27 09:32:31,2026-04-27 09:37:08
5761,6008,2026-04-27 09:37:40,2026-04-27 09:51:17
5762,6009,2026-04-27 09:23:36,2026-04-27 09:28:41
5763,6010,2026-04-27 09:09:14,2026-04-27 09:12:30
5764,6011,2026-04-27 09:51:57,2026-04-27 10:03:16
5765,6012,2026-04-27 10:03:19,2026-04-27 10:06:22
5766,6013,2026-04-27 09:15:28,2026-04-27 09:19:03
5767,6014,2026-04-27 09:12:31,2026-04-27 09:17:45
5768,6015,2026-04-27 10:07:06,2026-04-27 10:18:56
5769,6016,2026-04-27 09:04:46,2026-04-27 09:19:13
5770,6018,2026-04-27 10:19:25,2026-04-27 10:24:59
5771,6019,2026-04-27 10:25:32,2026-04-27 10:39:51
5772,6020,2026-04-27 09:29:25,2026-04-27 09:33:10
5773,6021,2026-04-27 09:23:18,2026-04-27 09:37:39
5774,6022,2026-04-27 09:33:19,2026-04-27 09:46:42
5775,6023,2026-04-27 09:25:48,2026-04-27 09:30:16
5776,6024,2026-04-27 09:37:52,2026-04-27 09:51:14
5777,6026,2026-04-27 09:30:25,2026-04-27 09:35:31
5778,6028,2026-04-27 09:47:46,2026-04-27 09:51:12
5779,6029,2026-04-27 10:41:01,2026-04-27 10:47:59
5780,6030,2026-04-27 10:49:25,2026-04-27 10:52:56
5781,6031,2026-04-27 09:51:58,2026-04-27 09:57:45
5782,6032,2026-04-27 09:57:50,2026-04-27 10:03:30
5783,6033,2026-04-27 10:04:56,2026-04-27 10:15:58
5784,6035,2026-04-27 10:16:36,2026-04-27 10:29:38
5785,6036,2026-04-27 10:53:12,2026-04-27 11:03:10
5786,6037,2026-04-27 09:55:45,2026-04-27 10:00:30
5787,6038,2026-04-27 10:05:58,2026-04-27 10:17:49
5788,6039,2026-04-27 10:05:34,2026-04-27 10:17:00
5789,6041,2026-04-27 10:30:54,2026-04-27 10:42:35
5790,6042,2026-04-27 10:18:33,2026-04-27 10:23:37
5791,6043,2026-04-27 10:21:18,2026-04-27 10:34:41
5792,6044,2026-04-27 10:43:50,2026-04-27 10:55:11
5793,6045,2026-04-27 13:31:06,2026-04-27 13:39:26
5794,6046,2026-04-27 13:30:26,2026-04-27 13:41:01
5795,6047,2026-04-27 13:30:23,2026-04-27 13:45:07
5796,6049,2026-04-27 13:41:43,2026-04-27 13:55:20
5797,6050,2026-04-27 13:39:51,2026-04-27 13:44:47
5798,6051,2026-04-27 13:56:02,2026-04-27 13:59:35
5799,6052,2026-04-27 13:45:22,2026-04-27 13:52:25
5800,6053,2026-04-27 13:46:27,2026-04-27 13:52:15
5801,6054,2026-04-27 13:53:46,2026-04-27 13:57:07
5802,6055,2026-04-27 13:58:24,2026-04-27 14:05:12
5803,6056,2026-04-27 13:52:53,2026-04-27 13:58:23
5804,6057,2026-04-27 14:06:36,2026-04-27 14:11:50
5805,6058,2026-04-27 13:31:26,2026-04-27 13:34:47
5806,6059,2026-04-27 13:59:28,2026-04-27 14:04:52
5807,6060,2026-04-27 14:05:40,2026-04-27 14:12:04
5808,6061,2026-04-27 14:12:58,2026-04-27 14:20:13
5809,6062,2026-04-27 13:59:58,2026-04-27 14:14:44
5810,6063,2026-04-27 14:21:02,2026-04-27 14:34:10
5811,6064,2026-04-27 14:35:32,2026-04-27 14:38:39
5812,6065,2026-04-27 14:12:59,2026-04-27 14:18:28
5813,6066,2026-04-27 13:31:01,2026-04-27 13:44:57
5814,6067,2026-04-27 14:39:22,2026-04-27 14:51:32
5815,6068,2026-04-27 14:52:46,2026-04-27 15:03:27
5816,6069,2026-04-27 14:15:40,2026-04-27 14:21:38
5817,6070,2026-04-27 15:03:40,2026-04-27 15:07:50
5818,6071,2026-04-27 13:46:24,2026-04-27 13:54:28
5819,6072,2026-04-27 14:19:30,2026-04-27 14:23:15
5820,6073,2026-04-27 14:21:43,2026-04-27 14:31:58
5821,6075,2026-04-27 15:08:47,2026-04-27 15:20:25
5822,6076,2026-04-27 13:55:16,2026-04-27 13:58:44
5823,6077,2026-04-27 14:23:59,2026-04-27 14:29:26
5824,6078,2026-04-27 13:42:47,2026-04-27 13:56:51
5825,6079,2026-04-27 15:21:51,2026-04-27 15:30:56
5826,6080,2026-04-27 13:58:54,2026-04-27 14:11:49
5827,6081,2026-04-27 15:31:34,2026-04-27 15:35:50
5828,6083,2026-04-27 15:36:56,2026-04-27 15:46:33
5829,6084,2026-04-27 14:11:18,2026-04-27 14:15:31
5830,6085,2026-04-27 14:32:35,2026-04-27 14:36:00
5831,6086,2026-04-27 14:17:15,2026-04-27 14:22:52
5832,6087,2026-04-27 14:29:42,2026-04-27 14:40:58
5833,6088,2026-04-27 14:24:06,2026-04-27 14:30:00
5834,6089,2026-04-27 14:42:13,2026-04-27 14:48:07
5835,6090,2026-04-27 14:30:56,2026-04-27 14:43:27
5836,6091,2026-04-27 14:27:28,2026-04-27 14:32:35
5837,6092,2026-04-27 15:47:30,2026-04-27 15:51:49
5838,6093,2026-04-27 14:49:36,2026-04-27 14:56:27
5839,6094,2026-04-27 15:52:18,2026-04-27 16:05:42
5840,6095,2026-04-27 14:46:58,2026-04-27 14:56:35
5841,6096,2026-04-27 14:57:10,2026-04-27 15:09:02
5842,6097,2026-04-27 15:10:15,2026-04-27 15:14:24
5843,6098,2026-04-27 14:50:45,2026-04-27 14:53:53
5844,6099,2026-04-27 14:57:24,2026-04-27 15:07:28
5845,6100,2026-04-27 15:07:58,2026-04-27 15:17:32
5846,6101,2026-04-27 14:57:50,2026-04-27 15:11:04
5847,6102,2026-04-27 16:06:22,2026-04-27 16:16:40
5848,6103,2026-04-27 15:15:25,2026-04-27 15:22:22
5849,6104,2026-04-27 15:19:02,2026-04-27 15:22:13
5850,6105,2026-04-27 15:31:24,2026-04-27 15:41:46
5851,6106,2026-04-28 09:00:32,2026-04-28 09:09:20
5852,6107,2026-04-28 09:01:12,2026-04-28 09:05:18
5853,6108,2026-04-28 09:00:10,2026-04-28 09:10:36
5854,6109,2026-04-28 09:00:53,2026-04-28 09:13:58
5855,6110,2026-04-28 09:11:46,2026-04-28 09:16:49
5856,6111,2026-04-28 09:09:53,2026-04-28 09:24:07
5857,6112,2026-04-28 09:00:17,2026-04-28 09:04:00
5858,6113,2026-04-28 09:24:31,2026-04-28 09:29:20
5859,6114,2026-04-28 09:01:04,2026-04-28 09:07:16
5860,6115,2026-04-28 09:04:54,2026-04-28 09:17:58
5861,6116,2026-04-28 09:07:47,2026-04-28 09:15:26
5862,6117,2026-04-28 09:16:40,2026-04-28 09:29:48
5863,6118,2026-04-28 09:30:16,2026-04-28 09:37:15
5864,6119,2026-04-28 09:19:03,2026-04-28 09:22:16
5865,6120,2026-04-28 09:14:00,2026-04-28 09:22:01
5866,6121,2026-04-28 09:23:20,2026-04-28 09:37:19
5867,6122,2026-04-28 09:38:40,2026-04-28 09:44:39
5868,6123,2026-04-28 09:44:47,2026-04-28 09:58:25
5869,6124,2026-04-28 09:58:58,2026-04-28 10:02:10
5870,6125,2026-04-28 10:02:13,2026-04-28 10:08:03
5871,6127,2026-04-28 09:46:25,2026-04-28 09:52:28
5872,6128,2026-04-28 09:56:25,2026-04-28 10:02:50
5873,6129,2026-04-28 10:04:22,2026-04-28 10:08:40
5874,6130,2026-04-28 10:06:50,2026-04-28 10:16:50
5875,6131,2026-04-28 10:18:17,2026-04-28 10:24:43
5876,6132,2026-04-28 10:17:58,2026-04-28 10:27:17
5877,6133,2026-04-28 10:46:57,2026-04-28 10:51:46
5878,6134,2026-04-28 10:52:45,2026-04-28 11:00:53
5879,6135,2026-04-28 13:30:17,2026-04-28 13:38:00
5880,6136,2026-04-28 13:39:04,2026-04-28 13:42:35
5881,6137,2026-04-28 13:30:08,2026-04-28 13:39:50
5882,6138,2026-04-28 13:30:26,2026-04-28 13:43:03
5883,6139,2026-04-28 13:44:25,2026-04-28 13:49:12
5884,6140,2026-04-28 13:40:13,2026-04-28 13:54:12
5885,6141,2026-04-28 13:49:49,2026-04-28 14:00:29
5886,6142,2026-04-28 13:30:54,2026-04-28 13:38:59
5887,6143,2026-04-28 14:01:48,2026-04-28 14:10:36
5888,6144,2026-04-28 14:11:55,2026-04-28 14:18:28
5889,6145,2026-04-28 13:39:34,2026-04-28 13:47:17
5890,6146,2026-04-28 14:18:59,2026-04-28 14:22:43
5891,6147,2026-04-28 13:44:00,2026-04-28 13:57:50
5892,6148,2026-04-28 13:35:17,2026-04-28 13:38:19
5893,6149,2026-04-28 13:47:18,2026-04-28 13:58:44
5894,6150,2026-04-28 14:22:54,2026-04-28 14:37:43
5895,6151,2026-04-28 13:59:27,2026-04-28 14:04:24
5896,6153,2026-04-28 13:43:45,2026-04-28 13:55:20
5897,6154,2026-04-28 13:58:48,2026-04-28 14:11:09
5898,6155,2026-04-28 14:37:59,2026-04-28 14:49:11
5899,6156,2026-04-28 13:56:43,2026-04-28 14:01:13
5900,6157,2026-04-28 14:49:45,2026-04-28 14:53:20
5901,6158,2026-04-28 14:04:40,2026-04-28 14:11:17
5902,6159,2026-04-28 14:54:49,2026-04-28 14:58:43
5903,6160,2026-04-28 14:58:46,2026-04-28 15:08:34
5904,6161,2026-04-28 14:02:09,2026-04-28 14:05:26
5905,6162,2026-04-28 13:59:57,2026-04-28 14:07:29
5906,6163,2026-04-28 14:11:20,2026-04-28 14:23:59
5907,6166,2026-04-28 14:12:04,2026-04-28 14:25:13
5908,6167,2026-04-28 14:17:28,2026-04-28 14:32:00
5909,6168,2026-04-28 15:09:36,2026-04-28 15:12:37
5910,6169,2026-04-28 14:25:40,2026-04-28 14:29:42
5911,6170,2026-04-28 15:14:04,2026-04-28 15:19:30
5912,6172,2026-04-28 15:19:59,2026-04-28 15:27:57
5913,6174,2026-04-28 15:29:18,2026-04-28 15:36:33
5914,6175,2026-04-28 14:58:35,2026-04-28 15:11:09
5915,6176,2026-04-28 15:29:06,2026-04-28 15:43:22
5916,6177,2026-04-28 15:27:16,2026-04-28 15:32:42
5917,6178,2026-04-28 15:34:26,2026-04-28 15:47:04
5918,6180,2026-04-29 09:00:27,2026-04-29 09:06:17
5919,6181,2026-04-29 09:01:28,2026-04-29 09:04:51
5920,6182,2026-04-29 09:00:08,2026-04-29 09:11:57
5921,6183,2026-04-29 09:00:22,2026-04-29 09:06:47
5922,6184,2026-04-29 09:07:37,2026-04-29 09:16:29
5923,6185,2026-04-29 09:16:32,2026-04-29 09:26:16
5924,6186,2026-04-29 09:27:11,2026-04-29 09:35:08
5925,6187,2026-04-29 09:35:58,2026-04-29 09:43:16
5926,6188,2026-04-29 09:19:35,2026-04-29 09:26:32
5927,6189,2026-04-29 09:27:48,2026-04-29 09:32:48
5928,6190,2026-04-29 09:44:18,2026-04-29 09:54:59
5929,6191,2026-04-29 09:26:15,2026-04-29 09:37:41
5930,6193,2026-04-29 09:38:11,2026-04-29 09:52:59
5931,6194,2026-04-29 09:53:43,2026-04-29 10:01:06
5932,6195,2026-04-29 10:01:42,2026-04-29 10:13:28
5933,6196,2026-04-29 09:58:08,2026-04-29 10:09:17
5934,6197,2026-04-29 10:31:59,2026-04-29 10:43:07
5935,6198,2026-04-29 10:49:57,2026-04-29 11:00:19
5936,6199,2026-04-29 13:30:14,2026-04-29 13:36:58
5937,6200,2026-04-29 13:37:05,2026-04-29 13:50:09
5938,6201,2026-04-29 13:31:00,2026-04-29 13:34:30
5939,6202,2026-04-29 13:34:54,2026-04-29 13:42:17
5940,6203,2026-04-29 13:51:26,2026-04-29 13:57:48
5941,6204,2026-04-29 13:52:20,2026-04-29 13:55:21
5942,6205,2026-04-29 13:57:52,2026-04-29 14:08:50
5943,6206,2026-04-29 14:02:50,2026-04-29 14:10:37
5944,6207,2026-04-29 14:09:16,2026-04-29 14:16:59
5945,6208,2026-04-29 14:15:39,2026-04-29 14:28:02
5946,6210,2026-04-29 14:29:32,2026-04-29 14:39:03
5947,6211,2026-04-29 14:28:00,2026-04-29 14:41:50
5948,6212,2026-04-29 14:39:24,2026-04-29 14:42:42
5949,6214,2026-04-29 14:51:50,2026-04-29 14:55:10
5950,6215,2026-04-29 15:05:10,2026-04-29 15:10:20
5951,6216,2026-04-29 15:34:48,2026-04-29 15:40:45
5952,6217,2026-04-30 09:00:19,2026-04-30 09:07:56
5953,6218,2026-04-30 09:09:19,2026-04-30 09:19:59
5954,6219,2026-04-30 09:01:25,2026-04-30 09:13:54
5955,6220,2026-04-30 09:00:29,2026-04-30 09:03:45
5956,6221,2026-04-30 09:00:55,2026-04-30 09:05:41
5957,6222,2026-04-30 09:21:01,2026-04-30 09:26:04
5958,6223,2026-04-30 09:26:09,2026-04-30 09:35:24
5959,6224,2026-04-30 09:35:28,2026-04-30 09:39:32
5960,6225,2026-04-30 09:40:17,2026-04-30 09:45:10
5961,6227,2026-04-30 09:46:05,2026-04-30 09:57:24
5962,6228,2026-04-30 09:58:00,2026-04-30 10:09:01
5963,6229,2026-04-30 10:10:19,2026-04-30 10:22:44
5964,6230,2026-04-30 09:04:51,2026-04-30 09:08:00
5965,6231,2026-04-30 09:08:59,2026-04-30 09:14:21
5966,6232,2026-04-30 09:15:36,2026-04-30 09:20:54
5967,6233,2026-04-30 10:22:54,2026-04-30 10:27:10
5968,6234,2026-04-30 09:05:51,2026-04-30 09:12:27
5969,6235,2026-04-30 10:28:20,2026-04-30 10:37:34
5970,6236,2026-04-30 09:14:58,2026-04-30 09:21:45
5971,6237,2026-04-30 09:13:40,2026-04-30 09:25:53
5972,6238,2026-04-30 10:38:52,2026-04-30 10:44:22
5973,6239,2026-04-30 09:26:18,2026-04-30 09:30:44
5974,6240,2026-04-30 09:20:59,2026-04-30 09:28:33
5975,6241,2026-04-30 10:45:47,2026-04-30 10:54:18
5976,6242,2026-04-30 09:30:57,2026-04-30 09:37:38
5977,6243,2026-04-30 09:28:57,2026-04-30 09:32:30
5978,6244,2026-04-30 09:22:01,2026-04-30 09:27:05
5979,6245,2026-04-30 09:27:25,2026-04-30 09:42:05
5980,6247,2026-04-30 09:32:42,2026-04-30 09:37:31
5981,6248,2026-04-30 09:38:05,2026-04-30 09:48:59
5982,6249,2026-04-30 10:55:07,2026-04-30 10:58:56
5983,6250,2026-04-30 09:49:12,2026-04-30 09:59:44
5984,6251,2026-04-30 11:00:01,2026-04-30 11:06:44
5985,6252,2026-04-30 10:01:13,2026-04-30 10:12:58
5986,6253,2026-04-30 10:13:43,2026-04-30 10:28:11
5987,6254,2026-04-30 11:06:47,2026-04-30 11:16:01
5988,6255,2026-04-30 09:43:20,2026-04-30 09:47:45
5989,6256,2026-04-30 09:38:16,2026-04-30 09:43:48
5990,6257,2026-04-30 09:46:17,2026-04-30 10:01:14
5991,6258,2026-04-30 11:17:22,2026-04-30 11:29:11
5992,6259,2026-04-30 10:28:28,2026-04-30 10:38:25
5993,6260,2026-04-30 10:39:26,2026-04-30 10:48:34
5994,6261,2026-04-30 10:08:41,2026-04-30 10:16:06
5995,6262,2026-04-30 10:17:16,2026-04-30 10:22:32
5996,6263,2026-04-30 10:30:33,2026-04-30 10:44:02
5997,6264,2026-04-30 11:29:45,2026-04-30 11:34:00
5998,6265,2026-04-30 10:49:56,2026-04-30 10:54:04
5999,6266,2026-04-30 13:30:38,2026-04-30 13:42:01
6000,6267,2026-04-30 13:30:44,2026-04-30 13:35:33
6001,6268,2026-04-30 13:43:04,2026-04-30 13:52:08
6002,6269,2026-04-30 13:52:53,2026-04-30 14:07:34
6003,6270,2026-04-30 13:30:20,2026-04-30 13:38:11
6004,6271,2026-04-30 14:07:50,2026-04-30 14:14:39
6005,6272,2026-04-30 13:39:06,2026-04-30 13:52:06
6006,6273,2026-04-30 13:31:09,2026-04-30 13:40:19
6007,6274,2026-04-30 14:15:18,2026-04-30 14:20:04
6008,6275,2026-04-30 13:52:38,2026-04-30 14:07:04
6009,6277,2026-04-30 13:36:55,2026-04-30 13:44:26
6010,6279,2026-04-30 14:07:07,2026-04-30 14:10:39
6011,6280,2026-04-30 14:21:03,2026-04-30 14:24:57
6012,6282,2026-04-30 14:26:20,2026-04-30 14:38:57
6013,6283,2026-04-30 14:11:47,2026-04-30 14:17:27
6014,6284,2026-04-30 13:45:48,2026-04-30 13:53:51
6015,6285,2026-04-30 14:39:30,2026-04-30 14:45:03
6016,6286,2026-04-30 13:55:03,2026-04-30 13:59:45
6017,6287,2026-04-30 13:56:32,2026-04-30 14:07:04
6018,6288,2026-04-30 14:00:32,2026-04-30 14:04:46
6019,6289,2026-04-30 14:45:56,2026-04-30 15:00:45
6020,6290,2026-04-30 13:57:41,2026-04-30 14:10:58
6021,6291,2026-04-30 14:06:15,2026-04-30 14:14:50
6022,6292,2026-04-30 14:14:53,2026-04-30 14:18:20
6023,6294,2026-04-30 14:18:48,2026-04-30 14:23:57
6024,6295,2026-04-30 15:02:00,2026-04-30 15:16:37
6025,6296,2026-04-30 14:24:16,2026-04-30 14:38:06
6026,6297,2026-04-30 15:17:45,2026-04-30 15:20:52
6027,6298,2026-04-30 14:50:46,2026-04-30 15:00:03
6028,6299,2026-04-30 15:20:58,2026-04-30 15:34:57
6029,6300,2026-04-30 15:35:33,2026-04-30 15:44:31
6030,6301,2026-04-30 14:58:30,2026-04-30 15:09:19
6031,6302,2026-04-30 15:07:42,2026-04-30 15:18:25
6032,6303,2026-04-30 15:14:11,2026-04-30 15:25:26
6033,6304,2026-04-30 15:31:24,2026-04-30 15:37:15
6034,6305,2026-05-01 09:00:47,2026-05-01 09:07:48
6035,6307,2026-05-01 09:09:17,2026-05-01 09:16:42
6036,6308,2026-05-01 09:00:08,2026-05-01 09:12:18
6037,6309,2026-05-01 09:17:52,2026-05-01 09:27:13
6038,6310,2026-05-01 09:27:38,2026-05-01 09:33:42
6039,6311,2026-05-01 09:13:34,2026-05-01 09:20:34
6040,6312,2026-05-01 09:33:45,2026-05-01 09:42:45
6041,6313,2026-05-01 09:31:11,2026-05-01 09:39:09
6042,6314,2026-05-01 09:40:22,2026-05-01 09:47:11
6043,6315,2026-05-01 09:43:11,2026-05-01 09:51:36
6044,6316,2026-05-01 09:52:54,2026-05-01 09:56:19
6045,6317,2026-05-01 10:24:34,2026-05-01 10:39:34
6046,6318,2026-05-01 10:47:39,2026-05-01 10:57:55
6047,6319,2026-05-01 13:30:12,2026-05-01 13:37:43
6048,6320,2026-05-01 13:30:28,2026-05-01 13:44:18
6049,6321,2026-05-01 13:31:17,2026-05-01 13:45:17
6050,6322,2026-05-01 13:38:34,2026-05-01 13:43:15
6051,6323,2026-05-01 13:31:01,2026-05-01 13:38:36
6052,6324,2026-05-01 13:45:02,2026-05-01 13:53:53
6053,6325,2026-05-01 13:30:01,2026-05-01 13:39:30
6054,6326,2026-05-01 13:54:53,2026-05-01 14:03:16
6055,6327,2026-05-01 13:40:04,2026-05-01 13:52:46
6056,6328,2026-05-01 13:53:54,2026-05-01 14:08:35
6057,6329,2026-05-01 14:09:08,2026-05-01 14:18:19
6058,6330,2026-05-01 13:39:56,2026-05-01 13:43:39
6059,6331,2026-05-01 14:18:56,2026-05-01 14:22:25
6060,6332,2026-05-01 13:48:18,2026-05-01 13:57:16
6061,6333,2026-05-01 13:54:49,2026-05-01 14:04:34
6062,6334,2026-05-01 14:09:11,2026-05-01 14:15:05
6063,6335,2026-05-01 14:23:13,2026-05-01 14:28:21
6064,6336,2026-05-01 14:21:39,2026-05-01 14:26:40
6065,6337,2026-05-01 14:23:01,2026-05-01 14:35:24
6066,6338,2026-05-01 14:19:04,2026-05-01 14:22:35
6067,6339,2026-05-01 14:28:35,2026-05-01 14:40:12
6068,6340,2026-05-01 14:23:46,2026-05-01 14:31:17
6069,6341,2026-05-01 14:35:39,2026-05-01 14:49:02
6070,6342,2026-05-01 14:40:59,2026-05-01 14:54:01
6071,6343,2026-05-01 14:42:52,2026-05-01 14:50:28
6072,6344,2026-05-01 14:41:03,2026-05-01 14:47:36
6073,6345,2026-05-01 14:50:18,2026-05-01 15:01:12
6074,6346,2026-05-01 15:49:53,2026-05-01 15:54:39
6075,6347,2026-05-04 09:01:01,2026-05-04 09:07:30
6076,6348,2026-05-04 09:00:48,2026-05-04 09:05:48
6077,6349,2026-05-04 09:07:04,2026-05-04 09:13:59
6078,6350,2026-05-04 09:01:13,2026-05-04 09:12:43
6079,6351,2026-05-04 09:00:07,2026-05-04 09:07:42
6080,6352,2026-05-04 09:14:24,2026-05-04 09:18:24
6081,6353,2026-05-04 09:01:09,2026-05-04 09:07:05
6082,6354,2026-05-04 09:08:27,2026-05-04 09:20:37
6083,6355,2026-05-04 09:18:34,2026-05-04 09:23:52
6084,6356,2026-05-04 09:22:06,2026-05-04 09:28:18
6085,6357,2026-05-04 09:24:53,2026-05-04 09:31:01
6086,6358,2026-05-04 09:28:49,2026-05-04 09:37:48
6087,6359,2026-05-04 09:13:36,2026-05-04 09:19:41
6088,6360,2026-05-04 09:19:47,2026-05-04 09:23:59
6089,6361,2026-05-04 09:08:42,2026-05-04 09:14:33
6090,6362,2026-05-04 09:15:26,2026-05-04 09:25:54
6091,6363,2026-05-04 09:32:22,2026-05-04 09:43:12
6092,6364,2026-05-04 09:44:41,2026-05-04 09:48:58
6093,6365,2026-05-04 09:24:43,2026-05-04 09:38:12
6094,6366,2026-05-04 09:50:08,2026-05-04 09:53:29
6095,6367,2026-05-04 09:08:31,2026-05-04 09:16:19
6096,6368,2026-05-04 09:54:23,2026-05-04 09:57:23
6097,6369,2026-05-04 09:39:16,2026-05-04 09:45:41
6098,6370,2026-05-04 09:57:49,2026-05-04 10:03:12
6099,6371,2026-05-04 09:45:56,2026-05-04 10:00:54
6100,6372,2026-05-04 09:38:55,2026-05-04 09:45:52
6101,6373,2026-05-04 10:04:24,2026-05-04 10:10:08
6102,6374,2026-05-04 09:46:59,2026-05-04 10:01:50
6103,6375,2026-05-04 10:02:08,2026-05-04 10:14:38
6104,6377,2026-05-04 10:10:32,2026-05-04 10:20:14
6105,6378,2026-05-04 10:01:20,2026-05-04 10:06:47
6106,6380,2026-05-04 09:37:28,2026-05-04 09:43:38
6107,6381,2026-05-04 10:21:39,2026-05-04 10:30:27
6108,6382,2026-05-04 10:15:09,2026-05-04 10:18:12
6109,6383,2026-05-04 10:19:25,2026-05-04 10:30:31
6110,6384,2026-05-04 10:08:04,2026-05-04 10:12:26
6111,6385,2026-05-04 09:50:36,2026-05-04 10:02:38
6112,6386,2026-05-04 10:31:14,2026-05-04 10:35:22
6113,6387,2026-05-04 10:35:28,2026-05-04 10:49:27
6114,6388,2026-05-04 10:31:21,2026-05-04 10:45:40
6115,6389,2026-05-04 10:54:15,2026-05-04 10:57:56
6116,6391,2026-05-04 10:59:21,2026-05-04 11:12:39
6117,6392,2026-05-04 11:13:17,2026-05-04 11:20:46
6118,6393,2026-05-04 11:22:16,2026-05-04 11:30:11
6119,6394,2026-05-04 11:23:24,2026-05-04 11:37:15
6120,6395,2026-05-04 13:30:40,2026-05-04 13:35:34
6121,6396,2026-05-04 13:30:55,2026-05-04 13:37:25
6122,6397,2026-05-04 13:38:16,2026-05-04 13:42:35
6123,6398,2026-05-04 13:36:16,2026-05-04 13:40:29
6124,6399,2026-05-04 13:30:28,2026-05-04 13:45:10
6125,6400,2026-05-04 13:30:23,2026-05-04 13:42:23
6126,6401,2026-05-04 13:30:45,2026-05-04 13:35:30
6127,6402,2026-05-04 13:45:30,2026-05-04 13:53:48
6128,6403,2026-05-04 13:42:48,2026-05-04 13:57:05
6129,6404,2026-05-04 13:57:36,2026-05-04 14:03:48
6130,6405,2026-05-04 14:03:49,2026-05-04 14:12:37
6131,6406,2026-05-04 14:13:44,2026-05-04 14:22:58
6132,6408,2026-05-04 13:36:55,2026-05-04 13:41:10
6133,6409,2026-05-04 13:54:18,2026-05-04 14:07:52
6134,6410,2026-05-04 13:41:16,2026-05-04 13:55:47
6135,6413,2026-05-04 14:08:59,2026-05-04 14:13:01
6136,6414,2026-05-04 13:42:37,2026-05-04 13:56:14
6137,6415,2026-05-04 13:56:41,2026-05-04 14:01:37
6138,6416,2026-05-04 14:24:08,2026-05-04 14:31:22
6139,6417,2026-05-04 13:41:44,2026-05-04 13:49:53
6140,6418,2026-05-04 13:57:21,2026-05-04 14:10:25
6141,6419,2026-05-04 14:11:36,2026-05-04 14:25:27
6142,6420,2026-05-04 13:50:03,2026-05-04 13:54:27
6143,6421,2026-05-04 14:14:31,2026-05-04 14:17:49
6144,6422,2026-05-04 14:32:11,2026-05-04 14:37:38
6145,6423,2026-05-04 14:02:14,2026-05-04 14:17:13
6146,6424,2026-05-04 14:18:27,2026-05-04 14:32:32
6147,6425,2026-05-04 14:38:09,2026-05-04 14:51:05
6148,6426,2026-05-04 14:18:39,2026-05-04 14:22:04
6149,6427,2026-05-04 14:33:38,2026-05-04 14:41:08
6150,6428,2026-05-04 14:41:08,2026-05-04 14:46:15
6151,6429,2026-05-04 14:23:32,2026-05-04 14:26:49
6152,6430,2026-05-04 13:55:52,2026-05-04 14:03:09
6153,6431,2026-05-04 14:27:39,2026-05-04 14:33:01
6154,6432,2026-05-04 14:52:13,2026-05-04 14:57:50
6155,6433,2026-05-04 14:03:14,2026-05-04 14:10:31
6156,6434,2026-05-04 14:11:14,2026-05-04 14:24:39
6157,6435,2026-05-04 14:58:29,2026-05-04 15:07:45
6158,6436,2026-05-04 14:33:57,2026-05-04 14:40:56
6159,6437,2026-05-04 14:26:19,2026-05-04 14:31:00
6160,6438,2026-05-04 15:08:31,2026-05-04 15:11:57
6161,6439,2026-05-04 15:12:28,2026-05-04 15:17:49
6162,6440,2026-05-04 14:46:45,2026-05-04 14:59:35
6163,6441,2026-05-04 14:31:35,2026-05-04 14:35:32
6164,6442,2026-05-04 14:25:49,2026-05-04 14:29:40
6165,6443,2026-05-04 14:41:50,2026-05-04 14:55:58
6166,6444,2026-05-04 15:00:24,2026-05-04 15:14:31
6167,6445,2026-05-04 15:15:54,2026-05-04 15:20:47
6168,6446,2026-05-04 14:36:52,2026-05-04 14:49:18
6169,6447,2026-05-04 15:20:48,2026-05-04 15:26:25
6170,6448,2026-05-04 15:27:48,2026-05-04 15:34:36
6171,6449,2026-05-04 15:18:04,2026-05-04 15:22:50
6172,6450,2026-05-04 14:56:10,2026-05-04 15:06:29
6173,6451,2026-05-04 15:24:00,2026-05-04 15:38:51
6174,6452,2026-05-04 15:35:41,2026-05-04 15:42:10
6175,6454,2026-05-04 15:02:58,2026-05-04 15:06:40
6176,6455,2026-05-04 15:10:16,2026-05-04 15:13:26
6177,6456,2026-05-04 15:42:55,2026-05-04 15:48:52
6178,6457,2026-05-04 15:39:17,2026-05-04 15:44:24
6179,6458,2026-05-04 15:45:08,2026-05-04 15:49:59
6180,6460,2026-05-04 15:49:05,2026-05-04 16:04:05
6181,6461,2026-05-06 09:00:05,2026-05-06 09:09:09
6182,6462,2026-05-06 09:00:00,2026-05-06 09:09:44
6183,6463,2026-05-06 09:00:44,2026-05-06 09:14:42
6184,6465,2026-05-06 09:10:58,2026-05-06 09:17:18
6185,6466,2026-05-06 09:17:23,2026-05-06 09:31:21
6186,6467,2026-05-06 09:01:27,2026-05-06 09:15:24
6187,6468,2026-05-06 09:31:24,2026-05-06 09:37:25
6188,6469,2026-05-06 09:09:42,2026-05-06 09:18:17
6189,6470,2026-05-06 09:38:53,2026-05-06 09:48:50
6190,6471,2026-05-06 09:19:36,2026-05-06 09:25:15
6191,6472,2026-05-06 09:15:01,2026-05-06 09:29:16
6192,6473,2026-05-06 09:26:33,2026-05-06 09:39:18
6193,6474,2026-05-06 09:29:54,2026-05-06 09:35:06
6194,6475,2026-05-06 09:16:06,2026-05-06 09:23:11
6195,6476,2026-05-06 09:48:54,2026-05-06 09:53:49
6196,6477,2026-05-06 09:23:55,2026-05-06 09:31:40
6197,6478,2026-05-06 09:40:32,2026-05-06 09:46:54
6198,6479,2026-05-06 09:47:54,2026-05-06 09:58:42
6199,6480,2026-05-06 09:55:08,2026-05-06 10:08:27
6200,6481,2026-05-06 10:09:46,2026-05-06 10:14:31
6201,6482,2026-05-06 09:59:00,2026-05-06 10:07:34
6202,6483,2026-05-06 10:08:22,2026-05-06 10:16:13
6203,6484,2026-05-06 10:15:04,2026-05-06 10:18:52
6204,6485,2026-05-06 10:19:18,2026-05-06 10:23:25
6205,6486,2026-05-06 10:24:55,2026-05-06 10:36:12
6206,6487,2026-05-06 10:17:18,2026-05-06 10:31:02
6207,6488,2026-05-06 09:40:54,2026-05-06 09:48:05
6208,6489,2026-05-06 10:31:47,2026-05-06 10:40:45
6209,6490,2026-05-06 09:48:42,2026-05-06 10:01:57
6210,6491,2026-05-06 10:37:37,2026-05-06 10:50:32
6211,6492,2026-05-06 10:02:43,2026-05-06 10:06:56
6212,6493,2026-05-06 10:50:55,2026-05-06 10:54:19
6213,6494,2026-05-06 10:54:46,2026-05-06 11:03:00
6214,6495,2026-05-06 10:42:42,2026-05-06 10:56:13
6215,6496,2026-05-06 11:04:09,2026-05-06 11:14:28
6216,6497,2026-05-06 13:31:05,2026-05-06 13:42:29
6217,6498,2026-05-06 13:30:55,2026-05-06 13:43:25
6218,6499,2026-05-06 13:43:42,2026-05-06 13:48:10
6219,6500,2026-05-06 13:30:33,2026-05-06 13:34:47
6220,6501,2026-05-06 13:35:43,2026-05-06 13:43:01
6221,6502,2026-05-06 13:44:23,2026-05-06 13:47:44
6222,6503,2026-05-06 13:43:37,2026-05-06 13:48:04
6223,6504,2026-05-06 13:48:47,2026-05-06 13:54:32
6224,6505,2026-05-06 13:48:54,2026-05-06 14:03:17
6225,6506,2026-05-06 14:03:33,2026-05-06 14:07:30
6226,6507,2026-05-06 13:55:12,2026-05-06 14:00:27
6227,6508,2026-05-06 14:00:38,2026-05-06 14:10:38
6228,6509,2026-05-06 13:56:54,2026-05-06 14:04:57
6229,6510,2026-05-06 14:08:57,2026-05-06 14:13:38
6230,6511,2026-05-06 14:21:20,2026-05-06 14:32:41
6231,6512,2026-05-06 14:19:39,2026-05-06 14:23:47
6232,6513,2026-05-06 14:22:58,2026-05-06 14:29:04
6233,6514,2026-05-06 14:33:58,2026-05-06 14:46:24
6234,6515,2026-05-06 14:35:56,2026-05-06 14:40:30
6235,6516,2026-05-06 14:47:05,2026-05-06 15:00:25
6236,6517,2026-05-06 15:00:42,2026-05-06 15:07:29
6237,6518,2026-05-06 15:06:21,2026-05-06 15:10:05
6238,6519,2026-05-06 15:08:53,2026-05-06 15:12:26
6239,6520,2026-05-06 15:11:35,2026-05-06 15:24:50
6240,6521,2026-05-06 15:25:02,2026-05-06 15:29:16
6241,6522,2026-05-06 15:29:37,2026-05-06 15:43:36
6242,6523,2026-05-07 09:00:45,2026-05-07 09:05:16
6243,6524,2026-05-07 09:01:30,2026-05-07 09:14:47
6244,6525,2026-05-07 09:00:27,2026-05-07 09:06:22
6245,6526,2026-05-07 09:06:11,2026-05-07 09:13:00
6246,6527,2026-05-07 09:14:01,2026-05-07 09:28:39
6247,6528,2026-05-07 09:00:48,2026-05-07 09:07:51
6248,6529,2026-05-07 09:29:01,2026-05-07 09:34:55
6249,6530,2026-05-07 09:08:03,2026-05-07 09:16:25
6250,6531,2026-05-07 09:01:06,2026-05-07 09:13:41
6251,6532,2026-05-07 09:14:43,2026-05-07 09:27:42
6252,6533,2026-05-07 09:36:04,2026-05-07 09:48:45
6253,6534,2026-05-07 09:49:33,2026-05-07 09:54:13
6254,6535,2026-05-07 09:16:50,2026-05-07 09:22:42
6255,6536,2026-05-07 09:55:05,2026-05-07 10:09:10
6256,6537,2026-05-07 10:10:31,2026-05-07 10:22:43
6257,6538,2026-05-07 09:22:42,2026-05-07 09:32:41
6258,6539,2026-05-07 09:15:01,2026-05-07 09:28:05
6259,6540,2026-05-07 09:28:22,2026-05-07 09:39:12
6260,6541,2026-05-07 10:22:46,2026-05-07 10:26:55
6261,6542,2026-05-07 09:32:41,2026-05-07 09:36:37
6262,6543,2026-05-07 10:28:11,2026-05-07 10:39:52
6263,6544,2026-05-07 09:34:04,2026-05-07 09:40:19
6264,6545,2026-05-07 09:31:56,2026-05-07 09:40:10
6265,6546,2026-05-07 09:37:02,2026-05-07 09:48:57
6266,6547,2026-05-07 09:40:41,2026-05-07 09:55:14
6267,6548,2026-05-07 09:40:59,2026-05-07 09:48:17
6268,6549,2026-05-07 10:41:16,2026-05-07 10:48:14
6269,6551,2026-05-07 09:50:06,2026-05-07 09:53:23
6270,6552,2026-05-07 10:49:21,2026-05-07 11:00:46
6271,6553,2026-05-07 11:01:11,2026-05-07 11:08:36
6272,6554,2026-05-07 11:09:28,2026-05-07 11:21:06
6273,6555,2026-05-07 11:21:17,2026-05-07 11:26:24
6274,6557,2026-05-07 11:27:48,2026-05-07 11:36:50
6275,6558,2026-05-07 11:07:21,2026-05-07 11:13:47
6276,6559,2026-05-07 11:38:07,2026-05-07 11:42:43
6277,6560,2026-05-07 11:18:56,2026-05-07 11:24:41
6278,6561,2026-05-07 13:31:09,2026-05-07 13:36:43
6279,6562,2026-05-07 13:30:02,2026-05-07 13:42:13
6280,6563,2026-05-07 13:30:36,2026-05-07 13:37:36
6281,6564,2026-05-07 13:31:26,2026-05-07 13:38:25
6282,6565,2026-05-07 13:37:47,2026-05-07 13:47:44
6283,6566,2026-05-07 13:43:37,2026-05-07 13:53:52
6284,6567,2026-05-07 13:38:25,2026-05-07 13:42:03
6285,6568,2026-05-07 13:37:58,2026-05-07 13:43:43
6286,6569,2026-05-07 13:45:02,2026-05-07 13:50:41
6287,6570,2026-05-07 13:30:21,2026-05-07 13:37:34
6288,6571,2026-05-07 13:50:59,2026-05-07 13:59:16
6289,6572,2026-05-07 13:48:58,2026-05-07 13:52:43
6290,6573,2026-05-07 13:52:48,2026-05-07 13:57:41
6291,6574,2026-05-07 13:57:55,2026-05-07 14:04:20
6292,6575,2026-05-07 13:38:34,2026-05-07 13:41:51
6293,6576,2026-05-07 13:41:54,2026-05-07 13:50:40
6294,6577,2026-05-07 13:51:57,2026-05-07 13:58:18
6295,6578,2026-05-07 13:54:01,2026-05-07 13:58:24
6296,6579,2026-05-07 13:42:09,2026-05-07 13:48:16
6297,6580,2026-05-07 13:58:42,2026-05-07 14:03:50
6298,6581,2026-05-07 14:05:21,2026-05-07 14:17:55
6299,6582,2026-05-07 13:58:33,2026-05-07 14:03:03
6300,6584,2026-05-07 14:03:50,2026-05-07 14:08:36
6301,6585,2026-05-07 14:19:05,2026-05-07 14:28:30
6302,6586,2026-05-07 14:04:27,2026-05-07 14:08:01
6303,6587,2026-05-07 14:00:34,2026-05-07 14:09:07
6304,6588,2026-05-07 14:08:57,2026-05-07 14:13:13
6305,6589,2026-05-07 14:09:32,2026-05-07 14:13:47
6306,6590,2026-05-07 14:29:47,2026-05-07 14:40:47
6307,6591,2026-05-07 14:13:54,2026-05-07 14:20:45
6308,6592,2026-05-07 14:40:58,2026-05-07 14:53:48
6309,6593,2026-05-07 13:49:35,2026-05-07 14:01:55
6310,6594,2026-05-07 14:54:06,2026-05-07 14:58:02
6311,6595,2026-05-07 14:14:21,2026-05-07 14:20:22
6312,6596,2026-05-07 14:09:11,2026-05-07 14:16:25
6313,6597,2026-05-07 14:21:18,2026-05-07 14:35:13
6314,6598,2026-05-07 14:58:21,2026-05-07 15:04:06
6315,6599,2026-05-07 14:20:47,2026-05-07 14:28:11
6316,6600,2026-05-07 14:28:19,2026-05-07 14:35:55
6317,6601,2026-05-07 14:36:22,2026-05-07 14:41:27
6318,6602,2026-05-07 14:05:00,2026-05-07 14:10:19
6319,6603,2026-05-07 14:35:59,2026-05-07 14:40:44
6320,6604,2026-05-07 14:17:14,2026-05-07 14:24:43
6321,6605,2026-05-07 14:42:11,2026-05-07 14:47:47
6322,6607,2026-05-07 14:48:51,2026-05-07 14:59:44
6323,6608,2026-05-07 15:05:33,2026-05-07 15:20:16
6324,6609,2026-05-07 15:21:29,2026-05-07 15:29:04
6325,6610,2026-05-07 14:18:51,2026-05-07 14:31:55
6326,6611,2026-05-07 15:00:42,2026-05-07 15:05:31
6327,6612,2026-05-07 15:06:12,2026-05-07 15:11:29
6328,6613,2026-05-07 15:12:35,2026-05-07 15:22:10
6329,6614,2026-05-07 15:29:58,2026-05-07 15:37:40
6330,6615,2026-05-07 15:37:48,2026-05-07 15:51:38
6331,6616,2026-05-07 14:50:43,2026-05-07 14:59:44
6332,6618,2026-05-07 15:10:45,2026-05-07 15:14:09
6333,6619,2026-05-07 15:23:38,2026-05-07 15:29:55
6334,6620,2026-05-07 15:52:44,2026-05-07 15:55:58
6335,6621,2026-05-07 15:33:34,2026-05-07 15:40:53
6336,6622,2026-05-07 15:56:45,2026-05-07 16:01:33
6337,6623,2026-05-08 09:00:50,2026-05-08 09:07:42
6338,6624,2026-05-08 09:00:11,2026-05-08 09:11:16
6339,6625,2026-05-08 09:12:26,2026-05-08 09:19:59
6340,6626,2026-05-08 09:08:49,2026-05-08 09:21:53
6341,6627,2026-05-08 09:23:08,2026-05-08 09:33:16
6342,6628,2026-05-08 09:20:40,2026-05-08 09:25:56
6343,6630,2026-05-08 09:34:43,2026-05-08 09:46:12
6344,6631,2026-05-08 09:26:19,2026-05-08 09:33:36
6345,6632,2026-05-08 09:46:28,2026-05-08 10:00:40
6346,6633,2026-05-08 10:00:46,2026-05-08 10:07:59
6347,6634,2026-05-08 10:09:24,2026-05-08 10:18:50
6348,6635,2026-05-08 10:19:03,2026-05-08 10:23:07
6349,6636,2026-05-08 09:36:37,2026-05-08 09:45:07
6350,6637,2026-05-08 09:53:13,2026-05-08 10:01:51
6351,6638,2026-05-08 10:02:54,2026-05-08 10:14:42
6352,6639,2026-05-08 10:01:54,2026-05-08 10:15:38
6353,6640,2026-05-08 10:24:04,2026-05-08 10:33:55
6354,6641,2026-05-08 10:15:59,2026-05-08 10:20:06
6355,6642,2026-05-08 10:16:46,2026-05-08 10:26:27
6356,6643,2026-05-08 10:27:34,2026-05-08 10:32:11
6357,6644,2026-05-08 10:32:57,2026-05-08 10:36:22
6358,6645,2026-05-08 10:48:19,2026-05-08 10:54:16
6359,6646,2026-05-08 13:30:22,2026-05-08 13:44:20
6360,6647,2026-05-08 13:45:35,2026-05-08 13:50:30
6361,6648,2026-05-08 13:30:13,2026-05-08 13:40:15
6362,6649,2026-05-08 13:30:41,2026-05-08 13:44:09
6363,6650,2026-05-08 13:41:06,2026-05-08 13:44:31
6364,6651,2026-05-08 13:51:23,2026-05-08 14:06:02
6365,6652,2026-05-08 13:30:50,2026-05-08 13:42:33
6366,6653,2026-05-08 14:06:25,2026-05-08 14:13:26
6367,6654,2026-05-08 14:14:08,2026-05-08 14:18:37
6368,6655,2026-05-08 14:19:27,2026-05-08 14:29:34
6369,6656,2026-05-08 14:30:37,2026-05-08 14:38:31
6370,6657,2026-05-08 13:46:34,2026-05-08 13:52:35
6371,6658,2026-05-08 13:42:32,2026-05-08 13:48:32
6372,6659,2026-05-08 14:38:32,2026-05-08 14:46:12
6373,6660,2026-05-08 14:02:27,2026-05-08 14:08:20
6374,6661,2026-05-08 14:02:15,2026-05-08 14:08:35
6375,6662,2026-05-08 14:08:39,2026-05-08 14:15:50
6376,6663,2026-05-08 14:15:57,2026-05-08 14:26:12
6377,6664,2026-05-08 14:47:12,2026-05-08 14:59:04
6378,6665,2026-05-08 14:13:44,2026-05-08 14:22:37
6379,6666,2026-05-08 14:15:58,2026-05-08 14:26:46
6380,6667,2026-05-08 15:00:07,2026-05-08 15:08:59
6381,6668,2026-05-08 14:33:11,2026-05-08 14:41:40
6382,6669,2026-05-08 14:42:00,2026-05-08 14:55:32
6383,6670,2026-05-08 15:09:18,2026-05-08 15:16:37
6384,6671,2026-05-08 15:17:12,2026-05-08 15:30:15
6385,6672,2026-05-08 15:12:09,2026-05-08 15:15:15
6386,6673,2026-05-08 15:10:27,2026-05-08 15:21:42
6387,6674,2026-05-08 15:20:21,2026-05-08 15:30:05
6388,6675,2026-05-11 09:01:18,2026-05-11 09:06:56
6389,6676,2026-05-11 09:00:58,2026-05-11 09:07:49
6390,6677,2026-05-11 09:08:41,2026-05-11 09:14:45
6391,6678,2026-05-11 09:15:36,2026-05-11 09:22:31
6392,6679,2026-05-11 09:22:38,2026-05-11 09:34:24
6393,6680,2026-05-11 09:00:09,2026-05-11 09:08:07
6394,6681,2026-05-11 09:01:04,2026-05-11 09:10:57
6395,6682,2026-05-11 09:34:56,2026-05-11 09:49:55
6396,6683,2026-05-11 09:50:11,2026-05-11 09:55:32
6397,6684,2026-05-11 09:08:44,2026-05-11 09:19:01
6398,6685,2026-05-11 09:20:30,2026-05-11 09:25:31
6399,6686,2026-05-11 09:55:56,2026-05-11 10:02:51
6400,6687,2026-05-11 09:08:07,2026-05-11 09:13:01
6401,6688,2026-05-11 09:11:08,2026-05-11 09:20:49
6402,6689,2026-05-11 09:25:44,2026-05-11 09:33:32
6403,6690,2026-05-11 09:01:25,2026-05-11 09:07:25
6404,6691,2026-05-11 09:13:51,2026-05-11 09:20:16
6405,6692,2026-05-11 09:34:06,2026-05-11 09:39:00
6406,6693,2026-05-11 10:03:02,2026-05-11 10:15:12
6407,6694,2026-05-11 09:21:37,2026-05-11 09:27:02
6408,6695,2026-05-11 09:21:24,2026-05-11 09:31:01
6409,6697,2026-05-11 10:15:14,2026-05-11 10:26:06
6410,6698,2026-05-11 09:28:23,2026-05-11 09:38:59
6411,6700,2026-05-11 09:39:10,2026-05-11 09:52:53
6412,6701,2026-05-11 09:53:21,2026-05-11 09:56:59
6413,6702,2026-05-11 10:27:18,2026-05-11 10:32:37
6414,6703,2026-05-11 09:57:53,2026-05-11 10:11:30
6415,6705,2026-05-11 10:11:40,2026-05-11 10:21:55
6416,6706,2026-05-11 10:22:18,2026-05-11 10:29:36
6417,6707,2026-05-11 10:32:58,2026-05-11 10:46:07
6418,6708,2026-05-11 10:29:41,2026-05-11 10:34:50
6419,6709,2026-05-11 09:54:35,2026-05-11 10:06:49
6420,6710,2026-05-11 10:06:53,2026-05-11 10:11:05
6421,6711,2026-05-11 10:47:01,2026-05-11 10:58:57
6422,6712,2026-05-11 10:59:28,2026-05-11 11:12:51
6423,6713,2026-05-11 10:35:39,2026-05-11 10:47:09
6424,6714,2026-05-11 10:17:26,2026-05-11 10:31:51
6425,6715,2026-05-11 11:12:56,2026-05-11 11:17:07
6426,6716,2026-05-11 11:17:22,2026-05-11 11:22:19
6427,6717,2026-05-11 10:47:41,2026-05-11 10:53:27
6428,6718,2026-05-11 10:54:31,2026-05-11 10:59:55
6429,6719,2026-05-11 11:23:20,2026-05-11 11:36:24
6430,6720,2026-05-11 13:31:14,2026-05-11 13:42:34
6431,6721,2026-05-11 13:31:07,2026-05-11 13:34:57
6432,6722,2026-05-11 13:30:28,2026-05-11 13:34:31
6433,6723,2026-05-11 13:35:18,2026-05-11 13:38:55
6434,6724,2026-05-11 13:40:00,2026-05-11 13:49:30
6435,6725,2026-05-11 13:43:45,2026-05-11 13:51:15
6436,6726,2026-05-11 13:50:04,2026-05-11 13:54:06
6437,6728,2026-05-11 13:30:12,2026-05-11 13:38:12
6438,6729,2026-05-11 13:39:09,2026-05-11 13:52:43
6439,6730,2026-05-11 13:31:14,2026-05-11 13:40:32
6440,6731,2026-05-11 13:40:46,2026-05-11 13:44:07
6441,6732,2026-05-11 13:53:28,2026-05-11 14:01:03
6442,6734,2026-05-11 14:01:33,2026-05-11 14:13:13
6443,6735,2026-05-11 14:14:43,2026-05-11 14:29:07
6444,6736,2026-05-11 14:30:33,2026-05-11 14:42:08
6445,6737,2026-05-11 13:45:27,2026-05-11 13:50:00
6446,6738,2026-05-11 14:43:23,2026-05-11 14:48:23
6447,6739,2026-05-11 13:50:33,2026-05-11 13:57:58
6448,6740,2026-05-11 14:48:35,2026-05-11 14:54:35
6449,6741,2026-05-11 14:56:03,2026-05-11 15:02:53
6450,6742,2026-05-11 13:59:09,2026-05-11 14:06:07
6451,6743,2026-05-11 14:07:14,2026-05-11 14:21:02
6452,6744,2026-05-11 14:21:10,2026-05-11 14:36:03
6453,6745,2026-05-11 13:52:34,2026-05-11 14:00:24
6454,6746,2026-05-11 14:01:44,2026-05-11 14:12:02
6455,6747,2026-05-11 14:37:21,2026-05-11 14:48:53
6456,6748,2026-05-11 15:03:36,2026-05-11 15:11:59
6457,6749,2026-05-11 13:55:27,2026-05-11 14:02:45
6458,6750,2026-05-11 13:48:07,2026-05-11 13:57:34
6459,6751,2026-05-11 15:13:01,2026-05-11 15:22:52
6460,6753,2026-05-11 14:04:05,2026-05-11 14:16:43
6461,6754,2026-05-11 14:12:07,2026-05-11 14:22:17
6462,6755,2026-05-11 14:16:59,2026-05-11 14:24:40
6463,6756,2026-05-11 14:49:16,2026-05-11 14:57:20
6464,6757,2026-05-11 15:24:22,2026-05-11 15:28:49
6465,6758,2026-05-11 14:58:19,2026-05-11 15:03:50
6466,6759,2026-05-11 15:29:05,2026-05-11 15:43:14
6467,6760,2026-05-11 15:44:01,2026-05-11 15:51:12
6468,6761,2026-05-11 15:04:13,2026-05-11 15:08:08
6469,6762,2026-05-11 14:24:40,2026-05-11 14:29:15
6470,6763,2026-05-11 14:29:45,2026-05-11 14:35:07
6471,6764,2026-05-11 15:52:24,2026-05-11 15:59:35
6472,6765,2026-05-11 16:01:04,2026-05-11 16:07:59
6473,6766,2026-05-11 15:08:20,2026-05-11 15:21:26
6474,6767,2026-05-11 14:35:52,2026-05-11 14:41:09
6475,6768,2026-05-11 14:26:33,2026-05-11 14:35:41
6476,6769,2026-05-11 14:37:10,2026-05-11 14:47:31
6477,6770,2026-05-11 14:42:31,2026-05-11 14:49:50
6478,6771,2026-05-11 16:09:00,2026-05-11 16:13:42
6479,6772,2026-05-11 14:50:33,2026-05-11 14:54:32
6480,6773,2026-05-11 15:22:28,2026-05-11 15:29:18
6481,6774,2026-05-11 14:55:39,2026-05-11 15:02:19
6482,6775,2026-05-11 15:30:41,2026-05-11 15:34:21
6483,6776,2026-05-11 14:37:15,2026-05-11 14:41:57
6484,6777,2026-05-11 15:34:29,2026-05-11 15:40:14
6485,6778,2026-05-11 15:40:47,2026-05-11 15:48:26
6486,6779,2026-05-11 14:48:55,2026-05-11 14:53:51
6487,6780,2026-05-11 15:04:25,2026-05-11 15:09:38
6488,6781,2026-05-11 15:12:40,2026-05-11 15:26:33
6489,6782,2026-05-11 15:27:11,2026-05-11 15:31:25
6490,6783,2026-05-11 15:31:51,2026-05-11 15:38:22
6491,6784,2026-05-12 09:00:52,2026-05-12 09:07:39
6492,6785,2026-05-12 09:00:09,2026-05-12 09:05:31
6493,6786,2026-05-12 09:06:06,2026-05-12 09:19:24
6494,6787,2026-05-12 09:01:10,2026-05-12 09:10:57
6495,6788,2026-05-12 09:19:42,2026-05-12 09:23:02
6496,6789,2026-05-12 09:07:55,2026-05-12 09:16:17
6497,6790,2026-05-12 09:00:16,2026-05-12 09:06:34
6498,6791,2026-05-12 09:11:14,2026-05-12 09:17:51
6499,6792,2026-05-12 09:01:14,2026-05-12 09:07:19
6500,6793,2026-05-12 09:18:58,2026-05-12 09:30:25
6501,6794,2026-05-12 09:23:26,2026-05-12 09:29:00
6502,6795,2026-05-12 09:08:25,2026-05-12 09:11:57
6503,6796,2026-05-12 09:01:24,2026-05-12 09:04:44
6504,6797,2026-05-12 09:31:34,2026-05-12 09:45:26
6505,6798,2026-05-12 09:05:48,2026-05-12 09:16:07
6506,6799,2026-05-12 09:30:18,2026-05-12 09:35:06
6507,6800,2026-05-12 09:12:26,2026-05-12 09:22:40
6508,6801,2026-05-12 09:23:32,2026-05-12 09:27:06
6509,6802,2026-05-12 09:17:12,2026-05-12 09:27:48
6510,6803,2026-05-12 09:45:29,2026-05-12 09:58:26
6511,6804,2026-05-12 09:08:00,2026-05-12 09:11:02
6512,6805,2026-05-12 09:27:42,2026-05-12 09:33:34
6513,6806,2026-05-12 09:34:14,2026-05-12 09:41:21
6514,6807,2026-05-12 09:42:08,2026-05-12 09:50:08
6515,6808,2026-05-12 09:50:57,2026-05-12 10:00:00
6516,6809,2026-05-12 09:24:06,2026-05-12 09:36:43
6517,6810,2026-05-12 09:58:41,2026-05-12 10:02:33
6518,6811,2026-05-12 09:35:21,2026-05-12 09:43:11
6519,6812,2026-05-12 09:32:35,2026-05-12 09:41:28
6520,6813,2026-05-12 10:00:42,2026-05-12 10:07:19
6521,6814,2026-05-12 10:03:05,2026-05-12 10:14:57
6522,6815,2026-05-12 10:15:12,2026-05-12 10:21:38
6523,6816,2026-05-12 09:37:37,2026-05-12 09:40:44
6524,6817,2026-05-12 09:41:37,2026-05-12 09:47:51
6525,6818,2026-05-12 10:22:36,2026-05-12 10:27:02
6526,6819,2026-05-12 09:34:59,2026-05-12 09:49:38
6527,6820,2026-05-12 09:43:33,2026-05-12 09:53:18
6528,6821,2026-05-12 09:48:11,2026-05-12 09:56:10
6529,6822,2026-05-12 10:27:15,2026-05-12 10:32:28
6530,6823,2026-05-12 10:32:28,2026-05-12 10:40:10
6531,6824,2026-05-12 10:07:38,2026-05-12 10:19:55
6532,6825,2026-05-12 10:41:19,2026-05-12 10:55:32
6533,6826,2026-05-12 10:04:16,2026-05-12 10:11:46
6534,6827,2026-05-12 10:12:14,2026-05-12 10:15:53
6535,6828,2026-05-12 10:20:20,2026-05-12 10:30:00
6536,6829,2026-05-12 10:56:21,2026-05-12 11:04:23
6537,6830,2026-05-12 11:05:50,2026-05-12 11:20:40
6538,6831,2026-05-12 10:26:31,2026-05-12 10:39:55
6539,6832,2026-05-12 10:24:38,2026-05-12 10:30:20
6540,6833,2026-05-12 11:21:18,2026-05-12 11:25:11
6541,6834,2026-05-12 10:36:12,2026-05-12 10:42:21
6542,6835,2026-05-12 10:38:42,2026-05-12 10:49:52
6543,6836,2026-05-12 10:48:51,2026-05-12 10:59:36
6544,6837,2026-05-12 11:25:35,2026-05-12 11:31:35
6545,6838,2026-05-12 11:02:13,2026-05-12 11:09:04
6546,6839,2026-05-12 13:31:05,2026-05-12 13:42:07
6547,6840,2026-05-12 13:31:19,2026-05-12 13:35:35
6548,6842,2026-05-12 13:30:22,2026-05-12 13:38:08
6549,6843,2026-05-12 13:31:13,2026-05-12 13:35:39
6550,6844,2026-05-12 13:39:36,2026-05-12 13:45:45
6551,6845,2026-05-12 13:31:25,2026-05-12 13:34:55
6552,6846,2026-05-12 13:43:31,2026-05-12 13:58:26
6553,6847,2026-05-12 13:36:27,2026-05-12 13:41:19
6554,6848,2026-05-12 13:30:41,2026-05-12 13:37:16
6555,6849,2026-05-12 13:47:08,2026-05-12 13:59:20
6556,6850,2026-05-12 13:59:10,2026-05-12 14:03:47
6557,6851,2026-05-12 13:38:31,2026-05-12 13:52:42
6558,6852,2026-05-12 14:00:41,2026-05-12 14:12:30
6559,6853,2026-05-12 13:36:43,2026-05-12 13:48:34
6560,6854,2026-05-12 13:49:12,2026-05-12 14:04:09
6561,6855,2026-05-12 13:35:28,2026-05-12 13:38:46
6562,6856,2026-05-12 14:04:05,2026-05-12 14:07:49
6563,6857,2026-05-12 13:54:01,2026-05-12 14:00:31
6564,6858,2026-05-12 14:09:19,2026-05-12 14:21:09
6565,6859,2026-05-12 14:05:02,2026-05-12 14:17:18
6566,6860,2026-05-12 14:21:39,2026-05-12 14:32:39
6567,6861,2026-05-12 14:17:51,2026-05-12 14:31:49
6568,6862,2026-05-12 14:32:01,2026-05-12 14:36:01
6569,6863,2026-05-12 14:12:57,2026-05-12 14:25:07
6570,6864,2026-05-12 14:25:19,2026-05-12 14:38:37
6571,6865,2026-05-12 13:56:22,2026-05-12 14:01:18
6572,6866,2026-05-12 14:36:21,2026-05-12 14:50:26
6573,6867,2026-05-12 14:39:00,2026-05-12 14:48:53
6574,6868,2026-05-12 14:07:22,2026-05-12 14:13:37
6575,6869,2026-05-12 14:05:36,2026-05-12 14:11:27
6576,6870,2026-05-12 14:11:44,2026-05-12 14:18:18
6577,6871,2026-05-12 14:33:13,2026-05-12 14:42:53
6578,6872,2026-05-12 14:43:03,2026-05-12 14:57:31
6579,6873,2026-05-12 14:50:32,2026-05-12 14:59:46
6580,6874,2026-05-12 15:00:38,2026-05-12 15:13:58
6581,6875,2026-05-12 15:14:44,2026-05-12 15:25:30
6582,6876,2026-05-12 15:26:49,2026-05-12 15:33:16
6583,6877,2026-05-12 15:33:39,2026-05-12 15:38:41
6584,6879,2026-05-12 15:38:53,2026-05-12 15:48:38
6585,6880,2026-05-12 15:49:45,2026-05-12 15:54:42
6586,6881,2026-05-12 14:57:55,2026-05-12 15:07:00
6587,6882,2026-05-12 14:49:23,2026-05-12 15:01:48
6588,6883,2026-05-12 15:55:03,2026-05-12 16:03:07
6589,6884,2026-05-12 15:02:53,2026-05-12 15:07:55
6590,6885,2026-05-12 14:58:33,2026-05-12 15:09:00
6591,6886,2026-05-12 15:10:30,2026-05-12 15:16:44
6592,6887,2026-05-12 14:59:38,2026-05-12 15:06:20
6593,6888,2026-05-12 15:25:26,2026-05-12 15:33:17
6594,6889,2026-05-12 16:03:44,2026-05-12 16:10:22
6595,6890,2026-05-12 15:40:46,2026-05-12 15:47:56
6596,6891,2026-05-13 09:00:30,2026-05-13 09:11:06
6597,6892,2026-05-13 09:00:06,2026-05-13 09:11:59
6598,6893,2026-05-13 09:01:10,2026-05-13 09:05:54
6599,6894,2026-05-13 09:06:58,2026-05-13 09:10:26
6600,6895,2026-05-13 09:12:12,2026-05-13 09:16:46
6601,6896,2026-05-13 09:17:08,2026-05-13 09:29:31
6602,6897,2026-05-13 09:12:04,2026-05-13 09:17:39
6603,6898,2026-05-13 09:18:20,2026-05-13 09:27:32
6604,6899,2026-05-13 09:30:09,2026-05-13 09:42:15
6605,6900,2026-05-13 09:28:16,2026-05-13 09:38:54
6606,6901,2026-05-13 09:43:41,2026-05-13 09:51:54
6607,6902,2026-05-13 09:00:51,2026-05-13 09:04:00
6608,6903,2026-05-13 09:52:30,2026-05-13 09:59:25
6609,6904,2026-05-13 09:59:38,2026-05-13 10:05:15
6610,6905,2026-05-13 10:06:19,2026-05-13 10:18:49
6611,6906,2026-05-13 10:19:36,2026-05-13 10:30:16
6612,6907,2026-05-13 10:31:32,2026-05-13 10:43:27
6613,6908,2026-05-13 09:39:30,2026-05-13 09:45:32
6614,6909,2026-05-13 10:43:43,2026-05-13 10:49:43
6615,6910,2026-05-13 09:46:45,2026-05-13 09:51:43
6616,6911,2026-05-13 09:52:59,2026-05-13 09:59:08
6617,6912,2026-05-13 09:59:25,2026-05-13 10:07:08
6618,6913,2026-05-13 09:41:49,2026-05-13 09:51:55
6619,6914,2026-05-13 10:49:59,2026-05-13 10:54:38
6620,6915,2026-05-13 09:59:11,2026-05-13 10:03:09
6621,6916,2026-05-13 10:56:02,2026-05-13 11:01:22
6622,6917,2026-05-13 11:02:32,2026-05-13 11:06:56
6623,6918,2026-05-13 10:15:07,2026-05-13 10:26:38
6624,6920,2026-05-13 10:41:49,2026-05-13 10:46:16
6625,6921,2026-05-13 13:31:26,2026-05-13 13:37:39
6626,6922,2026-05-13 13:30:56,2026-05-13 13:44:27
6627,6923,2026-05-13 13:44:36,2026-05-13 13:52:10
6628,6924,2026-05-13 13:38:01,2026-05-13 13:42:45
6629,6925,2026-05-13 13:44:02,2026-05-13 13:52:05
6630,6926,2026-05-13 13:52:50,2026-05-13 13:56:59
6631,6927,2026-05-13 14:00:06,2026-05-13 14:06:36
6632,6928,2026-05-13 14:27:51,2026-05-13 14:32:37
6633,6929,2026-05-13 14:24:59,2026-05-13 14:28:46
6634,6930,2026-05-13 15:06:04,2026-05-13 15:17:41
6635,6931,2026-05-13 15:23:55,2026-05-13 15:29:38
6636,6932,2026-05-13 15:29:37,2026-05-13 15:33:26
6637,6933,2026-05-14 09:00:48,2026-05-14 09:05:47
6638,6934,2026-05-14 09:06:04,2026-05-14 09:16:22
6639,6935,2026-05-14 09:00:06,2026-05-14 09:09:20
6640,6936,2026-05-14 09:17:18,2026-05-14 09:24:21
6641,6937,2026-05-14 09:25:46,2026-05-14 09:30:08
6642,6938,2026-05-14 09:10:33,2026-05-14 09:15:01
6643,6939,2026-05-14 09:00:34,2026-05-14 09:03:34
6644,6940,2026-05-14 09:04:01,2026-05-14 09:17:23
6645,6941,2026-05-14 09:00:01,2026-05-14 09:14:52
6646,6942,2026-05-14 09:17:56,2026-05-14 09:26:42
6647,6943,2026-05-14 09:30:10,2026-05-14 09:36:46
6648,6944,2026-05-14 09:27:34,2026-05-14 09:42:30
6649,6945,2026-05-14 09:42:33,2026-05-14 09:53:52
6650,6946,2026-05-14 09:36:49,2026-05-14 09:45:05
6651,6947,2026-05-14 09:00:40,2026-05-14 09:05:10
6652,6948,2026-05-14 09:55:04,2026-05-14 10:08:17
6653,6949,2026-05-14 09:15:52,2026-05-14 09:23:56
6654,6950,2026-05-14 09:46:02,2026-05-14 09:52:05
6655,6951,2026-05-14 10:09:04,2026-05-14 10:18:18
6656,6952,2026-05-14 10:19:15,2026-05-14 10:24:04
6657,6953,2026-05-14 09:25:03,2026-05-14 09:39:22
6658,6954,2026-05-14 09:53:31,2026-05-14 09:59:33
6659,6955,2026-05-14 10:25:26,2026-05-14 10:33:46
6660,6956,2026-05-14 10:34:58,2026-05-14 10:42:28
6661,6957,2026-05-14 09:27:29,2026-05-14 09:37:08
6662,6958,2026-05-14 10:43:02,2026-05-14 10:46:45
6663,6959,2026-05-14 10:46:51,2026-05-14 10:50:13
6664,6960,2026-05-14 09:42:00,2026-05-14 09:49:26
6665,6961,2026-05-14 09:49:21,2026-05-14 09:57:19
6666,6962,2026-05-14 09:52:07,2026-05-14 09:55:22
6667,6963,2026-05-14 10:50:58,2026-05-14 11:03:50
6668,6964,2026-05-14 11:04:38,2026-05-14 11:11:22
6669,6965,2026-05-14 11:12:02,2026-05-14 11:18:13
6670,6966,2026-05-14 10:00:49,2026-05-14 10:11:20
6671,6967,2026-05-14 11:18:32,2026-05-14 11:21:46
6672,6968,2026-05-14 10:12:33,2026-05-14 10:21:40
6673,6969,2026-05-14 10:11:36,2026-05-14 10:16:52
6674,6970,2026-05-14 10:22:07,2026-05-14 10:25:19
6675,6971,2026-05-14 11:22:56,2026-05-14 11:27:06
6676,6972,2026-05-14 10:25:59,2026-05-14 10:31:19
6677,6973,2026-05-14 10:21:10,2026-05-14 10:26:55
6678,6974,2026-05-14 10:31:25,2026-05-14 10:45:05
6679,6975,2026-05-14 11:27:32,2026-05-14 11:31:27
6680,6977,2026-05-14 13:30:10,2026-05-14 13:33:39
6681,6978,2026-05-14 13:31:25,2026-05-14 13:38:48
6682,6979,2026-05-14 13:39:44,2026-05-14 13:48:06
6683,6980,2026-05-14 13:31:16,2026-05-14 13:45:03
6684,6981,2026-05-14 13:45:23,2026-05-14 13:51:06
6685,6982,2026-05-14 13:49:21,2026-05-14 13:58:40
6686,6983,2026-05-14 13:59:56,2026-05-14 14:04:12
6687,6984,2026-05-14 14:05:23,2026-05-14 14:16:16
6688,6985,2026-05-14 14:17:24,2026-05-14 14:28:50
6689,6986,2026-05-14 13:30:49,2026-05-14 13:36:54
6690,6987,2026-05-14 13:30:20,2026-05-14 13:42:29
6691,6988,2026-05-14 13:52:31,2026-05-14 14:05:07
6692,6989,2026-05-14 13:43:07,2026-05-14 13:47:35
6693,6990,2026-05-14 14:29:14,2026-05-14 14:38:50
6694,6991,2026-05-14 13:48:47,2026-05-14 13:55:28
6695,6992,2026-05-14 13:37:26,2026-05-14 13:48:47
6696,6993,2026-05-14 13:49:30,2026-05-14 14:01:52
6697,6994,2026-05-14 14:38:58,2026-05-14 14:42:47
6698,6996,2026-05-14 14:43:35,2026-05-14 14:51:03
6699,6997,2026-05-14 14:52:27,2026-05-14 14:55:40
6700,6998,2026-05-14 14:03:09,2026-05-14 14:14:46
6701,6999,2026-05-14 13:50:07,2026-05-14 14:02:49
6702,7000,2026-05-14 14:56:55,2026-05-14 15:00:21
6703,7001,2026-05-14 15:00:42,2026-05-14 15:12:58
6704,7002,2026-05-14 14:03:10,2026-05-14 14:17:52
6705,7003,2026-05-14 14:18:41,2026-05-14 14:26:11
6706,7004,2026-05-14 15:14:21,2026-05-14 15:17:46
6707,7005,2026-05-14 15:18:28,2026-05-14 15:27:44
6708,7006,2026-05-14 14:17:21,2026-05-14 14:26:31
6709,7007,2026-05-14 14:27:13,2026-05-14 14:40:59
6710,7008,2026-05-14 14:43:39,2026-05-14 14:53:00
6711,7009,2026-05-14 15:28:28,2026-05-14 15:42:14
6712,7010,2026-05-14 14:46:56,2026-05-14 14:58:10
6713,7011,2026-05-14 15:43:19,2026-05-14 15:57:42
6714,7012,2026-05-14 15:59:04,2026-05-14 16:04:22
6715,7013,2026-05-15 09:00:02,2026-05-15 09:06:22
6716,7014,2026-05-15 09:00:27,2026-05-15 09:13:39
6717,7015,2026-05-15 09:01:10,2026-05-15 09:09:26
6718,7016,2026-05-15 09:13:51,2026-05-15 09:22:33
6719,7017,2026-05-15 09:09:38,2026-05-15 09:17:22
6720,7018,2026-05-15 09:22:43,2026-05-15 09:34:51
6721,7019,2026-05-15 09:19:55,2026-05-15 09:31:03
6722,7020,2026-05-15 09:35:55,2026-05-15 09:42:01
6723,7021,2026-05-15 09:43:20,2026-05-15 09:55:38
6724,7022,2026-05-15 09:32:06,2026-05-15 09:43:12
6725,7023,2026-05-15 09:56:48,2026-05-15 10:01:50
6726,7024,2026-05-15 09:43:51,2026-05-15 09:48:25
6727,7025,2026-05-15 10:05:33,2026-05-15 10:19:16
6728,7026,2026-05-15 10:10:27,2026-05-15 10:19:13
6729,7027,2026-05-15 10:20:18,2026-05-15 10:30:46
6730,7028,2026-05-15 10:32:07,2026-05-15 10:45:50
6731,7029,2026-05-15 11:01:18,2026-05-15 11:07:25
6732,7030,2026-05-15 13:30:02,2026-05-15 13:36:35
6733,7031,2026-05-15 13:30:55,2026-05-15 13:39:44
6734,7032,2026-05-15 13:30:13,2026-05-15 13:43:28
6735,7034,2026-05-15 13:30:57,2026-05-15 13:40:30
6736,7035,2026-05-15 13:44:28,2026-05-15 13:55:11
6737,7036,2026-05-15 13:40:52,2026-05-15 13:48:08
6738,7037,2026-05-15 13:48:25,2026-05-15 13:57:01
6739,7038,2026-05-15 13:55:17,2026-05-15 14:07:16
6740,7039,2026-05-15 13:52:04,2026-05-15 13:55:39
6741,7040,2026-05-15 13:54:51,2026-05-15 14:00:57
6742,7041,2026-05-15 13:55:52,2026-05-15 14:09:46
6743,7042,2026-05-15 14:08:42,2026-05-15 14:18:05
6744,7043,2026-05-15 14:19:38,2026-05-15 14:33:57
6745,7044,2026-05-15 14:35:02,2026-05-15 14:43:06
6746,7045,2026-05-15 14:28:01,2026-05-15 14:31:40
6747,7046,2026-05-15 14:33:59,2026-05-15 14:38:53
6748,7047,2026-05-15 14:40:07,2026-05-15 14:44:10
6749,7048,2026-05-15 14:43:38,2026-05-15 14:49:21
6750,7049,2026-05-15 14:58:07,2026-05-15 15:12:18
6751,7050,2026-05-15 15:08:22,2026-05-15 15:23:06
6752,7051,2026-05-18 09:00:40,2026-05-18 09:07:23
6753,7052,2026-05-18 09:00:18,2026-05-18 09:13:25
6754,7053,2026-05-18 09:00:05,2026-05-18 09:14:34
6755,7054,2026-05-18 09:14:45,2026-05-18 09:18:09
6756,7055,2026-05-18 09:18:47,2026-05-18 09:32:39
6757,7056,2026-05-18 09:08:47,2026-05-18 09:14:22
6758,7057,2026-05-18 09:14:46,2026-05-18 09:20:31
6759,7058,2026-05-18 09:21:19,2026-05-18 09:34:42
6760,7059,2026-05-18 09:33:19,2026-05-18 09:40:07
6761,7060,2026-05-18 09:35:19,2026-05-18 09:42:34
6762,7061,2026-05-18 09:43:47,2026-05-18 09:50:35
6763,7062,2026-05-18 09:41:10,2026-05-18 09:53:25
6764,7063,2026-05-18 09:50:48,2026-05-18 10:04:43
6765,7064,2026-05-18 10:04:50,2026-05-18 10:14:14
6766,7065,2026-05-18 10:15:00,2026-05-18 10:22:48
6767,7066,2026-05-18 10:23:17,2026-05-18 10:33:45
6768,7067,2026-05-18 09:04:40,2026-05-18 09:19:16
6769,7068,2026-05-18 09:54:35,2026-05-18 10:01:42
6770,7069,2026-05-18 09:20:41,2026-05-18 09:35:35
6771,7070,2026-05-18 09:36:08,2026-05-18 09:39:21
6772,7071,2026-05-18 10:02:31,2026-05-18 10:13:25
6773,7072,2026-05-18 09:39:51,2026-05-18 09:44:33
6774,7073,2026-05-18 10:13:48,2026-05-18 10:18:53
6775,7074,2026-05-18 10:33:51,2026-05-18 10:48:27
6776,7075,2026-05-18 10:19:43,2026-05-18 10:27:30
6777,7076,2026-05-18 10:28:38,2026-05-18 10:36:22
6778,7077,2026-05-18 10:49:56,2026-05-18 10:56:54
6779,7078,2026-05-18 10:57:02,2026-05-18 11:09:41
6780,7079,2026-05-18 10:37:27,2026-05-18 10:46:33
6781,7080,2026-05-18 11:10:44,2026-05-18 11:14:05
6782,7081,2026-05-18 10:47:20,2026-05-18 10:58:52
6783,7082,2026-05-18 11:14:23,2026-05-18 11:20:03
6784,7083,2026-05-18 09:45:48,2026-05-18 09:50:51
6785,7084,2026-05-18 11:20:34,2026-05-18 11:33:52
6786,7085,2026-05-18 11:00:11,2026-05-18 11:07:38
6787,7086,2026-05-18 11:08:20,2026-05-18 11:12:45
6788,7087,2026-05-18 11:35:12,2026-05-18 11:42:31
6789,7088,2026-05-18 10:08:48,2026-05-18 10:20:03
6790,7089,2026-05-18 11:13:37,2026-05-18 11:18:35
6791,7090,2026-05-18 10:26:27,2026-05-18 10:30:15
6792,7091,2026-05-18 11:43:09,2026-05-18 11:56:07
6793,7092,2026-05-18 10:34:23,2026-05-18 10:38:06
6794,7093,2026-05-18 11:19:36,2026-05-18 11:30:26
6795,7094,2026-05-18 10:54:58,2026-05-18 11:05:30
6796,7095,2026-05-18 11:06:02,2026-05-18 11:11:39
6797,7096,2026-05-18 11:31:08,2026-05-18 11:38:15
6798,7097,2026-05-18 11:19:08,2026-05-18 11:27:24
6799,7098,2026-05-18 13:30:33,2026-05-18 13:44:48
6800,7099,2026-05-18 13:31:30,2026-05-18 13:39:01
6801,7100,2026-05-18 13:44:59,2026-05-18 13:49:08
6802,7101,2026-05-18 13:50:11,2026-05-18 13:58:58
6803,7102,2026-05-18 13:31:07,2026-05-18 13:41:16
6804,7103,2026-05-18 13:59:58,2026-05-18 14:06:14
6805,7104,2026-05-18 13:41:30,2026-05-18 13:51:52
6806,7105,2026-05-18 13:39:49,2026-05-18 13:43:56
6807,7106,2026-05-18 13:52:52,2026-05-18 14:00:47
6808,7107,2026-05-18 13:31:16,2026-05-18 13:43:59
6809,7108,2026-05-18 14:06:35,2026-05-18 14:14:59
6810,7109,2026-05-18 13:44:49,2026-05-18 13:57:03
6811,7110,2026-05-18 13:31:25,2026-05-18 13:37:03
6812,7111,2026-05-18 14:01:28,2026-05-18 14:15:07
6813,7112,2026-05-18 14:15:40,2026-05-18 14:21:13
6814,7113,2026-05-18 13:37:04,2026-05-18 13:42:43
6815,7114,2026-05-18 14:15:46,2026-05-18 14:25:00
6816,7115,2026-05-18 14:21:29,2026-05-18 14:27:09
6817,7116,2026-05-18 14:25:29,2026-05-18 14:38:55
6818,7117,2026-05-18 14:28:20,2026-05-18 14:37:03
6819,7118,2026-05-18 14:39:16,2026-05-18 14:46:43
6820,7119,2026-05-18 13:44:08,2026-05-18 13:49:29
6821,7121,2026-05-18 13:48:38,2026-05-18 13:56:04
6822,7122,2026-05-18 13:56:52,2026-05-18 14:04:00
6823,7123,2026-05-18 14:47:10,2026-05-18 14:50:32
6824,7124,2026-05-18 14:37:26,2026-05-18 14:51:54
6825,7125,2026-05-18 13:54:45,2026-05-18 14:05:42
6826,7126,2026-05-18 14:52:57,2026-05-18 15:02:23
6827,7127,2026-05-18 14:50:38,2026-05-18 14:59:09
6828,7128,2026-05-18 15:03:15,2026-05-18 15:10:05
6829,7129,2026-05-18 15:00:10,2026-05-18 15:13:04
6830,7130,2026-05-18 15:13:04,2026-05-18 15:17:40
6831,7131,2026-05-18 15:10:45,2026-05-18 15:15:44
6832,7132,2026-05-18 15:18:02,2026-05-18 15:25:01
6833,7133,2026-05-18 14:31:37,2026-05-18 14:35:20
6834,7134,2026-05-18 15:16:09,2026-05-18 15:21:23
6835,7135,2026-05-18 15:22:00,2026-05-18 15:26:33
6836,7136,2026-05-18 15:27:30,2026-05-18 15:32:34
6837,7137,2026-05-18 15:25:37,2026-05-18 15:30:35
6838,7138,2026-05-18 15:32:38,2026-05-18 15:41:42
6839,7139,2026-05-18 15:30:51,2026-05-18 15:37:24
6840,7140,2026-05-18 14:49:36,2026-05-18 14:55:44
6841,7141,2026-05-18 15:41:55,2026-05-18 15:45:59
6842,7142,2026-05-18 15:38:40,2026-05-18 15:43:23
6843,7143,2026-05-18 15:44:26,2026-05-18 15:50:43
6844,7144,2026-05-18 15:22:20,2026-05-18 15:28:14
6845,7145,2026-05-19 09:00:40,2026-05-19 09:08:50
6846,7146,2026-05-19 09:00:58,2026-05-19 09:07:41
6847,7147,2026-05-19 09:09:09,2026-05-19 09:19:44
6848,7148,2026-05-19 09:09:58,2026-05-19 09:23:31
6849,7149,2026-05-19 09:00:08,2026-05-19 09:14:07
6850,7150,2026-05-19 09:19:57,2026-05-19 09:27:26
6851,7151,2026-05-19 09:27:35,2026-05-19 09:35:48
6852,7152,2026-05-19 09:01:08,2026-05-19 09:04:29
6853,7153,2026-05-19 09:23:58,2026-05-19 09:29:50
6854,7154,2026-05-19 09:15:29,2026-05-19 09:21:27
6855,7155,2026-05-19 09:09:09,2026-05-19 09:13:53
6856,7156,2026-05-19 09:31:13,2026-05-19 09:34:48
6857,7157,2026-05-19 09:35:00,2026-05-19 09:46:03
6858,7158,2026-05-19 09:21:28,2026-05-19 09:30:12
6859,7159,2026-05-19 09:22:20,2026-05-19 09:28:50
6860,7160,2026-05-19 09:29:24,2026-05-19 09:35:59
6861,7161,2026-05-19 09:35:59,2026-05-19 09:43:14
6862,7162,2026-05-19 09:36:41,2026-05-19 09:41:04
6863,7163,2026-05-19 09:42:11,2026-05-19 09:46:33
6864,7164,2026-05-19 09:28:54,2026-05-19 09:34:41
6865,7165,2026-05-19 09:46:29,2026-05-19 09:52:24
6866,7167,2026-05-19 09:43:31,2026-05-19 09:49:45
6867,7168,2026-05-19 09:50:56,2026-05-19 09:57:12
6868,7170,2026-05-19 09:43:57,2026-05-19 09:58:31
6869,7171,2026-05-19 09:59:01,2026-05-19 10:05:23
6870,7172,2026-05-19 09:58:03,2026-05-19 10:08:04
6871,7173,2026-05-19 09:57:40,2026-05-19 10:06:35
6872,7174,2026-05-19 10:08:12,2026-05-19 10:16:16
6873,7175,2026-05-19 10:08:18,2026-05-19 10:11:50
6874,7176,2026-05-19 10:16:24,2026-05-19 10:30:50
6875,7177,2026-05-19 10:31:19,2026-05-19 10:41:02
6876,7178,2026-05-19 10:21:12,2026-05-19 10:31:11
6877,7179,2026-05-19 10:20:21,2026-05-19 10:28:39
6878,7180,2026-05-19 10:31:50,2026-05-19 10:35:57
6879,7181,2026-05-19 10:42:11,2026-05-19 10:46:33
6880,7182,2026-05-19 10:38:52,2026-05-19 10:43:21
6881,7183,2026-05-19 11:06:11,2026-05-19 11:19:55
6882,7184,2026-05-19 13:31:08,2026-05-19 13:45:47
6883,7185,2026-05-19 13:31:23,2026-05-19 13:35:03
6884,7186,2026-05-19 13:30:20,2026-05-19 13:33:43
6885,7187,2026-05-19 13:36:13,2026-05-19 13:43:46
6886,7188,2026-05-19 13:34:24,2026-05-19 13:45:50
6887,7189,2026-05-19 13:45:12,2026-05-19 13:58:13
6888,7190,2026-05-19 13:46:50,2026-05-19 13:59:29
6889,7191,2026-05-19 13:30:05,2026-05-19 13:44:35
6890,7192,2026-05-19 13:45:42,2026-05-19 13:49:29
6891,7193,2026-05-19 13:58:25,2026-05-19 14:01:58
6892,7194,2026-05-19 13:50:19,2026-05-19 13:53:29
6893,7195,2026-05-19 14:02:49,2026-05-19 14:10:50
6894,7196,2026-05-19 13:59:34,2026-05-19 14:05:34
6895,7197,2026-05-19 13:31:12,2026-05-19 13:37:37
6896,7199,2026-05-19 13:31:27,2026-05-19 13:36:16
6897,7200,2026-05-19 13:47:09,2026-05-19 13:55:02
6898,7201,2026-05-19 14:11:18,2026-05-19 14:16:42
6899,7202,2026-05-19 13:54:22,2026-05-19 13:58:02
6900,7203,2026-05-19 13:38:45,2026-05-19 13:49:23
6901,7204,2026-05-19 13:58:50,2026-05-19 14:02:30
6902,7205,2026-05-19 13:55:11,2026-05-19 14:00:33
6903,7207,2026-05-19 14:06:01,2026-05-19 14:11:48
6904,7208,2026-05-19 14:17:55,2026-05-19 14:31:44
6905,7209,2026-05-19 13:42:24,2026-05-19 13:47:30
6906,7210,2026-05-19 14:33:09,2026-05-19 14:36:56
6907,7211,2026-05-19 14:03:34,2026-05-19 14:18:08
6908,7212,2026-05-19 14:18:26,2026-05-19 14:27:00
6909,7213,2026-05-19 14:37:52,2026-05-19 14:47:53
6910,7214,2026-05-19 14:13:07,2026-05-19 14:26:51
6911,7216,2026-05-19 14:49:05,2026-05-19 15:00:13
6912,7217,2026-05-19 13:53:41,2026-05-19 14:01:25
6913,7218,2026-05-19 15:00:43,2026-05-19 15:06:01
6914,7219,2026-05-19 15:06:15,2026-05-19 15:10:20
6915,7220,2026-05-19 15:11:16,2026-05-19 15:26:02
6916,7221,2026-05-19 15:26:31,2026-05-19 15:30:58
6917,7222,2026-05-19 14:00:47,2026-05-19 14:06:47
6918,7223,2026-05-19 14:01:29,2026-05-19 14:07:00
6919,7224,2026-05-19 14:27:07,2026-05-19 14:34:29
6920,7225,2026-05-19 15:31:35,2026-05-19 15:35:58
6921,7226,2026-05-19 15:36:46,2026-05-19 15:49:21
6922,7227,2026-05-19 14:27:42,2026-05-19 14:39:15
6923,7228,2026-05-19 14:40:26,2026-05-19 14:46:12
6924,7229,2026-05-19 14:35:01,2026-05-19 14:38:14
6925,7230,2026-05-19 14:32:51,2026-05-19 14:41:12
6926,7231,2026-05-19 14:45:48,2026-05-19 14:59:15
6927,7232,2026-05-19 15:50:42,2026-05-19 15:54:13
6928,7233,2026-05-19 14:53:25,2026-05-19 14:59:41
6929,7234,2026-05-19 15:01:47,2026-05-19 15:06:36
6930,7235,2026-05-20 09:01:08,2026-05-20 09:15:29
6931,7236,2026-05-20 09:00:43,2026-05-20 09:04:30
6932,7237,2026-05-20 09:01:04,2026-05-20 09:06:16
6933,7238,2026-05-20 09:04:49,2026-05-20 09:17:41
6934,7239,2026-05-20 09:17:41,2026-05-20 09:25:13
6935,7240,2026-05-20 09:15:59,2026-05-20 09:19:20
6936,7241,2026-05-20 09:12:41,2026-05-20 09:25:17
6937,7242,2026-05-20 09:25:52,2026-05-20 09:39:15
6938,7243,2026-05-20 09:23:54,2026-05-20 09:30:00
6939,7244,2026-05-20 09:30:12,2026-05-20 09:39:39
6940,7245,2026-05-20 09:47:53,2026-05-20 09:51:35
6941,7246,2026-05-20 10:00:10,2026-05-20 10:14:18
6942,7247,2026-05-20 10:05:56,2026-05-20 10:16:49
6943,7248,2026-05-20 10:16:58,2026-05-20 10:21:11
6944,7249,2026-05-20 10:21:31,2026-05-20 10:34:53
6945,7250,2026-05-20 10:37:15,2026-05-20 10:42:26
6946,7251,2026-05-20 10:57:18,2026-05-20 11:02:04
6947,7252,2026-05-20 13:30:01,2026-05-20 13:33:15
6948,7253,2026-05-20 13:34:03,2026-05-20 13:41:21
6949,7254,2026-05-20 13:30:59,2026-05-20 13:38:13
6950,7255,2026-05-20 13:39:14,2026-05-20 13:44:37
6951,7256,2026-05-20 13:41:48,2026-05-20 13:54:54
6952,7257,2026-05-20 13:45:13,2026-05-20 13:52:46
6953,7258,2026-05-20 13:31:05,2026-05-20 13:44:19
6954,7259,2026-05-20 13:52:58,2026-05-20 14:02:25
6955,7260,2026-05-20 14:02:50,2026-05-20 14:07:34
6956,7261,2026-05-20 13:55:08,2026-05-20 14:05:42
6957,7262,2026-05-20 14:07:46,2026-05-20 14:20:30
6958,7263,2026-05-20 14:21:58,2026-05-20 14:31:57
6959,7264,2026-05-20 14:33:10,2026-05-20 14:44:33
6960,7265,2026-05-20 14:46:03,2026-05-20 15:00:21
6961,7266,2026-05-20 14:12:45,2026-05-20 14:27:35
6962,7267,2026-05-20 14:28:52,2026-05-20 14:41:09
6963,7268,2026-05-20 15:01:32,2026-05-20 15:16:07
6964,7269,2026-05-20 14:44:02,2026-05-20 14:56:41
6965,7270,2026-05-20 15:16:42,2026-05-20 15:21:08
6966,7271,2026-05-20 15:22:06,2026-05-20 15:26:04
6967,7272,2026-05-20 15:10:59,2026-05-20 15:19:43
6968,7273,2026-05-20 15:21:04,2026-05-20 15:30:11
6969,7274,2026-05-20 15:30:35,2026-05-20 15:42:22
6970,7275,2026-05-20 15:29:26,2026-05-20 15:35:20
6971,7276,2026-05-21 09:00:25,2026-05-21 09:07:35
6972,7277,2026-05-21 09:00:21,2026-05-21 09:04:49
6973,7278,2026-05-21 09:04:53,2026-05-21 09:12:51
6974,7280,2026-05-21 09:01:27,2026-05-21 09:04:56
6975,7281,2026-05-21 09:14:07,2026-05-21 09:23:22
6976,7282,2026-05-21 09:08:40,2026-05-21 09:12:25
6977,7283,2026-05-21 09:24:37,2026-05-21 09:31:07
6978,7284,2026-05-21 09:12:45,2026-05-21 09:27:19
6979,7285,2026-05-21 09:28:01,2026-05-21 09:34:03
6980,7286,2026-05-21 09:05:56,2026-05-21 09:10:15
6981,7287,2026-05-21 09:31:30,2026-05-21 09:34:35
6982,7288,2026-05-21 09:10:28,2026-05-21 09:20:59
6983,7289,2026-05-21 09:21:01,2026-05-21 09:30:55
6984,7290,2026-05-21 09:35:52,2026-05-21 09:39:17
6985,7291,2026-05-21 09:35:08,2026-05-21 09:47:14
6986,7292,2026-05-21 09:40:47,2026-05-21 09:55:17
6987,7293,2026-05-21 09:48:20,2026-05-21 09:55:41
6988,7294,2026-05-21 09:56:32,2026-05-21 10:10:15
6989,7295,2026-05-21 09:55:30,2026-05-21 10:09:19
6990,7296,2026-05-21 10:09:30,2026-05-21 10:14:48
6991,7297,2026-05-21 10:11:26,2026-05-21 10:17:37
6992,7298,2026-05-21 09:33:35,2026-05-21 09:38:10
6993,7299,2026-05-21 09:47:04,2026-05-21 10:00:52
6994,7300,2026-05-21 09:52:58,2026-05-21 10:07:52
6995,7301,2026-05-21 10:15:11,2026-05-21 10:26:39
6996,7302,2026-05-21 10:01:34,2026-05-21 10:13:16
6997,7304,2026-05-21 10:17:59,2026-05-21 10:30:04
6998,7305,2026-05-21 10:26:39,2026-05-21 10:30:02
6999,7306,2026-05-21 10:30:42,2026-05-21 10:36:26
7000,7307,2026-05-21 10:22:20,2026-05-21 10:27:20
7001,7308,2026-05-21 10:33:02,2026-05-21 10:44:12
7002,7309,2026-05-21 10:36:46,2026-05-21 10:40:59
7003,7310,2026-05-21 10:39:12,2026-05-21 10:47:00
7004,7311,2026-05-21 10:47:11,2026-05-21 10:53:13
7005,7312,2026-05-21 10:53:34,2026-05-21 10:59:56
7006,7313,2026-05-21 10:50:22,2026-05-21 10:53:44
7007,7314,2026-05-21 13:30:01,2026-05-21 13:37:56
7008,7315,2026-05-21 13:39:21,2026-05-21 13:47:18
7009,7316,2026-05-21 13:31:11,2026-05-21 13:44:43
7010,7317,2026-05-21 13:48:26,2026-05-21 13:57:33
7011,7318,2026-05-21 13:31:24,2026-05-21 13:38:37
7012,7319,2026-05-21 13:40:04,2026-05-21 13:47:04
7013,7320,2026-05-21 13:47:19,2026-05-21 13:53:20
7014,7321,2026-05-21 13:54:08,2026-05-21 14:01:11
7015,7322,2026-05-21 13:30:54,2026-05-21 13:34:45
7016,7323,2026-05-21 13:58:45,2026-05-21 14:02:31
7017,7324,2026-05-21 14:03:18,2026-05-21 14:10:19
7018,7325,2026-05-21 14:01:21,2026-05-21 14:04:28
7019,7326,2026-05-21 14:11:29,2026-05-21 14:22:22
7020,7327,2026-05-21 14:05:19,2026-05-21 14:09:26
7021,7328,2026-05-21 14:23:38,2026-05-21 14:30:07
7022,7329,2026-05-21 14:31:37,2026-05-21 14:43:00
7023,7330,2026-05-21 14:09:33,2026-05-21 14:21:00
7024,7331,2026-05-21 14:22:04,2026-05-21 14:28:41
7025,7332,2026-05-21 14:44:19,2026-05-21 14:49:56
7026,7333,2026-05-21 13:44:08,2026-05-21 13:48:07
7027,7334,2026-05-21 14:50:34,2026-05-21 14:53:58
7028,7335,2026-05-21 13:56:56,2026-05-21 14:06:07
7029,7336,2026-05-21 13:58:17,2026-05-21 14:04:55
7030,7338,2026-05-21 14:29:50,2026-05-21 14:37:13
7031,7339,2026-05-21 14:12:45,2026-05-21 14:24:20
7032,7340,2026-05-21 14:26:46,2026-05-21 14:32:29
7033,7341,2026-05-21 14:21:51,2026-05-21 14:31:15
7034,7342,2026-05-21 14:54:17,2026-05-21 15:08:35
7035,7344,2026-05-21 14:38:07,2026-05-21 14:44:58
7036,7346,2026-05-21 14:45:09,2026-05-21 14:55:44
7037,7347,2026-05-21 14:57:06,2026-05-21 15:05:01
7038,7348,2026-05-21 14:48:43,2026-05-21 14:52:13
7039,7349,2026-05-21 15:02:02,2026-05-21 15:07:28
7040,7350,2026-05-21 15:09:28,2026-05-21 15:14:05
7041,7351,2026-05-21 15:14:24,2026-05-21 15:19:55
7042,7352,2026-05-21 15:20:10,2026-05-21 15:29:39
7043,7353,2026-05-21 15:29:51,2026-05-21 15:43:56
7044,7354,2026-05-21 15:40:56,2026-05-21 15:51:53
7045,7355,2026-05-22 09:00:14,2026-05-22 09:03:43
7046,7356,2026-05-22 09:04:04,2026-05-22 09:10:48
7047,7357,2026-05-22 09:00:37,2026-05-22 09:06:40
7048,7358,2026-05-22 09:06:54,2026-05-22 09:12:46
7049,7359,2026-05-22 09:00:52,2026-05-22 09:08:51
7050,7360,2026-05-22 09:13:27,2026-05-22 09:20:39
7051,7361,2026-05-22 09:10:49,2026-05-22 09:22:20
7052,7362,2026-05-22 09:22:29,2026-05-22 09:34:06
7053,7363,2026-05-22 09:35:31,2026-05-22 09:47:21
7054,7364,2026-05-22 09:22:33,2026-05-22 09:34:58
7055,7365,2026-05-22 09:47:58,2026-05-22 09:54:19
7056,7366,2026-05-22 09:36:12,2026-05-22 09:44:15
7057,7367,2026-05-22 09:45:30,2026-05-22 09:51:04
7058,7368,2026-05-22 10:18:23,2026-05-22 10:22:19
7059,7369,2026-05-22 10:27:43,2026-05-22 10:34:33
7060,7370,2026-05-22 10:38:46,2026-05-22 10:45:55
7061,7371,2026-05-22 10:47:07,2026-05-22 10:53:42
7062,7372,2026-05-22 13:30:19,2026-05-22 13:35:07
7063,7373,2026-05-22 13:30:09,2026-05-22 13:40:06
7064,7374,2026-05-22 13:31:27,2026-05-22 13:37:41
7065,7375,2026-05-22 13:36:03,2026-05-22 13:42:28
7066,7376,2026-05-22 13:30:42,2026-05-22 13:36:35
7067,7377,2026-05-22 13:30:58,2026-05-22 13:35:29
7068,7378,2026-05-22 13:43:30,2026-05-22 13:50:16
7069,7379,2026-05-22 13:37:12,2026-05-22 13:41:51
7070,7380,2026-05-22 13:42:11,2026-05-22 13:52:20
7071,7381,2026-05-22 13:45:38,2026-05-22 13:59:29
7072,7382,2026-05-22 13:55:14,2026-05-22 14:02:37
7073,7383,2026-05-22 13:57:42,2026-05-22 14:11:13
7074,7384,2026-05-22 14:13:42,2026-05-22 14:20:48
7075,7385,2026-05-22 14:11:27,2026-05-22 14:25:35
7076,7386,2026-05-22 14:25:29,2026-05-22 14:37:57
7077,7387,2026-05-22 14:29:51,2026-05-22 14:35:43
7078,7388,2026-05-22 14:43:55,2026-05-22 14:47:25
7079,7390,2026-05-22 14:55:55,2026-05-22 15:10:02
7080,7391,2026-05-22 14:57:26,2026-05-22 15:12:19
7081,7392,2026-05-22 15:11:39,2026-05-22 15:23:46
7082,7394,2026-05-26 09:00:59,2026-05-26 09:04:11
7083,7395,2026-05-26 09:01:28,2026-05-26 09:08:36
7084,7396,2026-05-26 09:08:41,2026-05-26 09:21:03
7085,7397,2026-05-26 09:00:05,2026-05-26 09:06:46
7086,7398,2026-05-26 09:04:41,2026-05-26 09:10:08
7087,7400,2026-05-26 09:21:54,2026-05-26 09:29:50
7088,7401,2026-05-26 09:30:16,2026-05-26 09:39:52
7089,7402,2026-05-26 09:40:09,2026-05-26 09:44:33
7090,7403,2026-05-26 09:00:38,2026-05-26 09:06:14
7091,7404,2026-05-26 09:10:45,2026-05-26 09:22:05
7092,7405,2026-05-26 09:07:09,2026-05-26 09:18:21
7093,7406,2026-05-26 09:06:43,2026-05-26 09:16:06
7094,7407,2026-05-26 09:16:33,2026-05-26 09:27:55
7095,7408,2026-05-26 09:23:13,2026-05-26 09:28:31
7096,7409,2026-05-26 09:45:58,2026-05-26 09:53:36
7097,7410,2026-05-26 09:54:22,2026-05-26 09:57:38
7098,7411,2026-05-26 09:00:37,2026-05-26 09:03:39
7099,7412,2026-05-26 09:29:23,2026-05-26 09:32:49
7100,7413,2026-05-26 09:04:53,2026-05-26 09:10:07
7101,7414,2026-05-26 09:10:30,2026-05-26 09:16:15
7102,7415,2026-05-26 09:33:06,2026-05-26 09:41:09
7103,7416,2026-05-26 09:58:51,2026-05-26 10:04:09
7104,7417,2026-05-26 09:28:59,2026-05-26 09:36:48
7105,7418,2026-05-26 09:41:21,2026-05-26 09:50:01
7106,7419,2026-05-26 10:04:13,2026-05-26 10:09:06
7107,7420,2026-05-26 09:50:24,2026-05-26 10:03:50
7108,7421,2026-05-26 09:17:06,2026-05-26 09:29:30
7109,7422,2026-05-26 09:16:24,2026-05-26 09:25:21
7110,7423,2026-05-26 09:21:25,2026-05-26 09:27:45
7111,7424,2026-05-26 09:25:47,2026-05-26 09:34:04
7112,7425,2026-05-26 09:30:26,2026-05-26 09:44:46
7113,7426,2026-05-26 10:04:45,2026-05-26 10:13:47
7114,7427,2026-05-26 10:14:36,2026-05-26 10:24:06
7115,7428,2026-05-26 09:37:33,2026-05-26 09:42:38
7116,7429,2026-05-26 09:42:56,2026-05-26 09:49:57
7117,7430,2026-05-26 10:09:28,2026-05-26 10:21:01
7118,7431,2026-05-26 10:21:56,2026-05-26 10:26:19
7119,7432,2026-05-26 10:27:38,2026-05-26 10:31:58
7120,7434,2026-05-26 10:33:06,2026-05-26 10:37:50
7121,7435,2026-05-26 10:24:59,2026-05-26 10:30:43
7122,7436,2026-05-26 09:45:17,2026-05-26 09:48:18
7123,7437,2026-05-26 10:38:26,2026-05-26 10:50:41
7124,7438,2026-05-26 09:51:17,2026-05-26 10:04:00
7125,7439,2026-05-26 09:49:21,2026-05-26 09:54:52
7126,7440,2026-05-26 10:30:47,2026-05-26 10:45:16
7127,7441,2026-05-26 10:45:45,2026-05-26 10:49:16
7128,7442,2026-05-26 09:59:47,2026-05-26 10:10:58
7129,7443,2026-05-26 10:04:37,2026-05-26 10:10:05
7130,7444,2026-05-26 10:11:11,2026-05-26 10:18:20
7131,7445,2026-05-26 10:18:23,2026-05-26 10:26:27
7132,7446,2026-05-26 10:50:38,2026-05-26 10:57:56
7133,7447,2026-05-26 10:05:07,2026-05-26 10:08:40
7134,7448,2026-05-26 10:51:10,2026-05-26 11:03:02
7135,7449,2026-05-26 10:10:12,2026-05-26 10:16:01
7136,7450,2026-05-26 11:04:29,2026-05-26 11:10:01
7137,7451,2026-05-26 10:11:48,2026-05-26 10:20:07
7138,7452,2026-05-26 10:59:23,2026-05-26 11:11:58
7139,7453,2026-05-26 10:12:51,2026-05-26 10:20:39
7140,7454,2026-05-26 10:20:14,2026-05-26 10:34:38
7141,7455,2026-05-26 11:10:46,2026-05-26 11:14:53
7142,7456,2026-05-26 10:21:51,2026-05-26 10:27:10
7143,7457,2026-05-26 11:12:46,2026-05-26 11:16:04
7144,7458,2026-05-26 10:35:28,2026-05-26 10:47:07
7145,7459,2026-05-26 10:47:27,2026-05-26 10:54:44
7146,7460,2026-05-26 10:45:15,2026-05-26 10:57:35
7147,7461,2026-05-26 10:45:22,2026-05-26 10:53:41
7148,7462,2026-05-26 11:16:04,2026-05-26 11:25:33
7149,7463,2026-05-26 10:46:09,2026-05-26 10:56:38
7150,7464,2026-05-26 11:16:46,2026-05-26 11:24:02
7151,7465,2026-05-26 10:56:07,2026-05-26 11:02:19
7152,7466,2026-05-26 11:03:22,2026-05-26 11:07:13
7153,7467,2026-05-26 13:30:42,2026-05-26 13:36:32
7154,7468,2026-05-26 13:30:46,2026-05-26 13:36:03
7155,7469,2026-05-26 13:37:08,2026-05-26 13:51:57
7156,7470,2026-05-26 13:30:56,2026-05-26 13:41:41
7157,7471,2026-05-26 13:31:18,2026-05-26 13:43:03
7158,7472,2026-05-26 13:53:11,2026-05-26 14:03:55
7159,7473,2026-05-26 13:31:02,2026-05-26 13:44:23
7160,7474,2026-05-26 13:30:03,2026-05-26 13:36:08
7161,7475,2026-05-26 13:37:05,2026-05-26 13:42:14
7162,7476,2026-05-26 13:43:27,2026-05-26 13:50:03
7163,7477,2026-05-26 13:42:24,2026-05-26 13:45:57
7164,7478,2026-05-26 13:43:05,2026-05-26 13:50:33
7165,7479,2026-05-26 13:50:38,2026-05-26 13:55:53
7166,7480,2026-05-26 13:56:37,2026-05-26 14:10:49
7167,7481,2026-05-26 13:30:51,2026-05-26 13:33:57
7168,7482,2026-05-26 13:52:00,2026-05-26 13:58:48
7169,7483,2026-05-26 13:36:43,2026-05-26 13:41:21
7170,7484,2026-05-26 13:44:28,2026-05-26 13:57:07
7171,7485,2026-05-26 14:05:01,2026-05-26 14:09:57
7172,7487,2026-05-26 14:10:55,2026-05-26 14:14:45
7173,7488,2026-05-26 13:42:39,2026-05-26 13:54:56
7174,7489,2026-05-26 13:47:21,2026-05-26 13:55:13
7175,7490,2026-05-26 13:55:02,2026-05-26 14:01:47
7176,7491,2026-05-26 14:11:22,2026-05-26 14:22:57
7177,7493,2026-05-26 14:02:13,2026-05-26 14:10:20
7178,7494,2026-05-26 13:58:10,2026-05-26 14:02:09
7179,7495,2026-05-26 14:15:45,2026-05-26 14:26:50
7180,7496,2026-05-26 14:11:05,2026-05-26 14:21:07
7181,7497,2026-05-26 14:27:55,2026-05-26 14:40:29
7182,7498,2026-05-26 13:55:52,2026-05-26 14:03:46
7183,7499,2026-05-26 13:34:46,2026-05-26 13:44:40
7184,7500,2026-05-26 14:00:01,2026-05-26 14:08:25
7185,7501,2026-05-26 14:41:27,2026-05-26 14:44:32
7186,7502,2026-05-26 14:21:29,2026-05-26 14:27:28
7187,7504,2026-05-26 14:28:00,2026-05-26 14:42:00
7188,7505,2026-05-26 14:02:27,2026-05-26 14:11:40
7189,7507,2026-05-26 14:45:12,2026-05-26 14:57:18
7190,7508,2026-05-26 14:58:02,2026-05-26 15:04:39
7191,7510,2026-05-26 14:04:20,2026-05-26 14:12:49
7192,7511,2026-05-26 14:00:03,2026-05-26 14:14:39
7193,7512,2026-05-26 14:43:07,2026-05-26 14:50:15
7194,7513,2026-05-26 14:12:49,2026-05-26 14:24:57
7195,7514,2026-05-26 14:08:52,2026-05-26 14:16:58
7196,7515,2026-05-26 14:24:13,2026-05-26 14:32:55
7197,7516,2026-05-26 14:12:17,2026-05-26 14:16:30
7198,7517,2026-05-26 14:25:44,2026-05-26 14:34:07
7199,7518,2026-05-26 15:04:40,2026-05-26 15:11:05
7200,7519,2026-05-26 14:34:45,2026-05-26 14:42:30
7201,7520,2026-05-26 15:12:03,2026-05-26 15:24:39
7202,7521,2026-05-26 14:43:32,2026-05-26 14:52:20
7203,7522,2026-05-26 14:33:28,2026-05-26 14:47:09
7204,7523,2026-05-26 15:25:23,2026-05-26 15:28:44
7205,7524,2026-05-26 14:42:46,2026-05-26 14:47:52
7206,7525,2026-05-26 14:50:15,2026-05-26 14:54:30
7207,7526,2026-05-26 14:55:40,2026-05-26 15:04:34
7208,7527,2026-05-26 14:47:41,2026-05-26 14:51:01
7209,7528,2026-05-26 15:30:03,2026-05-26 15:33:11
7210,7529,2026-05-26 14:51:09,2026-05-26 14:55:47
7211,7530,2026-05-26 15:05:53,2026-05-26 15:17:23
7212,7531,2026-05-26 14:57:16,2026-05-26 15:03:09
7213,7532,2026-05-26 15:18:13,2026-05-26 15:24:59
7214,7533,2026-05-26 15:33:30,2026-05-26 15:38:54
7215,7534,2026-05-26 15:08:53,2026-05-26 15:20:32
7216,7536,2026-05-26 15:07:21,2026-05-26 15:17:31
7217,7537,2026-05-26 15:20:50,2026-05-26 15:31:34
7218,7538,2026-05-26 15:13:00,2026-05-26 15:23:46
7219,7539,2026-05-26 15:38:18,2026-05-26 15:43:32
7220,7540,2026-05-27 09:00:01,2026-05-27 09:05:22
7221,7541,2026-05-27 09:00:49,2026-05-27 09:10:58
7222,7542,2026-05-27 09:05:35,2026-05-27 09:10:28
7223,7543,2026-05-27 09:01:10,2026-05-27 09:15:47
7224,7544,2026-05-27 09:17:16,2026-05-27 09:21:55
7225,7545,2026-05-27 09:11:17,2026-05-27 09:20:42
7226,7546,2026-05-27 09:22:21,2026-05-27 09:28:40
7227,7547,2026-05-27 09:30:00,2026-05-27 09:43:04
7228,7548,2026-05-27 09:44:34,2026-05-27 09:48:28
7229,7549,2026-05-27 09:01:01,2026-05-27 09:08:24
7230,7550,2026-05-27 09:11:44,2026-05-27 09:16:05
7231,7551,2026-05-27 09:16:08,2026-05-27 09:21:15
7232,7552,2026-05-27 09:49:49,2026-05-27 09:57:21
7233,7553,2026-05-27 09:21:40,2026-05-27 09:30:15
7234,7554,2026-05-27 09:57:38,2026-05-27 10:01:00
7235,7555,2026-05-27 09:30:41,2026-05-27 09:37:54
7236,7556,2026-05-27 09:21:52,2026-05-27 09:27:13
7237,7557,2026-05-27 10:02:28,2026-05-27 10:15:15
7238,7558,2026-05-27 10:15:16,2026-05-27 10:22:43
7239,7559,2026-05-27 09:38:05,2026-05-27 09:52:55
7240,7560,2026-05-27 09:53:22,2026-05-27 10:00:18
7241,7561,2026-05-27 10:23:42,2026-05-27 10:28:07
7242,7562,2026-05-27 09:40:10,2026-05-27 09:43:51
7243,7563,2026-05-27 10:01:33,2026-05-27 10:08:10
7244,7564,2026-05-27 10:08:35,2026-05-27 10:13:16
7245,7565,2026-05-27 10:28:35,2026-05-27 10:36:31
7246,7566,2026-05-27 10:37:06,2026-05-27 10:43:50
7247,7567,2026-05-27 10:30:55,2026-05-27 10:38:17
7248,7568,2026-05-27 10:44:29,2026-05-27 10:58:41
7249,7569,2026-05-27 10:58:53,2026-05-27 11:02:45
7250,7571,2026-05-27 11:03:18,2026-05-27 11:09:44
7251,7572,2026-05-27 11:11:09,2026-05-27 11:17:31
7252,7573,2026-05-27 10:51:29,2026-05-27 10:55:23
7253,7574,2026-05-27 11:18:15,2026-05-27 11:24:08
7254,7575,2026-05-27 13:30:19,2026-05-27 13:35:27
7255,7576,2026-05-27 13:30:45,2026-05-27 13:44:39
7256,7577,2026-05-27 13:45:01,2026-05-27 13:51:24
7257,7578,2026-05-27 13:36:00,2026-05-27 13:48:47
7258,7579,2026-05-27 13:50:03,2026-05-27 13:58:00
7259,7580,2026-05-27 13:58:10,2026-05-27 14:01:11
7260,7582,2026-05-27 14:01:16,2026-05-27 14:13:46
7261,7583,2026-05-27 14:20:17,2026-05-27 14:26:24
7262,7584,2026-05-27 14:41:44,2026-05-27 14:48:28
7263,7585,2026-05-27 14:49:29,2026-05-27 14:52:37
7264,7586,2026-05-27 14:51:51,2026-05-27 14:58:01
7265,7587,2026-05-27 14:58:54,2026-05-27 15:02:42
7266,7588,2026-05-27 15:20:43,2026-05-27 15:34:04
7267,7589,2026-05-28 09:00:09,2026-05-28 09:06:22
7268,7591,2026-05-28 09:00:08,2026-05-28 09:04:52
7269,7592,2026-05-28 09:07:01,2026-05-28 09:13:27
7270,7593,2026-05-28 09:01:20,2026-05-28 09:05:00
7271,7594,2026-05-28 09:00:36,2026-05-28 09:13:46
7272,7595,2026-05-28 09:00:51,2026-05-28 09:09:11
7273,7596,2026-05-28 09:06:13,2026-05-28 09:17:26
7274,7597,2026-05-28 09:10:29,2026-05-28 09:16:39
7275,7598,2026-05-28 09:17:58,2026-05-28 09:28:12
7276,7599,2026-05-28 09:05:06,2026-05-28 09:08:32
7277,7600,2026-05-28 09:09:39,2026-05-28 09:24:09
7278,7601,2026-05-28 09:28:46,2026-05-28 09:42:14
7279,7602,2026-05-28 09:24:32,2026-05-28 09:30:28
7280,7603,2026-05-28 09:19:11,2026-05-28 09:30:37
7281,7604,2026-05-28 09:42:50,2026-05-28 09:48:44
7282,7605,2026-05-28 09:24:56,2026-05-28 09:28:55
7283,7606,2026-05-28 09:31:26,2026-05-28 09:42:44
7284,7607,2026-05-28 09:30:16,2026-05-28 09:33:17
7285,7608,2026-05-28 09:30:54,2026-05-28 09:38:04
7286,7609,2026-05-28 09:43:48,2026-05-28 09:56:23
7287,7610,2026-05-28 09:39:27,2026-05-28 09:46:29
7288,7612,2026-05-28 09:57:12,2026-05-28 10:01:51
7289,7613,2026-05-28 09:36:41,2026-05-28 09:40:40
7290,7614,2026-05-28 09:47:35,2026-05-28 09:59:59
7291,7615,2026-05-28 10:01:08,2026-05-28 10:05:55
7292,7616,2026-05-28 09:49:25,2026-05-28 09:53:07
7293,7617,2026-05-28 10:07:03,2026-05-28 10:16:43
7294,7618,2026-05-28 10:17:39,2026-05-28 10:28:29
7295,7619,2026-05-28 10:02:51,2026-05-28 10:08:18
7296,7620,2026-05-28 10:08:19,2026-05-28 10:18:33
7297,7621,2026-05-28 10:29:26,2026-05-28 10:35:58
7298,7622,2026-05-28 09:55:50,2026-05-28 10:01:28
7299,7623,2026-05-28 09:54:13,2026-05-28 10:03:22
7300,7624,2026-05-28 10:08:22,2026-05-28 10:12:19
7301,7625,2026-05-28 10:19:42,2026-05-28 10:24:43
7302,7626,2026-05-28 10:07:30,2026-05-28 10:15:02
7303,7627,2026-05-28 10:08:24,2026-05-28 10:17:36
7304,7628,2026-05-28 10:36:27,2026-05-28 10:45:15
7305,7629,2026-05-28 10:20:12,2026-05-28 10:23:35
7306,7630,2026-05-28 10:45:19,2026-05-28 10:50:10
7307,7631,2026-05-28 10:50:52,2026-05-28 10:56:17
7308,7632,2026-05-28 10:42:33,2026-05-28 10:52:52
7309,7633,2026-05-28 10:54:04,2026-05-28 10:59:37
7310,7634,2026-05-28 11:02:39,2026-05-28 11:17:03
7311,7635,2026-05-28 11:04:27,2026-05-28 11:09:08
7312,7636,2026-05-28 11:10:22,2026-05-28 11:20:08
7313,7637,2026-05-28 13:31:08,2026-05-28 13:36:10
7314,7638,2026-05-28 13:31:10,2026-05-28 13:39:29
7315,7639,2026-05-28 13:40:54,2026-05-28 13:50:10
7316,7640,2026-05-28 13:37:36,2026-05-28 13:44:51
7317,7641,2026-05-28 13:30:33,2026-05-28 13:36:51
7318,7642,2026-05-28 13:37:07,2026-05-28 13:48:30
7319,7643,2026-05-28 13:49:20,2026-05-28 13:58:22
7320,7644,2026-05-28 13:31:24,2026-05-28 13:39:05
7321,7646,2026-05-28 13:50:58,2026-05-28 13:55:14
7322,7647,2026-05-28 13:58:40,2026-05-28 14:08:32
7323,7648,2026-05-28 14:08:35,2026-05-28 14:12:39
7324,7649,2026-05-28 14:13:16,2026-05-28 14:22:39
7325,7650,2026-05-28 13:35:57,2026-05-28 13:47:02
7326,7651,2026-05-28 13:45:08,2026-05-28 13:57:42
7327,7652,2026-05-28 14:23:48,2026-05-28 14:35:50
7328,7653,2026-05-28 13:39:20,2026-05-28 13:47:23
7329,7654,2026-05-28 13:58:58,2026-05-28 14:05:46
7330,7655,2026-05-28 14:36:38,2026-05-28 14:41:39
7331,7656,2026-05-28 14:06:56,2026-05-28 14:13:34
7332,7657,2026-05-28 14:42:34,2026-05-28 14:46:34
7333,7658,2026-05-28 14:48:02,2026-05-28 14:54:03
7334,7659,2026-05-28 14:55:02,2026-05-28 15:01:14
7335,7660,2026-05-28 15:02:00,2026-05-28 15:12:23
7336,7661,2026-05-28 14:26:02,2026-05-28 14:35:27
7337,7662,2026-05-28 14:29:34,2026-05-28 14:39:44
7338,7663,2026-05-28 15:13:28,2026-05-28 15:19:21
7339,7664,2026-05-28 14:35:12,2026-05-28 14:48:06
7340,7665,2026-05-28 15:19:57,2026-05-28 15:23:09
7341,7666,2026-05-28 14:44:23,2026-05-28 14:51:39
7342,7667,2026-05-28 15:23:11,2026-05-28 15:37:42
7343,7668,2026-05-28 15:38:10,2026-05-28 15:45:30
7344,7669,2026-05-28 14:54:51,2026-05-28 15:04:00
7345,7670,2026-05-28 15:46:15,2026-05-28 15:58:09
7346,7671,2026-05-28 15:20:58,2026-05-28 15:27:53
7347,7672,2026-05-28 15:58:44,2026-05-28 16:11:30
7348,7673,2026-05-29 09:00:38,2026-05-29 09:04:14
7349,7675,2026-05-29 09:05:10,2026-05-29 09:13:22
7350,7676,2026-05-29 09:13:48,2026-05-29 09:17:37
7351,7677,2026-05-29 09:18:42,2026-05-29 09:23:03
7352,7678,2026-05-29 09:00:33,2026-05-29 09:11:55
7353,7679,2026-05-29 09:23:21,2026-05-29 09:26:28
7354,7680,2026-05-29 09:27:43,2026-05-29 09:41:03
7355,7681,2026-05-29 09:00:28,2026-05-29 09:10:11
7356,7682,2026-05-29 09:41:09,2026-05-29 09:48:22
7357,7683,2026-05-29 09:49:02,2026-05-29 09:57:33
7358,7684,2026-05-29 09:58:39,2026-05-29 10:07:25
7359,7685,2026-05-29 10:08:11,2026-05-29 10:11:55
7360,7686,2026-05-29 10:12:52,2026-05-29 10:20:20
7361,7687,2026-05-29 10:19:37,2026-05-29 10:23:48
7362,7688,2026-05-29 10:50:25,2026-05-29 10:59:19
7363,7689,2026-05-29 13:30:09,2026-05-29 13:45:09
7364,7690,2026-05-29 13:45:13,2026-05-29 13:49:30
7365,7691,2026-05-29 13:30:37,2026-05-29 13:44:32
7366,7692,2026-05-29 13:45:48,2026-05-29 13:57:49
7367,7693,2026-05-29 13:50:13,2026-05-29 14:02:57
7368,7694,2026-05-29 14:02:57,2026-05-29 14:13:45
7369,7695,2026-05-29 13:59:04,2026-05-29 14:05:01
7370,7696,2026-05-29 13:30:59,2026-05-29 13:41:41
7371,7698,2026-05-29 14:14:11,2026-05-29 14:21:03
7372,7699,2026-05-29 14:22:26,2026-05-29 14:35:05
7373,7700,2026-05-29 14:35:35,2026-05-29 14:39:13
7374,7701,2026-05-29 14:05:20,2026-05-29 14:11:04
7375,7702,2026-05-29 14:40:43,2026-05-29 14:52:25
7376,7703,2026-05-29 14:53:51,2026-05-29 14:57:33
7377,7704,2026-05-29 14:58:32,2026-05-29 15:05:36
7378,7705,2026-05-29 13:43:01,2026-05-29 13:55:20
7379,7706,2026-05-29 15:05:50,2026-05-29 15:19:43
7380,7707,2026-05-29 14:11:16,2026-05-29 14:16:56
7381,7708,2026-05-29 15:20:48,2026-05-29 15:35:26
7382,7709,2026-05-29 13:55:26,2026-05-29 14:02:27
7383,7710,2026-05-29 14:02:33,2026-05-29 14:09:39
7384,7711,2026-05-29 15:36:29,2026-05-29 15:50:54
7385,7712,2026-05-29 14:00:43,2026-05-29 14:10:01
7386,7713,2026-05-29 14:10:01,2026-05-29 14:14:35
7387,7714,2026-05-29 14:05:16,2026-05-29 14:08:35
7388,7715,2026-05-29 14:17:29,2026-05-29 14:30:18
7389,7716,2026-05-29 15:51:09,2026-05-29 16:06:05
7390,7717,2026-05-29 16:06:46,2026-05-29 16:17:34
7391,7718,2026-05-29 16:17:50,2026-05-29 16:32:22
7392,7719,2026-05-29 14:40:16,2026-05-29 14:48:02
7393,7720,2026-05-29 14:45:44,2026-05-29 14:56:14
7394,7721,2026-05-29 14:56:33,2026-05-29 15:02:04
7395,7722,2026-05-29 14:50:43,2026-05-29 14:55:36
7396,7723,2026-05-29 14:52:23,2026-05-29 15:01:13
7397,7724,2026-05-29 15:07:04,2026-05-29 15:11:32
7398,7725,2026-05-29 15:06:00,2026-05-29 15:10:03
7399,7726,2026-05-29 15:20:14,2026-05-29 15:30:30
7400,7727,2026-05-29 15:15:04,2026-05-29 15:26:53
7401,7728,2026-05-29 16:32:57,2026-05-29 16:39:01
7402,7729,2026-06-01 09:01:07,2026-06-01 09:06:50
7403,7730,2026-06-01 09:07:57,2026-06-01 09:14:58
7404,7731,2026-06-01 09:00:52,2026-06-01 09:14:11
7405,7732,2026-06-01 09:00:31,2026-06-01 09:13:05
7406,7733,2026-06-01 09:13:48,2026-06-01 09:22:33
7407,7734,2026-06-01 09:00:12,2026-06-01 09:03:24
7408,7735,2026-06-01 09:04:47,2026-06-01 09:16:46
7409,7736,2026-06-01 09:01:19,2026-06-01 09:06:28
7410,7737,2026-06-01 09:07:00,2026-06-01 09:11:33
7411,7738,2026-06-01 09:15:17,2026-06-01 09:19:05
7412,7739,2026-06-01 09:17:29,2026-06-01 09:26:47
7413,7740,2026-06-01 09:12:37,2026-06-01 09:26:11
7414,7741,2026-06-01 09:15:24,2026-06-01 09:23:15
7415,7742,2026-06-01 09:28:05,2026-06-01 09:41:21
7416,7743,2026-06-01 09:24:07,2026-06-01 09:30:18
7417,7744,2026-06-01 09:27:05,2026-06-01 09:35:23
7418,7745,2026-06-01 09:42:13,2026-06-01 09:47:17
7419,7746,2026-06-01 09:36:20,2026-06-01 09:46:52
7420,7747,2026-06-01 09:48:09,2026-06-01 10:02:30
7421,7748,2026-06-01 10:03:29,2026-06-01 10:14:44
7422,7749,2026-06-01 09:31:28,2026-06-01 09:43:28
7423,7751,2026-06-01 09:47:33,2026-06-01 10:01:23
7424,7752,2026-06-01 09:24:00,2026-06-01 09:27:29
7425,7753,2026-06-01 09:43:36,2026-06-01 09:49:40
7426,7754,2026-06-01 10:15:37,2026-06-01 10:20:47
7427,7756,2026-06-01 10:22:06,2026-06-01 10:31:19
7428,7757,2026-06-01 10:01:55,2026-06-01 10:08:55
7429,7758,2026-06-01 09:20:02,2026-06-01 09:23:03
7430,7759,2026-06-01 09:23:30,2026-06-01 09:36:03
7431,7760,2026-06-01 10:31:50,2026-06-01 10:39:06
7432,7761,2026-06-01 10:10:16,2026-06-01 10:17:37
7433,7762,2026-06-01 09:50:29,2026-06-01 09:55:47
7434,7763,2026-06-01 09:36:22,2026-06-01 09:48:28
7435,7764,2026-06-01 10:40:34,2026-06-01 10:45:43
7436,7765,2026-06-01 10:18:04,2026-06-01 10:22:03
7437,7766,2026-06-01 10:22:57,2026-06-01 10:30:31
7438,7767,2026-06-01 10:30:40,2026-06-01 10:37:26
7439,7768,2026-06-01 09:56:21,2026-06-01 09:59:36
7440,7769,2026-06-01 10:47:09,2026-06-01 10:59:11
7441,7770,2026-06-01 10:00:22,2026-06-01 10:06:25
7442,7772,2026-06-01 09:49:50,2026-06-01 09:52:55
7443,7773,2026-06-01 10:38:56,2026-06-01 10:53:23
7444,7774,2026-06-01 10:54:50,2026-06-01 11:03:03
7445,7775,2026-06-01 10:06:57,2026-06-01 10:10:18
7446,7776,2026-06-01 09:55:46,2026-06-01 10:09:34
7447,7777,2026-06-01 11:00:41,2026-06-01 11:04:19
7448,7778,2026-06-01 10:02:54,2026-06-01 10:16:17
7449,7779,2026-06-01 10:17:44,2026-06-01 10:21:34
7450,7780,2026-06-01 10:23:55,2026-06-01 10:29:46
7451,7782,2026-06-01 10:30:46,2026-06-01 10:38:01
7452,7783,2026-06-01 10:31:09,2026-06-01 10:37:22
7453,7784,2026-06-01 10:37:49,2026-06-01 10:46:51
7454,7785,2026-06-01 11:04:06,2026-06-01 11:10:01
7455,7786,2026-06-01 11:10:26,2026-06-01 11:18:50
7456,7787,2026-06-01 11:05:15,2026-06-01 11:09:50
7457,7788,2026-06-01 11:10:14,2026-06-01 11:18:34
7458,7789,2026-06-01 11:07:49,2026-06-01 11:19:44
7459,7791,2026-06-01 13:31:17,2026-06-01 13:45:04
7460,7792,2026-06-01 13:31:13,2026-06-01 13:34:13
7461,7793,2026-06-01 13:34:19,2026-06-01 13:45:03
7462,7794,2026-06-01 13:31:14,2026-06-01 13:35:06
7463,7795,2026-06-01 13:35:44,2026-06-01 13:43:45
7464,7796,2026-06-01 13:45:22,2026-06-01 14:00:03
7465,7797,2026-06-01 13:44:41,2026-06-01 13:49:16
7466,7798,2026-06-01 13:30:35,2026-06-01 13:44:03
7467,7799,2026-06-01 13:49:48,2026-06-01 13:56:12
7468,7800,2026-06-01 13:45:24,2026-06-01 13:52:02
7469,7801,2026-06-01 13:45:01,2026-06-01 13:51:18
7470,7802,2026-06-01 13:53:31,2026-06-01 14:00:54
7471,7803,2026-06-01 14:00:12,2026-06-01 14:05:32
7472,7804,2026-06-01 14:06:15,2026-06-01 14:15:03
7473,7806,2026-06-01 14:01:50,2026-06-01 14:05:37
7474,7807,2026-06-01 13:57:01,2026-06-01 14:01:38
7475,7808,2026-06-01 13:30:37,2026-06-01 13:37:42
7476,7809,2026-06-01 14:15:29,2026-06-01 14:21:36
7477,7810,2026-06-01 14:22:20,2026-06-01 14:35:06
7478,7811,2026-06-01 14:02:15,2026-06-01 14:06:14
7479,7812,2026-06-01 14:35:14,2026-06-01 14:47:45
7480,7813,2026-06-01 14:07:09,2026-06-01 14:10:43
7481,7814,2026-06-01 14:05:49,2026-06-01 14:17:29
7482,7815,2026-06-01 14:18:13,2026-06-01 14:32:17
7483,7816,2026-06-01 14:33:02,2026-06-01 14:37:13
7484,7817,2026-06-01 13:40:04,2026-06-01 13:50:50
7485,7818,2026-06-01 13:51:17,2026-06-01 13:58:21
7486,7819,2026-06-01 13:51:52,2026-06-01 13:55:51
7487,7820,2026-06-01 14:48:52,2026-06-01 14:56:10
7488,7821,2026-06-01 14:11:24,2026-06-01 14:22:44
7489,7822,2026-06-01 14:56:37,2026-06-01 15:06:39
7490,7823,2026-06-01 13:56:01,2026-06-01 14:00:14
7491,7824,2026-06-01 14:37:21,2026-06-01 14:47:23
7492,7825,2026-06-01 14:01:11,2026-06-01 14:13:29
7493,7826,2026-06-01 14:47:56,2026-06-01 14:51:18
7494,7827,2026-06-01 15:08:07,2026-06-01 15:18:58
7495,7828,2026-06-01 14:51:51,2026-06-01 14:55:13
7496,7830,2026-06-01 15:18:58,2026-06-01 15:26:42
7497,7831,2026-06-01 14:14:08,2026-06-01 14:28:15
7498,7832,2026-06-01 14:56:09,2026-06-01 15:09:37
7499,7833,2026-06-01 14:28:21,2026-06-01 14:35:08
7500,7834,2026-06-01 15:10:56,2026-06-01 15:25:46
7501,7835,2026-06-01 14:35:11,2026-06-01 14:41:05
7502,7836,2026-06-01 15:26:27,2026-06-01 15:29:53
7503,7838,2026-06-01 14:25:14,2026-06-01 14:28:42
7504,7839,2026-06-01 14:28:45,2026-06-01 14:35:32
7505,7840,2026-06-01 14:36:09,2026-06-01 14:43:14
7506,7841,2026-06-01 14:26:46,2026-06-01 14:30:52
7507,7842,2026-06-01 15:27:39,2026-06-01 15:32:35
7508,7843,2026-06-01 15:33:17,2026-06-01 15:42:23
7509,7844,2026-06-01 15:30:44,2026-06-01 15:38:22
7510,7845,2026-06-01 14:51:56,2026-06-01 14:56:01
7511,7846,2026-06-01 14:57:18,2026-06-01 15:03:37
7512,7847,2026-06-01 15:04:55,2026-06-01 15:17:15
7513,7848,2026-06-01 14:54:00,2026-06-01 14:57:14
7514,7849,2026-06-01 15:43:28,2026-06-01 15:55:57
7515,7850,2026-06-01 15:39:26,2026-06-01 15:44:11
7516,7851,2026-06-01 15:56:09,2026-06-01 16:07:49
7517,7852,2026-06-01 15:05:56,2026-06-01 15:10:32
7518,7853,2026-06-01 15:11:19,2026-06-01 15:24:49
7519,7854,2026-06-01 15:17:51,2026-06-01 15:32:12
7520,7855,2026-06-01 16:09:08,2026-06-01 16:14:34
7521,7856,2026-06-01 15:32:16,2026-06-01 15:40:03
7522,7857,2026-06-02 09:00:17,2026-06-02 09:07:28
7523,7858,2026-06-02 09:00:41,2026-06-02 09:06:37
7524,7859,2026-06-02 09:07:42,2026-06-02 09:21:33
7525,7860,2026-06-02 09:21:37,2026-06-02 09:33:42
7526,7861,2026-06-02 09:00:14,2026-06-02 09:05:23
7527,7862,2026-06-02 09:05:44,2026-06-02 09:13:03
7528,7863,2026-06-02 09:34:14,2026-06-02 09:38:23
7529,7864,2026-06-02 09:00:22,2026-06-02 09:08:13
7530,7865,2026-06-02 09:38:50,2026-06-02 09:43:01
7531,7866,2026-06-02 09:14:33,2026-06-02 09:29:19
7532,7867,2026-06-02 09:43:52,2026-06-02 09:57:39
7533,7868,2026-06-02 09:30:09,2026-06-02 09:42:42
7534,7869,2026-06-02 09:01:25,2026-06-02 09:06:23
7535,7870,2026-06-02 09:06:37,2026-06-02 09:21:26
7536,7871,2026-06-02 09:58:34,2026-06-02 10:06:37
7537,7872,2026-06-02 09:42:57,2026-06-02 09:54:20
7538,7873,2026-06-02 10:06:44,2026-06-02 10:18:53
7539,7874,2026-06-02 09:54:43,2026-06-02 10:06:08
7540,7875,2026-06-02 09:08:11,2026-06-02 09:14:14
7541,7876,2026-06-02 09:14:48,2026-06-02 09:17:56
7542,7877,2026-06-02 09:00:27,2026-06-02 09:05:34
7543,7878,2026-06-02 10:19:42,2026-06-02 10:24:02
7544,7879,2026-06-02 09:18:56,2026-06-02 09:30:14
7545,7880,2026-06-02 09:21:47,2026-06-02 09:31:58
7546,7881,2026-06-02 10:07:20,2026-06-02 10:16:09
7547,7882,2026-06-02 10:16:40,2026-06-02 10:29:08
7548,7883,2026-06-02 09:30:48,2026-06-02 09:45:28
7549,7884,2026-06-02 10:30:01,2026-06-02 10:40:29
7550,7885,2026-06-02 09:46:58,2026-06-02 10:00:16
7551,7886,2026-06-02 09:19:54,2026-06-02 09:33:15
7552,7887,2026-06-02 10:40:57,2026-06-02 10:53:17
7553,7888,2026-06-02 10:24:23,2026-06-02 10:37:21
7554,7889,2026-06-02 09:24:54,2026-06-02 09:29:57
7555,7890,2026-06-02 10:54:21,2026-06-02 11:06:42
7556,7891,2026-06-02 10:00:25,2026-06-02 10:03:44
7557,7892,2026-06-02 09:33:18,2026-06-02 09:41:13
7558,7894,2026-06-02 09:35:15,2026-06-02 09:41:01
7559,7895,2026-06-02 11:07:49,2026-06-02 11:11:18
7560,7896,2026-06-02 09:43:12,2026-06-02 09:46:35
7561,7898,2026-06-02 10:04:55,2026-06-02 10:08:15
7562,7899,2026-06-02 10:08:52,2026-06-02 10:12:56
7563,7900,2026-06-02 10:37:37,2026-06-02 10:44:46
7564,7901,2026-06-02 10:13:06,2026-06-02 10:17:05
7565,7902,2026-06-02 10:10:53,2026-06-02 10:18:14
7566,7904,2026-06-02 11:11:50,2026-06-02 11:22:08
7567,7905,2026-06-02 10:37:05,2026-06-02 10:40:30
7568,7906,2026-06-02 11:00:22,2026-06-02 11:10:33
7569,7907,2026-06-02 13:31:19,2026-06-02 13:45:22
7570,7908,2026-06-02 13:46:44,2026-06-02 13:50:33
7571,7909,2026-06-02 13:31:05,2026-06-02 13:34:58
7572,7910,2026-06-02 13:51:36,2026-06-02 14:01:36
7573,7911,2026-06-02 14:01:38,2026-06-02 14:05:35
7574,7912,2026-06-02 14:06:35,2026-06-02 14:13:33
7575,7913,2026-06-02 14:14:08,2026-06-02 14:29:02
7576,7914,2026-06-02 14:29:03,2026-06-02 14:35:20
7577,7915,2026-06-02 13:31:04,2026-06-02 13:34:44
7578,7916,2026-06-02 14:36:46,2026-06-02 14:41:58
7579,7917,2026-06-02 13:31:02,2026-06-02 13:41:20
7580,7918,2026-06-02 13:30:56,2026-06-02 13:44:49
7581,7919,2026-06-02 13:42:17,2026-06-02 13:54:02
7582,7921,2026-06-02 13:54:11,2026-06-02 13:59:30
7583,7922,2026-06-02 13:39:21,2026-06-02 13:43:22
7584,7923,2026-06-02 13:44:05,2026-06-02 13:50:05
7585,7924,2026-06-02 14:00:58,2026-06-02 14:06:17
7586,7925,2026-06-02 14:07:33,2026-06-02 14:13:34
7587,7926,2026-06-02 13:51:00,2026-06-02 14:03:20
7588,7927,2026-06-02 13:55:19,2026-06-02 14:02:33
7589,7928,2026-06-02 14:03:09,2026-06-02 14:08:27
7590,7929,2026-06-02 14:09:02,2026-06-02 14:19:54
7591,7930,2026-06-02 13:58:01,2026-06-02 14:02:58
7592,7931,2026-06-02 14:04:21,2026-06-02 14:11:26
7593,7932,2026-06-02 14:06:18,2026-06-02 14:16:39
7594,7933,2026-06-02 14:12:02,2026-06-02 14:26:08
7595,7934,2026-06-02 14:21:19,2026-06-02 14:31:19
7596,7935,2026-06-02 14:32:48,2026-06-02 14:37:48
7597,7936,2026-06-02 14:38:57,2026-06-02 14:47:14
7598,7937,2026-06-02 14:48:20,2026-06-02 14:55:43
7599,7938,2026-06-02 14:36:30,2026-06-02 14:40:00
7600,7939,2026-06-02 14:43:04,2026-06-02 14:48:26
7601,7940,2026-06-02 14:35:54,2026-06-02 14:47:57
7602,7941,2026-06-02 14:40:03,2026-06-02 14:52:01
7603,7942,2026-06-02 14:43:56,2026-06-02 14:49:15
7604,7943,2026-06-02 14:45:49,2026-06-02 14:53:11
7605,7944,2026-06-02 14:45:05,2026-06-02 14:52:23
7606,7945,2026-06-02 14:54:07,2026-06-02 14:57:12
7607,7946,2026-06-02 14:53:21,2026-06-02 15:00:40
7608,7947,2026-06-02 14:58:00,2026-06-02 15:09:57
7609,7948,2026-06-02 15:26:15,2026-06-02 15:34:58
7610,7949,2026-06-02 15:42:49,2026-06-02 15:49:46
7611,7950,2026-06-04 09:00:32,2026-06-04 09:10:10
7612,7951,2026-06-04 09:00:26,2026-06-04 09:10:07
7613,7952,2026-06-04 09:10:15,2026-06-04 09:19:10
7614,7953,2026-06-04 09:11:02,2026-06-04 09:15:44
7615,7954,2026-06-04 09:00:24,2026-06-04 09:10:59
7616,7955,2026-06-04 09:00:42,2026-06-04 09:09:35
7617,7956,2026-06-04 09:10:56,2026-06-04 09:17:04
7618,7957,2026-06-04 09:00:07,2026-06-04 09:05:43
7619,7958,2026-06-04 09:11:34,2026-06-04 09:20:18
7620,7959,2026-06-04 09:20:02,2026-06-04 09:34:05
7621,7960,2026-06-04 09:06:21,2026-06-04 09:11:02
7622,7961,2026-06-04 09:20:27,2026-06-04 09:33:49
7623,7962,2026-06-04 09:34:26,2026-06-04 09:41:29
7624,7963,2026-06-04 09:35:02,2026-06-04 09:46:10
7625,7964,2026-06-04 09:12:09,2026-06-04 09:21:41
7626,7965,2026-06-04 09:17:30,2026-06-04 09:32:15
7627,7966,2026-06-04 09:21:57,2026-06-04 09:27:46
7628,7967,2026-06-04 09:46:32,2026-06-04 10:00:54
7629,7968,2026-06-04 09:42:10,2026-06-04 09:50:53
7630,7969,2026-06-04 09:27:53,2026-06-04 09:41:43
7631,7970,2026-06-04 09:33:16,2026-06-04 09:47:19
7632,7971,2026-06-04 10:01:33,2026-06-04 10:10:00
7633,7972,2026-06-04 09:16:43,2026-06-04 09:20:48
7634,7973,2026-06-04 09:52:23,2026-06-04 10:05:25
7635,7974,2026-06-04 10:11:28,2026-06-04 10:19:59
7636,7975,2026-06-04 10:21:00,2026-06-04 10:24:38
7637,7976,2026-06-04 09:21:47,2026-06-04 09:28:12
7638,7977,2026-06-04 10:25:33,2026-06-04 10:31:56
7639,7978,2026-06-04 10:32:31,2026-06-04 10:39:16
7640,7979,2026-06-04 10:40:20,2026-06-04 10:50:44
7641,7980,2026-06-04 09:47:20,2026-06-04 09:57:08
7642,7981,2026-06-04 09:28:39,2026-06-04 09:34:50
7643,7982,2026-06-04 09:57:55,2026-06-04 10:01:28
7644,7983,2026-06-04 10:51:17,2026-06-04 11:01:04
7645,7984,2026-06-04 09:35:35,2026-06-04 09:42:08
7646,7985,2026-06-04 10:05:30,2026-06-04 10:10:03
7647,7986,2026-06-04 10:10:36,2026-06-04 10:16:25
7648,7987,2026-06-04 10:02:50,2026-06-04 10:10:10
7649,7988,2026-06-04 09:50:24,2026-06-04 09:54:01
7650,7989,2026-06-04 10:16:50,2026-06-04 10:30:21
7651,7990,2026-06-04 09:55:23,2026-06-04 10:04:35
7652,7991,2026-06-04 10:30:25,2026-06-04 10:37:49
7653,7992,2026-06-04 10:11:40,2026-06-04 10:23:30
7654,7993,2026-06-04 10:24:27,2026-06-04 10:36:19
7655,7994,2026-06-04 10:38:08,2026-06-04 10:45:10
7656,7995,2026-06-04 11:02:21,2026-06-04 11:08:13
7657,7996,2026-06-04 10:46:25,2026-06-04 11:00:24
7658,7997,2026-06-04 11:09:19,2026-06-04 11:20:22
7659,7998,2026-06-04 11:00:57,2026-06-04 11:15:20
7660,7999,2026-06-04 11:20:32,2026-06-04 11:29:25
7661,8000,2026-06-04 11:29:54,2026-06-04 11:33:48
7662,8001,2026-06-04 11:34:14,2026-06-04 11:39:03
7663,8002,2026-06-04 10:24:17,2026-06-04 10:28:02
7664,8003,2026-06-04 11:16:03,2026-06-04 11:22:43
7665,8004,2026-06-04 11:40:01,2026-06-04 11:45:01
7666,8005,2026-06-04 10:44:16,2026-06-04 10:52:39
7667,8006,2026-06-04 11:23:32,2026-06-04 11:37:35
7668,8007,2026-06-04 10:52:53,2026-06-04 10:59:06
7669,8008,2026-06-04 10:52:52,2026-06-04 10:59:29
7670,8009,2026-06-04 11:38:34,2026-06-04 11:45:31
7671,8010,2026-06-04 11:16:43,2026-06-04 11:24:44
7672,8011,2026-06-04 13:31:05,2026-06-04 13:37:41
7673,8012,2026-06-04 13:30:29,2026-06-04 13:34:11
7674,8013,2026-06-04 13:30:25,2026-06-04 13:41:41
7675,8014,2026-06-04 13:38:55,2026-06-04 13:47:23
7676,8015,2026-06-04 13:41:52,2026-06-04 13:51:40
7677,8016,2026-06-04 13:30:04,2026-06-04 13:34:19
7678,8017,2026-06-04 13:47:37,2026-06-04 13:53:36
7679,8018,2026-06-04 13:35:31,2026-06-04 13:38:49
7680,8019,2026-06-04 13:40:13,2026-06-04 13:46:10
7681,8020,2026-06-04 13:54:48,2026-06-04 14:00:53
7682,8021,2026-06-04 14:01:21,2026-06-04 14:05:17
7683,8023,2026-06-04 13:46:13,2026-06-04 13:56:38
7684,8024,2026-06-04 14:05:24,2026-06-04 14:08:58
7685,8025,2026-06-04 13:53:03,2026-06-04 13:56:32
7686,8026,2026-06-04 13:57:45,2026-06-04 14:05:09
7687,8027,2026-06-04 14:09:08,2026-06-04 14:20:32
7688,8028,2026-06-04 13:37:38,2026-06-04 13:43:35
7689,8029,2026-06-04 14:20:53,2026-06-04 14:27:12
7690,8030,2026-06-04 14:27:45,2026-06-04 14:39:46
7691,8031,2026-06-04 14:40:37,2026-06-04 14:45:52
7692,8032,2026-06-04 14:05:19,2026-06-04 14:17:20
7693,8033,2026-06-04 14:46:07,2026-06-04 14:53:20
7694,8035,2026-06-04 14:17:27,2026-06-04 14:24:32
7695,8036,2026-06-04 14:25:15,2026-06-04 14:29:10
7696,8037,2026-06-04 14:07:02,2026-06-04 14:14:51
7697,8038,2026-06-04 14:30:31,2026-06-04 14:41:38
7698,8039,2026-06-04 14:42:53,2026-06-04 14:56:54
7699,8040,2026-06-04 14:57:36,2026-06-04 15:01:36
7700,8041,2026-06-04 14:53:45,2026-06-04 15:08:17
7701,8042,2026-06-04 15:09:17,2026-06-04 15:23:10
7702,8043,2026-06-04 15:02:46,2026-06-04 15:08:17
7703,8044,2026-06-04 14:38:53,2026-06-04 14:52:13
7704,8045,2026-06-04 15:09:42,2026-06-04 15:15:29
7705,8046,2026-06-04 15:24:09,2026-06-04 15:33:11
7706,8047,2026-06-04 15:16:14,2026-06-04 15:19:37
7707,8048,2026-06-04 15:34:17,2026-06-04 15:47:16
7708,8049,2026-06-04 15:47:19,2026-06-04 16:00:53
7709,8051,2026-06-05 09:01:12,2026-06-05 09:10:42
7710,8052,2026-06-05 09:00:53,2026-06-05 09:13:11
7711,8053,2026-06-05 09:11:27,2026-06-05 09:17:11
7712,8054,2026-06-05 09:18:14,2026-06-05 09:22:14
7713,8055,2026-06-05 09:13:19,2026-06-05 09:24:43
7714,8056,2026-06-05 09:22:59,2026-06-05 09:37:49
7715,8057,2026-06-05 09:24:44,2026-06-05 09:28:40
7716,8058,2026-06-05 09:38:28,2026-06-05 09:52:42
7717,8059,2026-06-05 09:53:13,2026-06-05 10:00:06
7718,8060,2026-06-05 10:01:34,2026-06-05 10:10:09
7719,8061,2026-06-05 10:15:55,2026-06-05 10:29:25
7720,8062,2026-06-05 10:28:36,2026-06-05 10:36:06
7721,8063,2026-06-05 11:02:37,2026-06-05 11:09:58
7722,8064,2026-06-05 11:10:56,2026-06-05 11:17:47
7723,8065,2026-06-05 13:30:18,2026-06-05 13:42:22
7724,8066,2026-06-05 13:30:33,2026-06-05 13:34:15
7725,8067,2026-06-05 13:35:27,2026-06-05 13:48:32
7726,8068,2026-06-05 13:31:07,2026-06-05 13:38:05
7727,8069,2026-06-05 13:31:12,2026-06-05 13:38:02
7728,8070,2026-06-05 13:38:53,2026-06-05 13:44:01
7729,8071,2026-06-05 13:43:45,2026-06-05 13:47:49
7730,8072,2026-06-05 13:48:41,2026-06-05 14:03:23
7731,8073,2026-06-05 14:04:21,2026-06-05 14:15:24
7732,8074,2026-06-05 14:15:27,2026-06-05 14:26:51
7733,8075,2026-06-05 14:27:09,2026-06-05 14:42:03
7734,8076,2026-06-05 13:47:54,2026-06-05 13:51:44
7735,8077,2026-06-05 14:42:09,2026-06-05 14:48:00
7736,8078,2026-06-05 13:44:12,2026-06-05 13:58:35
7737,8079,2026-06-05 13:39:18,2026-06-05 13:51:28
7738,8080,2026-06-05 13:51:53,2026-06-05 14:02:36
7739,8081,2026-06-05 13:52:26,2026-06-05 13:58:06
7740,8082,2026-06-05 13:59:12,2026-06-05 14:06:03
7741,8083,2026-06-05 14:49:24,2026-06-05 14:57:36
7742,8084,2026-06-05 13:58:48,2026-06-05 14:02:13
7743,8085,2026-06-05 14:03:28,2026-06-05 14:11:53
7744,8086,2026-06-05 14:12:22,2026-06-05 14:25:37
7745,8087,2026-06-05 14:58:27,2026-06-05 15:02:39
7746,8088,2026-06-05 15:03:18,2026-06-05 15:10:37
7747,8089,2026-06-05 15:11:59,2026-06-05 15:17:45
7748,8090,2026-06-05 15:18:40,2026-06-05 15:25:49
7749,8093,2026-06-05 15:27:01,2026-06-05 15:40:31
7750,8094,2026-06-05 14:12:33,2026-06-05 14:18:04
7751,8095,2026-06-05 14:32:05,2026-06-05 14:42:52
7752,8096,2026-06-05 14:43:55,2026-06-05 14:48:55
7753,8097,2026-06-05 15:40:48,2026-06-05 15:49:59
7754,8098,2026-06-05 14:35:13,2026-06-05 14:45:03
7755,8099,2026-06-05 14:49:26,2026-06-05 14:54:52
7756,8100,2026-06-05 15:50:15,2026-06-05 16:04:06
7757,8101,2026-06-05 16:05:24,2026-06-05 16:13:14
7758,8102,2026-06-05 16:13:16,2026-06-05 16:17:12
7759,8104,2026-06-08 09:00:25,2026-06-08 09:10:23
7760,8105,2026-06-08 09:11:30,2026-06-08 09:22:54
7761,8106,2026-06-08 09:23:06,2026-06-08 09:27:52
7762,8107,2026-06-08 09:00:22,2026-06-08 09:06:20
7763,8108,2026-06-08 09:00:28,2026-06-08 09:09:11
7764,8109,2026-06-08 09:07:44,2026-06-08 09:21:39
7765,8110,2026-06-08 09:28:08,2026-06-08 09:34:13
7766,8111,2026-06-08 09:22:51,2026-06-08 09:37:27
7767,8112,2026-06-08 09:00:23,2026-06-08 09:14:06
7768,8113,2026-06-08 09:35:32,2026-06-08 09:48:16
7769,8114,2026-06-08 09:14:29,2026-06-08 09:18:39
7770,8115,2026-06-08 09:09:32,2026-06-08 09:22:43
7771,8116,2026-06-08 09:49:45,2026-06-08 10:03:48
7772,8117,2026-06-08 10:04:16,2026-06-08 10:07:24
7773,8118,2026-06-08 09:38:48,2026-06-08 09:43:38
7774,8119,2026-06-08 10:07:52,2026-06-08 10:12:28
7775,8120,2026-06-08 09:44:40,2026-06-08 09:48:51
7776,8121,2026-06-08 10:13:49,2026-06-08 10:21:36
7777,8122,2026-06-08 09:49:15,2026-06-08 09:56:55
7778,8123,2026-06-08 09:57:15,2026-06-08 10:01:32
7779,8124,2026-06-08 09:19:40,2026-06-08 09:32:51
7780,8125,2026-06-08 10:02:32,2026-06-08 10:14:29
7781,8126,2026-06-08 09:33:51,2026-06-08 09:46:58
7782,8127,2026-06-08 09:47:01,2026-06-08 09:56:03
7783,8128,2026-06-08 10:14:55,2026-06-08 10:24:10
7784,8129,2026-06-08 10:24:54,2026-06-08 10:34:37
7785,8130,2026-06-08 10:34:46,2026-06-08 10:44:37
7786,8131,2026-06-08 09:39:07,2026-06-08 09:52:11
7787,8132,2026-06-08 10:22:36,2026-06-08 10:27:19
7788,8134,2026-06-08 10:45:09,2026-06-08 10:49:28
7789,8135,2026-06-08 10:50:48,2026-06-08 11:01:46
7790,8136,2026-06-08 10:28:04,2026-06-08 10:39:11
7791,8137,2026-06-08 10:01:21,2026-06-08 10:15:29
7792,8138,2026-06-08 11:02:00,2026-06-08 11:07:39
7793,8139,2026-06-08 11:08:33,2026-06-08 11:18:42
7794,8140,2026-06-08 10:39:58,2026-06-08 10:46:21
7795,8142,2026-06-08 11:20:08,2026-06-08 11:29:47
7796,8143,2026-06-08 10:46:35,2026-06-08 10:50:49
7797,8144,2026-06-08 11:04:54,2026-06-08 11:12:47
7798,8145,2026-06-08 13:31:30,2026-06-08 13:41:51
7799,8146,2026-06-08 13:42:27,2026-06-08 13:46:45
7800,8147,2026-06-08 13:30:55,2026-06-08 13:40:09
7801,8148,2026-06-08 13:30:59,2026-06-08 13:35:42
7802,8149,2026-06-08 13:30:23,2026-06-08 13:36:28
7803,8150,2026-06-08 13:37:49,2026-06-08 13:45:47
7804,8151,2026-06-08 13:41:05,2026-06-08 13:45:55
7805,8152,2026-06-08 13:30:58,2026-06-08 13:39:44
7806,8153,2026-06-08 13:36:46,2026-06-08 13:44:24
7807,8154,2026-06-08 13:46:36,2026-06-08 13:53:40
7808,8156,2026-06-08 13:46:20,2026-06-08 13:56:14
7809,8157,2026-06-08 13:54:14,2026-06-08 14:06:15
7810,8158,2026-06-08 13:40:24,2026-06-08 13:54:42
7811,8160,2026-06-08 13:55:52,2026-06-08 14:04:44
7812,8161,2026-06-08 14:04:52,2026-06-08 14:16:09
7813,8162,2026-06-08 14:17:17,2026-06-08 14:23:34
7814,8163,2026-06-08 14:06:32,2026-06-08 14:21:10
7815,8164,2026-06-08 13:47:27,2026-06-08 13:51:30
7816,8165,2026-06-08 13:57:11,2026-06-08 14:00:20
7817,8166,2026-06-08 14:01:07,2026-06-08 14:15:40
7818,8167,2026-06-08 14:22:30,2026-06-08 14:27:40
7819,8168,2026-06-08 14:24:36,2026-06-08 14:27:41
7820,8169,2026-06-08 13:45:16,2026-06-08 13:48:19
7821,8171,2026-06-08 13:48:38,2026-06-08 14:03:12
7822,8172,2026-06-08 14:29:03,2026-06-08 14:36:05
7823,8173,2026-06-08 14:16:02,2026-06-08 14:26:43
7824,8174,2026-06-08 14:27:39,2026-06-08 14:32:49
7825,8175,2026-06-08 14:33:39,2026-06-08 14:37:39
7826,8177,2026-06-08 14:28:59,2026-06-08 14:33:52
7827,8178,2026-06-08 14:38:13,2026-06-08 14:43:08
7828,8179,2026-06-08 14:36:26,2026-06-08 14:45:03
7829,8180,2026-06-08 14:34:04,2026-06-08 14:40:06
7830,8181,2026-06-08 13:52:25,2026-06-08 14:02:54
7831,8182,2026-06-08 14:45:17,2026-06-08 14:54:45
7832,8183,2026-06-08 14:03:50,2026-06-08 14:13:32
7833,8184,2026-06-08 14:44:18,2026-06-08 14:52:14
7834,8186,2026-06-08 14:03:37,2026-06-08 14:11:11
7835,8188,2026-06-08 14:40:26,2026-06-08 14:51:27
7836,8189,2026-06-08 14:51:37,2026-06-08 14:57:31
7837,8190,2026-06-08 14:58:34,2026-06-08 15:02:23
7838,8191,2026-06-08 14:13:35,2026-06-08 14:18:10
7839,8192,2026-06-08 14:12:03,2026-06-08 14:17:43
7840,8193,2026-06-08 14:52:53,2026-06-08 15:03:05
7841,8194,2026-06-08 14:19:03,2026-06-08 14:23:19
7842,8195,2026-06-08 15:04:11,2026-06-08 15:08:44
7843,8196,2026-06-08 15:03:02,2026-06-08 15:18:00
7844,8197,2026-06-08 15:09:00,2026-06-08 15:22:41
7845,8198,2026-06-08 14:18:33,2026-06-08 14:33:16
7846,8199,2026-06-08 15:22:51,2026-06-08 15:34:49
7847,8200,2026-06-08 14:54:48,2026-06-08 15:00:03
7848,8201,2026-06-08 15:36:18,2026-06-08 15:48:01
7849,8203,2026-06-08 15:48:19,2026-06-08 15:54:53
7850,8204,2026-06-08 15:01:41,2026-06-08 15:14:28
7851,8205,2026-06-08 15:02:47,2026-06-08 15:06:24
7852,8206,2026-06-08 15:55:34,2026-06-08 16:08:01
7853,8207,2026-06-08 15:24:20,2026-06-08 15:31:21
7854,8208,2026-06-08 15:32:48,2026-06-08 15:44:13
7855,8209,2026-06-08 15:35:02,2026-06-08 15:38:08
7856,8211,2026-06-09 09:01:07,2026-06-09 09:07:48
7857,8212,2026-06-09 09:00:42,2026-06-09 09:10:10
7858,8213,2026-06-09 09:00:18,2026-06-09 09:08:25
7859,8214,2026-06-09 09:09:22,2026-06-09 09:22:12
7860,8215,2026-06-09 09:07:56,2026-06-09 09:11:45
7861,8216,2026-06-09 09:10:44,2026-06-09 09:21:24
7862,8217,2026-06-09 09:11:50,2026-06-09 09:22:25
7863,8218,2026-06-09 09:23:16,2026-06-09 09:28:10
7864,8219,2026-06-09 09:00:36,2026-06-09 09:09:36
7865,8220,2026-06-09 09:22:38,2026-06-09 09:32:22
7866,8222,2026-06-09 09:33:46,2026-06-09 09:47:49
7867,8223,2026-06-09 09:01:27,2026-06-09 09:07:33
7868,8224,2026-06-09 09:21:25,2026-06-09 09:26:26
7869,8225,2026-06-09 09:08:47,2026-06-09 09:13:14
7870,8226,2026-06-09 09:10:15,2026-06-09 09:19:18
7871,8227,2026-06-09 09:14:01,2026-06-09 09:23:25
7872,8228,2026-06-09 09:29:30,2026-06-09 09:36:12
7873,8229,2026-06-09 09:36:46,2026-06-09 09:41:56
7874,8230,2026-06-09 09:24:01,2026-06-09 09:35:47
7875,8231,2026-06-09 09:20:24,2026-06-09 09:28:44
7876,8232,2026-06-09 09:48:41,2026-06-09 10:01:41
7877,8233,2026-06-09 09:27:53,2026-06-09 09:36:19
7878,8234,2026-06-09 09:42:49,2026-06-09 09:51:13
7879,8235,2026-06-09 09:51:15,2026-06-09 10:01:56
7880,8237,2026-06-09 10:02:21,2026-06-09 10:07:50
7881,8238,2026-06-09 10:08:14,2026-06-09 10:22:49
7882,8239,2026-06-09 09:35:57,2026-06-09 09:40:59
7883,8240,2026-06-09 09:41:13,2026-06-09 09:54:52
7884,8241,2026-06-09 09:33:22,2026-06-09 09:43:20
7885,8242,2026-06-09 09:54:58,2026-06-09 10:07:28
7886,8243,2026-06-09 10:07:42,2026-06-09 10:20:31
7887,8244,2026-06-09 10:02:46,2026-06-09 10:06:36
7888,8245,2026-06-09 09:49:27,2026-06-09 10:00:33
7889,8246,2026-06-09 10:07:19,2026-06-09 10:20:58
7890,8247,2026-06-09 10:23:02,2026-06-09 10:30:37
7891,8248,2026-06-09 10:00:47,2026-06-09 10:05:40
7892,8249,2026-06-09 10:30:41,2026-06-09 10:34:50
7893,8250,2026-06-09 10:06:50,2026-06-09 10:18:05
7894,8251,2026-06-09 10:20:45,2026-06-09 10:34:40
7895,8252,2026-06-09 10:35:47,2026-06-09 10:40:55
7896,8253,2026-06-09 10:35:59,2026-06-09 10:46:38
7897,8254,2026-06-09 10:27:32,2026-06-09 10:31:22
7898,8255,2026-06-09 10:31:51,2026-06-09 10:43:44
7899,8256,2026-06-09 10:47:49,2026-06-09 10:52:25
7900,8257,2026-06-09 10:52:33,2026-06-09 10:55:33
7901,8258,2026-06-09 10:43:23,2026-06-09 10:47:44
7902,8259,2026-06-09 10:56:32,2026-06-09 11:05:15
7903,8260,2026-06-09 10:56:48,2026-06-09 11:02:11
7904,8261,2026-06-09 11:03:35,2026-06-09 11:15:27
7905,8262,2026-06-09 11:02:43,2026-06-09 11:17:03
7906,8263,2026-06-09 11:18:52,2026-06-09 11:33:42
7907,8264,2026-06-09 13:30:26,2026-06-09 13:37:55
7908,8265,2026-06-09 13:31:24,2026-06-09 13:42:31
7909,8266,2026-06-09 13:31:04,2026-06-09 13:44:20
7910,8267,2026-06-09 13:42:53,2026-06-09 13:49:56
7911,8268,2026-06-09 13:39:12,2026-06-09 13:45:53
7912,8269,2026-06-09 13:31:15,2026-06-09 13:37:43
7913,8270,2026-06-09 13:38:51,2026-06-09 13:44:50
7914,8271,2026-06-09 13:44:25,2026-06-09 13:58:41
7915,8272,2026-06-09 13:46:15,2026-06-09 13:59:55
7916,8273,2026-06-09 14:00:45,2026-06-09 14:13:12
7917,8274,2026-06-09 13:31:05,2026-06-09 13:41:27
7918,8275,2026-06-09 13:45:27,2026-06-09 13:53:24
7919,8276,2026-06-09 13:58:49,2026-06-09 14:02:27
7920,8277,2026-06-09 13:53:39,2026-06-09 13:57:36
7921,8278,2026-06-09 13:50:09,2026-06-09 13:53:18
7922,8279,2026-06-09 13:57:40,2026-06-09 14:04:37
7923,8280,2026-06-09 14:03:02,2026-06-09 14:10:47
7924,8282,2026-06-09 14:05:03,2026-06-09 14:19:56
7925,8283,2026-06-09 14:14:29,2026-06-09 14:17:31
7926,8284,2026-06-09 14:11:09,2026-06-09 14:14:59
7927,8285,2026-06-09 14:21:26,2026-06-09 14:27:02
7928,8286,2026-06-09 14:18:29,2026-06-09 14:25:04
7929,8287,2026-06-09 14:15:42,2026-06-09 14:21:57
7930,8288,2026-06-09 14:25:17,2026-06-09 14:37:47
7931,8289,2026-06-09 14:06:26,2026-06-09 14:11:52
7932,8290,2026-06-09 14:13:17,2026-06-09 14:16:43
7933,8291,2026-06-09 14:07:07,2026-06-09 14:15:39
7934,8292,2026-06-09 14:28:03,2026-06-09 14:38:53
7935,8293,2026-06-09 14:13:54,2026-06-09 14:20:25
7936,8294,2026-06-09 14:23:47,2026-06-09 14:28:20
7937,8295,2026-06-09 14:39:45,2026-06-09 14:44:28
7938,8296,2026-06-09 14:45:11,2026-06-09 14:55:42
7939,8297,2026-06-09 14:33:31,2026-06-09 14:41:04
7940,8298,2026-06-09 14:43:24,2026-06-09 14:49:19
7941,8299,2026-06-09 14:42:54,2026-06-09 14:46:07
7942,8300,2026-06-09 14:42:52,2026-06-09 14:54:10
7943,8301,2026-06-09 14:50:25,2026-06-09 15:01:44
7944,8303,2026-06-09 14:57:48,2026-06-09 15:08:49
7945,8304,2026-06-09 15:10:12,2026-06-09 15:24:43
7946,8305,2026-06-09 14:54:51,2026-06-09 15:00:47
7947,8306,2026-06-09 15:06:51,2026-06-09 15:14:12
7948,8307,2026-06-09 15:25:44,2026-06-09 15:33:36
7949,8308,2026-06-09 15:34:47,2026-06-09 15:40:06
7950,8309,2026-06-09 15:40:34,2026-06-09 15:54:20
7951,8310,2026-06-10 09:01:07,2026-06-10 09:07:12
7952,8311,2026-06-10 09:08:12,2026-06-10 09:21:22
7953,8312,2026-06-10 09:00:10,2026-06-10 09:11:46
7954,8313,2026-06-10 09:22:16,2026-06-10 09:25:41
7955,8314,2026-06-10 09:26:57,2026-06-10 09:30:05
7956,8315,2026-06-10 09:01:30,2026-06-10 09:06:34
7957,8316,2026-06-10 09:07:42,2026-06-10 09:12:50
7958,8317,2026-06-10 09:12:55,2026-06-10 09:19:15
7959,8319,2026-06-10 09:22:02,2026-06-10 09:36:20
7960,8320,2026-06-10 09:30:14,2026-06-10 09:36:25
7961,8321,2026-06-10 09:28:54,2026-06-10 09:37:08
7962,8322,2026-06-10 09:36:53,2026-06-10 09:43:17
7963,8323,2026-06-10 09:34:25,2026-06-10 09:48:26
7964,8325,2026-06-10 09:54:20,2026-06-10 10:08:42
7965,8326,2026-06-10 10:35:20,2026-06-10 10:38:51
7966,8327,2026-06-10 10:39:12,2026-06-10 10:42:28
7967,8328,2026-06-10 10:34:12,2026-06-10 10:41:38
7968,8329,2026-06-10 10:51:03,2026-06-10 11:03:57
7969,8330,2026-06-10 11:09:13,2026-06-10 11:17:53
7970,8331,2026-06-10 13:30:31,2026-06-10 13:36:20
7971,8332,2026-06-10 13:36:28,2026-06-10 13:47:34
7972,8333,2026-06-10 13:31:04,2026-06-10 13:44:06
7973,8334,2026-06-10 13:44:37,2026-06-10 13:49:31
7974,8335,2026-06-10 13:48:37,2026-06-10 13:58:16
7975,8337,2026-06-10 13:59:05,2026-06-10 14:05:27
7976,8338,2026-06-10 13:50:48,2026-06-10 13:56:57
7977,8339,2026-06-10 14:05:56,2026-06-10 14:12:38
7978,8340,2026-06-10 13:58:02,2026-06-10 14:03:47
7979,8341,2026-06-10 14:03:58,2026-06-10 14:10:47
7980,8342,2026-06-10 14:11:49,2026-06-10 14:19:53
7981,8343,2026-06-10 14:13:44,2026-06-10 14:18:52
7982,8344,2026-06-10 14:20:07,2026-06-10 14:28:12
7983,8345,2026-06-10 14:28:13,2026-06-10 14:34:56
7984,8346,2026-06-10 14:19:48,2026-06-10 14:30:39
7985,8347,2026-06-10 14:26:13,2026-06-10 14:33:22
7986,8348,2026-06-10 14:36:23,2026-06-10 14:40:21
7987,8349,2026-06-10 14:40:51,2026-06-10 14:52:06
7988,8350,2026-06-10 15:03:09,2026-06-10 15:08:53
7989,8351,2026-06-10 15:09:22,2026-06-10 15:23:31
7990,8352,2026-06-11 09:00:16,2026-06-11 09:07:56
7991,8353,2026-06-11 09:09:04,2026-06-11 09:16:27
7992,8354,2026-06-11 09:01:21,2026-06-11 09:08:28
7993,8355,2026-06-11 09:09:37,2026-06-11 09:21:57
7994,8356,2026-06-11 09:01:29,2026-06-11 09:05:28
7995,8357,2026-06-11 09:17:04,2026-06-11 09:29:09
7996,8358,2026-06-11 09:01:13,2026-06-11 09:06:45
7997,8359,2026-06-11 09:30:28,2026-06-11 09:34:40
7998,8360,2026-06-11 09:07:05,2026-06-11 09:12:27
7999,8361,2026-06-11 09:13:50,2026-06-11 09:23:41
8000,8362,2026-06-11 09:25:11,2026-06-11 09:30:03
8001,8364,2026-06-11 09:35:31,2026-06-11 09:41:19
8002,8365,2026-06-11 09:31:08,2026-06-11 09:36:43
8003,8366,2026-06-11 09:37:18,2026-06-11 09:42:20
8004,8367,2026-06-11 09:22:33,2026-06-11 09:27:56
8005,8368,2026-06-11 09:43:31,2026-06-11 09:50:09
8006,8369,2026-06-11 09:41:28,2026-06-11 09:51:29
8007,8370,2026-06-11 09:52:35,2026-06-11 09:56:04
8008,8371,2026-06-11 09:50:28,2026-06-11 09:58:55
8009,8372,2026-06-11 10:00:23,2026-06-11 10:13:22
8010,8373,2026-06-11 09:56:51,2026-06-11 10:00:11
8011,8374,2026-06-11 10:01:20,2026-06-11 10:14:49
8012,8375,2026-06-11 09:13:57,2026-06-11 09:24:08
8013,8376,2026-06-11 09:24:17,2026-06-11 09:31:04
8014,8377,2026-06-11 10:16:18,2026-06-11 10:23:08
8015,8378,2026-06-11 10:24:30,2026-06-11 10:31:03
8016,8379,2026-06-11 09:31:38,2026-06-11 09:45:36
8017,8380,2026-06-11 10:31:34,2026-06-11 10:46:10
8018,8381,2026-06-11 09:29:19,2026-06-11 09:34:33
8019,8382,2026-06-11 10:14:22,2026-06-11 10:17:37
8020,8383,2026-06-11 10:18:06,2026-06-11 10:30:13
8021,8384,2026-06-11 10:47:27,2026-06-11 10:53:19
8022,8385,2026-06-11 09:48:44,2026-06-11 10:00:09
8023,8386,2026-06-11 10:31:42,2026-06-11 10:42:11
8024,8388,2026-06-11 09:53:47,2026-06-11 09:59:43
8025,8389,2026-06-11 10:54:29,2026-06-11 11:08:39
8026,8390,2026-06-11 10:43:04,2026-06-11 10:53:44
8027,8391,2026-06-11 10:54:54,2026-06-11 11:02:18
8028,8392,2026-06-11 11:03:20,2026-06-11 11:10:35
8029,8393,2026-06-11 11:10:05,2026-06-11 11:16:56
8030,8394,2026-06-11 11:11:42,2026-06-11 11:17:30
8031,8395,2026-06-11 11:18:35,2026-06-11 11:22:31
8032,8396,2026-06-11 10:58:58,2026-06-11 11:05:05
8033,8397,2026-06-11 11:14:29,2026-06-11 11:24:38
8034,8398,2026-06-11 13:31:01,2026-06-11 13:35:04
8035,8399,2026-06-11 13:30:13,2026-06-11 13:38:11
8036,8400,2026-06-11 13:30:50,2026-06-11 13:43:10
8037,8401,2026-06-11 13:35:38,2026-06-11 13:45:21
8038,8402,2026-06-11 13:30:01,2026-06-11 13:36:23
8039,8403,2026-06-11 13:37:05,2026-06-11 13:43:17
8040,8404,2026-06-11 13:46:17,2026-06-11 13:57:15
8041,8405,2026-06-11 13:57:22,2026-06-11 14:06:18
8042,8406,2026-06-11 14:06:26,2026-06-11 14:20:28
8043,8407,2026-06-11 14:20:28,2026-06-11 14:25:22
8044,8408,2026-06-11 14:25:38,2026-06-11 14:35:45
8045,8409,2026-06-11 14:36:42,2026-06-11 14:41:59
8046,8410,2026-06-11 14:42:13,2026-06-11 14:50:25
8047,8411,2026-06-11 13:43:10,2026-06-11 13:47:36
8048,8412,2026-06-11 13:44:17,2026-06-11 13:53:03
8049,8413,2026-06-11 13:53:31,2026-06-11 13:59:09
8050,8414,2026-06-11 14:51:30,2026-06-11 14:55:20
8051,8415,2026-06-11 14:00:21,2026-06-11 14:14:08
8052,8416,2026-06-11 13:50:33,2026-06-11 13:55:24
8053,8417,2026-06-11 14:55:49,2026-06-11 15:07:53
8054,8418,2026-06-11 13:56:15,2026-06-11 14:08:10
8055,8419,2026-06-11 14:00:50,2026-06-11 14:09:04
8056,8420,2026-06-11 14:09:07,2026-06-11 14:20:01
8057,8421,2026-06-11 14:11:53,2026-06-11 14:19:44
8058,8422,2026-06-11 14:20:39,2026-06-11 14:25:57
8059,8423,2026-06-11 15:08:01,2026-06-11 15:21:39
8060,8424,2026-06-11 15:23:00,2026-06-11 15:34:38
8061,8425,2026-06-11 14:27:16,2026-06-11 14:36:24
8062,8426,2026-06-11 14:36:41,2026-06-11 14:45:57
8063,8427,2026-06-11 14:45:57,2026-06-11 14:53:39
8064,8428,2026-06-11 15:34:43,2026-06-11 15:44:10
8065,8429,2026-06-11 14:41:47,2026-06-11 14:56:18
8066,8430,2026-06-11 14:55:05,2026-06-11 15:08:19
8067,8431,2026-06-11 14:56:39,2026-06-11 15:05:54
8068,8432,2026-06-11 14:43:20,2026-06-11 14:48:52
8069,8433,2026-06-11 15:06:50,2026-06-11 15:13:18
8070,8434,2026-06-11 14:57:26,2026-06-11 15:02:04
8071,8435,2026-06-11 15:44:58,2026-06-11 15:49:52
8072,8436,2026-06-11 15:50:51,2026-06-11 15:57:18
8073,8437,2026-06-11 15:13:27,2026-06-11 15:26:10
8074,8438,2026-06-11 15:57:33,2026-06-11 16:05:15
8075,8439,2026-06-11 15:40:14,2026-06-11 15:43:43
8076,8440,2026-06-11 16:05:24,2026-06-11 16:15:39
8077,8441,2026-06-12 09:01:21,2026-06-12 09:08:37
8078,8442,2026-06-12 09:09:16,2026-06-12 09:12:33
8079,8443,2026-06-12 09:01:09,2026-06-12 09:04:13
8080,8444,2026-06-12 09:12:38,2026-06-12 09:15:53
8081,8445,2026-06-12 09:17:20,2026-06-12 09:24:33
8082,8446,2026-06-12 09:24:50,2026-06-12 09:31:28
8083,8447,2026-06-12 09:02:11,2026-06-12 09:11:33
8084,8448,2026-06-12 09:31:29,2026-06-12 09:38:20
8085,8449,2026-06-12 09:07:15,2026-06-12 09:15:12
8086,8450,2026-06-12 09:45:09,2026-06-12 09:51:57
8087,8451,2026-06-12 09:52:59,2026-06-12 09:59:20
8088,8452,2026-06-12 11:00:57,2026-06-12 11:08:18
8089,8453,2026-06-12 13:30:28,2026-06-12 13:42:14
8090,8454,2026-06-12 13:30:25,2026-06-12 13:34:31
8091,8455,2026-06-12 13:31:21,2026-06-12 13:34:31
8092,8456,2026-06-12 13:43:14,2026-06-12 13:49:13
8093,8457,2026-06-12 13:35:33,2026-06-12 13:43:14
8094,8458,2026-06-12 13:35:19,2026-06-12 13:39:25
8095,8459,2026-06-12 13:30:37,2026-06-12 13:37:19
8096,8460,2026-06-12 13:31:04,2026-06-12 13:36:24
8097,8461,2026-06-12 13:49:29,2026-06-12 13:59:17
8098,8463,2026-06-12 13:40:04,2026-06-12 13:54:21
8099,8464,2026-06-12 13:55:30,2026-06-12 14:02:17
8100,8465,2026-06-12 13:38:41,2026-06-12 13:51:35
8101,8466,2026-06-12 13:37:54,2026-06-12 13:47:52
8102,8467,2026-06-12 13:59:54,2026-06-12 14:09:39
8103,8468,2026-06-12 13:48:25,2026-06-12 13:56:33
8104,8469,2026-06-12 13:57:04,2026-06-12 14:06:42
8105,8470,2026-06-12 13:52:23,2026-06-12 13:57:23
8106,8471,2026-06-12 14:03:43,2026-06-12 14:18:42
8107,8472,2026-06-12 14:10:32,2026-06-12 14:16:51
8108,8474,2026-06-12 14:18:54,2026-06-12 14:27:38
8109,8475,2026-06-12 14:36:20,2026-06-12 14:48:11
8110,8476,2026-06-12 14:42:51,2026-06-12 14:52:30
8111,8477,2026-06-12 15:04:59,2026-06-12 15:08:33
8112,8478,2026-06-12 15:06:20,2026-06-12 15:19:30
8113,8479,2026-06-12 15:19:37,2026-06-12 15:33:12
8114,8480,2026-06-12 15:24:44,2026-06-12 15:30:21
8115,8481,2026-06-12 15:31:01,2026-06-12 15:39:41
8116,8482,2026-06-15 09:01:23,2026-06-15 09:09:35
8117,8483,2026-06-15 09:00:24,2026-06-15 09:14:37
8118,8484,2026-06-15 09:00:06,2026-06-15 09:05:59
8119,8485,2026-06-15 09:10:06,2026-06-15 09:19:37
8120,8486,2026-06-15 09:06:09,2026-06-15 09:12:20
8121,8487,2026-06-15 09:20:55,2026-06-15 09:35:39
8122,8488,2026-06-15 09:12:28,2026-06-15 09:22:34
8123,8489,2026-06-15 09:36:34,2026-06-15 09:43:48
8124,8490,2026-06-15 09:23:47,2026-06-15 09:30:45
8125,8492,2026-06-15 09:45:02,2026-06-15 09:50:24
8126,8493,2026-06-15 09:50:33,2026-06-15 09:56:59
8127,8494,2026-06-15 09:07:26,2026-06-15 09:15:49
8128,8495,2026-06-15 09:15:55,2026-06-15 09:24:48
8129,8496,2026-06-15 09:58:06,2026-06-15 10:08:30
8130,8497,2026-06-15 09:24:48,2026-06-15 09:33:43
8131,8498,2026-06-15 09:16:22,2026-06-15 09:30:57
8132,8499,2026-06-15 09:32:15,2026-06-15 09:42:30
8133,8500,2026-06-15 09:42:46,2026-06-15 09:47:41
8134,8502,2026-06-15 09:48:41,2026-06-15 09:57:11
8135,8503,2026-06-15 10:09:14,2026-06-15 10:16:20
8136,8504,2026-06-15 09:37:08,2026-06-15 09:48:22
8137,8505,2026-06-15 09:53:48,2026-06-15 10:00:06
8138,8506,2026-06-15 09:57:32,2026-06-15 10:06:02
8139,8507,2026-06-15 10:07:14,2026-06-15 10:17:39
8140,8508,2026-06-15 10:18:30,2026-06-15 10:31:43
8141,8509,2026-06-15 10:31:51,2026-06-15 10:35:16
8142,8510,2026-06-15 10:13:24,2026-06-15 10:17:30
8143,8511,2026-06-15 10:35:33,2026-06-15 10:45:33
8144,8512,2026-06-15 10:19:18,2026-06-15 10:33:16
8145,8513,2026-06-15 10:34:36,2026-06-15 10:39:23
8146,8514,2026-06-15 10:39:29,2026-06-15 10:52:00
8147,8515,2026-06-15 10:53:00,2026-06-15 11:06:36
8148,8516,2026-06-15 11:06:39,2026-06-15 11:13:42
8149,8517,2026-06-15 10:47:02,2026-06-15 10:53:52
8150,8518,2026-06-15 11:14:34,2026-06-15 11:20:47
8151,8519,2026-06-15 10:54:43,2026-06-15 11:03:11
8152,8520,2026-06-15 10:47:22,2026-06-15 10:58:05
8153,8521,2026-06-15 11:21:01,2026-06-15 11:29:15
8154,8522,2026-06-15 11:29:48,2026-06-15 11:34:39
8155,8523,2026-06-15 11:34:54,2026-06-15 11:38:10
8156,8524,2026-06-15 13:30:17,2026-06-15 13:41:15
8157,8525,2026-06-15 13:30:14,2026-06-15 13:35:50
8158,8526,2026-06-15 13:30:21,2026-06-15 13:38:04
8159,8527,2026-06-15 13:30:02,2026-06-15 13:34:46
8160,8528,2026-06-15 13:37:18,2026-06-15 13:43:50
8161,8529,2026-06-15 13:44:53,2026-06-15 13:56:32
8162,8530,2026-06-15 13:57:54,2026-06-15 14:03:51
8163,8531,2026-06-15 13:35:26,2026-06-15 13:45:04
8164,8532,2026-06-15 13:46:18,2026-06-15 13:57:08
8165,8534,2026-06-15 14:04:41,2026-06-15 14:14:04
8166,8535,2026-06-15 14:14:55,2026-06-15 14:28:32
8167,8536,2026-06-15 13:31:18,2026-06-15 13:39:55
8168,8537,2026-06-15 14:30:02,2026-06-15 14:33:23
8169,8538,2026-06-15 13:38:31,2026-06-15 13:41:45
8170,8539,2026-06-15 13:43:12,2026-06-15 13:46:48
8171,8540,2026-06-15 14:34:16,2026-06-15 14:39:48
8172,8541,2026-06-15 13:41:35,2026-06-15 13:48:01
8173,8542,2026-06-15 13:47:12,2026-06-15 14:00:13
8174,8543,2026-06-15 14:00:40,2026-06-15 14:08:37
8175,8544,2026-06-15 13:49:21,2026-06-15 13:57:04
8176,8545,2026-06-15 14:40:38,2026-06-15 14:52:34
8177,8546,2026-06-15 13:57:43,2026-06-15 14:04:01
8178,8547,2026-06-15 14:52:48,2026-06-15 14:56:38
8179,8548,2026-06-15 14:04:47,2026-06-15 14:15:35
8180,8549,2026-06-15 14:16:21,2026-06-15 14:23:20
8181,8550,2026-06-15 13:52:02,2026-06-15 13:56:40
8182,8551,2026-06-15 14:08:46,2026-06-15 14:14:16
8183,8552,2026-06-15 14:56:46,2026-06-15 15:07:03
8184,8553,2026-06-15 13:57:24,2026-06-15 14:11:50
8185,8555,2026-06-15 15:07:38,2026-06-15 15:12:00
8186,8556,2026-06-15 14:12:44,2026-06-15 14:24:23
8187,8557,2026-06-15 15:13:11,2026-06-15 15:26:29
8188,8558,2026-06-15 14:15:13,2026-06-15 14:24:48
8189,8559,2026-06-15 15:27:50,2026-06-15 15:33:14
8190,8560,2026-06-15 14:24:56,2026-06-15 14:31:54
8191,8561,2026-06-15 15:34:21,2026-06-15 15:38:23
8192,8562,2026-06-15 14:32:04,2026-06-15 14:43:07
8193,8563,2026-06-15 15:39:38,2026-06-15 15:50:39
8194,8564,2026-06-15 14:43:50,2026-06-15 14:52:02
8195,8565,2026-06-15 14:30:47,2026-06-15 14:41:49
8196,8566,2026-06-15 14:53:06,2026-06-15 15:06:34
8197,8567,2026-06-15 14:38:38,2026-06-15 14:44:56
8198,8568,2026-06-15 14:37:07,2026-06-15 14:44:12
8199,8569,2026-06-15 14:43:03,2026-06-15 14:49:28
8200,8571,2026-06-15 15:50:59,2026-06-15 15:57:13
8201,8572,2026-06-15 15:07:09,2026-06-15 15:10:38
8202,8573,2026-06-15 14:45:56,2026-06-15 14:50:53
8203,8574,2026-06-15 15:11:28,2026-06-15 15:15:26
8204,8575,2026-06-15 14:51:55,2026-06-15 14:56:31
8205,8576,2026-06-15 15:58:21,2026-06-15 16:03:37
8206,8577,2026-06-15 15:16:13,2026-06-15 15:25:40
8207,8578,2026-06-15 15:25:53,2026-06-15 15:29:57
8208,8579,2026-06-15 15:30:25,2026-06-15 15:37:37
8209,8580,2026-06-15 15:38:57,2026-06-15 15:52:25
8210,8581,2026-06-15 15:29:17,2026-06-15 15:33:00
8211,8582,2026-06-15 15:52:28,2026-06-15 16:02:40
8212,8583,2026-06-16 09:01:03,2026-06-16 09:13:15
8213,8584,2026-06-16 09:14:16,2026-06-16 09:20:50
8214,8585,2026-06-16 09:00:41,2026-06-16 09:06:21
8215,8586,2026-06-16 09:21:10,2026-06-16 09:32:57
8216,8587,2026-06-16 09:00:02,2026-06-16 09:12:02
8217,8589,2026-06-16 09:33:21,2026-06-16 09:39:15
8218,8590,2026-06-16 09:39:18,2026-06-16 09:53:20
8219,8591,2026-06-16 09:53:38,2026-06-16 10:05:33
8220,8592,2026-06-16 09:00:36,2026-06-16 09:07:28
8221,8593,2026-06-16 09:06:43,2026-06-16 09:15:10
8222,8594,2026-06-16 09:00:56,2026-06-16 09:14:28
8223,8595,2026-06-16 10:05:57,2026-06-16 10:15:11
8224,8596,2026-06-16 09:14:41,2026-06-16 09:27:15
8225,8597,2026-06-16 10:16:01,2026-06-16 10:22:18
8226,8599,2026-06-16 10:22:38,2026-06-16 10:37:02
8227,8600,2026-06-16 09:08:34,2026-06-16 09:11:50
8228,8601,2026-06-16 10:38:13,2026-06-16 10:45:08
8229,8602,2026-06-16 09:28:45,2026-06-16 09:41:42
8230,8603,2026-06-16 09:15:38,2026-06-16 09:30:01
8231,8604,2026-06-16 09:30:52,2026-06-16 09:36:51
8232,8605,2026-06-16 09:15:02,2026-06-16 09:27:19
8233,8606,2026-06-16 10:45:11,2026-06-16 10:58:42
8234,8607,2026-06-16 09:38:08,2026-06-16 09:44:03
8235,8608,2026-06-16 09:24:46,2026-06-16 09:30:39
8236,8609,2026-06-16 09:28:30,2026-06-16 09:37:28
8237,8610,2026-06-16 09:38:14,2026-06-16 09:42:21
8238,8611,2026-06-16 10:59:36,2026-06-16 11:07:39
8239,8612,2026-06-16 09:41:59,2026-06-16 09:53:37
8240,8613,2026-06-16 09:44:32,2026-06-16 09:54:31
8241,8614,2026-06-16 11:08:36,2026-06-16 11:21:08
8242,8615,2026-06-16 09:54:54,2026-06-16 10:01:55
8243,8616,2026-06-16 09:42:42,2026-06-16 09:46:59
8244,8617,2026-06-16 10:01:42,2026-06-16 10:07:23
8245,8618,2026-06-16 10:14:49,2026-06-16 10:20:26
8246,8619,2026-06-16 10:12:07,2026-06-16 10:22:54
8247,8620,2026-06-16 10:28:54,2026-06-16 10:37:49
8248,8621,2026-06-16 10:34:36,2026-06-16 10:39:39
8249,8622,2026-06-16 10:54:48,2026-06-16 11:06:16
8250,8624,2026-06-16 11:21:21,2026-06-16 11:29:16
8251,8625,2026-06-16 13:30:15,2026-06-16 13:39:10
8252,8626,2026-06-16 13:39:38,2026-06-16 13:45:44
8253,8627,2026-06-16 13:31:21,2026-06-16 13:42:44
8254,8628,2026-06-16 13:47:13,2026-06-16 13:56:36
8255,8629,2026-06-16 13:57:32,2026-06-16 14:08:04
8256,8630,2026-06-16 14:08:10,2026-06-16 14:19:10
8257,8631,2026-06-16 13:31:27,2026-06-16 13:38:50
8258,8632,2026-06-16 13:30:27,2026-06-16 13:43:55
8259,8633,2026-06-16 13:44:59,2026-06-16 13:53:13
8260,8634,2026-06-16 13:30:30,2026-06-16 13:40:30
8261,8635,2026-06-16 13:54:04,2026-06-16 14:04:05
8262,8636,2026-06-16 13:39:13,2026-06-16 13:51:33
8263,8637,2026-06-16 14:20:13,2026-06-16 14:33:39
8264,8638,2026-06-16 13:41:40,2026-06-16 13:54:04
8265,8639,2026-06-16 13:30:12,2026-06-16 13:38:27
8266,8640,2026-06-16 13:31:00,2026-06-16 13:41:55
8267,8641,2026-06-16 13:38:43,2026-06-16 13:43:34
8268,8642,2026-06-16 13:43:02,2026-06-16 13:47:11
8269,8643,2026-06-16 13:52:17,2026-06-16 13:59:29
8270,8644,2026-06-16 14:33:47,2026-06-16 14:40:50
8271,8645,2026-06-16 13:54:31,2026-06-16 14:01:04
8272,8646,2026-06-16 13:47:57,2026-06-16 14:02:12
8273,8647,2026-06-16 14:02:27,2026-06-16 14:08:21
8274,8649,2026-06-16 14:01:08,2026-06-16 14:11:04
8275,8650,2026-06-16 14:04:46,2026-06-16 14:12:15
8276,8651,2026-06-16 14:12:30,2026-06-16 14:19:57
8277,8652,2026-06-16 14:21:21,2026-06-16 14:26:22
8278,8653,2026-06-16 14:26:25,2026-06-16 14:36:00
8279,8654,2026-06-16 14:42:20,2026-06-16 14:53:25
8280,8655,2026-06-16 14:53:30,2026-06-16 15:04:49
8281,8656,2026-06-16 14:09:42,2026-06-16 14:17:09
8282,8657,2026-06-16 14:01:59,2026-06-16 14:16:16
8283,8658,2026-06-16 15:04:51,2026-06-16 15:18:20
8284,8659,2026-06-16 14:18:28,2026-06-16 14:25:09
8285,8660,2026-06-16 14:25:47,2026-06-16 14:34:13
8286,8661,2026-06-16 14:36:54,2026-06-16 14:40:18
8287,8662,2026-06-16 14:41:05,2026-06-16 14:50:22
8288,8663,2026-06-16 14:27:02,2026-06-16 14:39:28
8289,8664,2026-06-16 14:39:45,2026-06-16 14:43:29
8290,8665,2026-06-16 14:43:54,2026-06-16 14:48:18
8291,8666,2026-06-16 15:19:04,2026-06-16 15:23:52
8292,8667,2026-06-16 15:25:08,2026-06-16 15:39:58
8293,8668,2026-06-16 14:43:41,2026-06-16 14:57:15
8294,8669,2026-06-16 15:40:52,2026-06-16 15:45:49
8295,8670,2026-06-16 15:46:43,2026-06-16 15:52:53
8296,8671,2026-06-16 15:53:27,2026-06-16 16:07:27
8297,8672,2026-06-16 15:07:05,2026-06-16 15:11:44
8298,8673,2026-06-16 15:10:21,2026-06-16 15:18:18
8299,8674,2026-06-16 15:19:33,2026-06-16 15:33:57
8300,8675,2026-06-16 16:08:31,2026-06-16 16:12:07
8301,8676,2026-06-17 09:00:16,2026-06-17 09:12:40
8302,8677,2026-06-17 09:01:00,2026-06-17 09:13:36
8303,8678,2026-06-17 09:00:48,2026-06-17 09:14:21
8304,8679,2026-06-17 09:13:43,2026-06-17 09:17:07
8305,8680,2026-06-17 09:00:52,2026-06-17 09:15:09
8306,8681,2026-06-17 09:12:40,2026-06-17 09:18:36
8307,8682,2026-06-17 09:19:39,2026-06-17 09:33:29
8308,8683,2026-06-17 09:14:30,2026-06-17 09:29:10
8309,8684,2026-06-17 09:29:49,2026-06-17 09:35:40
8310,8685,2026-06-17 09:15:37,2026-06-17 09:27:02
8311,8686,2026-06-17 09:27:40,2026-06-17 09:31:54
8312,8687,2026-06-17 09:32:26,2026-06-17 09:44:36
8313,8688,2026-06-17 09:44:40,2026-06-17 09:49:54
8314,8689,2026-06-17 09:37:24,2026-06-17 09:42:09
8315,8690,2026-06-17 09:40:23,2026-06-17 09:52:45
8316,8691,2026-06-17 09:50:17,2026-06-17 10:02:28
8317,8692,2026-06-17 09:52:18,2026-06-17 10:06:09
8318,8693,2026-06-17 10:03:00,2026-06-17 10:10:47
8319,8694,2026-06-17 10:07:19,2026-06-17 10:11:54
8320,8695,2026-06-17 10:08:04,2026-06-17 10:11:20
8321,8696,2026-06-17 10:12:02,2026-06-17 10:24:52
8322,8697,2026-06-17 10:26:10,2026-06-17 10:36:50
8323,8698,2026-06-17 10:38:19,2026-06-17 10:43:57
8324,8699,2026-06-17 10:44:56,2026-06-17 10:59:48
8325,8700,2026-06-17 10:59:52,2026-06-17 11:11:46
8326,8701,2026-06-17 10:49:46,2026-06-17 11:01:45
8327,8702,2026-06-17 13:30:21,2026-06-17 13:35:11
8328,8703,2026-06-17 13:35:39,2026-06-17 13:48:52
8329,8704,2026-06-17 13:49:24,2026-06-17 14:01:59
8330,8705,2026-06-17 13:30:34,2026-06-17 13:34:04
8331,8706,2026-06-17 14:03:14,2026-06-17 14:10:50
8332,8707,2026-06-17 13:35:35,2026-06-17 13:48:09
8333,8708,2026-06-17 13:49:13,2026-06-17 13:56:30
8334,8709,2026-06-17 13:46:53,2026-06-17 13:59:29
8335,8710,2026-06-17 13:57:48,2026-06-17 14:06:42
8336,8711,2026-06-17 14:12:18,2026-06-17 14:15:40
8337,8712,2026-06-17 14:06:58,2026-06-17 14:17:47
8338,8713,2026-06-17 14:17:49,2026-06-17 14:21:09
8339,8714,2026-06-17 14:22:01,2026-06-17 14:28:24
8340,8715,2026-06-17 14:16:00,2026-06-17 14:20:54
8341,8716,2026-06-17 14:29:47,2026-06-17 14:36:45
8342,8717,2026-06-17 14:37:03,2026-06-17 14:45:06
8343,8718,2026-06-17 14:45:44,2026-06-17 14:49:27
8344,8719,2026-06-17 14:53:43,2026-06-17 14:59:16
8345,8720,2026-06-18 09:01:07,2026-06-18 09:07:28
8346,8721,2026-06-18 09:00:00,2026-06-18 09:10:54
8347,8722,2026-06-18 09:01:27,2026-06-18 09:05:53
8348,8723,2026-06-18 09:00:30,2026-06-18 09:05:50
8349,8724,2026-06-18 09:06:58,2026-06-18 09:19:35
8350,8725,2026-06-18 09:19:49,2026-06-18 09:27:44
8351,8726,2026-06-18 09:27:44,2026-06-18 09:32:54
8352,8727,2026-06-18 09:11:42,2026-06-18 09:25:52
8353,8728,2026-06-18 09:01:06,2026-06-18 09:04:10
8354,8730,2026-06-18 09:05:27,2026-06-18 09:11:06
8355,8731,2026-06-18 09:33:30,2026-06-18 09:41:21
8356,8732,2026-06-18 09:11:10,2026-06-18 09:20:43
8357,8733,2026-06-18 09:26:32,2026-06-18 09:33:17
8358,8734,2026-06-18 09:21:09,2026-06-18 09:35:48
8359,8735,2026-06-18 09:37:04,2026-06-18 09:45:12
8360,8736,2026-06-18 09:45:37,2026-06-18 09:50:14
8361,8737,2026-06-18 09:33:28,2026-06-18 09:39:53
8362,8738,2026-06-18 09:41:14,2026-06-18 09:45:08
8363,8739,2026-06-18 09:41:56,2026-06-18 09:51:31
8364,8740,2026-06-18 09:51:17,2026-06-18 09:56:19
8365,8741,2026-06-18 09:52:44,2026-06-18 09:56:59
8366,8742,2026-06-18 09:57:28,2026-06-18 10:07:59
8367,8743,2026-06-18 09:45:37,2026-06-18 10:00:05
8368,8744,2026-06-18 10:08:24,2026-06-18 10:17:04
8369,8745,2026-06-18 10:17:43,2026-06-18 10:21:27
8370,8746,2026-06-18 09:57:16,2026-06-18 10:05:06
8371,8747,2026-06-18 10:01:07,2026-06-18 10:08:23
8372,8748,2026-06-18 10:06:01,2026-06-18 10:18:00
8373,8749,2026-06-18 09:24:47,2026-06-18 09:39:36
8374,8750,2026-06-18 10:19:11,2026-06-18 10:27:11
8375,8751,2026-06-18 10:22:31,2026-06-18 10:28:41
8376,8752,2026-06-18 10:28:04,2026-06-18 10:42:09
8377,8754,2026-06-18 10:43:30,2026-06-18 10:51:13
8378,8755,2026-06-18 10:29:38,2026-06-18 10:41:42
8379,8756,2026-06-18 10:41:58,2026-06-18 10:49:03
8380,8757,2026-06-18 10:49:23,2026-06-18 10:58:19
8381,8758,2026-06-18 09:50:10,2026-06-18 09:59:31
8382,8759,2026-06-18 10:09:33,2026-06-18 10:14:13
8383,8760,2026-06-18 10:04:38,2026-06-18 10:12:10
8384,8761,2026-06-18 10:59:14,2026-06-18 11:02:52
8385,8762,2026-06-18 11:03:24,2026-06-18 11:10:09
8386,8763,2026-06-18 10:21:26,2026-06-18 10:28:48
8387,8764,2026-06-18 11:11:15,2026-06-18 11:15:49
8388,8765,2026-06-18 10:59:58,2026-06-18 11:07:20
8389,8766,2026-06-18 11:16:25,2026-06-18 11:27:08
8390,8767,2026-06-18 11:08:24,2026-06-18 11:12:38
8391,8768,2026-06-18 11:13:26,2026-06-18 11:19:32
8392,8769,2026-06-18 13:31:21,2026-06-18 13:35:54
8393,8770,2026-06-18 13:31:15,2026-06-18 13:42:47
8394,8771,2026-06-18 13:36:44,2026-06-18 13:44:02
8395,8772,2026-06-18 13:43:53,2026-06-18 13:49:38
8396,8773,2026-06-18 13:30:47,2026-06-18 13:36:32
8397,8774,2026-06-18 13:50:54,2026-06-18 13:55:00
8398,8775,2026-06-18 13:56:27,2026-06-18 14:05:52
8399,8776,2026-06-18 13:45:22,2026-06-18 13:49:12
8400,8777,2026-06-18 14:06:11,2026-06-18 14:16:43
8401,8778,2026-06-18 14:18:12,2026-06-18 14:24:19
8402,8779,2026-06-18 13:49:20,2026-06-18 13:53:36
8403,8780,2026-06-18 13:35:03,2026-06-18 13:45:29
8404,8781,2026-06-18 14:24:35,2026-06-18 14:31:26
8405,8782,2026-06-18 14:32:12,2026-06-18 14:38:42
8406,8784,2026-06-18 14:39:35,2026-06-18 14:47:50
8407,8785,2026-06-18 13:45:05,2026-06-18 13:51:03
8408,8786,2026-06-18 13:52:15,2026-06-18 14:04:27
8409,8787,2026-06-18 13:53:55,2026-06-18 14:01:44
8410,8788,2026-06-18 14:48:18,2026-06-18 14:58:17
8411,8789,2026-06-18 13:59:45,2026-06-18 14:03:14
8412,8790,2026-06-18 14:03:08,2026-06-18 14:14:42
8413,8791,2026-06-18 14:11:02,2026-06-18 14:19:59
8414,8792,2026-06-18 14:32:17,2026-06-18 14:35:38
8415,8793,2026-06-18 14:59:19,2026-06-18 15:06:58
8416,8794,2026-06-18 15:07:59,2026-06-18 15:14:32
8417,8795,2026-06-18 15:15:51,2026-06-18 15:22:23
8418,8797,2026-06-18 15:08:04,2026-06-18 15:11:56
8419,8798,2026-06-18 15:03:53,2026-06-18 15:08:04
8420,8799,2026-06-18 15:15:09,2026-06-18 15:28:23
8421,8800,2026-06-18 15:14:24,2026-06-18 15:20:03
8422,8801,2026-06-19 09:01:23,2026-06-19 09:05:10
8423,8802,2026-06-19 09:05:33,2026-06-19 09:15:47
8424,8803,2026-06-19 09:01:13,2026-06-19 09:07:04
8425,8804,2026-06-19 09:16:05,2026-06-19 09:26:45
8426,8805,2026-06-19 09:27:34,2026-06-19 09:33:15
8427,8806,2026-06-19 09:33:39,2026-06-19 09:48:03
8428,8807,2026-06-19 09:08:11,2026-06-19 09:15:43
8429,8808,2026-06-19 09:15:56,2026-06-19 09:20:24
8430,8809,2026-06-19 09:49:33,2026-06-19 09:53:33
8431,8810,2026-06-19 09:54:23,2026-06-19 10:02:47
8432,8811,2026-06-19 09:21:09,2026-06-19 09:32:24
8433,8812,2026-06-19 10:03:18,2026-06-19 10:12:40
8434,8813,2026-06-19 10:13:36,2026-06-19 10:28:23
8435,8814,2026-06-19 09:42:09,2026-06-19 09:46:03
8436,8815,2026-06-19 10:29:00,2026-06-19 10:40:22
8437,8816,2026-06-19 10:41:42,2026-06-19 10:53:35
8438,8817,2026-06-19 10:07:24,2026-06-19 10:19:43
8439,8818,2026-06-19 10:54:48,2026-06-19 11:06:18
8440,8819,2026-06-19 13:30:02,2026-06-19 13:37:40
8441,8820,2026-06-19 13:31:29,2026-06-19 13:35:43
8442,8821,2026-06-19 13:37:07,2026-06-19 13:47:55
8443,8822,2026-06-19 13:49:23,2026-06-19 13:54:31
8444,8823,2026-06-19 13:55:23,2026-06-19 14:00:10
8445,8824,2026-06-19 14:01:27,2026-06-19 14:12:53
8446,8825,2026-06-19 13:33:04,2026-06-19 13:40:53
8447,8826,2026-06-19 14:14:05,2026-06-19 14:27:39
8448,8827,2026-06-19 13:38:20,2026-06-19 13:53:17
8449,8828,2026-06-19 14:28:43,2026-06-19 14:36:10
8450,8829,2026-06-19 13:48:15,2026-06-19 13:57:57
8451,8830,2026-06-19 13:47:05,2026-06-19 13:59:02
8452,8831,2026-06-19 13:54:21,2026-06-19 14:01:57
8453,8832,2026-06-19 14:36:33,2026-06-19 14:41:13
8454,8833,2026-06-19 14:41:57,2026-06-19 14:55:13
8455,8834,2026-06-19 13:58:56,2026-06-19 14:09:15
8456,8835,2026-06-19 14:02:48,2026-06-19 14:09:59
8457,8836,2026-06-19 14:10:37,2026-06-19 14:23:32
8458,8837,2026-06-19 14:16:51,2026-06-19 14:25:25
8459,8838,2026-06-19 14:13:43,2026-06-19 14:19:48
8460,8839,2026-06-19 14:26:51,2026-06-19 14:31:51
8461,8840,2026-06-19 14:31:43,2026-06-19 14:38:38
8462,8841,2026-06-19 14:36:30,2026-06-19 14:50:21
8463,8842,2026-06-19 14:56:07,2026-06-19 15:00:59
8464,8843,2026-06-19 14:51:51,2026-06-19 15:05:46
8465,8844,2026-06-19 15:06:40,2026-06-19 15:18:44
8466,8846,2026-06-22 09:00:11,2026-06-22 09:13:21
8467,8847,2026-06-22 09:01:12,2026-06-22 09:10:38
8468,8848,2026-06-22 09:01:05,2026-06-22 09:12:45
8469,8849,2026-06-22 09:13:29,2026-06-22 09:20:01
8470,8850,2026-06-22 09:00:47,2026-06-22 09:08:47
8471,8851,2026-06-22 09:21:06,2026-06-22 09:28:08
8472,8852,2026-06-22 09:14:22,2026-06-22 09:23:25
8473,8853,2026-06-22 09:00:01,2026-06-22 09:09:32
8474,8854,2026-06-22 09:23:54,2026-06-22 09:30:12
8475,8855,2026-06-22 09:28:33,2026-06-22 09:37:54
8476,8856,2026-06-22 09:09:36,2026-06-22 09:22:03
8477,8857,2026-06-22 09:23:07,2026-06-22 09:28:21
8478,8858,2026-06-22 09:08:47,2026-06-22 09:15:25
8479,8859,2026-06-22 09:38:59,2026-06-22 09:47:43
8480,8860,2026-06-22 09:11:07,2026-06-22 09:20:31
8481,8861,2026-06-22 09:48:28,2026-06-22 10:01:25
8482,8862,2026-06-22 09:29:33,2026-06-22 09:34:45
8483,8863,2026-06-22 09:30:42,2026-06-22 09:36:27
8484,8864,2026-06-22 10:02:32,2026-06-22 10:15:26
8485,8865,2026-06-22 09:36:37,2026-06-22 09:41:55
8486,8866,2026-06-22 10:15:28,2026-06-22 10:19:06
8487,8867,2026-06-22 10:19:57,2026-06-22 10:30:42
8488,8869,2026-06-22 10:31:33,2026-06-22 10:43:52
8489,8870,2026-06-22 09:43:21,2026-06-22 09:50:32
8490,8871,2026-06-22 10:44:08,2026-06-22 10:53:37
8491,8872,2026-06-22 09:35:09,2026-06-22 09:38:58
8492,8873,2026-06-22 09:23:40,2026-06-22 09:29:18
8493,8874,2026-06-22 09:50:55,2026-06-22 09:55:11
8494,8875,2026-06-22 09:55:27,2026-06-22 10:00:36
8495,8876,2026-06-22 09:39:57,2026-06-22 09:46:57
8496,8877,2026-06-22 10:54:22,2026-06-22 11:01:34
8497,8878,2026-06-22 10:01:46,2026-06-22 10:14:20
8498,8879,2026-06-22 10:01:25,2026-06-22 10:05:28
8499,8880,2026-06-22 11:02:35,2026-06-22 11:05:48
8500,8881,2026-06-22 10:14:32,2026-06-22 10:17:55
8501,8882,2026-06-22 11:07:01,2026-06-22 11:11:54
8502,8883,2026-06-22 11:13:14,2026-06-22 11:17:00
8503,8884,2026-06-22 10:31:58,2026-06-22 10:39:12
8504,8885,2026-06-22 10:37:17,2026-06-22 10:42:15
8505,8886,2026-06-22 10:42:32,2026-06-22 10:49:22
8506,8887,2026-06-22 11:17:02,2026-06-22 11:24:57
8507,8888,2026-06-22 10:40:29,2026-06-22 10:46:54
8508,8889,2026-06-22 10:53:22,2026-06-22 11:05:56
8509,8890,2026-06-22 10:53:00,2026-06-22 11:07:46
8510,8891,2026-06-22 11:08:23,2026-06-22 11:15:38
8511,8892,2026-06-22 11:03:12,2026-06-22 11:16:23
8512,8893,2026-06-22 11:16:41,2026-06-22 11:26:08
8513,8894,2026-06-22 13:30:25,2026-06-22 13:40:14
8514,8895,2026-06-22 13:30:23,2026-06-22 13:41:26
8515,8896,2026-06-22 13:31:05,2026-06-22 13:37:28
8516,8897,2026-06-22 13:42:38,2026-06-22 13:46:27
8517,8898,2026-06-22 13:30:57,2026-06-22 13:41:55
8518,8899,2026-06-22 13:38:51,2026-06-22 13:42:11
8519,8900,2026-06-22 13:41:42,2026-06-22 13:55:38
8520,8901,2026-06-22 13:31:07,2026-06-22 13:42:55
8521,8902,2026-06-22 13:43:36,2026-06-22 13:53:05
8522,8903,2026-06-22 13:42:02,2026-06-22 13:48:53
8523,8904,2026-06-22 13:44:20,2026-06-22 13:58:04
8524,8906,2026-06-22 13:59:29,2026-06-22 14:08:39
8525,8907,2026-06-22 14:10:02,2026-06-22 14:16:55
8526,8909,2026-06-22 14:16:56,2026-06-22 14:25:39
8527,8910,2026-06-22 13:56:36,2026-06-22 14:07:25
8528,8911,2026-06-22 13:53:48,2026-06-22 14:00:49
8529,8912,2026-06-22 14:26:04,2026-06-22 14:33:17
8530,8913,2026-06-22 13:50:02,2026-06-22 13:56:25
8531,8914,2026-06-22 14:00:53,2026-06-22 14:13:06
8532,8915,2026-06-22 14:08:00,2026-06-22 14:12:38
8533,8916,2026-06-22 14:14:19,2026-06-22 14:20:40
8534,8917,2026-06-22 13:47:14,2026-06-22 13:57:29
8535,8918,2026-06-22 14:21:09,2026-06-22 14:28:02
8536,8919,2026-06-22 14:13:48,2026-06-22 14:17:41
8537,8920,2026-06-22 13:58:25,2026-06-22 14:05:01
8538,8922,2026-06-22 14:29:18,2026-06-22 14:34:19
8539,8923,2026-06-22 14:35:49,2026-06-22 14:41:28
8540,8924,2026-06-22 14:18:53,2026-06-22 14:29:32
8541,8925,2026-06-22 14:31:00,2026-06-22 14:40:50
8542,8926,2026-06-22 14:41:58,2026-06-22 14:51:54
8543,8927,2026-06-22 14:41:57,2026-06-22 14:56:40
8544,8928,2026-06-22 14:34:37,2026-06-22 14:41:15
8545,8929,2026-06-22 14:11:10,2026-06-22 14:17:45
8546,8930,2026-06-22 14:57:31,2026-06-22 15:10:10
8547,8931,2026-06-22 14:41:45,2026-06-22 14:49:26
8548,8932,2026-06-22 14:52:09,2026-06-22 15:02:19
8549,8933,2026-06-22 14:50:34,2026-06-22 14:55:15
8550,8935,2026-06-22 15:10:34,2026-06-22 15:14:24
8551,8936,2026-06-22 15:15:22,2026-06-22 15:18:56
8552,8937,2026-06-22 15:19:51,2026-06-22 15:26:13
8553,8938,2026-06-22 14:34:18,2026-06-22 14:40:55
8554,8939,2026-06-22 14:56:26,2026-06-22 15:06:57
8555,8941,2026-06-22 15:08:08,2026-06-22 15:17:40
8556,8942,2026-06-22 15:18:22,2026-06-22 15:27:26
8557,8944,2026-06-22 14:54:46,2026-06-22 15:09:08
8558,8945,2026-06-22 15:26:13,2026-06-22 15:38:56
8559,8946,2026-06-22 15:28:51,2026-06-22 15:42:29
8560,8947,2026-06-22 15:20:13,2026-06-22 15:28:27
8561,8948,2026-06-22 15:15:34,2026-06-22 15:27:35
8562,8949,2026-06-22 15:23:41,2026-06-22 15:33:24
8563,8950,2026-06-22 15:39:35,2026-06-22 15:47:18
8564,8951,2026-06-22 15:43:34,2026-06-22 15:51:02
8565,8952,2026-06-23 09:01:21,2026-06-23 09:07:16
8566,8953,2026-06-23 09:01:04,2026-06-23 09:12:54
8567,8954,2026-06-23 09:00:13,2026-06-23 09:05:08
8568,8955,2026-06-23 09:00:31,2026-06-23 09:11:28
8569,8956,2026-06-23 09:00:39,2026-06-23 09:07:36
8570,8957,2026-06-23 09:07:53,2026-06-23 09:11:38
8571,8958,2026-06-23 09:11:56,2026-06-23 09:20:53
8572,8959,2026-06-23 09:12:54,2026-06-23 09:18:08
8573,8960,2026-06-23 09:07:44,2026-06-23 09:14:43
8574,8961,2026-06-23 09:21:17,2026-06-23 09:26:32
8575,8962,2026-06-23 09:27:16,2026-06-23 09:32:28
8576,8963,2026-06-23 09:18:28,2026-06-23 09:23:03
8577,8964,2026-06-23 09:24:03,2026-06-23 09:36:19
8578,8965,2026-06-23 09:33:12,2026-06-23 09:37:22
8579,8967,2026-06-23 09:38:17,2026-06-23 09:49:19
8580,8968,2026-06-23 09:17:40,2026-06-23 09:28:28
8581,8969,2026-06-23 09:37:22,2026-06-23 09:44:17
8582,8970,2026-06-23 09:50:17,2026-06-23 10:02:16
8583,8971,2026-06-23 10:02:47,2026-06-23 10:06:25
8584,8972,2026-06-23 09:45:18,2026-06-23 09:56:42
8585,8973,2026-06-23 09:40:34,2026-06-23 09:47:05
8586,8974,2026-06-23 09:47:45,2026-06-23 09:54:53
8587,8975,2026-06-23 09:57:27,2026-06-23 10:08:38
8588,8976,2026-06-23 10:09:29,2026-06-23 10:14:27
8589,8977,2026-06-23 10:11:18,2026-06-23 10:25:15
8590,8978,2026-06-23 10:19:19,2026-06-23 10:22:55
8591,8979,2026-06-23 10:21:20,2026-06-23 10:35:35
8592,8980,2026-06-23 10:49:37,2026-06-23 10:55:36
8593,8981,2026-06-23 10:47:59,2026-06-23 11:00:16
8594,8982,2026-06-23 10:51:19,2026-06-23 10:55:50
8595,8983,2026-06-23 11:01:41,2026-06-23 11:11:32
8596,8984,2026-06-23 11:07:48,2026-06-23 11:18:08
8597,8985,2026-06-23 13:31:29,2026-06-23 13:38:52
8598,8986,2026-06-23 13:30:44,2026-06-23 13:34:12
8599,8987,2026-06-23 13:30:56,2026-06-23 13:43:45
8600,8988,2026-06-23 13:39:43,2026-06-23 13:50:48
8601,8989,2026-06-23 13:44:48,2026-06-23 13:49:57
8602,8990,2026-06-23 13:30:59,2026-06-23 13:43:16
8603,8991,2026-06-23 13:34:48,2026-06-23 13:40:15
8604,8992,2026-06-23 13:30:43,2026-06-23 13:35:58
8605,8993,2026-06-23 13:43:10,2026-06-23 13:53:40
8606,8994,2026-06-23 13:52:47,2026-06-23 14:01:03
8607,8995,2026-06-23 13:52:25,2026-06-23 14:04:43
8608,8996,2026-06-23 14:03:55,2026-06-23 14:14:39
8609,8997,2026-06-23 14:06:11,2026-06-23 14:16:39
8610,8998,2026-06-23 14:16:42,2026-06-23 14:20:19
8611,8999,2026-06-23 14:11:00,2026-06-23 14:14:03
8612,9001,2026-06-23 14:15:50,2026-06-23 14:21:18
8613,9002,2026-06-23 14:19:41,2026-06-23 14:24:32
8614,9003,2026-06-23 14:22:08,2026-06-23 14:32:48
8615,9004,2026-06-23 14:21:55,2026-06-23 14:25:22
8616,9005,2026-06-23 14:33:51,2026-06-23 14:40:39
8617,9006,2026-06-23 14:37:29,2026-06-23 14:47:53
8618,9007,2026-06-23 14:43:25,2026-06-23 14:56:20
8619,9008,2026-06-23 14:43:36,2026-06-23 14:58:09
8620,9009,2026-06-23 14:58:21,2026-06-23 15:12:59
8621,9010,2026-06-23 15:17:12,2026-06-23 15:22:17
8622,9011,2026-06-23 15:33:35,2026-06-23 15:44:01
8623,9012,2026-06-23 15:33:31,2026-06-23 15:46:43
8624,9013,2026-06-24 09:01:10,2026-06-24 09:08:08
8625,9014,2026-06-24 09:01:13,2026-06-24 09:04:37
8626,9015,2026-06-24 09:04:57,2026-06-24 09:08:07
8627,9016,2026-06-24 09:00:48,2026-06-24 09:09:50
8628,9017,2026-06-24 09:09:28,2026-06-24 09:22:21
8629,9018,2026-06-24 09:09:20,2026-06-24 09:17:05
8630,9019,2026-06-24 09:22:55,2026-06-24 09:30:32
8631,9020,2026-06-24 09:10:09,2026-06-24 09:17:03
8632,9021,2026-06-24 09:32:00,2026-06-24 09:41:05
8633,9022,2026-06-24 09:18:02,2026-06-24 09:27:43
8634,9023,2026-06-24 09:41:57,2026-06-24 09:45:25
8635,9024,2026-06-24 09:34:52,2026-06-24 09:40:40
8636,9025,2026-06-24 09:43:39,2026-06-24 09:51:13
8637,9026,2026-06-24 09:48:23,2026-06-24 09:55:06
8638,9027,2026-06-24 09:52:00,2026-06-24 09:59:03
8639,9028,2026-06-24 09:59:22,2026-06-24 10:06:07
8640,9029,2026-06-24 09:53:30,2026-06-24 10:06:20
8641,9030,2026-06-24 10:06:34,2026-06-24 10:11:19
8642,9031,2026-06-24 10:11:28,2026-06-24 10:19:30
8643,9032,2026-06-24 10:19:59,2026-06-24 10:25:13
8644,9033,2026-06-24 10:02:02,2026-06-24 10:07:17
8645,9034,2026-06-24 10:25:51,2026-06-24 10:32:06
8646,9035,2026-06-24 10:28:48,2026-06-24 10:32:55
8647,9036,2026-06-24 10:43:13,2026-06-24 10:56:59
8648,9037,2026-06-24 10:57:16,2026-06-24 11:11:46
8649,9038,2026-06-24 10:59:08,2026-06-24 11:03:33
8650,9040,2026-06-24 13:30:09,2026-06-24 13:33:21
8651,9041,2026-06-24 13:34:27,2026-06-24 13:44:56
8652,9042,2026-06-24 13:31:14,2026-06-24 13:38:40
8653,9043,2026-06-24 13:30:42,2026-06-24 13:41:43
8654,9044,2026-06-24 13:46:17,2026-06-24 13:55:21
8655,9045,2026-06-24 13:42:59,2026-06-24 13:55:58
8656,9046,2026-06-24 13:55:48,2026-06-24 14:02:02
8657,9047,2026-06-24 14:03:04,2026-06-24 14:14:20
8658,9049,2026-06-24 13:56:09,2026-06-24 14:04:09
8659,9050,2026-06-24 14:04:34,2026-06-24 14:12:42
8660,9051,2026-06-24 14:14:21,2026-06-24 14:21:04
8661,9053,2026-06-24 14:21:24,2026-06-24 14:31:25
8662,9055,2026-06-24 14:12:57,2026-06-24 14:16:09
8663,9056,2026-06-24 14:16:37,2026-06-24 14:27:56
8664,9058,2026-06-24 14:29:11,2026-06-24 14:37:25
8665,9059,2026-06-24 14:42:48,2026-06-24 14:57:35
8666,9060,2026-06-24 14:46:44,2026-06-24 14:56:39
8667,9061,2026-06-25 09:00:29,2026-06-25 09:13:20
8668,9062,2026-06-25 09:13:39,2026-06-25 09:20:28
8669,9063,2026-06-25 09:00:42,2026-06-25 09:10:09
8670,9064,2026-06-25 09:01:19,2026-06-25 09:11:04
8671,9065,2026-06-25 09:10:56,2026-06-25 09:19:41
8672,9066,2026-06-25 09:21:55,2026-06-25 09:33:45
8673,9067,2026-06-25 09:20:44,2026-06-25 09:26:06
8674,9068,2026-06-25 09:34:42,2026-06-25 09:39:35
8675,9069,2026-06-25 09:40:14,2026-06-25 09:44:45
8676,9070,2026-06-25 09:01:20,2026-06-25 09:05:50
8677,9071,2026-06-25 09:11:44,2026-06-25 09:24:39
8678,9072,2026-06-25 09:26:13,2026-06-25 09:29:59
8679,9073,2026-06-25 09:00:56,2026-06-25 09:08:50
8680,9074,2026-06-25 09:30:28,2026-06-25 09:44:59
8681,9075,2026-06-25 09:07:00,2026-06-25 09:13:11
8682,9076,2026-06-25 09:24:54,2026-06-25 09:31:30
8683,9077,2026-06-25 09:45:28,2026-06-25 09:52:20
8684,9078,2026-06-25 09:53:39,2026-06-25 09:57:13
8685,9079,2026-06-25 09:58:04,2026-06-25 10:02:56
8686,9080,2026-06-25 09:45:48,2026-06-25 09:52:18
8687,9081,2026-06-25 09:52:55,2026-06-25 10:03:05
8688,9082,2026-06-25 10:03:05,2026-06-25 10:09:44
8689,9083,2026-06-25 09:32:47,2026-06-25 09:43:05
8690,9084,2026-06-25 09:22:07,2026-06-25 09:35:12
8691,9085,2026-06-25 09:26:34,2026-06-25 09:31:30
8692,9086,2026-06-25 10:11:03,2026-06-25 10:25:45
8693,9087,2026-06-25 10:03:25,2026-06-25 10:14:22
8694,9088,2026-06-25 10:26:42,2026-06-25 10:36:03
8695,9089,2026-06-25 09:35:13,2026-06-25 09:38:24
8696,9090,2026-06-25 10:37:30,2026-06-25 10:47:28
8697,9091,2026-06-25 10:14:25,2026-06-25 10:26:00
8698,9092,2026-06-25 09:41:02,2026-06-25 09:45:10
8699,9093,2026-06-25 09:45:15,2026-06-25 09:49:16
8700,9094,2026-06-25 10:48:57,2026-06-25 11:03:09
8701,9095,2026-06-25 10:26:09,2026-06-25 10:35:46
8702,9096,2026-06-25 11:03:27,2026-06-25 11:12:54
8703,9097,2026-06-25 10:36:16,2026-06-25 10:41:39
8704,9098,2026-06-25 09:50:00,2026-06-25 10:00:22
8705,9099,2026-06-25 09:59:22,2026-06-25 10:05:34
8706,9100,2026-06-25 10:06:21,2026-06-25 10:15:54
8707,9101,2026-06-25 10:41:50,2026-06-25 10:49:42
8708,9102,2026-06-25 10:50:52,2026-06-25 11:03:26
8709,9103,2026-06-25 11:14:16,2026-06-25 11:20:47
8710,9104,2026-06-25 11:04:11,2026-06-25 11:13:16
8711,9105,2026-06-25 11:20:57,2026-06-25 11:28:01
8712,9106,2026-06-25 11:28:39,2026-06-25 11:36:08
8713,9107,2026-06-25 11:14:45,2026-06-25 11:23:48
8714,9108,2026-06-25 11:36:15,2026-06-25 11:47:39
8715,9109,2026-06-25 11:48:01,2026-06-25 12:02:27
8716,9110,2026-06-25 10:47:38,2026-06-25 10:52:42
8717,9111,2026-06-25 11:23:51,2026-06-25 11:34:44
8718,9112,2026-06-25 13:30:41,2026-06-25 13:40:51
8719,9113,2026-06-25 13:41:50,2026-06-25 13:45:34
8720,9114,2026-06-25 13:46:10,2026-06-25 13:51:49
8721,9115,2026-06-25 13:51:53,2026-06-25 14:01:50
8722,9116,2026-06-25 14:03:05,2026-06-25 14:08:48
8723,9117,2026-06-25 13:30:15,2026-06-25 13:35:49
8724,9118,2026-06-25 13:36:36,2026-06-25 13:41:30
8725,9119,2026-06-25 14:09:41,2026-06-25 14:18:27
8726,9120,2026-06-25 14:19:54,2026-06-25 14:23:40
8727,9121,2026-06-25 14:23:48,2026-06-25 14:33:21
8728,9122,2026-06-25 14:34:42,2026-06-25 14:44:44
8729,9123,2026-06-25 13:42:56,2026-06-25 13:56:54
8730,9124,2026-06-25 13:58:06,2026-06-25 14:02:06
8731,9125,2026-06-25 14:44:52,2026-06-25 14:51:36
8732,9126,2026-06-25 14:52:41,2026-06-25 15:06:58
8733,9127,2026-06-25 13:49:49,2026-06-25 13:59:03
8734,9128,2026-06-25 14:02:33,2026-06-25 14:07:34
8735,9129,2026-06-25 15:07:53,2026-06-25 15:17:25
8736,9130,2026-06-25 14:02:51,2026-06-25 14:10:58
8737,9131,2026-06-25 15:18:47,2026-06-25 15:22:55
8738,9132,2026-06-25 15:24:11,2026-06-25 15:36:36
8739,9133,2026-06-25 14:29:25,2026-06-25 14:34:17
8740,9135,2026-06-25 14:39:17,2026-06-25 14:50:22
8741,9136,2026-06-25 15:37:30,2026-06-25 15:41:42
8742,9137,2026-06-25 15:42:29,2026-06-25 15:47:49
8743,9138,2026-06-25 15:06:45,2026-06-25 15:14:19
8744,9139,2026-06-25 15:05:51,2026-06-25 15:14:54
8745,9140,2026-06-25 15:20:09,2026-06-25 15:25:02
8746,9141,2026-06-26 09:00:56,2026-06-26 09:12:09
8747,9142,2026-06-26 09:01:24,2026-06-26 09:07:35
8748,9143,2026-06-26 09:12:41,2026-06-26 09:17:01
8749,9144,2026-06-26 09:17:29,2026-06-26 09:26:03
8750,9145,2026-06-26 09:18:13,2026-06-26 09:25:11
8751,9146,2026-06-26 09:32:31,2026-06-26 09:42:32
8752,9147,2026-06-26 09:40:00,2026-06-26 09:46:16
8753,9148,2026-06-26 09:55:18,2026-06-26 10:06:31
8754,9149,2026-06-26 10:52:37,2026-06-26 10:58:25
8755,9150,2026-06-26 10:56:06,2026-06-26 11:09:14
8756,9151,2026-06-26 13:30:48,2026-06-26 13:39:12
8757,9152,2026-06-26 13:30:37,2026-06-26 13:37:50
8758,9153,2026-06-26 13:38:11,2026-06-26 13:44:59
8759,9154,2026-06-26 13:30:06,2026-06-26 13:41:23
8760,9155,2026-06-26 13:30:08,2026-06-26 13:45:00
8761,9156,2026-06-26 13:42:48,2026-06-26 13:50:21
8762,9157,2026-06-26 13:45:34,2026-06-26 13:51:47
8763,9158,2026-06-26 13:52:34,2026-06-26 14:03:09
8764,9159,2026-06-26 14:03:26,2026-06-26 14:10:42
8765,9160,2026-06-26 14:02:20,2026-06-26 14:14:57
8766,9161,2026-06-26 14:15:20,2026-06-26 14:18:39
8767,9162,2026-06-26 14:22:35,2026-06-26 14:26:12
8768,9163,2026-06-26 14:26:01,2026-06-26 14:36:58
8769,9164,2026-06-26 14:30:06,2026-06-26 14:43:52
8770,9165,2026-06-26 14:33:14,2026-06-26 14:47:17
8771,9166,2026-06-26 14:48:01,2026-06-26 15:00:41
8772,9167,2026-06-26 14:44:35,2026-06-26 14:55:09
8773,9168,2026-06-26 14:43:02,2026-06-26 14:47:56
8774,9169,2026-06-26 15:00:53,2026-06-26 15:13:58
8775,9170,2026-06-29 09:00:25,2026-06-29 09:04:12
8776,9171,2026-06-29 09:04:31,2026-06-29 09:12:41
8777,9172,2026-06-29 09:13:28,2026-06-29 09:17:37
8778,9173,2026-06-29 09:00:39,2026-06-29 09:13:40
8779,9174,2026-06-29 09:01:27,2026-06-29 09:12:35
8780,9175,2026-06-29 09:14:59,2026-06-29 09:19:16
8781,9176,2026-06-29 09:20:24,2026-06-29 09:34:37
8782,9177,2026-06-29 09:18:52,2026-06-29 09:25:22
8783,9178,2026-06-29 09:00:22,2026-06-29 09:04:06
8784,9179,2026-06-29 09:05:18,2026-06-29 09:10:58
8785,9180,2026-06-29 09:11:42,2026-06-29 09:25:02
8786,9181,2026-06-29 09:35:46,2026-06-29 09:42:55
8787,9182,2026-06-29 09:25:41,2026-06-29 09:40:19
8788,9183,2026-06-29 09:43:57,2026-06-29 09:49:42
8789,9184,2026-06-29 09:40:28,2026-06-29 09:44:10
8790,9185,2026-06-29 09:25:31,2026-06-29 09:33:21
8791,9186,2026-06-29 09:44:14,2026-06-29 09:54:32
8792,9187,2026-06-29 09:54:43,2026-06-29 10:06:59
8793,9188,2026-06-29 09:34:36,2026-06-29 09:46:48
8794,9189,2026-06-29 09:51:05,2026-06-29 10:03:11
8795,9190,2026-06-29 09:47:01,2026-06-29 09:51:28
8796,9191,2026-06-29 09:52:38,2026-06-29 09:59:50
8797,9192,2026-06-29 10:01:17,2026-06-29 10:05:46
8798,9193,2026-06-29 10:06:21,2026-06-29 10:20:23
8799,9194,2026-06-29 10:03:28,2026-06-29 10:15:57
8800,9195,2026-06-29 09:18:01,2026-06-29 09:26:52
8801,9196,2026-06-29 10:07:40,2026-06-29 10:13:08
8802,9197,2026-06-29 10:21:51,2026-06-29 10:26:34
8803,9199,2026-06-29 09:29:26,2026-06-29 09:34:13
8804,9200,2026-06-29 10:16:06,2026-06-29 10:27:00
8805,9201,2026-06-29 10:27:16,2026-06-29 10:30:23
8806,9203,2026-06-29 10:27:06,2026-06-29 10:40:38
8807,9204,2026-06-29 10:41:18,2026-06-29 10:47:19
8808,9205,2026-06-29 10:48:40,2026-06-29 10:55:02
8809,9206,2026-06-29 10:30:49,2026-06-29 10:43:22
8810,9207,2026-06-29 10:13:33,2026-06-29 10:23:20
8811,9208,2026-06-29 10:24:39,2026-06-29 10:29:13
8812,9209,2026-06-29 10:04:25,2026-06-29 10:15:05
8813,9210,2026-06-29 10:56:14,2026-06-29 11:02:53
8814,9211,2026-06-29 11:03:22,2026-06-29 11:13:42
8815,9212,2026-06-29 10:44:00,2026-06-29 10:56:04
8816,9213,2026-06-29 10:57:25,2026-06-29 11:02:50
8817,9215,2026-06-29 10:29:14,2026-06-29 10:36:45
8818,9216,2026-06-29 11:03:49,2026-06-29 11:08:05
8819,9217,2026-06-29 10:17:44,2026-06-29 10:20:59
8820,9218,2026-06-29 11:09:18,2026-06-29 11:13:59
8821,9219,2026-06-29 11:14:10,2026-06-29 11:24:23
8822,9220,2026-06-29 10:38:10,2026-06-29 10:42:49
8823,9221,2026-06-29 10:43:43,2026-06-29 10:49:05
8824,9222,2026-06-29 10:59:02,2026-06-29 11:06:01
8825,9223,2026-06-29 13:30:14,2026-06-29 13:37:40
8826,9224,2026-06-29 13:31:19,2026-06-29 13:44:29
8827,9225,2026-06-29 13:30:48,2026-06-29 13:44:54
8828,9226,2026-06-29 13:45:57,2026-06-29 13:52:42
8829,9227,2026-06-29 13:53:47,2026-06-29 14:06:32
8830,9228,2026-06-29 13:38:42,2026-06-29 13:43:39
8831,9229,2026-06-29 14:06:32,2026-06-29 14:17:24
8832,9230,2026-06-29 13:43:50,2026-06-29 13:53:53
8833,9232,2026-06-29 13:31:15,2026-06-29 13:38:03
8834,9233,2026-06-29 13:45:10,2026-06-29 13:52:47
8835,9234,2026-06-29 14:18:39,2026-06-29 14:22:34
8836,9236,2026-06-29 13:39:06,2026-06-29 13:52:50
8837,9237,2026-06-29 13:30:57,2026-06-29 13:45:05
8838,9238,2026-06-29 13:54:01,2026-06-29 14:06:20
8839,9239,2026-06-29 13:46:25,2026-06-29 13:51:01
8840,9240,2026-06-29 13:54:08,2026-06-29 13:58:03
8841,9242,2026-06-29 14:07:40,2026-06-29 14:22:04
8842,9243,2026-06-29 14:22:27,2026-06-29 14:35:58
8843,9244,2026-06-29 14:23:09,2026-06-29 14:32:13
8844,9245,2026-06-29 13:58:21,2026-06-29 14:03:42
8845,9246,2026-06-29 14:03:55,2026-06-29 14:09:32
8846,9247,2026-06-29 13:53:27,2026-06-29 14:08:27
8847,9248,2026-06-29 14:36:11,2026-06-29 14:40:00
8848,9249,2026-06-29 14:32:33,2026-06-29 14:36:15
8849,9250,2026-06-29 14:10:54,2026-06-29 14:22:36
8850,9251,2026-06-29 14:37:18,2026-06-29 14:49:11
8851,9252,2026-06-29 14:50:10,2026-06-29 14:54:53
8852,9253,2026-06-29 14:40:20,2026-06-29 14:46:54
8853,9254,2026-06-29 14:23:22,2026-06-29 14:37:01
8854,9255,2026-06-29 14:37:03,2026-06-29 14:46:58
8855,9256,2026-06-29 14:10:15,2026-06-29 14:18:49
8856,9257,2026-06-29 14:48:00,2026-06-29 15:01:55
8857,9258,2026-06-29 15:02:58,2026-06-29 15:14:55
8858,9259,2026-06-29 14:48:11,2026-06-29 15:01:22
8859,9260,2026-06-29 15:15:31,2026-06-29 15:24:48
8860,9261,2026-06-29 14:56:15,2026-06-29 15:05:27
8861,9262,2026-06-29 15:02:37,2026-06-29 15:16:26
8862,9263,2026-06-29 14:17:56,2026-06-29 14:23:45
8863,9264,2026-06-29 15:26:05,2026-06-29 15:34:57
8864,9265,2026-06-29 14:19:38,2026-06-29 14:31:55
8865,9266,2026-06-29 14:26:01,2026-06-29 14:40:59
8866,9267,2026-06-29 15:35:53,2026-06-29 15:49:00
8867,9268,2026-06-29 15:50:15,2026-06-29 15:55:34
8868,9270,2026-06-29 15:56:38,2026-06-29 16:10:11
8869,9271,2026-06-29 16:10:40,2026-06-29 16:19:28
8870,9272,2026-06-29 15:06:46,2026-06-29 15:21:15
8871,9273,2026-06-29 15:22:14,2026-06-29 15:36:27
8872,9274,2026-06-29 15:37:14,2026-06-29 15:50:56
8873,9275,2026-06-29 16:20:32,2026-06-29 16:24:25
8874,9276,2026-06-29 15:17:41,2026-06-29 15:23:51
8875,9277,2026-06-29 15:37:24,2026-06-29 15:41:50
8876,9278,2026-06-30 09:00:42,2026-06-30 09:11:53
8877,9279,2026-06-30 09:01:00,2026-06-30 09:16:00
8878,9280,2026-06-30 09:00:51,2026-06-30 09:05:40
8879,9281,2026-06-30 09:06:19,2026-06-30 09:16:30
8880,9282,2026-06-30 09:12:44,2026-06-30 09:20:03
8881,9283,2026-06-30 09:01:09,2026-06-30 09:06:28
8882,9284,2026-06-30 09:16:26,2026-06-30 09:20:30
8883,9285,2026-06-30 09:21:26,2026-06-30 09:35:03
8884,9286,2026-06-30 09:00:56,2026-06-30 09:11:28
8885,9287,2026-06-30 09:35:52,2026-06-30 09:41:16
8886,9288,2026-06-30 09:42:42,2026-06-30 09:53:37
8887,9289,2026-06-30 09:11:32,2026-06-30 09:24:10
8888,9290,2026-06-30 09:21:25,2026-06-30 09:28:27
8889,9291,2026-06-30 09:17:54,2026-06-30 09:28:23
8890,9292,2026-06-30 09:29:01,2026-06-30 09:33:08
8891,9293,2026-06-30 09:33:48,2026-06-30 09:47:02
8892,9294,2026-06-30 09:47:59,2026-06-30 09:56:45
8893,9295,2026-06-30 09:56:46,2026-06-30 10:04:11
8894,9296,2026-06-30 09:54:38,2026-06-30 09:57:49
8895,9297,2026-06-30 09:24:25,2026-06-30 09:33:38
8896,9298,2026-06-30 09:33:54,2026-06-30 09:39:13
8897,9299,2026-06-30 09:28:40,2026-06-30 09:32:56
8898,9300,2026-06-30 09:33:35,2026-06-30 09:41:04
8899,9301,2026-06-30 10:04:20,2026-06-30 10:11:50
8900,9302,2026-06-30 09:31:22,2026-06-30 09:45:11
8901,9303,2026-06-30 09:40:32,2026-06-30 09:45:18
8902,9304,2026-06-30 09:45:44,2026-06-30 09:49:38
8903,9305,2026-06-30 10:12:04,2026-06-30 10:16:42
8904,9306,2026-06-30 09:45:35,2026-06-30 09:48:36
8905,9307,2026-06-30 09:50:36,2026-06-30 09:56:06
8906,9308,2026-06-30 09:49:20,2026-06-30 09:59:22
8907,9309,2026-06-30 09:56:20,2026-06-30 10:08:35
8908,9310,2026-06-30 10:01:38,2026-06-30 10:05:31
8909,9311,2026-06-30 10:18:17,2026-06-30 10:30:37
8910,9312,2026-06-30 10:35:23,2026-06-30 10:46:09
8911,9313,2026-06-30 10:35:21,2026-06-30 10:48:12
8912,9314,2026-06-30 10:48:14,2026-06-30 10:56:48
8913,9315,2026-06-30 10:37:39,2026-06-30 10:44:19
8914,9316,2026-06-30 10:45:46,2026-06-30 10:50:07
8915,9317,2026-06-30 13:31:26,2026-06-30 13:38:39
8916,9318,2026-06-30 13:30:54,2026-06-30 13:42:50
8917,9319,2026-06-30 13:31:09,2026-06-30 13:36:03
8918,9320,2026-06-30 13:36:12,2026-06-30 13:45:02
8919,9321,2026-06-30 13:43:58,2026-06-30 13:49:10
8920,9322,2026-06-30 13:30:11,2026-06-30 13:37:35
8921,9323,2026-06-30 13:49:33,2026-06-30 14:02:53
8922,9324,2026-06-30 13:31:20,2026-06-30 13:38:46
8923,9325,2026-06-30 13:46:14,2026-06-30 13:50:08
8924,9326,2026-06-30 13:35:46,2026-06-30 13:43:14
8925,9327,2026-06-30 13:51:33,2026-06-30 13:55:23
8926,9328,2026-06-30 13:37:59,2026-06-30 13:42:57
8927,9329,2026-06-30 13:56:08,2026-06-30 14:00:59
8928,9330,2026-06-30 13:43:44,2026-06-30 13:58:07
8929,9331,2026-06-30 14:01:57,2026-06-30 14:12:12
8930,9332,2026-06-30 13:50:24,2026-06-30 13:56:31
8931,9333,2026-06-30 13:46:44,2026-06-30 13:51:37
8932,9334,2026-06-30 13:53:04,2026-06-30 14:07:12
8933,9335,2026-06-30 14:12:34,2026-06-30 14:19:58
8934,9336,2026-06-30 13:58:15,2026-06-30 14:01:31
8935,9337,2026-06-30 13:53:04,2026-06-30 14:01:31
8936,9338,2026-06-30 14:01:48,2026-06-30 14:09:28
8937,9339,2026-06-30 14:03:54,2026-06-30 14:11:54
8938,9340,2026-06-30 14:11:59,2026-06-30 14:16:35
8939,9341,2026-06-30 14:16:54,2026-06-30 14:21:36
8940,9342,2026-06-30 14:06:12,2026-06-30 14:16:29
8941,9343,2026-06-30 14:07:33,2026-06-30 14:17:14
8942,9344,2026-06-30 14:17:26,2026-06-30 14:20:57
8943,9345,2026-06-30 14:17:38,2026-06-30 14:26:29
8944,9346,2026-06-30 14:27:47,2026-06-30 14:34:41
8945,9347,2026-06-30 14:21:26,2026-06-30 14:31:50
8946,9348,2026-06-30 14:20:43,2026-06-30 14:26:32
8947,9349,2026-06-30 14:23:06,2026-06-30 14:26:20
8948,9350,2026-06-30 14:35:52,2026-06-30 14:41:07
8949,9351,2026-06-30 14:26:18,2026-06-30 14:32:35
8950,9352,2026-06-30 14:32:36,2026-06-30 14:47:00
8951,9353,2026-06-30 14:32:49,2026-06-30 14:43:35
8952,9354,2026-06-30 14:43:58,2026-06-30 14:47:11
8953,9355,2026-06-30 14:47:47,2026-06-30 14:58:12
8954,9356,2026-06-30 14:41:36,2026-06-30 14:45:27
8955,9357,2026-06-30 14:52:53,2026-06-30 15:01:03
8956,9358,2026-06-30 14:59:00,2026-06-30 15:06:42
8957,9359,2026-06-30 14:54:08,2026-06-30 15:00:50
8958,9360,2026-06-30 15:01:13,2026-06-30 15:07:09
8959,9361,2026-06-30 15:07:48,2026-06-30 15:11:10
8960,9362,2026-06-30 15:11:09,2026-06-30 15:16:02
